path,family,extension,size_bytes,sha256,policy_status,evidence_files,is_evidence_file,required_action
assets/data/abilities.json,assets/data,.json,40246,3612e529a91b4979f8e98e8cfcb997be6d4de2123bf6b31c155fe94ad407277f,mixed,,false,Source and redistribution terms must be linked file by file.
assets/data/ability_localization_it_001_010.json,assets/data,.json,2096,1955a51558569d6ea1b0260f0ce15a68651ea9b11dbe1b5af8a376249df2ff26,mixed,,false,Source and redistribution terms must be linked file by file.
assets/data/ability_localization_it_011_020.json,assets/data,.json,2462,e5f789979c13c11bef0df85d4da704257b7fc75c6ce3403ff313099974b06e14,mixed,,false,Source and redistribution terms must be linked file by file.
assets/data/ability_localization_it_021_030.json,assets/data,.json,1799,36097c0ae6b27e506d2bcafce3b4613cb74b135179f9bcf16c0c12667a22bfd3,mixed,,false,Source and redistribution terms must be linked file by file.
assets/data/ability_localization_it_031_040.json,assets/data,.json,2938,289445ef5e48a2e3a924fa339b12d16014deb649d3372b0374fcadfa92680608,mixed,,false,Source and redistribution terms must be linked file by file.
assets/data/ability_localization_it_041_050.json,assets/data,.json,2300,5c27a87208174caabb353723a6b703df747a4fe3976551709225f1d699ba3d0c,mixed,,false,Source and redistribution terms must be linked file by file.
assets/data/ability_localization_it_051_060.json,assets/data,.json,2326,372485f9c33ba2ce7462471beef46ee227877fd380666906eba21143d2916560,mixed,,false,Source and redistribution terms must be linked file by file.
assets/data/ability_localization_it_061_069.json,assets/data,.json,1947,9d4be8c0fabab42ff1a0eb35eef4fd8ace1bcad6fc01892ea6b0984b0149f821,mixed,,false,Source and redistribution terms must be linked file by file.
assets/data/ability_localization_it_070_070.json,assets/data,.json,404,a0418a1667df4be15755f80740c388a0055c6c411b03ac6f00fcdc7fce3a3715,mixed,,false,Source and redistribution terms must be linked file by file.
assets/data/ability_localization_it_071_080.json,assets/data,.json,2400,3714971eebe2c814c2812a725705ddef334a5f67d49a244249b045bf4ac6cf44,mixed,,false,Source and redistribution terms must be linked file by file.
assets/data/ability_localization_it_081_090.json,assets/data,.json,2983,9e1ebfbb7dd9d37d70159fdc1d1a02285efc87520fa996c99a2e1c42367446b0,mixed,,false,Source and redistribution terms must be linked file by file.
assets/data/ability_localization_it_091_100.json,assets/data,.json,1860,3e4b408aa0cacb450f0b6e278a4f08a7a0658426bb68ae15ef9a8f718885be30,mixed,,false,Source and redistribution terms must be linked file by file.
assets/data/ability_localization_it_101_110.json,assets/data,.json,2497,e2e1a0eb7f39409b2536badb51780bb1cb3f0bab4529892fd67108fd88006709,mixed,,false,Source and redistribution terms must be linked file by file.
assets/data/ability_localization_it_111_120.json,assets/data,.json,2269,51e5e7584691a5406247cd03db8e8da6716c75d190cfa4d82a9ee4fd1e1afd43,mixed,,false,Source and redistribution terms must be linked file by file.
assets/data/ability_localization_it_121_128.json,assets/data,.json,1739,11c1dd903118eb67e556d771d9ecc2817ede05cbcc53b959154dc5901f95c963,mixed,,false,Source and redistribution terms must be linked file by file.
assets/data/ability_localization_it_129_130.json,assets/data,.json,446,e29466a1eaa0981c6d6ef8e44c11189fc779687bc94d6e5be97cac71f2ca3d78,mixed,,false,Source and redistribution terms must be linked file by file.
assets/data/ability_localization_it_131_140.json,assets/data,.json,1660,a90bf735764b4ec41c35232dbf7ec5044eecfc33b70f326514d8b0ea178b88ca,mixed,,false,Source and redistribution terms must be linked file by file.
assets/data/ability_localization_it_141_150.json,assets/data,.json,2042,b6f3487d6b30d73d85597070ab64db4bb83aecb3a23b6c77a51f1caeac80c277,mixed,,false,Source and redistribution terms must be linked file by file.
assets/data/ability_localization_it_151_160.json,assets/data,.json,1966,60ecf5409a7b0e3dd6a1f6bf85a99fbd0ad5f9b27bf3a668bade9e44d1e6a7fb,mixed,,false,Source and redistribution terms must be linked file by file.
assets/data/ability_localization_it_161_170.json,assets/data,.json,2195,e4aad8dbfe683ca1d4d0673b0634234436f6d62af3615cdbe9bedb712bcef51f,mixed,,false,Source and redistribution terms must be linked file by file.
assets/data/ability_localization_it_171_180.json,assets/data,.json,1969,c2de65cf1be5f7fecf17b2b3fbf8f9aad4084cbba1c423c0c717ae18b4adf605,mixed,,false,Source and redistribution terms must be linked file by file.
assets/data/ability_localization_it_181_190.json,assets/data,.json,2153,e3e0de19445ffa7855bda5fbebdbdb9378952f6e7d4028c7f6c8c2d1dfff0f00,mixed,,false,Source and redistribution terms must be linked file by file.
assets/data/ability_localization_it_191_200.json,assets/data,.json,2431,ad5d0caecc207f4bc27f20025f501f6b7e81defd90d1e586aa13f954af10cb56,mixed,,false,Source and redistribution terms must be linked file by file.
assets/data/ability_localization_it_201_210.json,assets/data,.json,2270,b72d738bde6d5e2dac6706c69f9bd36d6ee6d89657f052b16d4ce36122eda374,mixed,,false,Source and redistribution terms must be linked file by file.
assets/data/ability_localization_it_211_220.json,assets/data,.json,1808,55aa5a532ee7ffd179c436b89b193506f1bddec9ed5a17a186ed6d79ec9158ea,mixed,,false,Source and redistribution terms must be linked file by file.
assets/data/ability_localization_it_221_230.json,assets/data,.json,2118,f9e4e9855362063451856c399f86427c1a092a39d2cff0cec8274e1dabcc0aac,mixed,,false,Source and redistribution terms must be linked file by file.
assets/data/ability_localization_it_231_240.json,assets/data,.json,2495,39d3e9db91923f7aa4cddb780b4acbfa1ba9aeabe22d142a4ecd7cfe267bdd1b,mixed,,false,Source and redistribution terms must be linked file by file.
assets/data/ability_localization_it_241_250.json,assets/data,.json,2195,3ddeba232bdc4c1b631549f92c9240e1d7bb534f9f25b1311286932399257661,mixed,,false,Source and redistribution terms must be linked file by file.
assets/data/ability_localization_it_251_260.json,assets/data,.json,1971,f6aaa848cb9fd210c8677c2429295c0589bd515d84c8e62af81b238a8d95c484,mixed,,false,Source and redistribution terms must be linked file by file.
assets/data/ability_localization_it_261_270.json,assets/data,.json,2407,96a5127cb95a271f4c90cf2ab865232efe26a91bff286823917ab87c0ca4b20f,mixed,,false,Source and redistribution terms must be linked file by file.
assets/data/ability_localization_it_271_280.json,assets/data,.json,1844,c7c29e62103489de0a1dabb1d333651643f67a1de1544b7ca9191ad7ebd46fc0,mixed,,false,Source and redistribution terms must be linked file by file.
assets/data/ability_localization_it_281_290.json,assets/data,.json,2239,ec45559f0edfcf7076d15b96ed55f72de58bc3c8e8c612a3bce27258ff9429ab,mixed,,false,Source and redistribution terms must be linked file by file.
assets/data/ability_localization_it_291_300.json,assets/data,.json,2124,1ceec81946774595a59c04f5f2c3b4f26edd0d48226a8a5d690d177434879122,mixed,,false,Source and redistribution terms must be linked file by file.
assets/data/ability_localization_it_301_310.json,assets/data,.json,2410,270864125ab4e4d9a2e4437f7b98031883d1d80670d123bbb3dc81f1e9d4a2d7,mixed,,false,Source and redistribution terms must be linked file by file.
assets/data/ability_localization_it_311_320.json,assets/data,.json,2203,4a29299d84f8e8b35df3676297ffa10e82a9f0b7a48169f78c379ae0f129a700,mixed,,false,Source and redistribution terms must be linked file by file.
assets/data/ability_localization_it_321_330.json,assets/data,.json,3022,5e4b5e78b348d5d703784f9af88e0c12cb18fb6dd4ee671cd732069c95fe02f8,mixed,,false,Source and redistribution terms must be linked file by file.
assets/data/ability_names_it_custom.json,assets/data,.json,2564,3741711d768f7d9c0b606934d5536b3128ea94c0359bfbd364caf6082aee111c,mixed,,false,Source and redistribution terms must be linked file by file.
assets/data/ability_names_it_official.json,assets/data,.json,36975,d9719ac4ffadaa6cf3808a82ba09c2e74dcbf1f3282d971b2e02799b97d7ec58,mixed,,false,Source and redistribution terms must be linked file by file.
assets/data/breeding_species.json,assets/data,.json,110937,a1576fee3c7b1d405b72f0c12d3a7c1c186e24df729ccd27984e0d2e7ea84bb7,mixed,,false,Source and redistribution terms must be linked file by file.
assets/data/evolve.json,assets/data,.json,71124,8be6958c8d227103ff4d25cdc66fc2d4b04da2b48a55d47c2eca090fcd3ae5bf,mixed,,false,Source and redistribution terms must be linked file by file.
assets/data/feat_localization_it.json,assets/data,.json,11393,30a89ff15b55d10506d7659add290ad00e3276b41ff4c9252fc78873cfc2ad86,mixed,,false,Source and redistribution terms must be linked file by file.
assets/data/feats.json,assets/data,.json,8652,3fc2f92cd4e3f2341cab622928d331cffdf7ee0aa06f85bfbba8349f8eacbf26,mixed,,false,Source and redistribution terms must be linked file by file.
assets/data/filter_data.json,assets/data,.json,94870,6d2a443562359cdcbeea7b4c6adf9171ef8fb23603fe6b6be6e14c5627aeeaf5,mixed,,false,Source and redistribution terms must be linked file by file.
assets/data/index_order.json,assets/data,.json,24579,e42ff3fb5fe6665b6d5db857c13920a41d05cc75b67ae62c7745bf56e81423fe,mixed,,false,Source and redistribution terms must be linked file by file.
assets/data/item_localization_it_berry_088_115.json,assets/data,.json,7725,0eb09a3ac3f0a779994bda7b2e12da646ab1499796553a8c2c81d6bf66ea3d15,mixed,,false,Source and redistribution terms must be linked file by file.
assets/data/item_localization_it_evolution_116_154.json,assets/data,.json,9405,ac53cbe73af1ab42a90c3625e70ddd592a64b9a15a0c0cf233dc792bc972f8d6,mixed,,false,Source and redistribution terms must be linked file by file.
assets/data/item_localization_it_held_155_164.json,assets/data,.json,2514,d69097e43d6901bb4d3718ec88ad4c30f58e72f2ee8b3dd6d7929b3e95d60e8e,mixed,,false,Source and redistribution terms must be linked file by file.
assets/data/item_localization_it_held_165_174.json,assets/data,.json,2241,4ed5920ae1e054077886f2af4b8b08dd0d32a63f103816800c6018df53754520,mixed,,false,Source and redistribution terms must be linked file by file.
assets/data/item_localization_it_held_175_184.json,assets/data,.json,2191,16ac09f8ca5cc3a605c63167ab1873796ec913760f93cc0eeae93ceddd0b5270,mixed,,false,Source and redistribution terms must be linked file by file.
assets/data/item_localization_it_held_185_194.json,assets/data,.json,2162,f9b86cf0c0d3b46e52d3604ac4e705a0aa693ae8fe45daf48c9b72ac4a08625f,mixed,,false,Source and redistribution terms must be linked file by file.
assets/data/item_localization_it_held_195_204.json,assets/data,.json,2054,1f232b12de4ce1d773d4e9cadadb3be8aa26a6b30c7c36f68b832aafcf107304,mixed,,false,Source and redistribution terms must be linked file by file.
assets/data/item_localization_it_held_205_214.json,assets/data,.json,2996,3e5b84c5540811a3b6741b3dc24ed7221e2b42961d19dc61c1241d54f8dc97a1,mixed,,false,Source and redistribution terms must be linked file by file.
assets/data/item_localization_it_held_215_224.json,assets/data,.json,3129,de2dd143353e77817876fda18af4812049ff29d4c9ce062428edd527249b510a,mixed,,false,Source and redistribution terms must be linked file by file.
assets/data/item_localization_it_held_225_234.json,assets/data,.json,3481,a5adbfaaf1c9e30b9515536f498ed2325fd807c4b059aac45330a2d6cfad46c4,mixed,,false,Source and redistribution terms must be linked file by file.
assets/data/item_localization_it_held_235_244.json,assets/data,.json,2885,b994e51853e591b72be35704f59e900b21a3347e6fcf3ec77e6521eacb7ca148,mixed,,false,Source and redistribution terms must be linked file by file.
assets/data/item_localization_it_held_245_254.json,assets/data,.json,2118,6d06702e84a577db7d5a418e178a0e938dbe109f015a5af68d898d2a673bde5c,mixed,,false,Source and redistribution terms must be linked file by file.
assets/data/item_localization_it_held_255_264.json,assets/data,.json,2285,d0a5789d801b53765b6628d7c57e8241eb263d45d497b766d7c53cb9922377cb,mixed,,false,Source and redistribution terms must be linked file by file.
assets/data/item_localization_it_held_265_274.json,assets/data,.json,2170,bf1a6d862ba168d71caf28a09398c8dbd2b171259fa054b6168149dc366d6383,mixed,,false,Source and redistribution terms must be linked file by file.
assets/data/item_localization_it_held_275_284.json,assets/data,.json,2769,740a58d5513410740386e6472ddde0f50e7f4e2ce75c06084a01119941fe11a5,mixed,,false,Source and redistribution terms must be linked file by file.
assets/data/item_localization_it_held_285_294.json,assets/data,.json,3395,90a416850f78f82cb7a8d12b464653a400f4a364374e9d148f9b8638637e9b57,mixed,,false,Source and redistribution terms must be linked file by file.
assets/data/item_localization_it_held_295_304.json,assets/data,.json,2772,b1d4a612b2d9c1b8a8721a505b69e4e25cb257b95345ae344df292e592402334,mixed,,false,Source and redistribution terms must be linked file by file.
assets/data/item_localization_it_held_305_314.json,assets/data,.json,2869,738c3d643ffe79b14ec9a1feb40aa60a83ae6385b3675e7970f1075edc87a9cd,mixed,,false,Source and redistribution terms must be linked file by file.
assets/data/item_localization_it_held_315_317.json,assets/data,.json,1129,786e793155b83b4a93d7767883c678c5a1f1644f093314dd57164828a90b81d8,mixed,,false,Source and redistribution terms must be linked file by file.
assets/data/item_localization_it_medicine_025_055.json,assets/data,.json,10098,e33d99b77f7324c771c84955636025d4dd7e3c393ff6d7bf0122a01aebb2d72e,mixed,,false,Source and redistribution terms must be linked file by file.
assets/data/item_localization_it_medicine_056_087.json,assets/data,.json,8260,a2baaafcf816389056f298ef43f813cd2634b321e95fb7fd6cfcfe5e7c8d621b,mixed,,false,Source and redistribution terms must be linked file by file.
assets/data/item_localization_it_pokeball_001_024.json,assets/data,.json,7346,adae44a7db63776fb85d9a6b06eaa5242aedd26f7b7df75f35749a5d08631e05,mixed,,false,Source and redistribution terms must be linked file by file.
assets/data/item_localization_it_trainer_gear_318_327.json,assets/data,.json,5221,00cf0fd15f2d5dffc93cffee9ab73710e2a966430163eb157038a6bec6affec1,mixed,,false,Source and redistribution terms must be linked file by file.
assets/data/item_localization_it_trainer_gear_328_337.json,assets/data,.json,3118,516f8c2b8a3d1a4a805e226a642f8898270e86b677c939ea6121d795c5c718a4,mixed,,false,Source and redistribution terms must be linked file by file.
assets/data/item_localization_it_trainer_gear_338_347.json,assets/data,.json,3698,02327a603ef991efecebc60892a00542c9f786835967335068b204ff9aaa2d38,mixed,,false,Source and redistribution terms must be linked file by file.
assets/data/item_localization_it_trainer_gear_348_357.json,assets/data,.json,3158,09bd5b0d58290b3efadc07775ede55aac6f9449329e12fbaa758d5b040860780,mixed,,false,Source and redistribution terms must be linked file by file.
assets/data/item_localization_it_trainer_gear_358_366.json,assets/data,.json,3292,e9dd2559a8d3534fbda24f44f7ac3560b4f72d9e55c13cabd743e9401b591d64,mixed,,false,Source and redistribution terms must be linked file by file.
assets/data/items.json,assets/data,.json,10593,6031fa30e2213d2f13a0de357f080be66839942bf72591f392857e89b70cae4d,mixed,,false,Source and redistribution terms must be linked file by file.
assets/data/move_index.json,assets/data,.json,13301,ce422c9cab440005bc8e9c1b390a6d6486644e784b27c3b434ba675627a61345,mixed,,false,Source and redistribution terms must be linked file by file.
assets/data/move_localization_it_001_010.json,assets/data,.json,5970,5cb1afff8714365d03d2594d788a7f263d391b718ebbeea2d2cff2e7e3185a57,mixed,,false,Source and redistribution terms must be linked file by file.
assets/data/move_localization_it_011_020.json,assets/data,.json,5488,e6eb8208104679880683f001c812f3d89ca8ff7c47e88227dba32d3eeafdf1ad,mixed,,false,Source and redistribution terms must be linked file by file.
assets/data/move_localization_it_021_030.json,assets/data,.json,5046,d46338c8bdc0bb8f5f693b9d94acf8ceb9e3b1c28b806b9af93ec6d8abe65aaa,mixed,,false,Source and redistribution terms must be linked file by file.
assets/data/move_localization_it_031_040.json,assets/data,.json,5546,78af50afa3bad0d7b4882c0c2869140524d6656626b2d34c7057cef78bf448d0,mixed,,false,Source and redistribution terms must be linked file by file.
assets/data/move_localization_it_041_050.json,assets/data,.json,5397,d52f4c299dbae5fb8b374e1162e3c518fd7713ee0dd0bc4550f98b6dae087c66,mixed,,false,Source and redistribution terms must be linked file by file.
assets/data/move_localization_it_051_060.json,assets/data,.json,5802,83a4433700cba46a87814be441c2d57e9960c07fb97aaaa8ae1394c482f5abfa,mixed,,false,Source and redistribution terms must be linked file by file.
assets/data/move_localization_it_061_070.json,assets/data,.json,6346,ea1dffe86e7cbdcebdb1b716118af20a11c02cd5eeef5d646d87c90664a142c4,mixed,,false,Source and redistribution terms must be linked file by file.
assets/data/move_localization_it_071_080.json,assets/data,.json,5902,792f83b6fa3fb535d91ceb15e8a05b7dd5df66407aba8e23f17938ae0cd3bc13,mixed,,false,Source and redistribution terms must be linked file by file.
assets/data/move_localization_it_081_090.json,assets/data,.json,6096,597e4c3e48816fd09c581b1d6ce012544cba818a96eebf915a86d00eab2a0f11,mixed,,false,Source and redistribution terms must be linked file by file.
assets/data/move_localization_it_091_100.json,assets/data,.json,5725,d372a56c998d6c7a996f36d799a3d86b91ed88ff161a228f385fa55b9ae685ff,mixed,,false,Source and redistribution terms must be linked file by file.
assets/data/move_localization_it_101_110.json,assets/data,.json,6184,39ddfec94a32cc3a050557adf5584ab6aa8439ac72a4d8c29b4ba78c13d35eaa,mixed,,false,Source and redistribution terms must be linked file by file.
assets/data/move_localization_it_111_120.json,assets/data,.json,4980,79a30971b006982f0c30ab334550e787cd612732b65c56d3ca39ee056434b48d,mixed,,false,Source and redistribution terms must be linked file by file.
assets/data/move_localization_it_121_130.json,assets/data,.json,4606,e24050a9734f5e964a6594c70957c716cd8d11fbcee063258ab5cf36a2303deb,mixed,,false,Source and redistribution terms must be linked file by file.
assets/data/move_localization_it_131_140.json,assets/data,.json,5035,c05b4e2cf4408745c0f0804eb565188ae6cff933d2c14c93d1b918d6bc957be0,mixed,,false,Source and redistribution terms must be linked file by file.
assets/data/move_localization_it_141_150.json,assets/data,.json,4722,70075a8d0ae15f60e1155a51612470114128d0b902ddfc7e912eee3d6ab1ba0c,mixed,,false,Source and redistribution terms must be linked file by file.
assets/data/move_localization_it_151_160.json,assets/data,.json,5809,fb6815416add05284c3b7eee9afbbaf407b61facb2af1d0d3cd869031fee22e3,mixed,,false,Source and redistribution terms must be linked file by file.
assets/data/move_localization_it_161_170.json,assets/data,.json,5975,a28248246fbf883c8d6272d26e74291264d6f2d1cba723417aab6f6917194a39,mixed,,false,Source and redistribution terms must be linked file by file.
assets/data/move_localization_it_171_180.json,assets/data,.json,4815,a435b7d21d5e76d87f0292e0af380933ad06868a0a8b06f6d80eae51235ff470,mixed,,false,Source and redistribution terms must be linked file by file.
assets/data/move_localization_it_181_190.json,assets/data,.json,4902,275af0505ed3040e3e19832d650e62e8ada02c6f4c87837d3b87d3033c14f71f,mixed,,false,Source and redistribution terms must be linked file by file.
assets/data/move_localization_it_191_200.json,assets/data,.json,5388,bd7d972dc96e56c9956ea4861f9ed8777461b4040ab8aa3cf753d2cd5a3ae041,mixed,,false,Source and redistribution terms must be linked file by file.
assets/data/move_localization_it_201_210.json,assets/data,.json,5095,c196158689b800d07a303e8272ef60f67cfa753a074090122c3f367b8ce7fe73,mixed,,false,Source and redistribution terms must be linked file by file.
assets/data/move_localization_it_211_220.json,assets/data,.json,5125,22434fad2ec29be98bb1774d1a25cb877f2f658e27092b707ab36b8ce16c54dc,mixed,,false,Source and redistribution terms must be linked file by file.
assets/data/move_localization_it_221_230.json,assets/data,.json,4928,d97eba52576f1e9537263c91059cc50534b5c49fdbd0f8c63f605027cd86f69d,mixed,,false,Source and redistribution terms must be linked file by file.
assets/data/move_localization_it_231_240.json,assets/data,.json,5115,e8a43315e14776bc1b00644ff9a352791956a34e003ecf1afbe61f0da86635b6,mixed,,false,Source and redistribution terms must be linked file by file.
assets/data/move_localization_it_241_250.json,assets/data,.json,5546,296283351cfd4ac9a61c1758f86742cf19209033fc785ad371c178bb6136afbc,mixed,,false,Source and redistribution terms must be linked file by file.
assets/data/move_localization_it_251_260.json,assets/data,.json,6470,a8e6681c63b62033eedb1aa6a86ccdd6a74dafe8805166f5c276f1a846e5be9e,mixed,,false,Source and redistribution terms must be linked file by file.
assets/data/move_localization_it_261_310.json,assets/data,.json,28019,0cab003544d86fff34513cc124f562cdfd7fd717fb5dd25604f50f8410a9409a,mixed,,false,Source and redistribution terms must be linked file by file.
assets/data/move_localization_it_311_360.json,assets/data,.json,28316,0b08869264c01e4c0c3ed4f1dc6a451afdf2df1a92ac093989fc7a9ad4c6371b,mixed,,false,Source and redistribution terms must be linked file by file.
assets/data/move_localization_it_361_410.json,assets/data,.json,27173,88743d01729f8ae6a4b04dc38c24e276669bc99121617b84855679775820f117,mixed,,false,Source and redistribution terms must be linked file by file.
assets/data/move_localization_it_411_450.json,assets/data,.json,21374,c3a5118a50a4555d55e1171d7997e5127a398bd19c74e1c53d34bb210e48d571,mixed,,false,Source and redistribution terms must be linked file by file.
assets/data/move_localization_it_451_500.json,assets/data,.json,30806,5f662dcc7dbd50f09372298e3e7d697b1647c60ce33c913319924685048dc427,mixed,,false,Source and redistribution terms must be linked file by file.
assets/data/move_localization_it_501_550.json,assets/data,.json,26869,d45affcb1fa3ab34911b8a6671d985367ee4dcebe4751bf196ad1bce88e78e12,mixed,,false,Source and redistribution terms must be linked file by file.
assets/data/move_localization_it_551_600.json,assets/data,.json,27744,c9f4fac9e076ce601243e6d0f0035030be8bf09cf78c90358a5a45ecbe117189,mixed,,false,Source and redistribution terms must be linked file by file.
assets/data/move_localization_it_601_650.json,assets/data,.json,28843,fa347e850a4a49e00ca955c381e2ae1da8481fa034d7cead4e064f0ca83dd651,mixed,,false,Source and redistribution terms must be linked file by file.
assets/data/move_localization_it_651_700.json,assets/data,.json,29157,fcb295cf8a90456cb362676efeb79c490425c0e47eb53f1b782431e835167b7e,mixed,,false,Source and redistribution terms must be linked file by file.
assets/data/move_localization_it_701_750.json,assets/data,.json,28198,c506333ef36a6be289836a4e0bd9ef38cf9fb76e58c82587ee7e82056e90b741,mixed,,false,Source and redistribution terms must be linked file by file.
assets/data/move_localization_it_751_800.json,assets/data,.json,28819,876c59eeec04f64526c4a48c35384b77a6aa45f5ef391c825bd77d0bf7c22b12,mixed,,false,Source and redistribution terms must be linked file by file.
assets/data/move_localization_it_801_830.json,assets/data,.json,16256,fabf49f5857a3e3a66221babd7c4dc0185ba92df9912631571fee1c7efaf8e99,mixed,,false,Source and redistribution terms must be linked file by file.
assets/data/moves/Absorb.json,assets/data,.json,810,67485f5563ae4d45dc97f765c2a96ea04a5a55362bcd146b29038104031e3939,mixed,,false,Source and redistribution terms must be linked file by file.
assets/data/moves/Accelerock.json,assets/data,.json,866,2844c1b4e7527b9cd961121f4e452455c7e796d228d4b7bb117aa2176df52750,mixed,,false,Source and redistribution terms must be linked file by file.
assets/data/moves/Acid Armor.json,assets/data,.json,837,78a133cb5371199f3cd99a77443683203092a003190ad56bbe27b4fd542d1082,mixed,,false,Source and redistribution terms must be linked file by file.
assets/data/moves/Acid Spray.json,assets/data,.json,1018,ed1886da130847d1ccb244e1564cbb3f266040f99da19f7d7c12c6e9a9d0e6a7,mixed,,false,Source and redistribution terms must be linked file by file.
assets/data/moves/Acid.json,assets/data,.json,822,662ba8349f4fe4fce6c909a405b5fa6ec49abf7b807acc3a085367496c66b295,mixed,,false,Source and redistribution terms must be linked file by file.
assets/data/moves/Acrobatics.json,assets/data,.json,820,249ba5511a26849fab57aa78b1b42bfb4e276e4ca6de9201fc92db10d82cb065,mixed,,false,Source and redistribution terms must be linked file by file.
assets/data/moves/Acupressure.json,assets/data,.json,689,a071d86e573835a3585bfebdd5f25ce39f6bd502411a103a1f86bdf68aebc4a7,mixed,,false,Source and redistribution terms must be linked file by file.
assets/data/moves/Aerial Ace.json,assets/data,.json,851,2cad546806a3172d60f63edbe7eb2c35b4d5799bf0dd96e36c3b3e3f77bb94e2,mixed,,false,Source and redistribution terms must be linked file by file.
assets/data/moves/Aeroblast.json,assets/data,.json,890,845e6c67be9d1dbd9084d656ebabce89ee93826fc18a54c024ce4c86c2cee054,mixed,,false,Source and redistribution terms must be linked file by file.
assets/data/moves/After You.json,assets/data,.json,340,a2c64a8c9079d52e22e6104afb71b6642d3dac2b7ff283c695057a3344b04a9a,mixed,,false,Source and redistribution terms must be linked file by file.
assets/data/moves/Agility.json,assets/data,.json,333,18f9fa3cfbf062366faad39af63d425bbe8ecc32168ba50398fca74c8c3a6a13,mixed,,false,Source and redistribution terms must be linked file by file.
assets/data/moves/Air Cutter.json,assets/data,.json,814,62e61b49ea92163ad5f10006e8fe8db7dd4558a76c97c8d4bf196a9117ccc933,mixed,,false,Source and redistribution terms must be linked file by file.
assets/data/moves/Air Slash.json,assets/data,.json,823,379a4aa32d84e0627697e85377aa2f5bfb495012ed81de913d0265705ae4d980,mixed,,false,Source and redistribution terms must be linked file by file.
assets/data/moves/Ally Switch.json,assets/data,.json,257,46594cedbaddea9bd76d58c05f1e0a2d9dd2e2d83d11fff7b04e14135f64efdf,mixed,,false,Source and redistribution terms must be linked file by file.
assets/data/moves/Amnesia.json,assets/data,.json,338,bf18b835e5db95a5375f3e47d95e008e005b5a69c4882bbca93507aaa7768197,mixed,,false,Source and redistribution terms must be linked file by file.
assets/data/moves/Anchor Shot.json,assets/data,.json,1064,4fdb0436d9d5aa15c0f15fb88db6cddfd163beb6c66acf525cd430e328de27d5,mixed,,false,Source and redistribution terms must be linked file by file.
assets/data/moves/Ancient Power.json,assets/data,.json,932,27261426b8daaf39c006b59806ad50e3ce53832ba4e8ca579ceb6f6f669eac22,mixed,,false,Source and redistribution terms must be linked file by file.
assets/data/moves/Aqua Jet.json,assets/data,.json,896,21680d409364649b4c90a70bef3011e148e252641868738afc4573acae0068b3,mixed,,false,Source and redistribution terms must be linked file by file.
assets/data/moves/Aqua Ring.json,assets/data,.json,345,63750674ddd903aa199b263f6e46b93ae6e1affa56d9e8549906542ff1f7c629,mixed,,false,Source and redistribution terms must be linked file by file.
assets/data/moves/Aqua Tail.json,assets/data,.json,756,1a5c313b5d2b7bd3ff2fef7740ab49f69b991222dcbe0f1a2ef7025e2d61533c,mixed,,false,Source and redistribution terms must be linked file by file.
assets/data/moves/Arm Thrust.json,assets/data,.json,1002,0a089ea1ac7608ae33d9011a9dd496a251b555a711586de325c553301bd7f851,mixed,,false,Source and redistribution terms must be linked file by file.
assets/data/moves/Aromatherapy.json,assets/data,.json,295,34a876e5cd44dd1f015606e5cd4d1f02ca962523a32d19ca8daa61fe15beda83,mixed,,false,Source and redistribution terms must be linked file by file.
assets/data/moves/Aromatic Mist.json,assets/data,.json,725,be0a5b5d39e553a07d4aff3f87eb595b0c2c18ac21557d3e6d86ecaf24ea750f,mixed,,false,Source and redistribution terms must be linked file by file.
assets/data/moves/Assist.json,assets/data,.json,345,d035144f21eaa12cbf0aea6bc8d7bf338fdbd5c977c42ad09a002da2b068ada1,mixed,,false,Source and redistribution terms must be linked file by file.
assets/data/moves/Assurance.json,assets/data,.json,846,4ba3562ce28431039c6a74624fc97d9ad11518352252cc58bb8241f26b5f6640,mixed,,false,Source and redistribution terms must be linked file by file.
assets/data/moves/Astonish.json,assets/data,.json,828,69a23fc735508004f32eb046ad6db4cf5195f431081d2b7ff8078465eb716834,mixed,,false,Source and redistribution terms must be linked file by file.
assets/data/moves/Attack Order.json,assets/data,.json,818,3240917d0f48579f20d0a11b95a795c9b5ca605aa0135d7127b30df2cb4b7ef3,mixed,,false,Source and redistribution terms must be linked file by file.
assets/data/moves/Attract.json,assets/data,.json,374,32a4e6493583f8d33da3f4de0fd9296e1ebe5abc811ba9520f94a91aa7b69950,mixed,,false,Source and redistribution terms must be linked file by file.
assets/data/moves/Aura Sphere.json,assets/data,.json,875,5e285c76d4ef38145715bf559991808ed8be849849a387b0b15b5177970942fd,mixed,,false,Source and redistribution terms must be linked file by file.
assets/data/moves/Aurora Beam.json,assets/data,.json,887,5340b02eca268eacbaf4038be0ad02b9169cb65a74f772abf410894046116efb,mixed,,false,Source and redistribution terms must be linked file by file.
assets/data/moves/Aurora Veil.json,assets/data,.json,350,6fb16a367573d588bcc6252bdfdaaf8eaeb9f2bc4c99fc3f32ea41c4be032e86,mixed,,false,Source and redistribution terms must be linked file by file.
assets/data/moves/Autotomize.json,assets/data,.json,323,c8308e7ce0fd0bbaea981da5485f7668fc9988c463507c6ef156fa8be8d55f38,mixed,,false,Source and redistribution terms must be linked file by file.
assets/data/moves/Avalanche.json,assets/data,.json,862,4ee35c71a3fc0f644f46c0e88d16d803d5feb96e5fbfa5637927675c8734eff6,mixed,,false,Source and redistribution terms must be linked file by file.
assets/data/moves/Baby-Doll Eyes.json,assets/data,.json,367,11a520649ba19f78448417fb1b8990fd58d2e349031d55dc3cb0f711ca733bd4,mixed,,false,Source and redistribution terms must be linked file by file.
assets/data/moves/Baneful Bunker.json,assets/data,.json,567,2702f11064fb15622c7c246bf24143703ccd75e3ea97eab73e0173e85016b805,mixed,,false,Source and redistribution terms must be linked file by file.
assets/data/moves/Barrage.json,assets/data,.json,837,f244f01c1de08a0a013c9ae8ca8a594d489a0324a20083f5a9ef57a128fadd64,mixed,,false,Source and redistribution terms must be linked file by file.
assets/data/moves/Barrier.json,assets/data,.json,314,d9ff41e365835912f4bda79b1e2b9c2006848b3d8369d747e21ea8511e776e6f,mixed,,false,Source and redistribution terms must be linked file by file.
assets/data/moves/Baton Pass.json,assets/data,.json,487,c318d03d7d8235cae762ee58adceaea096ccae71a4323a0b5884c847e9c45ff9,mixed,,false,Source and redistribution terms must be linked file by file.
assets/data/moves/Beak Blast.json,assets/data,.json,976,77965e477e1681ab1efaa7c2a154a7ef94c129081d90ab758e482f77ae8c875d,mixed,,false,Source and redistribution terms must be linked file by file.
assets/data/moves/Beat Up.json,assets/data,.json,843,d7a42183176fdac3932d194470708f44111d6f0602512f875c36e0374fbb61f7,mixed,,false,Source and redistribution terms must be linked file by file.
assets/data/moves/Belch.json,assets/data,.json,965,472bd90b20443ec18313c124d9093b6901416b1a5a7f48ff19ae5f853fe54ee6,mixed,,false,Source and redistribution terms must be linked file by file.
assets/data/moves/Belly Drum.json,assets/data,.json,367,99e23248dd1c096865e64ec9d3330618e837d8a36b0d0d62697e83b1fe8d336d,mixed,,false,Source and redistribution terms must be linked file by file.
assets/data/moves/Bestow.json,assets/data,.json,263,58c7c0c34a8fbe7a20d43fc90181e1c4486c8f9f521fc23d0108ba2e136e6efe,mixed,,false,Source and redistribution terms must be linked file by file.
assets/data/moves/Bide.json,assets/data,.json,761,bfff868fe73f15e86995ac19c19dd4c6f0fdd6e6b1e8d35e388f4c140570bfea,mixed,,false,Source and redistribution terms must be linked file by file.
assets/data/moves/Bind.json,assets/data,.json,1040,afb48245da4eaf874f7f25702e86e047d9b42b48a911b29009a4ef965a6f28ff,mixed,,false,Source and redistribution terms must be linked file by file.
assets/data/moves/Bite.json,assets/data,.json,815,eaf93db85896fc78f4343121b7af8815d89844c805ca948f9cfac5fec83b1482,mixed,,false,Source and redistribution terms must be linked file by file.
assets/data/moves/Blast Burn.json,assets/data,.json,997,f6d9456c40e9294402df8ef7328417f65cda47d78d82e1eccf99fa43e22d1b54,mixed,,false,Source and redistribution terms must be linked file by file.
assets/data/moves/Blaze Kick.json,assets/data,.json,880,8892fbc7e11585bf72c2a32c0a3648fb728adaad5a486db572bfad03c9580c32,mixed,,false,Source and redistribution terms must be linked file by file.
assets/data/moves/Blizzard.json,assets/data,.json,1004,243b0b50a3f92cfa017cfaf757b36634b0047cadaa38be76b54ff9f818ba7694,mixed,,false,Source and redistribution terms must be linked file by file.
assets/data/moves/Block.json,assets/data,.json,277,99033917b2f168a1ad122f98b215f945ce5b2bcc9afbeeb2246d282ccd21240f,mixed,,false,Source and redistribution terms must be linked file by file.
assets/data/moves/Blue Flare.json,assets/data,.json,949,1d983d47c338271585263122f98202c3b993bde633e6797100018a76db6d722d,mixed,,false,Source and redistribution terms must be linked file by file.
assets/data/moves/Body Slam.json,assets/data,.json,904,25dc5c4a98f92b8d1ee678b1c686352b054b94e58a1013a2b1c1a67af43e1cc6,mixed,,false,Source and redistribution terms must be linked file by file.
assets/data/moves/Bolt Strike.json,assets/data,.json,1032,5368ee791ea2333cd2a7381244e5f286675f36e8d867e7ca4b1c4d0fe90644d1,mixed,,false,Source and redistribution terms must be linked file by file.
assets/data/moves/Bone Club.json,assets/data,.json,798,c046edeb681bccfa1831f8c11bbb1d377f12ebe6031cb767e71b39194120b2b9,mixed,,false,Source and redistribution terms must be linked file by file.
assets/data/moves/Bone Rush.json,assets/data,.json,1009,3a5f415adb3d743857aa7cc60932b15a48d9cdf179a6c5afee84631d45e83a87,mixed,,false,Source and redistribution terms must be linked file by file.
assets/data/moves/Bonemerang.json,assets/data,.json,747,9d7ad42b4fd330808f4bbe2bc46be3c37873ce6a8b67947b34d6e9aec4aa7abe,mixed,,false,Source and redistribution terms must be linked file by file.
assets/data/moves/Boomburst.json,assets/data,.json,891,722fa67db9610373371d1f983247fc412498227500216d10f2ad781942ddc736,mixed,,false,Source and redistribution terms must be linked file by file.
assets/data/moves/Bounce.json,assets/data,.json,1228,b5b6ae32bad05c1c47e0fdd04027220f0cbece2810c640f50c04add1eae709e9,mixed,,false,Source and redistribution terms must be linked file by file.
assets/data/moves/Brave Bird.json,assets/data,.json,842,e445cf2b8cd70ae086b2c7c5ab6eda4b45d939befa203c91370b9826be1e320b,mixed,,false,Source and redistribution terms must be linked file by file.
assets/data/moves/Brick Break.json,assets/data,.json,858,b2f5727c6ad1c9061cc746096a6708fffabf0cb3fa14f100b6065d722708ca34,mixed,,false,Source and redistribution terms must be linked file by file.
assets/data/moves/Brine.json,assets/data,.json,844,36a305772fa0ac80789fe7f9319552feb9409f5412b76eee7390750b39a8da6c,mixed,,false,Source and redistribution terms must be linked file by file.
assets/data/moves/Brutal Swing.json,assets/data,.json,893,d8c4b4275e10b357ea78310b578d4aec2684204f9d62feda5814ff15bac4f1f2,mixed,,false,Source and redistribution terms must be linked file by file.
assets/data/moves/Bubble Beam.json,assets/data,.json,879,ac1ee1a22b477ace6aa9b64d163bcce5cc69ef4464ffdd99737c403b70e7b170,mixed,,false,Source and redistribution terms must be linked file by file.
assets/data/moves/Bubble.json,assets/data,.json,769,72fa4741637bce7baf6ffc98946e6ed897edd5f33db049f09567307e516a128b,mixed,,false,Source and redistribution terms must be linked file by file.
assets/data/moves/Bug Bite.json,assets/data,.json,840,3c3e0871c211ac781d7441b00bb3b54ddb742e8297c57f649485153ffd738866,mixed,,false,Source and redistribution terms must be linked file by file.
assets/data/moves/Bug Buzz.json,assets/data,.json,946,790da9a9fbe3182e593ddd9e47d9e5e66ade6579abd48e4451227735bb950661,mixed,,false,Source and redistribution terms must be linked file by file.
assets/data/moves/Bulk Up.json,assets/data,.json,328,00cc53e427f83bbb888aa7aefb4f1e952c42f2e6a53db496ce2c3356c511f68e,mixed,,false,Source and redistribution terms must be linked file by file.
assets/data/moves/Bulldoze.json,assets/data,.json,943,0b45d6a7c1c65defefb920070fba881612b20619d95537f41bd1c8e604e56ca5,mixed,,false,Source and redistribution terms must be linked file by file.
assets/data/moves/Bullet Punch.json,assets/data,.json,910,946c82b2c81ee7af832a1f1795f8af212fad74c94de231978adb1b9a3ef55fa6,mixed,,false,Source and redistribution terms must be linked file by file.
assets/data/moves/Bullet Seed.json,assets/data,.json,993,ea2ca6162b8dbf09bfe1e6351722984c5e41f7276c6a52a8f0dbfc2267e389b8,mixed,,false,Source and redistribution terms must be linked file by file.
assets/data/moves/Burn Up.json,assets/data,.json,1234,c7e1beb23091f6535b5fd43f3dc3b57b11907402eb255abea2a31f848e1eb0e7,mixed,,false,Source and redistribution terms must be linked file by file.
assets/data/moves/Calm Mind.json,assets/data,.json,258,fb179b39fd9099d9fc656b6826e070d5c266fe80ffe127b29c6c1c320311abdd,mixed,,false,Source and redistribution terms must be linked file by file.
assets/data/moves/Camouflage.json,assets/data,.json,392,32f42621599cb4f509b83339f3dc2802e6f396ea06cc7cd8e505c556b5582423,mixed,,false,Source and redistribution terms must be linked file by file.
assets/data/moves/Captivate.json,assets/data,.json,428,5dd2716c6e03ad9fceae9b2a7253d06458dd679eb13b0376bd81e5f6d2d4e67f,mixed,,false,Source and redistribution terms must be linked file by file.
assets/data/moves/Charge Beam.json,assets/data,.json,977,d08706dc2dd160df3c5df5a0862aca875d7e2546830821f8000a68d79bd9d2c8,mixed,,false,Source and redistribution terms must be linked file by file.
assets/data/moves/Charge.json,assets/data,.json,332,922e0ce2b0406d48f6fd25886dd0d941f75381209c4cb159b8ce957358ee88d1,mixed,,false,Source and redistribution terms must be linked file by file.
assets/data/moves/Charm.json,assets/data,.json,495,699d5908fa099b9ce5cdd186198634d8c476534c1c320b27ee4c7d674d41b3f9,mixed,,false,Source and redistribution terms must be linked file by file.
assets/data/moves/Chatter.json,assets/data,.json,822,5ed76b41a271affdc21f70e0a27282ab324dcb8defb4d814eabd75269fe19f10,mixed,,false,Source and redistribution terms must be linked file by file.
assets/data/moves/Chip Away.json,assets/data,.json,820,1e5d45765154a33cc212a60853bacefced00d604d8d291b7924a88e1c0c27ed6,mixed,,false,Source and redistribution terms must be linked file by file.
assets/data/moves/Circle Throw.json,assets/data,.json,1041,52a9ed32c43caf7a8d9bec0e108e712f801e4014da56f3a90c30b4094b9ea9ec,mixed,,false,Source and redistribution terms must be linked file by file.
assets/data/moves/Clamp.json,assets/data,.json,1080,2199cd0ab360f0870a49c239446ba254c3668a19eeb5c4aaff346c58d41f5345,mixed,,false,Source and redistribution terms must be linked file by file.
assets/data/moves/Clanging Scales.json,assets/data,.json,1010,aca3f91b902b765e98f567484014f0f7a88430dc3a2289e1ef32721d8557be5d,mixed,,false,Source and redistribution terms must be linked file by file.
assets/data/moves/Clear Smog.json,assets/data,.json,888,f165d065847c96efe2868141a81b058824a13699865d3ac16cd1822be17f7af6,mixed,,false,Source and redistribution terms must be linked file by file.
assets/data/moves/Close Combat.json,assets/data,.json,910,fc97d90368a4c81836f8b78c8d14bd7cd760c9d94902beed87b532f3ec3ab2d5,mixed,,false,Source and redistribution terms must be linked file by file.
assets/data/moves/Coil.json,assets/data,.json,250,b0bc8abc8c707b0575106850b6b6b497078b793d302a33ab086c7b5e835b7727,mixed,,false,Source and redistribution terms must be linked file by file.
assets/data/moves/Comet Punch.json,assets/data,.json,1006,17f6bc9f11d6a0780c385f670a69691030b1638db3f9e559c93d3a389ca69edf,mixed,,false,Source and redistribution terms must be linked file by file.
assets/data/moves/Confide.json,assets/data,.json,345,baa7c3a309231504ce8896d7f78190da5331e7df7a8eeb211552d4fc246d8265,mixed,,false,Source and redistribution terms must be linked file by file.
assets/data/moves/Confuse Ray.json,assets/data,.json,330,bd80cb6d2f8ecf4767589f96abfe13af6e9b0ff7956b275f260ebb57e8fc9a6a,mixed,,false,Source and redistribution terms must be linked file by file.
assets/data/moves/Confusion.json,assets/data,.json,874,f666a7d6b12a439d86dd33b192a73d9bd05c396fca9756c5cb1bcd35db5fa9ba,mixed,,false,Source and redistribution terms must be linked file by file.
assets/data/moves/Constrict.json,assets/data,.json,1076,b7fb845cfd70a3d0b573cdc5ab2ea5c5d93882f42954af2ad57834e678febe5f,mixed,,false,Source and redistribution terms must be linked file by file.
assets/data/moves/Conversion 2.json,assets/data,.json,380,24e74d9a2eba70f3a90618b06a3b2afcd6895af6292ebb7b85d5ca35d7b7d28c,mixed,,false,Source and redistribution terms must be linked file by file.
assets/data/moves/Conversion.json,assets/data,.json,288,577c58fbcf7d2012eacd7b54b01b49732749575754cbe9995df8b60ba11424fb,mixed,,false,Source and redistribution terms must be linked file by file.
assets/data/moves/Copycat.json,assets/data,.json,383,c51ceaa3a6c6ba1c42082bc50dca23e7863d6f05eaf7cc19a7e4df59e5898fdf,mixed,,false,Source and redistribution terms must be linked file by file.
assets/data/moves/Core Enforcer.json,assets/data,.json,931,dc88a67b2a24ef93e260b85b26ffeb70d26856faf2d0ff45f34ef037e3001f17,mixed,,false,Source and redistribution terms must be linked file by file.
assets/data/moves/Cosmic Power.json,assets/data,.json,251,7ba439c0e4f487a5e5d2adf9b9bc2f99c46d8e711c525deaef239f7e5bf00abb,mixed,,false,Source and redistribution terms must be linked file by file.
assets/data/moves/Cotton Guard.json,assets/data,.json,247,66fb2ab2e0c2528f40f78638c4090a8de6cc8d1ea175601eb120c81cc289056b,mixed,,false,Source and redistribution terms must be linked file by file.
assets/data/moves/Cotton Spore.json,assets/data,.json,468,af6799c478aa6943fb164efed126c5da69abba4490eaf6cebfbd72b1fa4a786f,mixed,,false,Source and redistribution terms must be linked file by file.
assets/data/moves/Counter.json,assets/data,.json,803,2f6c8f691ae12b3c65be42caf6bb28c6fa470c6f54bcd00e9f96956f561f989e,mixed,,false,Source and redistribution terms must be linked file by file.
assets/data/moves/Covet.json,assets/data,.json,855,3e31a9905a09a62569a7bc059d282b46a5df3fed7f80e52345e7bbe42f83cc8d,mixed,,false,Source and redistribution terms must be linked file by file.
assets/data/moves/Crabhammer.json,assets/data,.json,815,d9bbb0c97ed8f223ae28e3dba78f0b4ceed0cff90d07afbc92bfff1d8b343d45,mixed,,false,Source and redistribution terms must be linked file by file.
assets/data/moves/Crafty Shield.json,assets/data,.json,348,043f90120ecc9defed27d769289ca68e18197bc415e6bd0819d4e74aa057833b,mixed,,false,Source and redistribution terms must be linked file by file.
assets/data/moves/Cross Chop.json,assets/data,.json,828,66d811aa7ffa050da557c974b3b72f849fd1e499e1825aa84e576b6a0a420784,mixed,,false,Source and redistribution terms must be linked file by file.
assets/data/moves/Cross Poison.json,assets/data,.json,850,2d74ee6e0d20dc580e16e1e5bc4cd9e881c0f053fe0d62f8a3b435f170c3567f,mixed,,false,Source and redistribution terms must be linked file by file.
assets/data/moves/Crunch.json,assets/data,.json,965,a6f8c28da766745ef1ac004dbc723db16856a1fb6e5a540cc05ee7edd9678f8d,mixed,,false,Source and redistribution terms must be linked file by file.
assets/data/moves/Crush Claw.json,assets/data,.json,855,87e1933c0ac72206c8721b98d87a2980a9026f1676c47597cf89811028cfde36,mixed,,false,Source and redistribution terms must be linked file by file.
assets/data/moves/Crush Grip.json,assets/data,.json,892,7dc5c985a777ee5fbf3f4cf20a7182b3818ca295320299e6312b9cb26ae3b3d3,mixed,,false,Source and redistribution terms must be linked file by file.
assets/data/moves/Curse.json,assets/data,.json,1158,6887ab778b2d2a0f75606084d0ca150a0daf8667fdad92d366e9b051811a72bd,mixed,,false,Source and redistribution terms must be linked file by file.
assets/data/moves/Cut.json,assets/data,.json,748,27715d14ad32ed2ce4007b8b0a90746f7c25a3e84b4866d23c2fe47c294ddceb,mixed,,false,Source and redistribution terms must be linked file by file.
assets/data/moves/Dark Pulse.json,assets/data,.json,845,b95534a529bb52cab98bf5e6db55d4b89c828fc0ccdcd65f54a3a7021becd6e9,mixed,,false,Source and redistribution terms must be linked file by file.
assets/data/moves/Dark Void.json,assets/data,.json,945,c56055fe74e6fbc65a4d54410c406125e178f2d9dede6bf7d42db20f8580dc6f,mixed,,false,Source and redistribution terms must be linked file by file.
assets/data/moves/Darkest Lariat.json,assets/data,.json,818,b6840b6d3fd2dce87ecd85cd88d470e4ce1437b45b69b120156961c25a3af276,mixed,,false,Source and redistribution terms must be linked file by file.
assets/data/moves/Dazzling Gleam.json,assets/data,.json,865,685d26cf22fb5a3e3009aa82d924debe3ecd36dbbf2f1c881b2ddafc0146eab4,mixed,,false,Source and redistribution terms must be linked file by file.
assets/data/moves/Defend Order.json,assets/data,.json,410,f4f7763c4bc52ef01d525a1d61af4b7005b6265886ae13f146d66c34496a0d67,mixed,,false,Source and redistribution terms must be linked file by file.
assets/data/moves/Defense Curl.json,assets/data,.json,281,4659cf3ce5f587601866eca0a829e09dc36f3571fa19994cb6eb9d50139698b6,mixed,,false,Source and redistribution terms must be linked file by file.
assets/data/moves/Defog.json,assets/data,.json,404,147461c3ff18f2d2bc46fff7c9a6756cef9c1be2da63582283056cf82a3092c0,mixed,,false,Source and redistribution terms must be linked file by file.
assets/data/moves/Destiny Bond.json,assets/data,.json,429,ba090711e7a0852080945d4c66ddd5e13e4fd4f93a520a4f6a3edcbc308d7e87,mixed,,false,Source and redistribution terms must be linked file by file.
assets/data/moves/Detect.json,assets/data,.json,590,720ea6e3848dc1d311056153a21a2da7d18edee92626c55b100f82520d8cd1cd,mixed,,false,Source and redistribution terms must be linked file by file.
assets/data/moves/Diamond Storm.json,assets/data,.json,989,a261dade5b43f3419942a1c29bda92affb6c2cf650dd9369ea7b6d81c78a1d9a,mixed,,false,Source and redistribution terms must be linked file by file.
assets/data/moves/Dig.json,assets/data,.json,1299,c549565a1a3f03f9391ce94a8289050703865960daf06cab027cb76645d1577b,mixed,,false,Source and redistribution terms must be linked file by file.
assets/data/moves/Disable.json,assets/data,.json,592,684245b98d3305abe892917e049fb8214c0f2c58d83267531489ed69eaa332b4,mixed,,false,Source and redistribution terms must be linked file by file.
assets/data/moves/Disarming Voice.json,assets/data,.json,875,733e9418e43a6e9efa278dbc5000e4e19d551c52e7b3682b57ab6ddd6a92ec5a,mixed,,false,Source and redistribution terms must be linked file by file.
assets/data/moves/Discharge.json,assets/data,.json,944,7a8cc7ad584c7fdc7263c1c0ed4964d58f26b25dba157bc97dd6e91c13813198,mixed,,false,Source and redistribution terms must be linked file by file.
assets/data/moves/Dive.json,assets/data,.json,1179,09221f47a4864a25070d5d2b34d72cf5ab14e647e473d419783ac9527dd020e8,mixed,,false,Source and redistribution terms must be linked file by file.
assets/data/moves/Dizzy Punch.json,assets/data,.json,900,5de53a27513b25f79eff680db149f7a26b9d71e16c582c7e2c31399365a1e712,mixed,,false,Source and redistribution terms must be linked file by file.
assets/data/moves/Doom Desire.json,assets/data,.json,950,ff3465c0da941078914f6cc816f66de95b25de1a31f1277568dd975a8166b1ec,mixed,,false,Source and redistribution terms must be linked file by file.
assets/data/moves/Double Hit.json,assets/data,.json,752,8d469ca527cf9a0574e1e1d140fe9df5983f057f3f804e5df0633cd3bc209982,mixed,,false,Source and redistribution terms must be linked file by file.
assets/data/moves/Double Iron Bash.json,assets/data,.json,834,0d9729ba9df8aa9951d94b094b73d646b86304c9220ad19eaaf9c28cef8b7fee,mixed,,false,Source and redistribution terms must be linked file by file.
assets/data/moves/Double Kick.json,assets/data,.json,775,15b075d03333d11eab299381be0c3ad546c2031f830236786ea7640c797f6609,mixed,,false,Source and redistribution terms must be linked file by file.
assets/data/moves/Double Slap.json,assets/data,.json,1000,46bb23e3ec959a1d1d688067495640cea78adf6c5fe2c1b1c6edaae08e8b5ef2,mixed,,false,Source and redistribution terms must be linked file by file.
assets/data/moves/Double Team.json,assets/data,.json,663,20837dfda4fdfecc33c47bd86aef358df4aa0e245d7d32cf9da2981152723d8b,mixed,,false,Source and redistribution terms must be linked file by file.
assets/data/moves/Double-Edge.json,assets/data,.json,845,412483f303400ec6082fedb47fb3723df711e9f4069ba8cbaed52ddb5f971721,mixed,,false,Source and redistribution terms must be linked file by file.
assets/data/moves/Draco Meteor.json,assets/data,.json,1020,e02625cacb21de11dd5aabd8f4bd9d3c87a964e47163a503626af238d4a1f88b,mixed,,false,Source and redistribution terms must be linked file by file.
assets/data/moves/Dragon Ascent.json,assets/data,.json,1106,293adffe02206714b4c5a135ff2ff057b0a31f351525d4838b03390799ef3df3,mixed,,false,Source and redistribution terms must be linked file by file.
assets/data/moves/Dragon Breath.json,assets/data,.json,918,a9738d3ddb294d0cfbef04a2d545ec34d8873fa082a68f6a85ca5dd9bd647aec,mixed,,false,Source and redistribution terms must be linked file by file.
assets/data/moves/Dragon Claw.json,assets/data,.json,748,4dbfc4831fc604335338376c353ef882cabe5f15b102cfda72194dd7ad16bcbc,mixed,,false,Source and redistribution terms must be linked file by file.
assets/data/moves/Dragon Dance.json,assets/data,.json,263,2c2a56342131ff559bb26c8797e59436c2a9ee1b620b060237025b493ced3e63,mixed,,false,Source and redistribution terms must be linked file by file.
assets/data/moves/Dragon Hammer.json,assets/data,.json,978,628eae2447956f3e502f1c0b833d0b7d16001208df4b32ebf11b6852cec4629e,mixed,,false,Source and redistribution terms must be linked file by file.
assets/data/moves/Dragon Pulse.json,assets/data,.json,773,6dca2e7e482a6c8d46406894045073884268074e4f8003f63f1cde589a88acb5,mixed,,false,Source and redistribution terms must be linked file by file.
assets/data/moves/Dragon Rage.json,assets/data,.json,871,34fb1a10a547876c19f6e567a4dac0c1609b54f8c14a6ce10da13313781274ba,mixed,,false,Source and redistribution terms must be linked file by file.
assets/data/moves/Dragon Rush.json,assets/data,.json,804,e795caeda8fa30648d146f9686daebba0ec010dac8a370a26b79eb05fd7f2d80,mixed,,false,Source and redistribution terms must be linked file by file.
assets/data/moves/Dragon Tail.json,assets/data,.json,1035,abf5edfcc59a210f67c3e61af0edbd9472b28b799fe7771cab6a753ed4817bbf,mixed,,false,Source and redistribution terms must be linked file by file.
assets/data/moves/Drain Punch.json,assets/data,.json,813,65633e2e31b643353bc1a22db2007dc88b07662bc2c923c0b15801c137c48af1,mixed,,false,Source and redistribution terms must be linked file by file.
assets/data/moves/Draining Kiss.json,assets/data,.json,824,f905ba5283481264a692655d33bdfcb4a6507fc1e53e8315bd1c16a575ba8820,mixed,,false,Source and redistribution terms must be linked file by file.
assets/data/moves/Dream Eater.json,assets/data,.json,854,23c0d91dabbe85cfb1d6882616b022e570039e5289fea61ea80804108b415885,mixed,,false,Source and redistribution terms must be linked file by file.
assets/data/moves/Drill Peck.json,assets/data,.json,826,2b770a779a45864d3a1f3df5eb402465632a9980534acaa7f5a5355de94f0871,mixed,,false,Source and redistribution terms must be linked file by file.
assets/data/moves/Drill Run.json,assets/data,.json,812,a299dc0e91c4c285793310eaca9322cb8bdcd2d4eb9dbe890221920a3f4b49b7,mixed,,false,Source and redistribution terms must be linked file by file.
assets/data/moves/Dual Chop.json,assets/data,.json,772,8754ffca70b4b1c60992161bc4119baecd92b0e988622b221a86115df1205d3c,mixed,,false,Source and redistribution terms must be linked file by file.
assets/data/moves/Dynamic Punch.json,assets/data,.json,829,8ebb5e9169d4fd97cf1dd58d8e5a3fe5f77434bba8e7f6cdceffd171e206425a,mixed,,false,Source and redistribution terms must be linked file by file.
assets/data/moves/Earth Power.json,assets/data,.json,857,76ce89d1fc99becad17b0f6d80ba6dc99657db5f27854b5c5a63984642ba901c,mixed,,false,Source and redistribution terms must be linked file by file.
assets/data/moves/Earthquake.json,assets/data,.json,1167,44f7ce0d7ffbbe72f48346d8c01e889c25d613fb122ab70c155cfb0ae68f6315,mixed,,false,Source and redistribution terms must be linked file by file.
assets/data/moves/Echoed Voice.json,assets/data,.json,1022,5c49b580f96b9370c05c7effa763cba6562c1705e19f8ec48e7be8044b6d0ea8,mixed,,false,Source and redistribution terms must be linked file by file.
assets/data/moves/Eerie Impulse.json,assets/data,.json,464,6b8bd69d4efd8f2b58b238699e801439212e5c985aa010c3de1623fb3b703f6c,mixed,,false,Source and redistribution terms must be linked file by file.
assets/data/moves/Egg Bomb.json,assets/data,.json,775,c9b089ac1c87c6eb3677f204edc50a67bc853bba9fd842e5f7d1d44245cc7dab,mixed,,false,Source and redistribution terms must be linked file by file.
assets/data/moves/Electric Terrain.json,assets/data,.json,512,4167971963eb9ef6d331b359139efd3907fc108431b7d21d97c270781e0fa427,mixed,,false,Source and redistribution terms must be linked file by file.
assets/data/moves/Electrify.json,assets/data,.json,479,700d4763380339bb8a7a0fdc1653193e6d2c06b0580409d34082071cb630873b,mixed,,false,Source and redistribution terms must be linked file by file.
assets/data/moves/Electro Ball.json,assets/data,.json,961,64b453482446dbf0d47fc09d4b30c51b447a5ec4dd6cd339ef637909d076815e,mixed,,false,Source and redistribution terms must be linked file by file.
assets/data/moves/Electroweb.json,assets/data,.json,932,43b604e3ee1b68c90b9bb0c0f6e46a6fddd060d0815f039a8096944cc8633e45,mixed,,false,Source and redistribution terms must be linked file by file.
assets/data/moves/Embargo.json,assets/data,.json,394,56e0ae03690ce45befa0c4d3d22d248b9333b649d3c76c28ed816a8216d50a95,mixed,,false,Source and redistribution terms must be linked file by file.
assets/data/moves/Ember.json,assets/data,.json,822,ba5b103b776b42359cf47637866cc058d6a157c82c5fe233a57f79d83ba88614,mixed,,false,Source and redistribution terms must be linked file by file.
assets/data/moves/Encore.json,assets/data,.json,555,70a8cfcb12d70852479e6ca07e34168a7662ef68747dba2ea371107eff69ce41,mixed,,false,Source and redistribution terms must be linked file by file.
assets/data/moves/Endeavor.json,assets/data,.json,507,40582df355352865fb75f61263b4ae0fe67a64a63bdc412cd5e7331edf189726,mixed,,false,Source and redistribution terms must be linked file by file.
assets/data/moves/Endure.json,assets/data,.json,406,a251db7d3650b03f479c93602456863477feaa4809ad4f51a2ab978d5a97f7df,mixed,,false,Source and redistribution terms must be linked file by file.
assets/data/moves/Energy Ball.json,assets/data,.json,879,41a71847a7ee83c659bd2b18ecc74cfb7e522dd7b20d01682ff4093c5a192cca,mixed,,false,Source and redistribution terms must be linked file by file.
assets/data/moves/Entrainment.json,assets/data,.json,431,bbe2f40b17476dd3ca98c03d8633876ea13c3459b043b612229a03208730a7c7,mixed,,false,Source and redistribution terms must be linked file by file.
assets/data/moves/Eruption.json,assets/data,.json,944,5b71fa5156ee247bfb4a91e6976e1e8a76e9e053a8c78e0ef140cf0c0d697b30,mixed,,false,Source and redistribution terms must be linked file by file.
assets/data/moves/Explosion.json,assets/data,.json,499,b12bbe2b3833f3678ee8b3b5283c1824c7d2e41671ef3f352bde49fa4f2d0ba5,mixed,,false,Source and redistribution terms must be linked file by file.
assets/data/moves/Extrasensory.json,assets/data,.json,854,7359192bc68277e4775f747987855c407af098104af6c27ae362512d69f9d94f,mixed,,false,Source and redistribution terms must be linked file by file.
assets/data/moves/Extreme Speed.json,assets/data,.json,867,2d77e11ce7a360463df24b60febbefebe804b91d4925a4182c1eb82298f92130,mixed,,false,Source and redistribution terms must be linked file by file.
assets/data/moves/Facade.json,assets/data,.json,846,d39aa1723758408bdaa9278750f4d6119ca5f1decc11b8d7e1cd64ce13e03930,mixed,,false,Source and redistribution terms must be linked file by file.
assets/data/moves/Fairy Lock.json,assets/data,.json,314,6043d9574db762f7c113237ced6f6025200d13bdcc2357d39eaf3638e019dd3b,mixed,,false,Source and redistribution terms must be linked file by file.
assets/data/moves/Fairy Wind.json,assets/data,.json,807,5d0c601b98101e680d0cb42f43eb15464efe41f72b598b354ffc6868ba6d1ac1,mixed,,false,Source and redistribution terms must be linked file by file.
assets/data/moves/Fake Out.json,assets/data,.json,827,09d57fbda29f6b9244a8d7f9748b851d082051b6d4a326f36286da7d6130794a,mixed,,false,Source and redistribution terms must be linked file by file.
assets/data/moves/Fake Tears.json,assets/data,.json,453,ade0329c5089e3775548d74ccb22e3507dac3667004f86036422eb7b3195ec7b,mixed,,false,Source and redistribution terms must be linked file by file.
assets/data/moves/False Swipe.json,assets/data,.json,863,0cb5e784643367a1ab4516555454bb99ccb8547a0bda7431662bfb5e0866305a,mixed,,false,Source and redistribution terms must be linked file by file.
assets/data/moves/Feather Dance.json,assets/data,.json,404,0d5d8c7c04513649dfddd2b6bc4d762c83dac8c7244b4a27e7a2515ab54702a6,mixed,,false,Source and redistribution terms must be linked file by file.
assets/data/moves/Feint Attack.json,assets/data,.json,798,a8bbba80b2bddf750cdac628dde58a98ee639d0df64dc23a91e5e32561e762fd,mixed,,false,Source and redistribution terms must be linked file by file.
assets/data/moves/Feint.json,assets/data,.json,842,f2d6ae42f34ac33a96cde62e36526c1da8f1674f52f81e9cd09c880515cbb375,mixed,,false,Source and redistribution terms must be linked file by file.
assets/data/moves/Fell Stinger.json,assets/data,.json,889,142a04c9a2a0107cb66e36a81d4788bbf0edddb97b1ef227560114c586475b96,mixed,,false,Source and redistribution terms must be linked file by file.
assets/data/moves/Fiery Dance.json,assets/data,.json,966,2afafaa2a85bab37f9de3a2b2646ffd75ff740ff0277d5fe1d61ae9b09bb9f28,mixed,,false,Source and redistribution terms must be linked file by file.
assets/data/moves/Final Gambit.json,assets/data,.json,486,dd14bfc8d837d624dd07652ddfd8f3579e49c1b71f5bdbd7a185c5c936cb00e2,mixed,,false,Source and redistribution terms must be linked file by file.
assets/data/moves/Fire Blast.json,assets/data,.json,960,f369c0bd90a224057ea8cfadbffd50cf3994b152a072941528cf098ee0d3b020,mixed,,false,Source and redistribution terms must be linked file by file.
assets/data/moves/Fire Fang.json,assets/data,.json,832,d07c66e3e0477d25d2b41aa19c30ea6ec3920770a4c7cf2c5b8324ec788529a6,mixed,,false,Source and redistribution terms must be linked file by file.
assets/data/moves/Fire Lash.json,assets/data,.json,1031,392d8640cde4590e044bc27e2646e593c8d46227bc09798b8c3a9434f58bb204,mixed,,false,Source and redistribution terms must be linked file by file.
assets/data/moves/Fire Pledge.json,assets/data,.json,832,138c193e43cf3b69a30a44043d1b5c96feb47e23eb69f5b760fe828dd9a8ac9b,mixed,,false,Source and redistribution terms must be linked file by file.
assets/data/moves/Fire Punch.json,assets/data,.json,805,056b9ade244624a148f9c9c863ac1037aeff5d62b2862906691aa4eb49540a51,mixed,,false,Source and redistribution terms must be linked file by file.
assets/data/moves/Fire Spin.json,assets/data,.json,926,b7bd30340ea660b16ecb4f4e2e2c2735907ed263894066521352050b462dc3e4,mixed,,false,Source and redistribution terms must be linked file by file.
assets/data/moves/First Impression.json,assets/data,.json,849,1574330c807cc65e4a8de8aea152d2f25b42d0609d6a5cf792a9f744a823dcf8,mixed,,false,Source and redistribution terms must be linked file by file.
assets/data/moves/Fissure.json,assets/data,.json,524,1bde4b4cccbbd4dca78b695c83053bba29c1bf9b5c2c3c0d7222209d80812882,mixed,,false,Source and redistribution terms must be linked file by file.
assets/data/moves/Flail.json,assets/data,.json,1042,97124a5ae68f5f00dbad72b0cb881f858c0e5f5635c9f4c443d82758adee230b,mixed,,false,Source and redistribution terms must be linked file by file.
assets/data/moves/Flame Burst.json,assets/data,.json,869,7e1d41223cd6083cef15f76e181e482e003c8c54c367bc71db904f1c7482c343,mixed,,false,Source and redistribution terms must be linked file by file.
assets/data/moves/Flame Charge.json,assets/data,.json,936,192cac050a98efc4b825700dedf77d4180a06d88ae41a688c2456f34c4b04517,mixed,,false,Source and redistribution terms must be linked file by file.
assets/data/moves/Flame Wheel.json,assets/data,.json,950,57092a83496a3250a14bf3306beea86c9e02c89e10015eda9a789c9231fa7ea4,mixed,,false,Source and redistribution terms must be linked file by file.
assets/data/moves/Flamethrower.json,assets/data,.json,931,83a0070b958bc013df9f7f88913185577489eac2fcae30c76eb36505bdc583f0,mixed,,false,Source and redistribution terms must be linked file by file.
assets/data/moves/Flare Blitz.json,assets/data,.json,1025,0561cbe4df0faea07405644a88cafa22d91b8ec18ee5c9bb909f65fad7211ba1,mixed,,false,Source and redistribution terms must be linked file by file.
assets/data/moves/Flash Cannon.json,assets/data,.json,899,b433bb7345f942409bd92c2dfe96d27ad93af6ff55bffa6199d3c28e9a990fe7,mixed,,false,Source and redistribution terms must be linked file by file.
assets/data/moves/Flash.json,assets/data,.json,497,8a7e3de2065ba90f989eb4d8623917261b4382c28a0d4b1e1c1454c44626d896,mixed,,false,Source and redistribution terms must be linked file by file.
assets/data/moves/Flatter.json,assets/data,.json,389,b17dd08d78abbbf07144880fbd66978e8123840bd1727ab9d911b5766214efc8,mixed,,false,Source and redistribution terms must be linked file by file.
assets/data/moves/Fleur Cannon.json,assets/data,.json,995,cffb07c7f0f77e451fdfd9b0c72f9358150d6c4287cc2ff847f52a08046950f2,mixed,,false,Source and redistribution terms must be linked file by file.
assets/data/moves/Fling.json,assets/data,.json,899,14adddf71e7df46ceb4b613c59ed03d642c1f1ac9a104273c8f44904b623d3a4,mixed,,false,Source and redistribution terms must be linked file by file.
assets/data/moves/Floral Healing.json,assets/data,.json,804,026c6636a6b8f13e8b482047424080ffc1fbb567fc65e37636e822e9a6a9e402,mixed,,false,Source and redistribution terms must be linked file by file.
assets/data/moves/Flower Shield.json,assets/data,.json,368,18fb1cebd1ddf66c2dbe7c12b745aa50161d7aebc6a7655bcb5b8a23a4b1ae47,mixed,,false,Source and redistribution terms must be linked file by file.
assets/data/moves/Fly.json,assets/data,.json,1207,9f81a897fdf53539e038ef834c140f79d087165340804d7fc66213b2c524e257,mixed,,false,Source and redistribution terms must be linked file by file.
assets/data/moves/Flying Press.json,assets/data,.json,915,753d67ea5374af3b5c6c6c9e593470d9c9852e7bf40b169d5ebbf527bdc2bf64,mixed,,false,Source and redistribution terms must be linked file by file.
assets/data/moves/Focus Blast.json,assets/data,.json,862,0afa4611022aeebab9aba985a147dc020ce4629ee82c4bc8bfb065408e8b8163,mixed,,false,Source and redistribution terms must be linked file by file.
assets/data/moves/Focus Energy.json,assets/data,.json,342,21bc0c96aee39b3de45fb96d6662ce318dc12d9640f4590f4764c5ae92a41288,mixed,,false,Source and redistribution terms must be linked file by file.
assets/data/moves/Focus Punch.json,assets/data,.json,855,370b3297bb9ba41f8eddfba124ee55c00d04504576d46b5475a1266df94688d7,mixed,,false,Source and redistribution terms must be linked file by file.
assets/data/moves/Follow Me.json,assets/data,.json,711,97abf18756c9f13e8a7d2c2725455b09304834f7f5da3779dbb2623e079e90d2,mixed,,false,Source and redistribution terms must be linked file by file.
assets/data/moves/Force Palm.json,assets/data,.json,1004,2ff9cec5ff495cd4812166015c9b55bfa5745ca4b6f1dd17c278cbd601a3fd41,mixed,,false,Source and redistribution terms must be linked file by file.
assets/data/moves/Foresight.json,assets/data,.json,467,0d1fd898080251d8c9d8afba5a2a85136349c5028480e58972b648f5e4b06b5c,mixed,,false,Source and redistribution terms must be linked file by file.
assets/data/moves/Forest's Curse.json,assets/data,.json,413,7df1ea9eae7156e42707be8aac6460b238c20973c908a8522fa639ac63e0d1e9,mixed,,false,Source and redistribution terms must be linked file by file.
assets/data/moves/Foul Play.json,assets/data,.json,828,7de9296caa6168ecd54f73815a4a5fac31b4ef9c420400408b7d825aed540438,mixed,,false,Source and redistribution terms must be linked file by file.
assets/data/moves/Freeze Shock.json,assets/data,.json,950,d6890c254da6d61a8791a2b13452d01aabb4ad2f527447da338fc3f6ed27ed32,mixed,,false,Source and redistribution terms must be linked file by file.
assets/data/moves/Freeze-Dry.json,assets/data,.json,1011,bc6c3dc1551cd0a344e7252799dd29ca90659874513fddfe7a22f340fa57812e,mixed,,false,Source and redistribution terms must be linked file by file.
assets/data/moves/Frenzy Plant.json,assets/data,.json,1042,c991b34738c70fd45577420cf812fac0e54e71d99e49afd5474104f8def7464e,mixed,,false,Source and redistribution terms must be linked file by file.
assets/data/moves/Frost Breath.json,assets/data,.json,839,46d16240cdd59a22aec6224f061a29942108289f6a7940986dcb48839f087098,mixed,,false,Source and redistribution terms must be linked file by file.
assets/data/moves/Frustration.json,assets/data,.json,1032,42e453124ac37aacebb8e7b3a31e7ab3b59667eaf69d602d1ac7a6a2ad2408a2,mixed,,false,Source and redistribution terms must be linked file by file.
assets/data/moves/Fury Attack.json,assets/data,.json,1016,f32469c5126a0da0076c2083ff05f512528ebd570916594b07c0f48158206375,mixed,,false,Source and redistribution terms must be linked file by file.
assets/data/moves/Fury Cutter.json,assets/data,.json,1053,4bef9a695047ce968d7e512352065c8443918ceea839e9fd0dc35e222346db9b,mixed,,false,Source and redistribution terms must be linked file by file.
assets/data/moves/Fury Swipes.json,assets/data,.json,1021,3e7e36125647f7e7b9b6ce733330b248556207f841bf852f8857a7fc29a235ec,mixed,,false,Source and redistribution terms must be linked file by file.
assets/data/moves/Fusion Bolt.json,assets/data,.json,989,ebc0f26e0fa8bad5670419442a672456cb11754ae240d0e367fc6fdbf2db177f,mixed,,false,Source and redistribution terms must be linked file by file.
assets/data/moves/Fusion Flare.json,assets/data,.json,1061,83cce23e672dc69a02301997d78fad50e981c5b9be9b501dcc2da9d4e8eb7eaa,mixed,,false,Source and redistribution terms must be linked file by file.
assets/data/moves/Future Sight.json,assets/data,.json,967,6c8f25677429b8c5f5453c510658d7bcbdfccf44521051065eb87f961425d8f0,mixed,,false,Source and redistribution terms must be linked file by file.
assets/data/moves/Gastro Acid.json,assets/data,.json,383,f153208ae774ee55c1be47b0d7899e7fd22d074409db7f8e8e4da0175f90b707,mixed,,false,Source and redistribution terms must be linked file by file.
assets/data/moves/Gear Grind.json,assets/data,.json,767,f21710ceb4f4600533e7de93016ec3fb349edaf1a870da13dfb407ebff2851e2,mixed,,false,Source and redistribution terms must be linked file by file.
assets/data/moves/Gear Up.json,assets/data,.json,354,06e3ec0892a10667b17fbe81e60377e6a31529ecc6383ce53c1d70af9ba20e82,mixed,,false,Source and redistribution terms must be linked file by file.
assets/data/moves/Geomancy.json,assets/data,.json,384,e0683f0130948c52650b8b854e29dccfbb2a753cf6aa9286076777589a9e7568,mixed,,false,Source and redistribution terms must be linked file by file.
assets/data/moves/Giga Drain.json,assets/data,.json,812,bc2019496a31803f782065b4d2564037f120132e31a10ff088b5b5da032ca46f,mixed,,false,Source and redistribution terms must be linked file by file.
assets/data/moves/Giga Impact.json,assets/data,.json,828,34b40cf8d0ea4813467698d93e9d2e03dd8b9e2eac7dfec970eb497d0eb5ac45,mixed,,false,Source and redistribution terms must be linked file by file.
assets/data/moves/Glaciate.json,assets/data,.json,968,f0dee2576f03646832a1127f4688f812080a424d2eb1d8ecc5ce5023e660031d,mixed,,false,Source and redistribution terms must be linked file by file.
assets/data/moves/Glare.json,assets/data,.json,489,c4123c3dea745f278c5b1f8112f26920e2b5b731af0b609678dc8c9046da0a6a,mixed,,false,Source and redistribution terms must be linked file by file.
assets/data/moves/Grass Knot.json,assets/data,.json,924,1ee38cdefb0980afc4e61929fb552e68edc5f4f2fb61edbf3472bd41abdca8fa,mixed,,false,Source and redistribution terms must be linked file by file.
assets/data/moves/Grass Pledge.json,assets/data,.json,841,5f244de6a66cfc32aa9d30bedd885b750c3bdf073791e314834fffc69e80f354,mixed,,false,Source and redistribution terms must be linked file by file.
assets/data/moves/Grass Whistle.json,assets/data,.json,346,06b17228e30106177ab859d98553a2272465b2bb396df278045a299ae67fc9c2,mixed,,false,Source and redistribution terms must be linked file by file.
assets/data/moves/Grassy Terrain.json,assets/data,.json,597,938d786c9942a482ded467b863f7d17707c60e33309f9aa2c289850ee339deda,mixed,,false,Source and redistribution terms must be linked file by file.
assets/data/moves/Gravity.json,assets/data,.json,360,b16c815d2680cd8dcf398c870df23e2ac754cc1df0b6bf06c60d752ea2d2ef7d,mixed,,false,Source and redistribution terms must be linked file by file.
assets/data/moves/Growl.json,assets/data,.json,443,dedf790ef476f93db5611fc3d8c5c39307ed08b93d4448127b13f7f8e0eede6a,mixed,,false,Source and redistribution terms must be linked file by file.
assets/data/moves/Growth.json,assets/data,.json,746,071576c32f8edcc676d5a930046935ce91bda8116664117c1a234feaeed31bc0,mixed,,false,Source and redistribution terms must be linked file by file.
assets/data/moves/Grudge.json,assets/data,.json,433,47462686ee571bc2aef224cc6744344617e07cdad5b2ba5907db8cba893857ed,mixed,,false,Source and redistribution terms must be linked file by file.
assets/data/moves/Guard Split.json,assets/data,.json,479,2cfc6d4c56a5d93eacf114c0bd569d25f9a364afb691ab9548f2fc21635bd120,mixed,,false,Source and redistribution terms must be linked file by file.
assets/data/moves/Guard Swap.json,assets/data,.json,397,ee5f1c13b54f2de4781d605820f2ca276f8db8b11bdbc64ca6190b86eeb7e545,mixed,,false,Source and redistribution terms must be linked file by file.
assets/data/moves/Guillotine.json,assets/data,.json,440,d54044a627c4126a568b3a200e4107c86e6cb5df1fe795709ae4240228274a40,mixed,,false,Source and redistribution terms must be linked file by file.
assets/data/moves/Gunk Shot.json,assets/data,.json,803,46cdc6ca9f5b96061b931160d9d74362723dee1d20382ae3d40188bc598fedd3,mixed,,false,Source and redistribution terms must be linked file by file.
assets/data/moves/Gust.json,assets/data,.json,749,522ebb254bcb6bfc2909c6284fe7b6214877a903a17995661c79ad287139fb20,mixed,,false,Source and redistribution terms must be linked file by file.
assets/data/moves/Gyro Ball.json,assets/data,.json,846,2743fd9adcad29d19d7893e98ccae981f4865d520fd8d0d840e36ff9182853b8,mixed,,false,Source and redistribution terms must be linked file by file.
assets/data/moves/Hail.json,assets/data,.json,447,dcfa3a90c7cd5f6e1fc64912d83b1ac00aef191bbe31c18a84685aa9eea50086,mixed,,false,Source and redistribution terms must be linked file by file.
assets/data/moves/Hammer Arm.json,assets/data,.json,861,ac432052aed929ba27b730da96f63bd930de29f1a8d27751bf6bb7da7bf6cd55,mixed,,false,Source and redistribution terms must be linked file by file.
assets/data/moves/Happy Hour.json,assets/data,.json,241,446f3210a5227c3e9aa4e273a6f2ba6a305307cfe9cd7f4df310512e060f451e,mixed,,false,Source and redistribution terms must be linked file by file.
assets/data/moves/Harden.json,assets/data,.json,792,9070b35ac7760c944aa744386e2fc1e612e714cf3ad139bd94f67a72ca1a0d6f,mixed,,false,Source and redistribution terms must be linked file by file.
assets/data/moves/Haze.json,assets/data,.json,439,d85e7fba8de27dbad58a51c97ef984b1fea13809e90ae29b0b66123c2d1d7065,mixed,,false,Source and redistribution terms must be linked file by file.
assets/data/moves/Head Charge.json,assets/data,.json,815,507d2f92ff81e607d2f496b729553db56b474c9e372ee526da9f8a4dd4bad397,mixed,,false,Source and redistribution terms must be linked file by file.
assets/data/moves/Head Smash.json,assets/data,.json,808,78cb6785fba727495245ec856079032ab7d8a490b9f69860ada8c7d5158a8ba2,mixed,,false,Source and redistribution terms must be linked file by file.
assets/data/moves/Headbutt.json,assets/data,.json,802,95cc89d020bcd34890138318dc826002e2e63b482bf0de961be2326fcaf1ba11,mixed,,false,Source and redistribution terms must be linked file by file.
assets/data/moves/Heal Bell.json,assets/data,.json,319,587dad498b6d16258b880dd5434341a5c25b61ec90e4affd29d097a96948ca22,mixed,,false,Source and redistribution terms must be linked file by file.
assets/data/moves/Heal Block.json,assets/data,.json,329,c9db99e819f3dc1a80a2d5aff8bcc80dfbec14f81faed1e30d8b2fb52162e3fa,mixed,,false,Source and redistribution terms must be linked file by file.
assets/data/moves/Heal Order.json,assets/data,.json,693,dd026d5df2ccd5f02ae8848e69e5b98e0b24ac671d84eedcf69d89c1fdb893b3,mixed,,false,Source and redistribution terms must be linked file by file.
assets/data/moves/Heal Pulse.json,assets/data,.json,785,96d9b6ee15a9d54c40943bb3d5be17093f13dc1e9f1487b6f6da2a1dcba8d2c5,mixed,,false,Source and redistribution terms must be linked file by file.
assets/data/moves/Healing Wish.json,assets/data,.json,400,bb27824e19588ef84a3d795902eef4ba8737804deeebd34d237a29a4fbdfd72c,mixed,,false,Source and redistribution terms must be linked file by file.
assets/data/moves/Heart Stamp.json,assets/data,.json,771,effd4f9492631a3c57a598cee7ab37408478ae386e2d2bfd308c44da53d3afbc,mixed,,false,Source and redistribution terms must be linked file by file.
assets/data/moves/Heart Swap.json,assets/data,.json,436,024c7c25cd71833ea110c132826695db51e12b3c4ef395063d886ce9c8cf43b4,mixed,,false,Source and redistribution terms must be linked file by file.
assets/data/moves/Heat Crash.json,assets/data,.json,940,90bd4979cfce283b0e5cf744bba236b0f151047561c28b2d7b3b957f7cb96d74,mixed,,false,Source and redistribution terms must be linked file by file.
assets/data/moves/Heat Wave.json,assets/data,.json,929,a504f631e9f9addfca5dc26b103a11086a7e2f20b916af27e6831161bab8cd9e,mixed,,false,Source and redistribution terms must be linked file by file.
assets/data/moves/Heavy Slam.json,assets/data,.json,940,c1367ce846e238b6376a14de1461b58da51a2b4304526e8c06e95b74087e6997,mixed,,false,Source and redistribution terms must be linked file by file.
assets/data/moves/Helping Hand.json,assets/data,.json,937,80fb14dc1817d31f2a42f02760ae89a35071d38096ec2055e2aa29d1a8cafcb9,mixed,,false,Source and redistribution terms must be linked file by file.
assets/data/moves/Hex.json,assets/data,.json,893,5fd063f6311a410d779b8e75d7d3f3aad2f4a0b431e5a53904af5399f55f5f95,mixed,,false,Source and redistribution terms must be linked file by file.
assets/data/moves/Hidden Power.json,assets/data,.json,1090,178412adcb565b11bb4d6bfb63da86ca2fa78055955553cbe13fb8e05c55e898,mixed,,false,Source and redistribution terms must be linked file by file.
assets/data/moves/High Horsepower.json,assets/data,.json,752,db00c4d096937f1a01c1274d6f8c24b29630ae055dab01be87d93e4fc7d8fee6,mixed,,false,Source and redistribution terms must be linked file by file.
assets/data/moves/High Jump Kick.json,assets/data,.json,800,f2aac98a6217095775cf332ad40c236138752789abf49fba1a779f1ec0dbc752,mixed,,false,Source and redistribution terms must be linked file by file.
assets/data/moves/Hold Back.json,assets/data,.json,905,aee1be32b926ce356db97eef6653101650a79e52ec85efb05fdd459ac63a750e,mixed,,false,Source and redistribution terms must be linked file by file.
assets/data/moves/Hold Hands.json,assets/data,.json,452,8924062a575d0ce6411164c4db7f4d8a1dbc18e57c7ee86390289ce07c5b7f4c,mixed,,false,Source and redistribution terms must be linked file by file.
assets/data/moves/Hone Claws.json,assets/data,.json,330,571f5b1a6696bb90a7b357c29dd9459d3535f3a564a2d619476c01e18773d2ca,mixed,,false,Source and redistribution terms must be linked file by file.
assets/data/moves/Horn Attack.json,assets/data,.json,922,73a8d628108f7f4c03675f81436b70c2319e99b395abf8f496de9f8dcd40314d,mixed,,false,Source and redistribution terms must be linked file by file.
assets/data/moves/Horn Drill.json,assets/data,.json,411,c824d81b57411746c0bb407b963ca97a2a285035b428d919a89fb7cea3952b57,mixed,,false,Source and redistribution terms must be linked file by file.
assets/data/moves/Horn Leech.json,assets/data,.json,833,2541676bd2df2b8526f3ffa75c8001c199ca4476daefab555b486c8429606848,mixed,,false,Source and redistribution terms must be linked file by file.
assets/data/moves/Howl.json,assets/data,.json,328,dd26ce1cd61ce8e0ff8de3483cf59371106852201ba9ae628d2ed13f874efdaf,mixed,,false,Source and redistribution terms must be linked file by file.
assets/data/moves/Hurricane.json,assets/data,.json,1165,ff1a762f738563c25ce64c36f2778a43cb26bbb878069afeceeb092e45f3d95b,mixed,,false,Source and redistribution terms must be linked file by file.
assets/data/moves/Hydro Cannon.json,assets/data,.json,1088,13a26edd79e078ce96fd9b459e18d7d4f6832873e8dd02f6d16d6816de500cc7,mixed,,false,Source and redistribution terms must be linked file by file.
assets/data/moves/Hydro Pump.json,assets/data,.json,894,fda21f1eaf51fe2aea9bbcac76555f3d97022bcea3f03480ba2c9055129f9858,mixed,,false,Source and redistribution terms must be linked file by file.
assets/data/moves/Hyper Beam.json,assets/data,.json,937,9da3404dce3d0dc732f743c96dc93d967aa3a40fa715996b6741f4adb7bdc4ff,mixed,,false,Source and redistribution terms must be linked file by file.
assets/data/moves/Hyper Fang.json,assets/data,.json,869,40478fd3d61ff49fc136e7a78869bd20c5358341688be1ba646aa019306f03ad,mixed,,false,Source and redistribution terms must be linked file by file.
assets/data/moves/Hyper Voice.json,assets/data,.json,823,356260afa21cc813e1dffa5447c35742b0393a8402fdd29bcf88ebb4ba62cbdc,mixed,,false,Source and redistribution terms must be linked file by file.
assets/data/moves/Hyperspace Fury.json,assets/data,.json,644,d88cfac54215e4f61a7b88dfea2a0567f906d9de3e0e635e698c48117928e019,mixed,,false,Source and redistribution terms must be linked file by file.
assets/data/moves/Hyperspace Hole.json,assets/data,.json,919,c840ffee0c1e071d6eb9586728003fd01ad5b19ff47dc9fee5f36c6419ea4164,mixed,,false,Source and redistribution terms must be linked file by file.
assets/data/moves/Hypnosis.json,assets/data,.json,316,f9f7a1db2b8c5373d58b5a5d8078d6efd22c8e1ad770586ce6ee2305e3e61c19,mixed,,false,Source and redistribution terms must be linked file by file.
assets/data/moves/Ice Ball.json,assets/data,.json,1057,d999321575e7a5efd3f757f322b7f7b92b85bf98dbbc00e232cff400cbfcb350,mixed,,false,Source and redistribution terms must be linked file by file.
assets/data/moves/Ice Beam.json,assets/data,.json,922,51198a94638748983e8cc9f447b2ca72adf8efb8edb55f8284376dbf4b92bb5b,mixed,,false,Source and redistribution terms must be linked file by file.
assets/data/moves/Ice Burn.json,assets/data,.json,1073,847f753bcf893b5af1dd6565cae238b96f79f60eff05ccb3f5b73ed2aceb1163,mixed,,false,Source and redistribution terms must be linked file by file.
assets/data/moves/Ice Fang.json,assets/data,.json,828,e7d30970f740e308632af05490c980c3dac96885941bc32dad3332af53c23ef9,mixed,,false,Source and redistribution terms must be linked file by file.
assets/data/moves/Ice Hammer.json,assets/data,.json,829,5db80450649461414aefc99bfd0e44f675ccbecb066c98c64b8e74d4c9abfc38,mixed,,false,Source and redistribution terms must be linked file by file.
assets/data/moves/Ice Punch.json,assets/data,.json,802,959646d474c7769402bdbd486c9824fcc145d2298ea566e8ae45595ed51878e5,mixed,,false,Source and redistribution terms must be linked file by file.
assets/data/moves/Ice Shard.json,assets/data,.json,840,b2268ea0522e03de2cde9c6528510fb1aefcb90c41cc32574f7b1a3442921b24,mixed,,false,Source and redistribution terms must be linked file by file.
assets/data/moves/Icicle Crash.json,assets/data,.json,827,29d5ad4f43cde36ac56c67200bac6fb738a92e64dec14f7ff8923fd5d38fbd34,mixed,,false,Source and redistribution terms must be linked file by file.
assets/data/moves/Icicle Spear.json,assets/data,.json,1000,37b24cb9cf0536445bd6272720104dc2d48c140652727ee0633a1a23815ec577,mixed,,false,Source and redistribution terms must be linked file by file.
assets/data/moves/Icy Wind.json,assets/data,.json,832,0f204337237937f1b15589aa6c5913c058a675fd525a5f457ed1d1c0ef9284cc,mixed,,false,Source and redistribution terms must be linked file by file.
assets/data/moves/Imprison.json,assets/data,.json,435,f298ec3b1b9d3144993c3df12db1718a25c7839f34f9cedbffb301b085718049,mixed,,false,Source and redistribution terms must be linked file by file.
assets/data/moves/Incinerate.json,assets/data,.json,860,912268f488fb14faca4169bcf2a77959cc57f1d875dcf0f31c95d30ebf34cb6b,mixed,,false,Source and redistribution terms must be linked file by file.
assets/data/moves/Inferno.json,assets/data,.json,791,76aa1d1828273a01fab321b99dea49d39e9aa8a4b208eeb3b72d50132cddc2d9,mixed,,false,Source and redistribution terms must be linked file by file.
assets/data/moves/Infestation.json,assets/data,.json,966,9c6f4b080ce38dd0b63624373d6230b4fb8d16117a815d646a0f99e413ba12ac,mixed,,false,Source and redistribution terms must be linked file by file.
assets/data/moves/Ingrain.json,assets/data,.json,972,7b2f6bb8b53421962e23caffdb3b330eb608bc278006a26253040df5b6b8137f,mixed,,false,Source and redistribution terms must be linked file by file.
assets/data/moves/Instruct.json,assets/data,.json,360,35e7c3c5c37b022472cc2f8005a96c36d2993c197a303b3c5324518dffd7fd78,mixed,,false,Source and redistribution terms must be linked file by file.
assets/data/moves/Ion Deluge.json,assets/data,.json,329,a147b220a06125fc34a986cae83ea05ed42d81912b14d70e6f6c6413627d46e2,mixed,,false,Source and redistribution terms must be linked file by file.
assets/data/moves/Iron Defense.json,assets/data,.json,380,86e95614ee4be1edc5d7a2ad81c29a1e032116d7a547b9191c582e624a37dab0,mixed,,false,Source and redistribution terms must be linked file by file.
assets/data/moves/Iron Head.json,assets/data,.json,799,a7dd3c473ff3082b70896f5f4e9b6e03b44be0a1278d4b272780db1ab6b5bb07,mixed,,false,Source and redistribution terms must be linked file by file.
assets/data/moves/Iron Tail.json,assets/data,.json,870,47d59328f0739cf3dc2ae6d399f8b19272e94363cd78525c1e635d14213f83b3,mixed,,false,Source and redistribution terms must be linked file by file.
assets/data/moves/Judgment.json,assets/data,.json,974,cd770c8e2376393d8e49812ceda4138cbab0f81d59040d6be777d250b614b6fc,mixed,,false,Source and redistribution terms must be linked file by file.
assets/data/moves/Jump Kick.json,assets/data,.json,815,f58b1b5daa8d34f9b04f5fc958a4531894b165d2900e496f14b117a0cc8ff36c,mixed,,false,Source and redistribution terms must be linked file by file.
assets/data/moves/Karate Chop.json,assets/data,.json,832,73f374a22b40a9ba4cc99c3d79afec1abd49453d3b2f7302e03d7ecb900c7438,mixed,,false,Source and redistribution terms must be linked file by file.
assets/data/moves/Kinesis.json,assets/data,.json,350,c85c2aceb46f437b4edbe159f12b3c47b2fb527b6583afabccc651ad70c6b04b,mixed,,false,Source and redistribution terms must be linked file by file.
assets/data/moves/King's Shield.json,assets/data,.json,496,35a75d6cda7456591cb9454e348a415f69f7a6fa70ba78a59a46a44ab379c68f,mixed,,false,Source and redistribution terms must be linked file by file.
assets/data/moves/Knock Off.json,assets/data,.json,898,5d55b0c32d8b0eb1358cfb117f10f069c6f31154072880c165d31b45506c74d4,mixed,,false,Source and redistribution terms must be linked file by file.
assets/data/moves/Land's Wrath.json,assets/data,.json,942,81582a7a4ced0c0d0bb92f48d76bb58252389b5860bbeb5f860ff50c884ec1d1,mixed,,false,Source and redistribution terms must be linked file by file.
assets/data/moves/Laser Focus.json,assets/data,.json,315,5c109cce75c519cbdde14f66b7a859d1545e613163060e432185ba2530c30692,mixed,,false,Source and redistribution terms must be linked file by file.
assets/data/moves/Last Resort.json,assets/data,.json,911,8c4a9f4ae29645eca93f18f2ae467a99d1332d10c81697282c5898d557395060,mixed,,false,Source and redistribution terms must be linked file by file.
assets/data/moves/Lava Plume.json,assets/data,.json,926,eb460ddf3f06fd127bd53f769cea0492c3043fee3734b5f10e4a1355701ffe89,mixed,,false,Source and redistribution terms must be linked file by file.
assets/data/moves/Leaf Blade.json,assets/data,.json,808,d353e0cf9ef70b99094d23c9d5b4fe5e95abd5f24bddb057f223367fc3536548,mixed,,false,Source and redistribution terms must be linked file by file.
assets/data/moves/Leaf Storm.json,assets/data,.json,1044,91baf62bd07fa98fc4edbf2ae45f734a7ab9154ca755b5c9dd9c619d8ceee861,mixed,,false,Source and redistribution terms must be linked file by file.
assets/data/moves/Leaf Tornado.json,assets/data,.json,1017,1a20dd611dbd25ba3851b07135d19b81114f9ee49bc8edd403a69d8d335d69c0,mixed,,false,Source and redistribution terms must be linked file by file.
assets/data/moves/Leafage.json,assets/data,.json,738,a826952ae1a8fcd69d5b5fc23f4d8eaa7d80b1588b9017cf9247550e2e58b271,mixed,,false,Source and redistribution terms must be linked file by file.
assets/data/moves/Leech Life.json,assets/data,.json,795,303272213102e1d7aa7e1c3baebfc2fc451eae0c69b033b3e6a6c38b1f80c2e5,mixed,,false,Source and redistribution terms must be linked file by file.
assets/data/moves/Leech Seed.json,assets/data,.json,1189,056f6421f3fa5acd036ba2536f850e382cd765907c95bfe5d9b98079280bfd65,mixed,,false,Source and redistribution terms must be linked file by file.
assets/data/moves/Leer.json,assets/data,.json,453,c27a8a0c2901c07ff4a460266633675617bcaec717417d31bb624e4c19877c22,mixed,,false,Source and redistribution terms must be linked file by file.
assets/data/moves/Lick.json,assets/data,.json,809,465132cbcaae28f3d6f3c3901f63e2fcbea88aadd346ad4a9a4a69278b23e61d,mixed,,false,Source and redistribution terms must be linked file by file.
assets/data/moves/Light of Ruin.json,assets/data,.json,970,5332516672e04c9954b00db971f4cf1c51de15ae3a6f9b84c1964a8caab6309f,mixed,,false,Source and redistribution terms must be linked file by file.
assets/data/moves/Light Screen.json,assets/data,.json,322,c1d9523f2cd29cbf170670ba41d65e08daace2fe4ca3f491721544e2407a85e8,mixed,,false,Source and redistribution terms must be linked file by file.
assets/data/moves/Liquidation.json,assets/data,.json,930,3825011cf7ce96f35059d9adb0d8be7f62a57606db041b3e12cba206ddea3467,mixed,,false,Source and redistribution terms must be linked file by file.
assets/data/moves/Lock-On.json,assets/data,.json,407,61620e032e500a7b0e6fd9e8d64a3c64a401848aaef8da83be2bd98cf6416a30,mixed,,false,Source and redistribution terms must be linked file by file.
assets/data/moves/Lovely Kiss.json,assets/data,.json,344,047eb059a8ca674c57de0d723926207ae5445fe3e4f63eab900b9c8e80d6d837,mixed,,false,Source and redistribution terms must be linked file by file.
assets/data/moves/Low Kick.json,assets/data,.json,864,e62786e3a4d92662de43c57af6f710661b2cd79dc629622310d37fa9231e6edc,mixed,,false,Source and redistribution terms must be linked file by file.
assets/data/moves/Low Sweep.json,assets/data,.json,876,9064d5c19a5c415d609587cea192edb29f22b0c0d34fb439c1fe4fb9b4db7dca,mixed,,false,Source and redistribution terms must be linked file by file.
assets/data/moves/Lucky Chant.json,assets/data,.json,361,632bcf076844818f04e1cfd4476cdeb816fbdf4ebb60d23750ca6cc460e4b058,mixed,,false,Source and redistribution terms must be linked file by file.
assets/data/moves/Lunar Dance.json,assets/data,.json,337,87066316bf6c082ab0303d7ace8b998ac2ac5abe952fa98039a07bae91bee03e,mixed,,false,Source and redistribution terms must be linked file by file.
assets/data/moves/Lunge.json,assets/data,.json,832,862423a4555ff62d3d8b4aff3f7ed7e3876bb2dd00d6c14694958bd4d77c4ff2,mixed,,false,Source and redistribution terms must be linked file by file.
assets/data/moves/Luster Purge.json,assets/data,.json,992,baa1dc50b3241f1d4b93ca83d5d0e261af695e156c35a0f05f631fc8a67c2d01,mixed,,false,Source and redistribution terms must be linked file by file.
assets/data/moves/Mach Punch.json,assets/data,.json,914,2256db9d4ed970dfa68059070602b58b0e0d7433d2f21f7f1924107092f9e90d,mixed,,false,Source and redistribution terms must be linked file by file.
assets/data/moves/Magic Coat.json,assets/data,.json,426,63d6362ff779878780cf86a3d30dc188d88b0c990408c26c510dba86f3a71bbb,mixed,,false,Source and redistribution terms must be linked file by file.
assets/data/moves/Magic Room.json,assets/data,.json,265,c31ad7a1e066642fee391985385ee39371e61c99ced95e5c7ea6f979af8806e5,mixed,,false,Source and redistribution terms must be linked file by file.
assets/data/moves/Magical Leaf.json,assets/data,.json,826,8f92ea9f572329d30ace14103443c616cac264019e3b1109c23c9ef4bf0805ac,mixed,,false,Source and redistribution terms must be linked file by file.
assets/data/moves/Magma Storm.json,assets/data,.json,1024,f01869e1c5935892544c6793daea4c909d9156fa67522fcd94ff8027edb59119,mixed,,false,Source and redistribution terms must be linked file by file.
assets/data/moves/Magnet Bomb.json,assets/data,.json,852,c8e6ee24818f96ad032b6b497ffe18af8cb5c721ecbc07b27300c4a568b3b0da,mixed,,false,Source and redistribution terms must be linked file by file.
assets/data/moves/Magnet Rise.json,assets/data,.json,266,43ab7cf6922402e52949dabe39ea9dc619a05a88dfbf4b6abeabdb5c1db2e8a8,mixed,,false,Source and redistribution terms must be linked file by file.
assets/data/moves/Magnetic Flux.json,assets/data,.json,412,c137dec8bb2bdfa7053e91f8e5d1d97863184f7fdd366ed6467e57aca6300a8a,mixed,,false,Source and redistribution terms must be linked file by file.
assets/data/moves/Magnitude.json,assets/data,.json,937,4c831dca13389915b805f1ed382a40f851dd255eebbdb3c31d97e5442f6dfa86,mixed,,false,Source and redistribution terms must be linked file by file.
assets/data/moves/Mat Block.json,assets/data,.json,403,f2ea0aa0508bb62c10628ecd521a55926fc0b8d173e22aaec31baaf6a71c63a8,mixed,,false,Source and redistribution terms must be linked file by file.
assets/data/moves/Me First.json,assets/data,.json,598,737c6f27a8052a8653f9303a69e6b64fe06392594c76c74e378c27972e503dc8,mixed,,false,Source and redistribution terms must be linked file by file.
assets/data/moves/Mean Look.json,assets/data,.json,397,f7a96442c67178fdbf4c1a8dc27a44d9041a9e1462361173fade7f898fe6d837,mixed,,false,Source and redistribution terms must be linked file by file.
assets/data/moves/Meditate.json,assets/data,.json,346,850196be169c2459cc62b63bb3cad3c05235e9aa1c89b971cccce270ca9fd658,mixed,,false,Source and redistribution terms must be linked file by file.
assets/data/moves/Mega Drain.json,assets/data,.json,812,2bac8955c68993080b5924c7b7a43661b897b3eab1fb2ea2504bf3f9104249f6,mixed,,false,Source and redistribution terms must be linked file by file.
assets/data/moves/Mega Kick.json,assets/data,.json,743,96115e574c134c6ccebe874f5e6ce25b1ddd319a38f58624b5944befceb55520,mixed,,false,Source and redistribution terms must be linked file by file.
assets/data/moves/Mega Punch.json,assets/data,.json,740,0056b6fe735a4a0c1bedad06b39baedd9dfd633a6c64c910390154a9e236a8bb,mixed,,false,Source and redistribution terms must be linked file by file.
assets/data/moves/Megahorn.json,assets/data,.json,950,daf7b67e4f728b85a5039253187223d1ee8359ffbb058e993e61a7635bd88b7c,mixed,,false,Source and redistribution terms must be linked file by file.
assets/data/moves/Memento.json,assets/data,.json,491,c312b0f289f8412dcff1978de68c19e26831ef3fbcd2f277ff33c45556c71bb5,mixed,,false,Source and redistribution terms must be linked file by file.
assets/data/moves/Metal Burst.json,assets/data,.json,502,de150bfb61fc591898f785c8bdc0505b12e6a1d084eae0fd8730e94cc0959bd2,mixed,,false,Source and redistribution terms must be linked file by file.
assets/data/moves/Metal Claw.json,assets/data,.json,834,f75ae094266bd5098b34ce337cd02933a0845ab2d8f790e9747c4915f1e21504,mixed,,false,Source and redistribution terms must be linked file by file.
assets/data/moves/Metal Sound.json,assets/data,.json,490,0b113c8bfd17856dd6d33f5adf1f7f977b78a1ddf8641d2ed266a7679b1be211,mixed,,false,Source and redistribution terms must be linked file by file.
assets/data/moves/Meteor Mash.json,assets/data,.json,860,f87f4c2c93a00fbc1fd55290985ca07064cd139a24591fc4b27391e393b3bf32,mixed,,false,Source and redistribution terms must be linked file by file.
assets/data/moves/Metronome.json,assets/data,.json,410,b982bae9c3a78be95537f366998d4d80782fdcef435f8229a27144c4351a9a97,mixed,,false,Source and redistribution terms must be linked file by file.
assets/data/moves/Milk Drink.json,assets/data,.json,725,f4f22c19c79591822dd61b99789c9061a55f65e9dd5bd95149f90c36ac729b7d,mixed,,false,Source and redistribution terms must be linked file by file.
assets/data/moves/Mimic.json,assets/data,.json,498,d65c9d77c19ef9b81d9f9ba56764dcb80ed2ebbe3b34b9658af12b4b3b6ea8aa,mixed,,false,Source and redistribution terms must be linked file by file.
assets/data/moves/Mind Blown.json,assets/data,.json,987,bd7d43da81fe6f90c42be378c3784d956a69bd508199d11dbcec114a96e62685,mixed,,false,Source and redistribution terms must be linked file by file.
assets/data/moves/Mind Reader.json,assets/data,.json,420,4535eabb4ab306704b0fc195e92e23935ee27f59f5f74ea296c04be048d09abf,mixed,,false,Source and redistribution terms must be linked file by file.
assets/data/moves/Minimize.json,assets/data,.json,259,9589234e510032628ce93ef7c6b718a015ae3d629b556b9afd9dc2ed8a12e810,mixed,,false,Source and redistribution terms must be linked file by file.
assets/data/moves/Miracle Eye.json,assets/data,.json,686,ee31f8a779a4869cf175a26b81a32482c424030465015714964bc11d6c56d325,mixed,,false,Source and redistribution terms must be linked file by file.
assets/data/moves/Mirror Coat.json,assets/data,.json,980,7ece0b43098fd06d1e5d6fafa545f0a2e1ea9c954ad4397ec702e303917835bf,mixed,,false,Source and redistribution terms must be linked file by file.
assets/data/moves/Mirror Move.json,assets/data,.json,419,2def18b73a3c4a1f28fcca97f0f7b6b11ffb695d9827788b58679d0e6eea4af9,mixed,,false,Source and redistribution terms must be linked file by file.
assets/data/moves/Mirror Shot.json,assets/data,.json,924,63e111d280a18d66fd96294eff01ae19312ef76859c221ee36a8df3fc08d3904,mixed,,false,Source and redistribution terms must be linked file by file.
assets/data/moves/Mist Ball.json,assets/data,.json,925,ab612c9edd581fb0474ba09e67fa3c1c16a61c0d6756cba627e0c6bdc933d8dc,mixed,,false,Source and redistribution terms must be linked file by file.
assets/data/moves/Mist.json,assets/data,.json,295,6cb0a1d4ebc9bda1eaff0dc47ad210117b54b102689d954f4f0d13436112aa44,mixed,,false,Source and redistribution terms must be linked file by file.
assets/data/moves/Misty Terrain.json,assets/data,.json,431,71c1291593dfa0d61742a1f01d5797505fb2c1d224c371646160db47ded627d4,mixed,,false,Source and redistribution terms must be linked file by file.
assets/data/moves/Moonblast.json,assets/data,.json,878,be3f11bd86ef4586ad583eae389bce7e342d54c936418766389ff9576696fecd,mixed,,false,Source and redistribution terms must be linked file by file.
assets/data/moves/Moongeist Beam.json,assets/data,.json,1008,8562d8ad1d251eedd3f9006fdfea971270b77e66c6ee0b492286f2a48f50952f,mixed,,false,Source and redistribution terms must be linked file by file.
assets/data/moves/Moonlight.json,assets/data,.json,802,f8cbf055452dda44c691e1402e4565ce861a5aae16fd3e35e3e95b20643b9ab3,mixed,,false,Source and redistribution terms must be linked file by file.
assets/data/moves/Morning Sun.json,assets/data,.json,806,e95ef41c6d6e32944b865bfa5e648bc4036a66a6ee15ee221aaf6c758ea44c28,mixed,,false,Source and redistribution terms must be linked file by file.
assets/data/moves/Mud Bomb.json,assets/data,.json,972,d67b3922c9a39ecf56c7e8c21bdcbce65cbd3148d831127c6f759764162dce5b,mixed,,false,Source and redistribution terms must be linked file by file.
assets/data/moves/Mud Shot.json,assets/data,.json,929,e4b2e3d6defcca6281a3785b8fc6a777076e77725fbad62527d682a3f8c7f15f,mixed,,false,Source and redistribution terms must be linked file by file.
assets/data/moves/Mud Sport.json,assets/data,.json,564,e970e911cbe0a2fdbe5b15e6643532c1754c8735097fa6000d50106a8c7b1658,mixed,,false,Source and redistribution terms must be linked file by file.
assets/data/moves/Mud-Slap.json,assets/data,.json,967,3ad23359cc212bb2e95c29fd1bfea8bbc82bc43e4d137c3c2f97e02aaecc2276,mixed,,false,Source and redistribution terms must be linked file by file.
assets/data/moves/Muddy Water.json,assets/data,.json,865,aaeebd89a2e66ad47db79b23bbfe15eaff760ea87c51ecc923ba698c9285abbf,mixed,,false,Source and redistribution terms must be linked file by file.
assets/data/moves/Multi-Attack.json,assets/data,.json,782,5aa457064038541061145d7687cf7b3b17ef33e655e1903c4bcce23aaa363b0d,mixed,,false,Source and redistribution terms must be linked file by file.
assets/data/moves/Mystical Fire.json,assets/data,.json,922,0598a005ec49364026a08cde154a336dedc0478e4c78a7c88e9323da99447322,mixed,,false,Source and redistribution terms must be linked file by file.
assets/data/moves/Nasty Plot.json,assets/data,.json,394,ba862f7562fe25b66106d6d1b99b29b39ad18084cffd722c0f0516318e3e2311,mixed,,false,Source and redistribution terms must be linked file by file.
assets/data/moves/Natural Gift.json,assets/data,.json,1386,f87a66a586360dd9777f60edd5e8627f2486baa7f6866a7cace2e7054811e359,mixed,,false,Source and redistribution terms must be linked file by file.
assets/data/moves/Nature Power.json,assets/data,.json,759,793f2d2fc53d27f0eae6f48f005fcd877a0f9b95cce79e5f8e621757863a1ae4,mixed,,false,Source and redistribution terms must be linked file by file.
assets/data/moves/Nature's Madness.json,assets/data,.json,396,0f3947823cda4de9168f78892741bd1bae5b269161b888c37ffa740fe821a680,mixed,,false,Source and redistribution terms must be linked file by file.
assets/data/moves/Needle Arm.json,assets/data,.json,837,3e6ea6397a313f3bfcd33a524927d23f2e13393c1c9c0cfabb1c43927d9b6309,mixed,,false,Source and redistribution terms must be linked file by file.
assets/data/moves/Night Daze.json,assets/data,.json,956,719035d0b4abef85aee000787b660ce692f80b2d79f992c7f7b985dc6b11c508,mixed,,false,Source and redistribution terms must be linked file by file.
assets/data/moves/Night Shade.json,assets/data,.json,908,4ba5aff8bd874f938ef7871e7958483c3dcf560dc8d8da18f9e126d577220bc5,mixed,,false,Source and redistribution terms must be linked file by file.
assets/data/moves/Night Slash.json,assets/data,.json,818,79367993e12191bcc6bc535a6b253fac11aa6849f4ece96f71ed5b581a6a2725,mixed,,false,Source and redistribution terms must be linked file by file.
assets/data/moves/Nightmare.json,assets/data,.json,833,825f213b69d5c72cecac0335db973307b166e64b3655a50354c000659988f6d7,mixed,,false,Source and redistribution terms must be linked file by file.
assets/data/moves/Noble Roar.json,assets/data,.json,320,77505b5fff802aac8ae077d3c35d91d9d43a4677bb0c75f1c1a36068f1fb0ae9,mixed,,false,Source and redistribution terms must be linked file by file.
assets/data/moves/Nuzzle.json,assets/data,.json,917,79a3495d4d07a61f025c7f7a9297f4b4613e9b99a951cd8c4b0356bf8eebb933,mixed,,false,Source and redistribution terms must be linked file by file.
assets/data/moves/Oblivion Wing.json,assets/data,.json,872,47d68a3c1010161d3e12dcba06a836ef96c5b3e60251d7adf0cbccc619dec49f,mixed,,false,Source and redistribution terms must be linked file by file.
assets/data/moves/Octazooka.json,assets/data,.json,867,6230c38df56f2929bf345759d72129dc363b1f4021764a7e680a155ebae9d1aa,mixed,,false,Source and redistribution terms must be linked file by file.
assets/data/moves/Odor Sleuth.json,assets/data,.json,465,de15051a03b1cdd7786eff85565035b7a000e0d1126e4091c3e8d8014b7abf5a,mixed,,false,Source and redistribution terms must be linked file by file.
assets/data/moves/Ominous Wind.json,assets/data,.json,880,1c652e5c48c6c86efe3f64f0a62f89b139ed7017ff0025b41ca19665a8cebf17,mixed,,false,Source and redistribution terms must be linked file by file.
assets/data/moves/Origin Pulse.json,assets/data,.json,840,9333b6862b93a56791f13478815f74ebd3bbd835804ea528b99ba5b467b1f6fb,mixed,,false,Source and redistribution terms must be linked file by file.
assets/data/moves/Outrage.json,assets/data,.json,1056,6bf574f5303f465ea0b8b6e04ba024aadbce29fbc43c63edc7ac0bf60b78a8ee,mixed,,false,Source and redistribution terms must be linked file by file.
assets/data/moves/Overheat.json,assets/data,.json,1036,ed6d05e909648e5172bf5b495a8f4ca1ad0b92cc4f638ad28f341eec85404a3e,mixed,,false,Source and redistribution terms must be linked file by file.
assets/data/moves/Pain Split.json,assets/data,.json,525,3c6d0cd282ee048083be1c218c0c05bb6dfb4ae52573285b0456d01a3ea9d26b,mixed,,false,Source and redistribution terms must be linked file by file.
assets/data/moves/Parabolic Charge.json,assets/data,.json,980,20d9a4bb12d1dffb44bc55722b1af61d90a7349b47f7d40b30d97df3f9b7c652,mixed,,false,Source and redistribution terms must be linked file by file.
assets/data/moves/Parting Shot.json,assets/data,.json,432,7ec10bc42ab9ea3a3424de87cf32a57194cd27291ab72a188cf343aa23c5ed9c,mixed,,false,Source and redistribution terms must be linked file by file.
assets/data/moves/Pay Day.json,assets/data,.json,928,f0a401e11bd28a071ecbcd16a4bba5a9b95cc0a6f51b2ab4326a7eac356004af,mixed,,false,Source and redistribution terms must be linked file by file.
assets/data/moves/Payback.json,assets/data,.json,848,54c74b6b5c9c9f2b74db25c5db007a0a7cf6429e5921b1cedb6adf6724f78b40,mixed,,false,Source and redistribution terms must be linked file by file.
assets/data/moves/Peck.json,assets/data,.json,779,6a6f789f116ca5e05868f5f46420a1210360b07de3ef3bc3918282b6d9c1bab5,mixed,,false,Source and redistribution terms must be linked file by file.
assets/data/moves/Perish Song.json,assets/data,.json,495,acf9501d064305b5a4023a8c7db4d2a1b260311d45ce2e9a6dc310731b882267,mixed,,false,Source and redistribution terms must be linked file by file.
assets/data/moves/Petal Blizzard.json,assets/data,.json,879,fc522ddc4a48bf91e380c4d51e58db9391a03169766ebefa68110910e62f5493,mixed,,false,Source and redistribution terms must be linked file by file.
assets/data/moves/Petal Dance.json,assets/data,.json,939,5a71572360bdac798c81725676be5445c580abae3f3393a103cdb8add739a4a2,mixed,,false,Source and redistribution terms must be linked file by file.
assets/data/moves/Phantom Force.json,assets/data,.json,1104,f8c156aabe425b70f5dec94bdbe16e4d6fa3edac7a347bdaabd421b6c225f1ea,mixed,,false,Source and redistribution terms must be linked file by file.
assets/data/moves/Photon Geyser.json,assets/data,.json,1026,a384a6a6876a0d59ac93fcb3039d31da757509ac3279e9ec4f6e835f6614d5a0,mixed,,false,Source and redistribution terms must be linked file by file.
assets/data/moves/Pin Missile.json,assets/data,.json,999,748a576e44a6b37a20c00a3f310cae96f1cbb42df3d35da428419fc519a43d51,mixed,,false,Source and redistribution terms must be linked file by file.
assets/data/moves/Plasma Fists.json,assets/data,.json,886,d9cb43d79fa9cfd79e3de7a6437cfcb4974bbe6e6401b2fd93037fc3eaa356ab,mixed,,false,Source and redistribution terms must be linked file by file.
assets/data/moves/Play Nice.json,assets/data,.json,476,70819f5887aa3aaff2f32c5382efbbda0584e30ab1f15bbfbf043b7b9fa9e6f1,mixed,,false,Source and redistribution terms must be linked file by file.
assets/data/moves/Play Rough.json,assets/data,.json,976,3df51199dc35f80e99b6b12ab748dbcd9b7a9126cf8f107470932834430f6861,mixed,,false,Source and redistribution terms must be linked file by file.
assets/data/moves/Pluck.json,assets/data,.json,858,2ed758efaa6f86bf798a865687ab1463898594dc7986661feb016c09590343e2,mixed,,false,Source and redistribution terms must be linked file by file.
assets/data/moves/Poison Fang.json,assets/data,.json,989,2849d6c8cfdbd3dc5fe0dcdb66a9368318db3b52bf3aeb32df654e56e2230051,mixed,,false,Source and redistribution terms must be linked file by file.
assets/data/moves/Poison Gas.json,assets/data,.json,919,e9dfa25839e859e7bff1360d939fe15d5648cdf03a288a8c35d8601dbec2e6d9,mixed,,false,Source and redistribution terms must be linked file by file.
assets/data/moves/Poison Jab.json,assets/data,.json,840,d739b07455372c222838fd5cada1a2247cc962e6831b2e48080a6e774cde30f1,mixed,,false,Source and redistribution terms must be linked file by file.
assets/data/moves/Poison Powder.json,assets/data,.json,354,c78b2816137b6f231c5d5e90696f7022030bafa71bd16dcb1633aab80df47da0,mixed,,false,Source and redistribution terms must be linked file by file.
assets/data/moves/Poison Sting.json,assets/data,.json,844,62cf083ac3caf871dd08a4839524383efc44b8a3bf0176cad468edab9464156c,mixed,,false,Source and redistribution terms must be linked file by file.
assets/data/moves/Poison Tail.json,assets/data,.json,894,3bbed09c8367e6bcb11f3b31ca13597498673e5b734cfb7356bd904bb9808a3d,mixed,,false,Source and redistribution terms must be linked file by file.
assets/data/moves/Pollen Puff.json,assets/data,.json,863,b53d421f9b25d99388adccb1df2c28a60d8a9158f26231edd3f0cd15319af67a,mixed,,false,Source and redistribution terms must be linked file by file.
assets/data/moves/Pound.json,assets/data,.json,767,63bdf9facd4f3f8d97dc13e1b61592630bbc52d2e7defa26cea7232351a15f57,mixed,,false,Source and redistribution terms must be linked file by file.
assets/data/moves/Powder Snow.json,assets/data,.json,816,3f671fdfee76d3d484c1acd6ea2622e1ebbf05c5b3e27d2b1d3b195bc0afe73f,mixed,,false,Source and redistribution terms must be linked file by file.
assets/data/moves/Powder.json,assets/data,.json,866,3afffa104c9b3dd357a1ad2991fa42a7eb0c89fa067762b0ac009763fc4a1448,mixed,,false,Source and redistribution terms must be linked file by file.
assets/data/moves/Power Gem.json,assets/data,.json,773,fc7e3cebf376193fa327cd204d1537f248ae7b2cc0948c215fe5b93ee54af604,mixed,,false,Source and redistribution terms must be linked file by file.
assets/data/moves/Power Split.json,assets/data,.json,524,f1abea31f789eab7fabdf7e3377f842a1e4a570a95508e453437f14623631ad9,mixed,,false,Source and redistribution terms must be linked file by file.
assets/data/moves/Power Swap.json,assets/data,.json,444,95977a2dadeb5d76f8817c4cc250bb9763ebf25c1d0c8595e86f55733078528e,mixed,,false,Source and redistribution terms must be linked file by file.
assets/data/moves/Power Trick.json,assets/data,.json,313,464808ba636ce282394d67bcf34710593017d77e27982cd53e13c27a521b5d64,mixed,,false,Source and redistribution terms must be linked file by file.
assets/data/moves/Power Trip.json,assets/data,.json,822,9460a2265d34c5e1a21c281f4206e52edb15e023e601b4d5d445831f72d7f3a6,mixed,,false,Source and redistribution terms must be linked file by file.
assets/data/moves/Power Whip.json,assets/data,.json,783,8a1aa4dca1ae1e0ea7804fea28a1e57d5fbdc4f41336fd1d79573f994e2428b3,mixed,,false,Source and redistribution terms must be linked file by file.
assets/data/moves/Power-Up Punch.json,assets/data,.json,1019,219bc241d046574137e62c86c3420e00035b3a7ca620ec3267dfd9eefbdd418e,mixed,,false,Source and redistribution terms must be linked file by file.
assets/data/moves/Precipice Blades.json,assets/data,.json,867,a07aa2bce18e9e61d3ddc2f165602108a5ab54f51378ff1b83a15e5c5b0c739e,mixed,,false,Source and redistribution terms must be linked file by file.
assets/data/moves/Present.json,assets/data,.json,925,626a58f49c47582a2d5d8eb5bd0d8276e82950d73f00ea14e1d02effdf38d380,mixed,,false,Source and redistribution terms must be linked file by file.
assets/data/moves/Prismatic Laser.json,assets/data,.json,943,72c7873016feee63e9cc64d914b1415b573ca326e8d4618846e26b5896aae4b0,mixed,,false,Source and redistribution terms must be linked file by file.
assets/data/moves/Protect.json,assets/data,.json,588,8b2958b5413de5b575007d9bd562fbd15e8aca89f80d66544af6d9dcfcb5bf43,mixed,,false,Source and redistribution terms must be linked file by file.
assets/data/moves/Psybeam.json,assets/data,.json,914,66365196e7f14fe9d337d3f1ca7e03744eb747dff083bb3555ca783bb577db19,mixed,,false,Source and redistribution terms must be linked file by file.
assets/data/moves/Psych Up.json,assets/data,.json,257,05417bda4265bddbd2ee30db1502d638f46fa9e7ffeccf05762f4b73538cdc77,mixed,,false,Source and redistribution terms must be linked file by file.
assets/data/moves/Psychic Fangs.json,assets/data,.json,886,3dd7139410f3242d1bda503f4c4c31b2929d40a707b9422abd56fc416318cf1f,mixed,,false,Source and redistribution terms must be linked file by file.
assets/data/moves/Psychic Terrain.json,assets/data,.json,576,e629f34103d0a59d1aced520ae7dd2bfcd4c1f77ff0b44df0b640edf622c3ce7,mixed,,false,Source and redistribution terms must be linked file by file.
assets/data/moves/Psychic.json,assets/data,.json,864,dc757d05e550a32096fc52330d8125483f12da76de64832e3745d384e39dc8ca,mixed,,false,Source and redistribution terms must be linked file by file.
assets/data/moves/Psycho Boost.json,assets/data,.json,1043,0a09266fdd3c2947a7c5ecae875d0ccdcfb4ed6b79b54f3fc242e97df8815eab,mixed,,false,Source and redistribution terms must be linked file by file.
assets/data/moves/Psycho Cut.json,assets/data,.json,842,217951f3de9fa40f7a2dbb866f9109a6426f241a617d8de165f3c266736af2bd,mixed,,false,Source and redistribution terms must be linked file by file.
assets/data/moves/Psycho Shift.json,assets/data,.json,478,135a9c99274718e6eacff1e5d62aa58d98004e154185ab743c546890eb9731ec,mixed,,false,Source and redistribution terms must be linked file by file.
assets/data/moves/Psyshock.json,assets/data,.json,760,05b8dfc7d23d1c12f6f417cc98f6539b17e97f686b82c0284053c08d1d036436,mixed,,false,Source and redistribution terms must be linked file by file.
assets/data/moves/Psystrike.json,assets/data,.json,761,3f1ce65d379618912d2f81834ad31887a457caaca3914192da6edfef21b84f12,mixed,,false,Source and redistribution terms must be linked file by file.
assets/data/moves/Psywave.json,assets/data,.json,376,1ed6a91455568b8ceabcbdfc320ce741b6d94602f48db747d041f020f128d16e,mixed,,false,Source and redistribution terms must be linked file by file.
assets/data/moves/Punishment.json,assets/data,.json,930,0a740c6044395dc8cfd1c29404934d6416dc5f1d6309880f8a39bc0c43e5a63b,mixed,,false,Source and redistribution terms must be linked file by file.
assets/data/moves/Purify.json,assets/data,.json,345,cab6690ddcdbeff9395dbebdce7a38c7e2da53816618a79106aa407afabbe7c5,mixed,,false,Source and redistribution terms must be linked file by file.
assets/data/moves/Pursuit.json,assets/data,.json,803,a2bf49a9050ca8339a78944e2db8ca81a7f055fc09de658008933f5fb4f9202b,mixed,,false,Source and redistribution terms must be linked file by file.
assets/data/moves/Quash.json,assets/data,.json,478,30845c8e3978755bb92c33da794893f461e09a9512377c937a3c7c71f74bae87,mixed,,false,Source and redistribution terms must be linked file by file.
assets/data/moves/Quick Attack.json,assets/data,.json,895,edf0e59c24ec575a24ac24b5cfc2866b83fd757992e0708f7d1ded42713569c4,mixed,,false,Source and redistribution terms must be linked file by file.
assets/data/moves/Quick Guard.json,assets/data,.json,362,42a233457d7320b2a00208ec3401dfe1b6817c0e017068133d2afd495b4a51d8,mixed,,false,Source and redistribution terms must be linked file by file.
assets/data/moves/Quiver Dance.json,assets/data,.json,310,47dd3aa6d996e7cc222f531c0276b449553b534c524b3dd0da0bbe2302aa10cb,mixed,,false,Source and redistribution terms must be linked file by file.
assets/data/moves/Rage Powder.json,assets/data,.json,539,25f6c27094d31ab0282f27e6b31c941b746f0e5913829d12733cb8ecbcfcd608,mixed,,false,Source and redistribution terms must be linked file by file.
assets/data/moves/Rage.json,assets/data,.json,677,94c948b7012e9de7c614bc5cb229be375e6d6f33784f6a71bc47e5680db2fb28,mixed,,false,Source and redistribution terms must be linked file by file.
assets/data/moves/Rain Dance.json,assets/data,.json,194,32229be40e5311b3078807b5bcb247d751f5d0579e0dd6b18835dbb4e38a8cae,mixed,,false,Source and redistribution terms must be linked file by file.
assets/data/moves/Rapid Spin.json,assets/data,.json,1037,d5a72874b4395c1a681681fed52397a3136a0a6afcf9fb12ab04e78d0dc6b0b2,mixed,,false,Source and redistribution terms must be linked file by file.
assets/data/moves/Razor Leaf.json,assets/data,.json,830,2e86869648ab7357dd93a1b9e820bb023a04756f6fbab37076f13d9d30872410,mixed,,false,Source and redistribution terms must be linked file by file.
assets/data/moves/Razor Shell.json,assets/data,.json,894,d71d0e1c86c2c70181e6f7936050828ed1b8f15d2c19e9fc98222e7be2447f59,mixed,,false,Source and redistribution terms must be linked file by file.
assets/data/moves/Razor Wind.json,assets/data,.json,1022,257ad8a11a50181c09612e39a3ba7c391b1861592bd4bbf38d09510474b3b5f3,mixed,,false,Source and redistribution terms must be linked file by file.
assets/data/moves/Recover.json,assets/data,.json,752,f2a88d455d0180a1f49c443e006dfc76ee56544a66b90bac449502d7906bfcf7,mixed,,false,Source and redistribution terms must be linked file by file.
assets/data/moves/Recycle.json,assets/data,.json,413,a2cacf66b40dcf1a52dd45c048ac95a07f557de41dc90f840ba91e78002f1314,mixed,,false,Source and redistribution terms must be linked file by file.
assets/data/moves/Reflect Type.json,assets/data,.json,263,67639703a6bb3d0fb0c5dce236fbd1a3a586cff44a4181769c90f0d7435ac3af,mixed,,false,Source and redistribution terms must be linked file by file.
assets/data/moves/Reflect.json,assets/data,.json,320,8bbb058fe5e9f714182d5f283ec281106da1fcbf469b640b14967dd0117b769b,mixed,,false,Source and redistribution terms must be linked file by file.
assets/data/moves/Refresh.json,assets/data,.json,208,1a5576b14d664159a3ee710a8e0a46d11dd82bb66c32a52cbb6c73ab10f5aea0,mixed,,false,Source and redistribution terms must be linked file by file.
assets/data/moves/Relic Song.json,assets/data,.json,981,0893c36088859c4c1299bf3933875bebd21793afc051918aba6f9c2a2d7db312,mixed,,false,Source and redistribution terms must be linked file by file.
assets/data/moves/Rest.json,assets/data,.json,793,8983d7600710e9377a4cb241581495e3d430e5a9b8084f9084cbe36063dfd16e,mixed,,false,Source and redistribution terms must be linked file by file.
assets/data/moves/Retaliate.json,assets/data,.json,863,c40e5e8d535d99aecfdff6a4553878fb9ad21d01eedfe40bf3c1960ce37e9882,mixed,,false,Source and redistribution terms must be linked file by file.
assets/data/moves/Return.json,assets/data,.json,908,e6872f0065d66e1d1358424ba4968a34cf65b9e1c35c5cdb75ff99dfbe4357b8,mixed,,false,Source and redistribution terms must be linked file by file.
assets/data/moves/Revelation Dance.json,assets/data,.json,990,3d7ee6127319ccf165837a33e09d427452b6a6077f13a664ba41a71e1bdba6b9,mixed,,false,Source and redistribution terms must be linked file by file.
assets/data/moves/Revenge.json,assets/data,.json,980,c86cff88ce3e15bfd4239497727c30ce0cf3af0c8c9fffea072ea3337afa0b3e,mixed,,false,Source and redistribution terms must be linked file by file.
assets/data/moves/Reversal.json,assets/data,.json,1030,c38c8e5a871292f67055ee25c31afe423c23a0a45c3dbab969188bbe921c1a55,mixed,,false,Source and redistribution terms must be linked file by file.
assets/data/moves/Roar of Time.json,assets/data,.json,1151,e337727d48fa1bb66209f31bdd2d917d8368750b8531c51187cdae25a44ca781,mixed,,false,Source and redistribution terms must be linked file by file.
assets/data/moves/Roar.json,assets/data,.json,711,1c0481c3b13177b19755cd632369375bbbc2dd9cdc95a6fbbbc2901f7f193d99,mixed,,false,Source and redistribution terms must be linked file by file.
assets/data/moves/Rock Blast.json,assets/data,.json,1005,1fb6a1880d22b9a8755ad8be2f5453e88a9a0aef83ed7e54146dfb767c30a4bc,mixed,,false,Source and redistribution terms must be linked file by file.
assets/data/moves/Rock Climb.json,assets/data,.json,832,28545f69577e60b695a8d1438e57b216e98a788bbfbff660a88ff4f893ea5c86,mixed,,false,Source and redistribution terms must be linked file by file.
assets/data/moves/Rock Polish.json,assets/data,.json,273,6001079f8678c67fc67b8880f3d08eeea896555621c3dd2669ae9f66dc22c1dd,mixed,,false,Source and redistribution terms must be linked file by file.
assets/data/moves/Rock Slide.json,assets/data,.json,888,955655c4f670fd01f4741e7567e8c24037a62412a23acec9bfbbbaf4846da727,mixed,,false,Source and redistribution terms must be linked file by file.
assets/data/moves/Rock Smash.json,assets/data,.json,875,119d5dcfb3771d440718b46407a46d8db1c9b5f331d9d2b6890d9d663d5b5dc7,mixed,,false,Source and redistribution terms must be linked file by file.
assets/data/moves/Rock Throw.json,assets/data,.json,743,61d410b7f0437ab63a9ea74ff5266b6359ee2e9ab9dda027082e18e16f623dbe,mixed,,false,Source and redistribution terms must be linked file by file.
assets/data/moves/Rock Tomb.json,assets/data,.json,1120,0f1d57443ff4ef34f34cbd0f8b198d85da078566af9249057da6a13695665f3b,mixed,,false,Source and redistribution terms must be linked file by file.
assets/data/moves/Rock Wrecker.json,assets/data,.json,861,6bca08e3d1e95b1ae4f2e2c226b15daa878ba356e830d67759695d2f70a96ef6,mixed,,false,Source and redistribution terms must be linked file by file.
assets/data/moves/Role Play.json,assets/data,.json,402,64af2c457930bf88243cc8f6f966934a26b152a536c4e7b0a2d608ab078db318,mixed,,false,Source and redistribution terms must be linked file by file.
assets/data/moves/Rolling Kick.json,assets/data,.json,835,031e1fca52b916fc4196b028af7420789fed8b60492a0f43cba1832bc9b2027f,mixed,,false,Source and redistribution terms must be linked file by file.
assets/data/moves/Rollout.json,assets/data,.json,1093,de57cb1730f320398c2ee777a3f72deb025cd1476503be0c51089ccce3f2ebe3,mixed,,false,Source and redistribution terms must be linked file by file.
assets/data/moves/Roost.json,assets/data,.json,870,bb30f0f948fca13a029d2a42050b5c01e2eb17c49c327888348c372b9ae885e5,mixed,,false,Source and redistribution terms must be linked file by file.
assets/data/moves/Rototiller.json,assets/data,.json,360,8098ff93f39d34048c553016c350ea8b0fec063bffe55817428dd57242bc9fcd,mixed,,false,Source and redistribution terms must be linked file by file.
assets/data/moves/Round.json,assets/data,.json,949,9f4a20eb80bb708de48adb71ae1dc537b2975746dbf5cb2849b0d6641980f6b0,mixed,,false,Source and redistribution terms must be linked file by file.
assets/data/moves/Sacred Fire.json,assets/data,.json,856,9ebf6e172ea9e0af36a7d9c0c83164ed7bb8b6589ec72d98130504047c13cb7d,mixed,,false,Source and redistribution terms must be linked file by file.
assets/data/moves/Sacred Sword.json,assets/data,.json,837,3350801b9498be1e64c4c782aa801314ddde43fc6f7855f0a65d297d8d3bcfde,mixed,,false,Source and redistribution terms must be linked file by file.
assets/data/moves/Safeguard.json,assets/data,.json,263,f45df2675e4510dd4a32b04c087a123fd9e0acfe4b2b1dee9aa781a67c0c82bb,mixed,,false,Source and redistribution terms must be linked file by file.
assets/data/moves/Sand Attack.json,assets/data,.json,467,c0ef3101d4eac39577cb12f07985e93b14db6b4c2b924d7cebfbc9aa155c787e,mixed,,false,Source and redistribution terms must be linked file by file.
assets/data/moves/Sand Tomb.json,assets/data,.json,1119,30722e13635c5680e501c73f36c7af79b4adf32d7a55349870ca2da9ec048074,mixed,,false,Source and redistribution terms must be linked file by file.
assets/data/moves/Sandstorm.json,assets/data,.json,467,96fdfe0804e0e8be999ba30ac8e442b847fdf569bc419519d4acfa8fc5744208,mixed,,false,Source and redistribution terms must be linked file by file.
assets/data/moves/Scald.json,assets/data,.json,861,fedaebf860e759319d0b217053d20d448e910f6b6ae50d4d5e45c56519ad1e01,mixed,,false,Source and redistribution terms must be linked file by file.
assets/data/moves/Scary Face.json,assets/data,.json,364,660dbed696ef1278a26743bab4cf0961d8d9a94de6f5d9a902e332df30256157,mixed,,false,Source and redistribution terms must be linked file by file.
assets/data/moves/Scratch.json,assets/data,.json,741,35c7a71e0fc7eced81e98f1beb67c8605165bc4cc49d5f45a87977a4ec936948,mixed,,false,Source and redistribution terms must be linked file by file.
assets/data/moves/Screech.json,assets/data,.json,579,b3669f31d3a63e0bb809260524b432a4344012ca96eb6784728742eb455f8b40,mixed,,false,Source and redistribution terms must be linked file by file.
assets/data/moves/Searing Shot.json,assets/data,.json,915,b5d5783d0b41b5548d9157142d0faa9aeb3bfb2babdc0e90f9a8996fc8dca2aa,mixed,,false,Source and redistribution terms must be linked file by file.
assets/data/moves/Secret Power.json,assets/data,.json,982,b517fd87eea106a6086e09212e74ab0a5eaef28987a9a1099e3f52c055ed368e,mixed,,false,Source and redistribution terms must be linked file by file.
assets/data/moves/Secret Sword.json,assets/data,.json,834,3e6661deded597fc89f097e9488c1d323e3f87fe06dc4a25b09a9342df12332f,mixed,,false,Source and redistribution terms must be linked file by file.
assets/data/moves/Seed Bomb.json,assets/data,.json,780,7617d5047246ec6a63271dc0dc84b15cac926864ac6d6c5eef63140989a33b5d,mixed,,false,Source and redistribution terms must be linked file by file.
assets/data/moves/Seed Flare.json,assets/data,.json,983,afe9d0b1a8e41480daafadbafb937bbb870234b716d2183485a5ffd1028527d4,mixed,,false,Source and redistribution terms must be linked file by file.
assets/data/moves/Seismic Toss.json,assets/data,.json,974,61b7df5e7e0da8adce0d0a1856666f9ed3a7b51a3c3675ca6122c72f7f64cb69,mixed,,false,Source and redistribution terms must be linked file by file.
assets/data/moves/Self-Destruct.json,assets/data,.json,1088,899145afaa473c3ab70438702a30809fe69a8574ac766e4ecbdf45ffc7177426,mixed,,false,Source and redistribution terms must be linked file by file.
assets/data/moves/Shadow Ball.json,assets/data,.json,895,d95dd5f5ad2a4d25b76652f6e6fb4d48f7f543fbda4e6036d340f747250b4868,mixed,,false,Source and redistribution terms must be linked file by file.
assets/data/moves/Shadow Bone.json,assets/data,.json,919,c10fb84a7b9148a9cc261ce22dde3d751bbd740d59d81243021c3d3da3270615,mixed,,false,Source and redistribution terms must be linked file by file.
assets/data/moves/Shadow Claw.json,assets/data,.json,832,6c9e5591a2ae8a462af19e2b141d2016bde0d5c881c12633363691c48f5c7d40,mixed,,false,Source and redistribution terms must be linked file by file.
assets/data/moves/Shadow Force.json,assets/data,.json,1124,32cd388bdd163080d0e2ccf827bf861d55d35ea4bc975275be9ef0ea060dc08e,mixed,,false,Source and redistribution terms must be linked file by file.
assets/data/moves/Shadow Punch.json,assets/data,.json,857,f2e7a7b3775a977444f733f11796130b5d0f58f5c78a5da25bc0db80e84501ba,mixed,,false,Source and redistribution terms must be linked file by file.
assets/data/moves/Shadow Sneak.json,assets/data,.json,870,62cadda375db119ce06ef74c4d3d5cb300c3422c65362221babbf873f6601afe,mixed,,false,Source and redistribution terms must be linked file by file.
assets/data/moves/Sharpen.json,assets/data,.json,665,0e37e87b08e2396503d7955a9bea3eb21d65bdee045997752111f9def63f0366,mixed,,false,Source and redistribution terms must be linked file by file.
assets/data/moves/Sheer Cold.json,assets/data,.json,385,b4e7fd8c4542355ae7d2799c5d82439ebb06bdb3816ceb6ca6f77454e5a74141,mixed,,false,Source and redistribution terms must be linked file by file.
assets/data/moves/Shell Smash.json,assets/data,.json,334,494d1a6ec97ef19a3ade9e95a50d494feb391992acb135d34d1f636fb978d1c2,mixed,,false,Source and redistribution terms must be linked file by file.
assets/data/moves/Shell Trap.json,assets/data,.json,1087,b98730acaf31c6432fe1eaede9838ff08dd677c2cc9d219d3756a271233e4556,mixed,,false,Source and redistribution terms must be linked file by file.
assets/data/moves/Shift Gear.json,assets/data,.json,310,65dd11a602208b67717b7eb7d533d2d13cc87a198aaf6d224fdbb64c9bdfa8b8,mixed,,false,Source and redistribution terms must be linked file by file.
assets/data/moves/Shock Wave.json,assets/data,.json,898,0a0be5321efc521122cde6d434ba770425b557d2c8c203e909482b073951fa0d,mixed,,false,Source and redistribution terms must be linked file by file.
assets/data/moves/Shore Up.json,assets/data,.json,778,c39a49a6b307a5a6a2860ab5af56f71172029bc1545fae1f91df7d044f69f161,mixed,,false,Source and redistribution terms must be linked file by file.
assets/data/moves/Signal Beam.json,assets/data,.json,826,b098d56f185630e796c35029fbe3725bac9691e1009e3132e95e1bd8e5d1a340,mixed,,false,Source and redistribution terms must be linked file by file.
assets/data/moves/Silver Wind.json,assets/data,.json,931,8b8d593c1a83a3d76f6f7a9442fb348a1a0e5993dc05fc52b748e59502a6a8f2,mixed,,false,Source and redistribution terms must be linked file by file.
assets/data/moves/Simple Beam.json,assets/data,.json,429,d73aacbff5e9c767c91179539934c0bf39f56492583dc71cdbf57f39719536fe,mixed,,false,Source and redistribution terms must be linked file by file.
assets/data/moves/Sing.json,assets/data,.json,1176,0061c49b7cc4916cf1612a2d66f89494291e12fc654f5d2e9f74a1cb7dee1508,mixed,,false,Source and redistribution terms must be linked file by file.
assets/data/moves/Sketch.json,assets/data,.json,372,5787274293be8cc74ee7fb79c490730d586f3a12bd4ac9da996e3ec7e4d6f456,mixed,,false,Source and redistribution terms must be linked file by file.
assets/data/moves/Skill Swap.json,assets/data,.json,394,cb4d0f04ceb170cc640092c2983dc76ad11c058293462be081535c53a983711d,mixed,,false,Source and redistribution terms must be linked file by file.
assets/data/moves/Skull Bash.json,assets/data,.json,1093,fcae7ed9e26af148477fe5c3b9ef6c2cf8e6fae5d2f1d56d0bfce2abd749cf77,mixed,,false,Source and redistribution terms must be linked file by file.
assets/data/moves/Sky Attack.json,assets/data,.json,988,ea565755dfe4a34d1450e8d70d3a90dbe7612dcbb0953e64c05477796ec3351a,mixed,,false,Source and redistribution terms must be linked file by file.
assets/data/moves/Sky Drop.json,assets/data,.json,1238,a5521dc590e626b2050c473700edd79877330b4c0c6be37f85fcab5410d7262e,mixed,,false,Source and redistribution terms must be linked file by file.
assets/data/moves/Sky Uppercut.json,assets/data,.json,949,7bbc772d60119cf871c6eec6de18ecbe836a97d278250f79f1a340a003677323,mixed,,false,Source and redistribution terms must be linked file by file.
assets/data/moves/Slack Off.json,assets/data,.json,442,dd61712a897c877b6e9cf863c930e2b4c8c2cf675bb4d03264d323c6e932238f,mixed,,false,Source and redistribution terms must be linked file by file.
assets/data/moves/Slam.json,assets/data,.json,753,30ea151acb832a22a821f2fe5923f984f4a97b653bcd950c1368366e00769618,mixed,,false,Source and redistribution terms must be linked file by file.
assets/data/moves/Slash.json,assets/data,.json,790,ad911d1d0af01ff0341c87dd83d8bc6a6667047c33996c86d35cf188e3d23997,mixed,,false,Source and redistribution terms must be linked file by file.
assets/data/moves/Sleep Powder.json,assets/data,.json,346,1a5a0e659fae3d0648387a91fef30bc719dd94aa10f7b05bc65392d24aec4cc3,mixed,,false,Source and redistribution terms must be linked file by file.
assets/data/moves/Sleep Talk.json,assets/data,.json,319,c93cda449f2d29ad66c22c769754d953063998e4115b330f6ab6765727fd029f,mixed,,false,Source and redistribution terms must be linked file by file.
assets/data/moves/Sludge Bomb.json,assets/data,.json,1112,8b0d03c4319d9b78bd692a027a72cb142f3c193f29faa38e8b127c6fb5a856f9,mixed,,false,Source and redistribution terms must be linked file by file.
assets/data/moves/Sludge Wave.json,assets/data,.json,977,3465caaf28efe5ebc66176277b28d84b4e41d3003b2b5b3fb04a640d9e78ae30,mixed,,false,Source and redistribution terms must be linked file by file.
assets/data/moves/Sludge.json,assets/data,.json,851,11d96fca9044dbc601eb4571b9ea04a81d471c4e3b2c8c522602ad3cf4c4bca6,mixed,,false,Source and redistribution terms must be linked file by file.
assets/data/moves/Smack Down.json,assets/data,.json,992,6cfa767975d0efc8fd97868b323a2b7598116405422bfcc9ceb3fd51e6d2cb60,mixed,,false,Source and redistribution terms must be linked file by file.
assets/data/moves/Smart Strike.json,assets/data,.json,864,2f69ab2b748858b18310a6725226291ab35162d9c0053fce89f545e35670af0b,mixed,,false,Source and redistribution terms must be linked file by file.
assets/data/moves/Smelling Salts.json,assets/data,.json,853,969ae0d27df9b941d7157559d86287cb106ba8bef4f628f37c727abc594052d1,mixed,,false,Source and redistribution terms must be linked file by file.
assets/data/moves/Smog.json,assets/data,.json,973,5c2964ee51d573b246897b37a09667d377cc4519cdeb38016ad11112b2c2a5b0,mixed,,false,Source and redistribution terms must be linked file by file.
assets/data/moves/Smokescreen.json,assets/data,.json,726,ebdad9d402aa6f96ccf0dc56707589f41adc2995556ddf591d24e7b8cb4b2d79,mixed,,false,Source and redistribution terms must be linked file by file.
assets/data/moves/Snarl.json,assets/data,.json,900,683e23b5a8a4fbe5437773e56603db80618d2939c2a26907cbf124af624680b9,mixed,,false,Source and redistribution terms must be linked file by file.
assets/data/moves/Snatch.json,assets/data,.json,503,4980e91cdb51668f29cc99ae63c1bf7fb69716775cbc5871be57559d2d66e12f,mixed,,false,Source and redistribution terms must be linked file by file.
assets/data/moves/Snore.json,assets/data,.json,767,05cf403e7dff6d372fd9d6cececf45b5131ca1b82a8d47ca1493983ed27eb52c,mixed,,false,Source and redistribution terms must be linked file by file.
assets/data/moves/Soak.json,assets/data,.json,407,c57da786d16375748db0240b2d708dd0e41e935a2c1dcba645808b9afd7a41a5,mixed,,false,Source and redistribution terms must be linked file by file.
assets/data/moves/Soft-Boiled.json,assets/data,.json,664,f7f3407f7836aa8627b76085fd20e3963e98d3dcf1f14289ec68418eea099f2e,mixed,,false,Source and redistribution terms must be linked file by file.
assets/data/moves/Solar Beam.json,assets/data,.json,1154,53474d4d128ca2ee37db06ab9439f91ba1b4cda18d308ede96fcd6498baf3455,mixed,,false,Source and redistribution terms must be linked file by file.
assets/data/moves/Solar Blade.json,assets/data,.json,1044,6fe4348ae18956febb2699ea55c7ee482873cc0c201e50bb7d849151a5f4a1b4,mixed,,false,Source and redistribution terms must be linked file by file.
assets/data/moves/Sonic Boom.json,assets/data,.json,426,9ddb424610abb47c70768baafdda7091197247e847c6651b360bc141bf01d4be,mixed,,false,Source and redistribution terms must be linked file by file.
assets/data/moves/Spacial Rend.json,assets/data,.json,1095,623bb88aaf157580124d5ea457f1ff35e6aaf6671390e11b08e5f99b1780fecc,mixed,,false,Source and redistribution terms must be linked file by file.
assets/data/moves/Spark.json,assets/data,.json,877,b8ac44a9024b5b4162916b98ec8e8030fb493a2fa34c764d05b558f84e5d3ff2,mixed,,false,Source and redistribution terms must be linked file by file.
assets/data/moves/Sparkling Aria.json,assets/data,.json,952,06f0349f8dbf4789fe6fdfec436a2950fda0ba61a058d77ce3a51b9effd326e8,mixed,,false,Source and redistribution terms must be linked file by file.
assets/data/moves/Spectral Thief.json,assets/data,.json,893,0255b30c7045994d4145a2c2284cc4960ddb415372dd6958ad137d54c775d6a3,mixed,,false,Source and redistribution terms must be linked file by file.
assets/data/moves/Speed Swap.json,assets/data,.json,390,31f8efd36b80709c3d74c003ef754e5ec0d40b59009f4282ea3347e7d7027327,mixed,,false,Source and redistribution terms must be linked file by file.
assets/data/moves/Spider Web.json,assets/data,.json,526,edb208fba0894cb1eb218a0cc6f1e41c0427530c7c9d9ab74ac233bcb8aa91f6,mixed,,false,Source and redistribution terms must be linked file by file.
assets/data/moves/Spike Cannon.json,assets/data,.json,1011,f5def579035d2c7bc3e6b246794fdbff560d348b4ff928236b05eefef58ee36b,mixed,,false,Source and redistribution terms must be linked file by file.
assets/data/moves/Spikes.json,assets/data,.json,919,b21b4e17e8cb21a10304f31e0b40216143b34afb1cb39054056c2219df38693a,mixed,,false,Source and redistribution terms must be linked file by file.
assets/data/moves/Spiky Shield.json,assets/data,.json,504,f969e5913c769f004cf76fc52a119e8178545e20d1d6a30488205c0446698e47,mixed,,false,Source and redistribution terms must be linked file by file.
assets/data/moves/Spirit Shackle.json,assets/data,.json,853,8609dc18bb7f4b76498e79b56336d9d103ed95789f5aec380e18d481b76d55c3,mixed,,false,Source and redistribution terms must be linked file by file.
assets/data/moves/Spit Up.json,assets/data,.json,934,29caccd3efcdd4cf8ab7e803e5ca65061145026f7fbd5c8d0755923d2cdd1c2d,mixed,,false,Source and redistribution terms must be linked file by file.
assets/data/moves/Spite.json,assets/data,.json,876,da2daf9573c5421b3a8bbc4ba9dc89244dfaa803f9c61064049359e304313ce6,mixed,,false,Source and redistribution terms must be linked file by file.
assets/data/moves/Splash.json,assets/data,.json,246,1a09d2483f41a6a805e7bebab0b17fd2e7872a49a3ec55184fb76f2a49898714,mixed,,false,Source and redistribution terms must be linked file by file.
assets/data/moves/Spore.json,assets/data,.json,421,3aff32a3b6e8d5b301a4347fa3da34c9bca02af07a3b30a071f4f731be430ff0,mixed,,false,Source and redistribution terms must be linked file by file.
assets/data/moves/Spotlight.json,assets/data,.json,419,8735a0b290b5db3c66c7f16716539de000c3340eed8753c2a72d13d25ab538ae,mixed,,false,Source and redistribution terms must be linked file by file.
assets/data/moves/Stealth Rock.json,assets/data,.json,881,df95a6d2451e3fc287dfb7e829c6ad7e51060b0011662b9bd7db6311b5e8c199,mixed,,false,Source and redistribution terms must be linked file by file.
assets/data/moves/Steam Eruption.json,assets/data,.json,943,e2c1daaf081edf3ba77a888a572800424f5c19c0ad9041b755b61a03d65caca0,mixed,,false,Source and redistribution terms must be linked file by file.
assets/data/moves/Steamroller.json,assets/data,.json,806,46c5dbca9c00244a5371e92dd974181ff0a70e55a213bc105fd4ce1203338814,mixed,,false,Source and redistribution terms must be linked file by file.
assets/data/moves/Steel Wing.json,assets/data,.json,865,98753757e679ad57f7ef0cc86b877a0eb05385f2d7cf061cd99859289f962f78,mixed,,false,Source and redistribution terms must be linked file by file.
assets/data/moves/Sticky Web.json,assets/data,.json,514,65d6bdb33cc01bfa60b4326ca1bac0375f782f8d4425cbfafc210e0575661796,mixed,,false,Source and redistribution terms must be linked file by file.
assets/data/moves/Stockpile.json,assets/data,.json,353,730b4725164f24964a096a615f95a7847276aa8247609d504ff4732961b4087c,mixed,,false,Source and redistribution terms must be linked file by file.
assets/data/moves/Stomp.json,assets/data,.json,830,a76afc10d41019b837d315583d8c01091e7aa23a692cec0bb7cd5ff562f7c7d8,mixed,,false,Source and redistribution terms must be linked file by file.
assets/data/moves/Stomping Tantrum.json,assets/data,.json,802,bc766629bc99365e93a2cf0c86814672e1f2917b3029b62aee7fb198b29aac1a,mixed,,false,Source and redistribution terms must be linked file by file.
assets/data/moves/Stone Edge.json,assets/data,.json,907,86b2f20e22f8f89adf58495323c6f60c38b1d5b0070095e05cb550d1e221e8e4,mixed,,false,Source and redistribution terms must be linked file by file.
assets/data/moves/Stored Power.json,assets/data,.json,1090,b53be1c96351edf3412876a6c111fc5196805aeae008b7f6d96a880812110262,mixed,,false,Source and redistribution terms must be linked file by file.
assets/data/moves/Storm Throw.json,assets/data,.json,847,33b3b8b9aa8fa03f54ac4a331fdde970c759d49b109e06313b4cd2db84240e87,mixed,,false,Source and redistribution terms must be linked file by file.
assets/data/moves/Strength Sap.json,assets/data,.json,903,4be0d71b48c638c20f4287b80f4d007bbcf9abb3b60e54b2a9259970d45b6ca5,mixed,,false,Source and redistribution terms must be linked file by file.
assets/data/moves/Strength.json,assets/data,.json,809,750cdf025831ed6681519278ecb7c097102fdcf41db6b773ceef4069618e1bd5,mixed,,false,Source and redistribution terms must be linked file by file.
assets/data/moves/String Shot.json,assets/data,.json,580,164d5cfcac48add7365ecbb739c888e6f29e587b92ef651568ec4752721e9b1c,mixed,,false,Source and redistribution terms must be linked file by file.
assets/data/moves/Struggle Bug.json,assets/data,.json,844,c935160e3dfafc03bb435c1bb4d07c583334dee39e5151b635d0f98c418cd496,mixed,,false,Source and redistribution terms must be linked file by file.
assets/data/moves/Struggle.json,assets/data,.json,882,2fbb6b14468b7c9b26f6f208ef389ee54dc20dcb27c05c743311d22a7b73a718,mixed,,false,Source and redistribution terms must be linked file by file.
assets/data/moves/Stun Spore.json,assets/data,.json,405,bad0ea1449c5d0068287fac5eabee0f242d33283f938f808cd04622b47331fe7,mixed,,false,Source and redistribution terms must be linked file by file.
assets/data/moves/Submission.json,assets/data,.json,1126,4b29313379d48e1d17abe6d5ede65f6fd6a95da8aa01c364e05f90e94cd40184,mixed,,false,Source and redistribution terms must be linked file by file.
assets/data/moves/Substitute.json,assets/data,.json,876,fa200be9bad5e2f5d5b031bc5daee70bc6fbbea9c25b06cd42cfa6e0426b5be0,mixed,,false,Source and redistribution terms must be linked file by file.
assets/data/moves/Sucker Punch.json,assets/data,.json,889,f90473cce1e23c22abafe4dda66aa7d9e95c7864a5585c71defa46f33284b50c,mixed,,false,Source and redistribution terms must be linked file by file.
assets/data/moves/Sunny Day.json,assets/data,.json,178,fd9561ec3b735c21415b98889477115c6ee88d6ee507fa6d052b39b8ac4031fa,mixed,,false,Source and redistribution terms must be linked file by file.
assets/data/moves/Sunsteel Strike.json,assets/data,.json,863,13db2fad6a43fd1674d5c89e5dbfbcfbb5988b70c2021a81369a96e6a75f5436,mixed,,false,Source and redistribution terms must be linked file by file.
assets/data/moves/Super Fang.json,assets/data,.json,885,5820a9d107eed6433a661342932693028b659e62cc3c2b4d4fcfcdff64f07e2e,mixed,,false,Source and redistribution terms must be linked file by file.
assets/data/moves/Superpower.json,assets/data,.json,942,380d3a413f99879aa9003af63790f769456cf50dcd40585d92d7979efc494a3a,mixed,,false,Source and redistribution terms must be linked file by file.
assets/data/moves/Supersonic.json,assets/data,.json,357,d9ecfa12034c9f6e1d2104b8ea97480d0d6e72a920b23f2e3a0a33526c5a695f,mixed,,false,Source and redistribution terms must be linked file by file.
assets/data/moves/Surf.json,assets/data,.json,931,322d66c15076c3d2f9f950009a317870e8ee342fd420a3467b145a3d9eaee5dd,mixed,,false,Source and redistribution terms must be linked file by file.
assets/data/moves/Swagger.json,assets/data,.json,343,74142f615867664fee1772106e7286c34ad376b14a5efb9cf46353b616cb4c51,mixed,,false,Source and redistribution terms must be linked file by file.
assets/data/moves/Swallow.json,assets/data,.json,899,3d1c1bb5cae48cb3bb87c68da9610e528f52e3a63d54ab322408b7cd7decd119,mixed,,false,Source and redistribution terms must be linked file by file.
assets/data/moves/Sweet Kiss.json,assets/data,.json,315,994b49ca0ae8bb06edecfa14d4e18bdf7a5320b89d1b6a1435adb3d698875c35,mixed,,false,Source and redistribution terms must be linked file by file.
assets/data/moves/Sweet Scent.json,assets/data,.json,379,38f5952cea4c2a09894fc9cd4aae04cbbb2becc302f6d760479c387f37500210,mixed,,false,Source and redistribution terms must be linked file by file.
assets/data/moves/Swift.json,assets/data,.json,904,f2e39511c868fa898fe8575c5dcc5b8a46b91b5fe9f8d39c20c363462758d326,mixed,,false,Source and redistribution terms must be linked file by file.
assets/data/moves/Switcheroo.json,assets/data,.json,474,2c0734e93c58bf1f3aa82f098324a636c4d7d3e559e8f3d8bc2b7e90d0271c5b,mixed,,false,Source and redistribution terms must be linked file by file.
assets/data/moves/Swords Dance.json,assets/data,.json,1063,2b554f9d7f56896c90d2bd1798506c7ff6404f558bcb5477a6d65790b4d8d1de,mixed,,false,Source and redistribution terms must be linked file by file.
assets/data/moves/Synchronoise.json,assets/data,.json,937,1715cb8e9ee6141c47b6fdf5c8fce6876afdbbc97c8134fae8f9c6022199a38b,mixed,,false,Source and redistribution terms must be linked file by file.
assets/data/moves/Synthesis.json,assets/data,.json,773,56a57d39d8825b5c855bca78c2cd0981e7cb43da65903f6d9e37a62289b83934,mixed,,false,Source and redistribution terms must be linked file by file.
assets/data/moves/Tackle.json,assets/data,.json,768,7c1ff416f516edbbb387c68eb66290312d61a369b0b2e8e1c695c4df9832a214,mixed,,false,Source and redistribution terms must be linked file by file.
assets/data/moves/Tail Glow.json,assets/data,.json,237,d83a2ae1984e095184a105dc92cd8be67199a26aa1ea4032a0f5c1cb51f08064,mixed,,false,Source and redistribution terms must be linked file by file.
assets/data/moves/Tail Slap.json,assets/data,.json,1019,da4442d96651a6b05452fc11c39ed9aa13f80c27e4a2853b35ff4804ed002239,mixed,,false,Source and redistribution terms must be linked file by file.
assets/data/moves/Tail Whip.json,assets/data,.json,488,a424ffa285e51ab2bd4cb9aaf9e7414406a26ec3b00cc99f7835bd97c42b9b89,mixed,,false,Source and redistribution terms must be linked file by file.
assets/data/moves/Tailwind.json,assets/data,.json,371,cbab01b83bee7acaebd8bb25a3a367740b7b089eaf5e351a904b2a432e8d7bd6,mixed,,false,Source and redistribution terms must be linked file by file.
assets/data/moves/Take Down.json,assets/data,.json,834,604ec3c0ee9803b293a4c877f67d6e4f6c744b3814f92f19c527b932edfa46bf,mixed,,false,Source and redistribution terms must be linked file by file.
assets/data/moves/Taunt.json,assets/data,.json,439,b97af3f9fd835d8a768ddeed3ee93952629dd960af2d0a39d81a9fb524e4ec27,mixed,,false,Source and redistribution terms must be linked file by file.
assets/data/moves/Tearful Look.json,assets/data,.json,526,24eed91dea0944117be8314a41b5dc28389ea685fd9cca96e5ba1dca395605a9,mixed,,false,Source and redistribution terms must be linked file by file.
assets/data/moves/Techno Blast.json,assets/data,.json,1027,e88f61a13d9ab6508d177f28dcc58d73161125d3b35355ad7941e44946894425,mixed,,false,Source and redistribution terms must be linked file by file.
assets/data/moves/Teeter Dance.json,assets/data,.json,393,a62b6557eb7d045fa4b7b8ba2287b873fef9bba619bb6824e69a5e0c392fff22,mixed,,false,Source and redistribution terms must be linked file by file.
assets/data/moves/Telekinesis.json,assets/data,.json,569,86eaa184c06dff2421f496150e172ad82c4bea866de4693d91f49a5e3f6b87e1,mixed,,false,Source and redistribution terms must be linked file by file.
assets/data/moves/Teleport.json,assets/data,.json,336,4ba0aa98b24d710a877395fc64d5ced182a6d70bd2c52f33cc5b5a802e19a3dd,mixed,,false,Source and redistribution terms must be linked file by file.
assets/data/moves/Thief.json,assets/data,.json,927,e258dc0417585e7411911231d96b8a222964715832f64477f7ac2e44f37eebd7,mixed,,false,Source and redistribution terms must be linked file by file.
assets/data/moves/Thousand Arrows.json,assets/data,.json,1202,cfe66275afbaa6fcdc3489e3a6b5379ee43cde46006cab52d15273ac1a38b01a,mixed,,false,Source and redistribution terms must be linked file by file.
assets/data/moves/Thousand Waves.json,assets/data,.json,1004,d9936cbc541404fdb755074a311a2d633588359e740d4d2b98ce30b7f7e36fde,mixed,,false,Source and redistribution terms must be linked file by file.
assets/data/moves/Thrash.json,assets/data,.json,1053,dba2ac019ed06e6314397c0d74c82ae3d4daff416f851f7d87b7ad33d35204e9,mixed,,false,Source and redistribution terms must be linked file by file.
assets/data/moves/Throat Chop.json,assets/data,.json,830,e35412931fb1d82544c8608947974fc59e0d4547cd00e773242ad6a84b55ae22,mixed,,false,Source and redistribution terms must be linked file by file.
assets/data/moves/Thunder Fang.json,assets/data,.json,838,502be4cd8a6e3ba34984534c43a0cd227675c74530b67d336c6d2a79fc285d0e,mixed,,false,Source and redistribution terms must be linked file by file.
assets/data/moves/Thunder Punch.json,assets/data,.json,829,5806799b0e67eca4ac711f9b5841109c925009708d521126ff87859c320eab19,mixed,,false,Source and redistribution terms must be linked file by file.
assets/data/moves/Thunder Shock.json,assets/data,.json,759,5c488edac002d86ce73687f210a6848c9a18ce76df0751e70f89f421e2283d6b,mixed,,false,Source and redistribution terms must be linked file by file.
assets/data/moves/Thunder Wave.json,assets/data,.json,339,e9660602a3c26762a3fbc8743adae656c5469fc57b15faf194db33e8d98a5c40,mixed,,false,Source and redistribution terms must be linked file by file.
assets/data/moves/Thunder.json,assets/data,.json,1093,3e31bc57192228fd076b5ada28b0b37c757cd9d06ef670cd8afcdf4cc6d03603,mixed,,false,Source and redistribution terms must be linked file by file.
assets/data/moves/Thunderbolt.json,assets/data,.json,841,9bfd3bd929f0605b65d04f451727303f458b0d782b95f6a3f6ae46acd44e7a69,mixed,,false,Source and redistribution terms must be linked file by file.
assets/data/moves/Tickle.json,assets/data,.json,427,d7afe32ab08c7f47fb27b4880897a8c06c76f5fbd1694a02e7a5923f86195ebf,mixed,,false,Source and redistribution terms must be linked file by file.
assets/data/moves/Topsy-Turvy.json,assets/data,.json,422,85ead2963a6501266119f663fb011d5d872a97bbe9da632feaf52ff8c3e0b1a2,mixed,,false,Source and redistribution terms must be linked file by file.
assets/data/moves/Torment.json,assets/data,.json,463,1e93d99c9428a033a78bd5d01bf3f32d57b5ec92666d991e18db08a8bf768af6,mixed,,false,Source and redistribution terms must be linked file by file.
assets/data/moves/Toxic Spikes.json,assets/data,.json,441,4f65c9944429829337002b7206bd295ca59706cc8ba85a9fd677928bb4dac9b1,mixed,,false,Source and redistribution terms must be linked file by file.
assets/data/moves/Toxic Thread.json,assets/data,.json,720,c1aaa1b89e05f874d42514112206c61d228d55f32905fe34462035c340479268,mixed,,false,Source and redistribution terms must be linked file by file.
assets/data/moves/Toxic.json,assets/data,.json,432,97cc1381978913425e50fecc9490e0d2ca2c69e669540ceebb72c97a75377acb,mixed,,false,Source and redistribution terms must be linked file by file.
assets/data/moves/Transform.json,assets/data,.json,495,6786cc2851fca39f10021fc44397e77b96ad9704528359251d998a416ca01abf,mixed,,false,Source and redistribution terms must be linked file by file.
assets/data/moves/Tri Attack.json,assets/data,.json,1112,9a9e83f32383d84aa0da265fe081016ff2b5a31e592d11c04e7b9828b4bdcbb4,mixed,,false,Source and redistribution terms must be linked file by file.
assets/data/moves/Trick Room.json,assets/data,.json,367,5049bf9ef70adcd14ecf93e3bef4552343488314560486d4451fbbdec0d76d1a,mixed,,false,Source and redistribution terms must be linked file by file.
assets/data/moves/Trick-or-Treat.json,assets/data,.json,403,f468a054a068e190e7412a88e0b2b2642a2ff220b9b82a96fde495582ff1bef8,mixed,,false,Source and redistribution terms must be linked file by file.
assets/data/moves/Trick.json,assets/data,.json,329,72d2b939509d77bf2bc546c152c73714228039b9fbb94b158fb4f9cd6478688c,mixed,,false,Source and redistribution terms must be linked file by file.
assets/data/moves/Triple Kick.json,assets/data,.json,819,2c16a5fc94ffefed72c0598313bcedbc635fed229ae6cc10900db0fa576ce354,mixed,,false,Source and redistribution terms must be linked file by file.
assets/data/moves/Trop Kick.json,assets/data,.json,931,722049b80ad8bed7fdc994bb41316930daeea5d4824fce80a400c6d1a67eaa5e,mixed,,false,Source and redistribution terms must be linked file by file.
assets/data/moves/Trump Card.json,assets/data,.json,992,9fd01754b220b31a367df0373000432ebef29d794221bb1a24955d808831ea5a,mixed,,false,Source and redistribution terms must be linked file by file.
assets/data/moves/Twineedle.json,assets/data,.json,875,2d2537ddd6122d314935f2bb3411105d3c35dc8dafdf8dbf0d4bb7f50ce9653c,mixed,,false,Source and redistribution terms must be linked file by file.
assets/data/moves/Twister.json,assets/data,.json,846,87638b3550d53a006c7753eda214ff06da5c2beb1e730259f09406f4ff7f4254,mixed,,false,Source and redistribution terms must be linked file by file.
assets/data/moves/U-Turn.json,assets/data,.json,831,c5d7282195ae0f207f70325cccfd58a714e2d6979b11b56059b9e0052d210c85,mixed,,false,Source and redistribution terms must be linked file by file.
assets/data/moves/Uproar.json,assets/data,.json,1189,f4bcda82ca3bfc6b3402c29607b831ea303ce5c26d811e53d0413a0f32b41159,mixed,,false,Source and redistribution terms must be linked file by file.
assets/data/moves/V-Create.json,assets/data,.json,871,24a61b80ea407caca456a78629b6c8077a7dc1eb811131babf5061b54429d095,mixed,,false,Source and redistribution terms must be linked file by file.
assets/data/moves/Vacuum Wave.json,assets/data,.json,822,68cd0a9766ec9a1c3d2f0167f8af497e8e5a384c2708aaefa81f501ebdf8167e,mixed,,false,Source and redistribution terms must be linked file by file.
assets/data/moves/Venom Drench.json,assets/data,.json,496,fa9e8fba633c123f4f97e3046cdb5002a42fe244519bab7a794760ac32edd9ec,mixed,,false,Source and redistribution terms must be linked file by file.
assets/data/moves/Venoshock.json,assets/data,.json,845,7a632bfcabdc3d0785ac34da6aacdd32638627c8fc7d01b1d0a65326a9772839,mixed,,false,Source and redistribution terms must be linked file by file.
assets/data/moves/Vice Grip.json,assets/data,.json,1025,e0fb47940eed00834bd160a12fd07886f677c80746404a1bc34047e143cfda7c,mixed,,false,Source and redistribution terms must be linked file by file.
assets/data/moves/Vine Whip.json,assets/data,.json,821,a987db61d71b21b34489afcc7f562be0cfb8f205ce9c7cb2a8f69c0c232dfa6b,mixed,,false,Source and redistribution terms must be linked file by file.
assets/data/moves/Vital Throw.json,assets/data,.json,837,8cd7bef00d65ff6eb128b9a5d2994b487be759729d841354f804324555ccd032,mixed,,false,Source and redistribution terms must be linked file by file.
assets/data/moves/Volt Switch.json,assets/data,.json,851,35326fb26afd94a6024e01f96a43c24f1cf24ff748c316c254ab68aeb9bf8790,mixed,,false,Source and redistribution terms must be linked file by file.
assets/data/moves/Volt Tackle.json,assets/data,.json,969,0aa46ae62c6b3064656b5e20349fbdb75eb0e61b620009559bd0c12c3ee4e607,mixed,,false,Source and redistribution terms must be linked file by file.
assets/data/moves/Wake-Up Slap.json,assets/data,.json,881,15e4bab539ad56ac055ab4714dc3c725dd55d9af743e5dc99e3b705cfa560e5b,mixed,,false,Source and redistribution terms must be linked file by file.
assets/data/moves/Water Gun.json,assets/data,.json,751,75e65594d04c954c394898b9bc0dbd57bbe66cc95debad81338d9f1f75ccef12,mixed,,false,Source and redistribution terms must be linked file by file.
assets/data/moves/Water Pledge.json,assets/data,.json,835,cf44efca491c2959dace63760e5b6976a69bf4d22421664dd8f880adf04b89a1,mixed,,false,Source and redistribution terms must be linked file by file.
assets/data/moves/Water Pulse.json,assets/data,.json,831,52629d7bbb9f0ffe09e0b6b805cbc823b0e5b21e0a8abd87b9d8553d8ec397af,mixed,,false,Source and redistribution terms must be linked file by file.
assets/data/moves/Water Shuriken.json,assets/data,.json,994,fc92e56e6e5431eeded7671270b179be149e6fc23b15746b138627eb9d078d29,mixed,,false,Source and redistribution terms must be linked file by file.
assets/data/moves/Water Sport.json,assets/data,.json,534,b30c1ae57a8968a46ddbd3e6945c602b1d7de9269daa91231dba0024f60fa286,mixed,,false,Source and redistribution terms must be linked file by file.
assets/data/moves/Water Spout.json,assets/data,.json,907,5d898ecbed4523836397b329ee5a511980444345a6431921a2679ed21762f8f9,mixed,,false,Source and redistribution terms must be linked file by file.
assets/data/moves/Waterfall.json,assets/data,.json,906,a6e6e5d694c09ace28f44cf77ab8037ffd9ee6ee19809d73f8e60418ef35d331,mixed,,false,Source and redistribution terms must be linked file by file.
assets/data/moves/Weather Ball.json,assets/data,.json,868,072ad60604d8a07100942b725643a846e260f64535c30e1692cd88730d9d391c,mixed,,false,Source and redistribution terms must be linked file by file.
assets/data/moves/Whirlpool.json,assets/data,.json,1039,c0ab7f0d9f4e997a8fe0fef16556866830954e7a3129e4fd778905b99249d25a,mixed,,false,Source and redistribution terms must be linked file by file.
assets/data/moves/Whirlwind.json,assets/data,.json,574,9d0710a99026ed3656a53bab666db75989c697820d4c6d1de6bc6fb92cd959c8,mixed,,false,Source and redistribution terms must be linked file by file.
assets/data/moves/Wide Guard.json,assets/data,.json,472,07ad69e47b0843bb128ed39d71c3351add1263d9ae228a897d452d2d16dc8c16,mixed,,false,Source and redistribution terms must be linked file by file.
assets/data/moves/Wild Charge.json,assets/data,.json,827,b331a8642972bfb460c5e33ec225b71ca0b26cbb30f57083bd11f859903a1941,mixed,,false,Source and redistribution terms must be linked file by file.
assets/data/moves/Will-O-Wisp.json,assets/data,.json,331,c27513bb39ca96c13eeb186e70bfac233848254f19fe5ed03c6d185e399da3d7,mixed,,false,Source and redistribution terms must be linked file by file.
assets/data/moves/Wing Attack.json,assets/data,.json,760,cd50ed7d35cb5b0a3f49c6d70793dab1450ea8459a0045560ed6856cc1c6e531,mixed,,false,Source and redistribution terms must be linked file by file.
assets/data/moves/Wish.json,assets/data,.json,785,8c5f3a94d0b7ee7347989711317fa798a27981d6f47505fb5bb69d9846e18726,mixed,,false,Source and redistribution terms must be linked file by file.
assets/data/moves/Withdraw.json,assets/data,.json,357,3f977bfc060b0ddfc320ed521f2c1225e7eff8f9f664c624f792214d40ff3e82,mixed,,false,Source and redistribution terms must be linked file by file.
assets/data/moves/Wonder Room.json,assets/data,.json,316,4350014c316a5818cc77fabbc4cf00f06537f56953e4a87d42a7da7bdf31b423,mixed,,false,Source and redistribution terms must be linked file by file.
assets/data/moves/Wood Hammer.json,assets/data,.json,851,0723685324bd6380edee59e14c483c69344d5f74172788582d10ca815c8f3269,mixed,,false,Source and redistribution terms must be linked file by file.
assets/data/moves/Work Up.json,assets/data,.json,385,3a5cd6f46719e041d96278fc2648cdf541fd6a0748bb71443def9484ad23b706,mixed,,false,Source and redistribution terms must be linked file by file.
assets/data/moves/Worry Seed.json,assets/data,.json,406,2bca4136ae52d67074921f4a750be6a17566623f87cfc76d837f29ca486a4f7a,mixed,,false,Source and redistribution terms must be linked file by file.
assets/data/moves/Wrap.json,assets/data,.json,1059,7754d40794bf0d7b9740604a833de0e64632fe343966102bb0cc06c6ce78806a,mixed,,false,Source and redistribution terms must be linked file by file.
assets/data/moves/Wring Out.json,assets/data,.json,864,b66adadbd1cdcd25639bdb915e502e42aa171bb3b24e3e4eeb6c535a102139b8,mixed,,false,Source and redistribution terms must be linked file by file.
assets/data/moves/X-Scissor.json,assets/data,.json,773,c3c6632a335bc6087f9539ed1c929422cd611db54614c50a893ad9b725718a2c,mixed,,false,Source and redistribution terms must be linked file by file.
assets/data/moves/Yawn.json,assets/data,.json,306,ccbbf781385687c31d8223be7e416fb9b476225822a96571997e92f9a8906bbb,mixed,,false,Source and redistribution terms must be linked file by file.
assets/data/moves/Zap Cannon.json,assets/data,.json,862,d8c8b48c2731fe0b1d025a8253f5e88f787c2a25cf594335ff658f7fadcc6350,mixed,,false,Source and redistribution terms must be linked file by file.
assets/data/moves/Zen Headbutt.json,assets/data,.json,845,7c4f1bc186ce3a87f3e8cd42ca5c524a56d15c378a8b78df59486086c611a2ed,mixed,,false,Source and redistribution terms must be linked file by file.
assets/data/moves/Zing Zap.json,assets/data,.json,864,1e99fc352519478f87923beefc5bfe1c78cace03ea3f0c2af3c7209e3ca658ce,mixed,,false,Source and redistribution terms must be linked file by file.
assets/data/pokemon.json,assets/data,.json,350,c2b01efff50bb3df6da673e5c6baf809ca00c71809574e578a0686477e6327d3,mixed,,false,Source and redistribution terms must be linked file by file.
assets/data/pokemon/Abomasnow.json,assets/data,.json,1217,c1a765dff3ecdef22dd26584e8da50e4030b35074333f58444f3ca4c0ba8b082,mixed,,false,Source and redistribution terms must be linked file by file.
assets/data/pokemon/Abra.json,assets/data,.json,1238,64f5bdc0952bcf8c7c0a1b33130e1ade9d289d8ec75859aeb8974e41292be910,mixed,,false,Source and redistribution terms must be linked file by file.
assets/data/pokemon/Absol.json,assets/data,.json,1755,21409bc4a45331ed05a6b8e3ca443591f63dc6c86512aaae80508168a6071b3c,mixed,,false,Source and redistribution terms must be linked file by file.
assets/data/pokemon/Accelgor.json,assets/data,.json,1169,d7a7b64e6f9f389f55da68a1154dffb89ff7d2a2628a4597a06aa9708fe5c409,mixed,,false,Source and redistribution terms must be linked file by file.
assets/data/pokemon/Aegislash.json,assets/data,.json,1622,11fed10b12efe56a06d860e0c9d16d9712a9d3dcfd5918a440860e5ac6de6b9a,mixed,,false,Source and redistribution terms must be linked file by file.
assets/data/pokemon/Aerodactyl.json,assets/data,.json,1601,e99558538441c8690ec725dc2f1e5e1471141182e48776f2c115c3bae42a7a7c,mixed,,false,Source and redistribution terms must be linked file by file.
assets/data/pokemon/Aggron.json,assets/data,.json,1489,1d33c20b1b448f0a1525a88ee2ae4c8e93777384c12af7eff2d4f5656a769738,mixed,,false,Source and redistribution terms must be linked file by file.
assets/data/pokemon/Aipom.json,assets/data,.json,1546,bd17e6ea66493a43e9bd30414955e00ea0a2bae300b8d18d718884cc45675d6a,mixed,,false,Source and redistribution terms must be linked file by file.
assets/data/pokemon/Alakazam.json,assets/data,.json,1316,d45657321b3e92c78500903eee50284db76a55db456dd3067799a76b5456157c,mixed,,false,Source and redistribution terms must be linked file by file.
assets/data/pokemon/Alomomola.json,assets/data,.json,1400,246b33077c688525d227e07c8381c0cb18cdae8104f0bcdd5af42e187a009fb0,mixed,,false,Source and redistribution terms must be linked file by file.
assets/data/pokemon/Altaria.json,assets/data,.json,1361,37cc9b0a990a6807526a93778224a0dadfd7dd58c609a92ec049156421f19b12,mixed,,false,Source and redistribution terms must be linked file by file.
assets/data/pokemon/Amaura.json,assets/data,.json,1532,167585d987f2980fbb57fe92fe33ea5348f73190781bee17df8fcb42b166bfc5,mixed,,false,Source and redistribution terms must be linked file by file.
assets/data/pokemon/Ambipom.json,assets/data,.json,1276,8cf8895a15853b82a4a71ae03bc2cf6faf5a910deaeabd2271132fcdeb10ab10,mixed,,false,Source and redistribution terms must be linked file by file.
assets/data/pokemon/Amoonguss.json,assets/data,.json,1207,3e9321a22294940b98268a75479132582633568a526b6ec658b908a735cd99a6,mixed,,false,Source and redistribution terms must be linked file by file.
assets/data/pokemon/Ampharos.json,assets/data,.json,1294,bd407ecc00f62eaefd93b956f01a54f46bd90fed7760190a4e35d8469a0e67c1,mixed,,false,Source and redistribution terms must be linked file by file.
assets/data/pokemon/Anorith.json,assets/data,.json,1465,07d059ed98c8e403932f87e5a0122ce1c851a05ad494dcca5c70f00f1d5be492,mixed,,false,Source and redistribution terms must be linked file by file.
assets/data/pokemon/Araquanid.json,assets/data,.json,1182,a4878790382253559c2c801035a8931b820a3732bfabfbb558a13550a33a6906,mixed,,false,Source and redistribution terms must be linked file by file.
assets/data/pokemon/Arbok.json,assets/data,.json,1383,3be2e38d3bb0ec082b38508d0eab1d716556ab6035beccd30ccb03f0ec4d5953,mixed,,false,Source and redistribution terms must be linked file by file.
assets/data/pokemon/Arcanine.json,assets/data,.json,982,c86feec12969547b46cf06e9a0d8f785129dc6ae9c6b3a8279feda76dc02e731,mixed,,false,Source and redistribution terms must be linked file by file.
assets/data/pokemon/Arceus.json,assets/data,.json,5055,766245eb0d215634838ae49bfa104e916543bcf405f6f87425c144f7af70e29c,mixed,,false,Source and redistribution terms must be linked file by file.
assets/data/pokemon/Archen.json,assets/data,.json,1488,051adcd1c0f8f59dc414f8723ef134cce57084511c73ffa6d2ab3e26b1541751,mixed,,false,Source and redistribution terms must be linked file by file.
assets/data/pokemon/Archeops.json,assets/data,.json,1286,700107b29b3f1bea3b01ec2a402ba4e68cc35493f7840d1a9849ac505b9b45bd,mixed,,false,Source and redistribution terms must be linked file by file.
assets/data/pokemon/Ariados.json,assets/data,.json,1440,9c7a05d96a269d7a3228c50438498dffcb71c5159c1459f432d57c94b0bba46d,mixed,,false,Source and redistribution terms must be linked file by file.
assets/data/pokemon/Armaldo.json,assets/data,.json,1264,a4258e0d1c7bd1e80bb3230d67c569e66cf08de5d73f306b6fce4835202839c4,mixed,,false,Source and redistribution terms must be linked file by file.
assets/data/pokemon/Aromatisse.json,assets/data,.json,1347,b8a1e8e27279949635faf6ed11877f8961a5d0096dca66096a3bc504786cf991,mixed,,false,Source and redistribution terms must be linked file by file.
assets/data/pokemon/Aron.json,assets/data,.json,1564,8fe0e0ff803377aca5d4f24b28f8bd821cca18e53a1034a46b59723ddf27d057,mixed,,false,Source and redistribution terms must be linked file by file.
assets/data/pokemon/Articuno.json,assets/data,.json,1252,f28f3d1ae8235f1067242300772af459d5b74bddb515ca3fb24cf19368d926b8,mixed,,false,Source and redistribution terms must be linked file by file.
assets/data/pokemon/Audino.json,assets/data,.json,1668,af629288a9d0474af949646647a4967e1bb53626bf920846dbd430df1eab1a73,mixed,,false,Source and redistribution terms must be linked file by file.
assets/data/pokemon/Aurorus.json,assets/data,.json,1406,a2c990c797b091a5809b48f2983305384e0a2503da304086d0551f7f1cc618d2,mixed,,false,Source and redistribution terms must be linked file by file.
assets/data/pokemon/Avalugg.json,assets/data,.json,1294,5fceeceee0a81b154d79270c1358396a810c74dd033cb31d7c2dca7244d8af75,mixed,,false,Source and redistribution terms must be linked file by file.
assets/data/pokemon/Axew.json,assets/data,.json,1438,aa470606987cd9b2330b0ecb7adb4a3724d4922d055afcad5258077d18eb67b0,mixed,,false,Source and redistribution terms must be linked file by file.
assets/data/pokemon/Azelf.json,assets/data,.json,1333,131be54a0558ec49244b247226eeea89bdaa87bf077bac88a299258df9133d21,mixed,,false,Source and redistribution terms must be linked file by file.
assets/data/pokemon/Azumarill.json,assets/data,.json,1259,180aa333b6b7e71f7981969dcd667e4534562c8062033ebf68c60d729adacb56,mixed,,false,Source and redistribution terms must be linked file by file.
assets/data/pokemon/Azurill.json,assets/data,.json,1407,33026c3f584031e7febc66be8b74a9c15eeb436ec41afe0a28916df995345e08,mixed,,false,Source and redistribution terms must be linked file by file.
assets/data/pokemon/Bagon.json,assets/data,.json,1376,05f5fef92b829331624cff08c749fc2051a980f428e6047c78d3c80044b929ac,mixed,,false,Source and redistribution terms must be linked file by file.
assets/data/pokemon/Baltoy.json,assets/data,.json,1420,1f00437f2e44c080d243c172ce8e18a240d073d6c1e3235f06f43ebbe9e2ed34,mixed,,false,Source and redistribution terms must be linked file by file.
assets/data/pokemon/Banette.json,assets/data,.json,1329,5d9c40263f69cf21f459c565e6ceddddc8b252096b0ef21be4b25c02ab70ee43,mixed,,false,Source and redistribution terms must be linked file by file.
assets/data/pokemon/Barbaracle.json,assets/data,.json,1523,3b1c35662bb458c05868170970bca53e3595036b7833ad8c95384100befab8e9,mixed,,false,Source and redistribution terms must be linked file by file.
assets/data/pokemon/Barboach.json,assets/data,.json,1461,0219ddbe1efc67dd2975840d5f730a55b721b91bd890143a58becc53fd326ab6,mixed,,false,Source and redistribution terms must be linked file by file.
assets/data/pokemon/Basculin.json,assets/data,.json,1347,64d4de53403385776134744c0fdb10b85f2728d8703a711bf239a33c032baa00,mixed,,false,Source and redistribution terms must be linked file by file.
assets/data/pokemon/Bastiodon.json,assets/data,.json,1225,afc72e55be39089e0fcfbeb65dfda60f7c0503bd453604910942776131fb648a,mixed,,false,Source and redistribution terms must be linked file by file.
assets/data/pokemon/Bayleef.json,assets/data,.json,1151,3763f91e4bec1752cce0ef967d100a09db5f788c81055608dc143c19448d337b,mixed,,false,Source and redistribution terms must be linked file by file.
assets/data/pokemon/Beartic.json,assets/data,.json,1304,31cb99b3075d6b05b39ffea9d578fb20975737322a1fbee075a6a455a9cae648,mixed,,false,Source and redistribution terms must be linked file by file.
assets/data/pokemon/Beautifly.json,assets/data,.json,1157,121a2288ab0b87b6dc80ae6c5813159e011ca9142b9f0a8fa699b71514b40e27,mixed,,false,Source and redistribution terms must be linked file by file.
assets/data/pokemon/Beedrill.json,assets/data,.json,1255,52b22b4eed6045ad9c860063d6aaf34d2040d9b201a3286d4f50feddb7bed76a,mixed,,false,Source and redistribution terms must be linked file by file.
assets/data/pokemon/Beheeyem.json,assets/data,.json,1440,5a665249c013821b5229dc0e88ec2900711a231edbf22e11127ca9ff987db8a4,mixed,,false,Source and redistribution terms must be linked file by file.
assets/data/pokemon/Beldum.json,assets/data,.json,574,215e0cc0e0119e2fbdbec559ae1b760f5c14f3bccf48ccba764d6655e7361d58,mixed,,false,Source and redistribution terms must be linked file by file.
assets/data/pokemon/Bellossom.json,assets/data,.json,1073,bb10f8d2be7b0e3f9d71c1cec3b09c4abff18520cf36a0e08e175e7e39150ec8,mixed,,false,Source and redistribution terms must be linked file by file.
assets/data/pokemon/Bellsprout.json,assets/data,.json,1597,c95da5833d77ef9b2241d48239ca5791d0ca25ea5f2be2f34f1d048c5f3e01cb,mixed,,false,Source and redistribution terms must be linked file by file.
assets/data/pokemon/Bergmite.json,assets/data,.json,1288,c05dae8ca0610d0fa8b8159ff3f3a40397b21570978d21636de16339660ae15b,mixed,,false,Source and redistribution terms must be linked file by file.
assets/data/pokemon/Bewear.json,assets/data,.json,1246,da0892cbfdea0749b219fb09735169cdfaf422938fa46351351d774cade651fd,mixed,,false,Source and redistribution terms must be linked file by file.
assets/data/pokemon/Bibarel.json,assets/data,.json,1306,68eddec74121767cb0e446ae2e1a85eb91b4a582b3fc8e0eca1040d6939f7268,mixed,,false,Source and redistribution terms must be linked file by file.
assets/data/pokemon/Bidoof.json,assets/data,.json,1473,ba5c0721ba342625977a8ab3af1462a6c26cc8f8a01d1f8cc52181b2ff7969c8,mixed,,false,Source and redistribution terms must be linked file by file.
assets/data/pokemon/Binacle.json,assets/data,.json,1577,22145bdff49b2ec2d2cf7b7b5e9d0116d04e363b3e10790885f46a2131373763,mixed,,false,Source and redistribution terms must be linked file by file.
assets/data/pokemon/Bisharp.json,assets/data,.json,1404,20750592083f0e0e9b993c1924ed382323d53e07c13ff311c028a5aeff23e18a,mixed,,false,Source and redistribution terms must be linked file by file.
assets/data/pokemon/Blacephalon.json,assets/data,.json,1176,2633136bb7b222978a798c0ba4002d0370661d5918fdbd71dedc72bd5c27540e,mixed,,false,Source and redistribution terms must be linked file by file.
assets/data/pokemon/Blastoise.json,assets/data,.json,1234,839acaceb4d46a4606d93953059984a1f6088e9e2a83f8d88b59f7df0d649ed2,mixed,,false,Source and redistribution terms must be linked file by file.
assets/data/pokemon/Blaziken.json,assets/data,.json,1318,cb11d664b0db62d31c497ebf184eba47ab9f3e3512ee0b95aaccbf0376817f41,mixed,,false,Source and redistribution terms must be linked file by file.
assets/data/pokemon/Blissey.json,assets/data,.json,1396,8fb06530de8a8c04590120cf688dba1c74627e497743f5edae035c97f8f4cf88,mixed,,false,Source and redistribution terms must be linked file by file.
assets/data/pokemon/Blitzle.json,assets/data,.json,1351,e2e1132d9234d56e51fa76c04d45125f51be8b8e54c91ac48abd14e52d9505c6,mixed,,false,Source and redistribution terms must be linked file by file.
assets/data/pokemon/Boldore.json,assets/data,.json,1237,63ee803c31fe35fcbe50709ba35c69294d3ef43ce2f96c4305f8c065b7e38001,mixed,,false,Source and redistribution terms must be linked file by file.
assets/data/pokemon/Bonsly.json,assets/data,.json,1415,34221b5d42e6caba19e1fe67352657624349dea9088e8f8df1a683e21636036b,mixed,,false,Source and redistribution terms must be linked file by file.
assets/data/pokemon/Bouffalant.json,assets/data,.json,1394,043ab6f23b4b429652a6fd3b5e90ea446b1277b08b07929e5ce520f7b226b24e,mixed,,false,Source and redistribution terms must be linked file by file.
assets/data/pokemon/Bounsweet.json,assets/data,.json,1198,5d655fd90b468c92678a181b135e85846e57b1d1124dfa7ec8244f6db1b4c159,mixed,,false,Source and redistribution terms must be linked file by file.
assets/data/pokemon/Braixen.json,assets/data,.json,1256,56c2783f8cf4d503a03a44cb3df8facf9749803a5396cf9c6bb3a12a656126c0,mixed,,false,Source and redistribution terms must be linked file by file.
assets/data/pokemon/Braviary.json,assets/data,.json,1264,7979130bec96ca13bd8dfc3bd605b787af2fc28d32325a16ea2674fd71ac2f7c,mixed,,false,Source and redistribution terms must be linked file by file.
assets/data/pokemon/Breloom.json,assets/data,.json,1300,2461ddd6580114c2710fdca5b86ce6ff7a80e5448f2f55b462950ca20167f9af,mixed,,false,Source and redistribution terms must be linked file by file.
assets/data/pokemon/Brionne.json,assets/data,.json,1188,3511c03f75c1ab22f26109a446544f0f6bf2a3546812b00b8b5c2cdd0f278e4f,mixed,,false,Source and redistribution terms must be linked file by file.
assets/data/pokemon/Bronzong.json,assets/data,.json,1480,f164d3b7a315422cf2eaca84cadb88a80c4e62a14775eee251cb2f0538d7f2b1,mixed,,false,Source and redistribution terms must be linked file by file.
assets/data/pokemon/Bronzor.json,assets/data,.json,1426,91216e14cb59c8c47871c26e532ae9dbe0cfbc941077355a3a6fb6221ce99c24,mixed,,false,Source and redistribution terms must be linked file by file.
assets/data/pokemon/Bruxish.json,assets/data,.json,1347,f344c787e4c22deb9728a32f0f5339759b5f70f6d8a2815cf7a64df25ca1d8ef,mixed,,false,Source and redistribution terms must be linked file by file.
assets/data/pokemon/Budew.json,assets/data,.json,1302,8d9c99c2d8e9a4cdb7c993fb145518ac5a369139f72ad05e8ca980e930431bd2,mixed,,false,Source and redistribution terms must be linked file by file.
assets/data/pokemon/Buizel.json,assets/data,.json,1483,e78973ff3b15425f82873fc7c847909d5bda9baef2e2e9be8bf7db1ff5631f3b,mixed,,false,Source and redistribution terms must be linked file by file.
assets/data/pokemon/Bulbasaur.json,assets/data,.json,1552,a804c721a99120c3f954307238a50746916f8ddcc22b51074be5ab589f07e550,mixed,,false,Source and redistribution terms must be linked file by file.
assets/data/pokemon/Buneary.json,assets/data,.json,1666,f92be344abd04ea14a10cb25e60979c7901cbff44021de01bf9d6c12e271258a,mixed,,false,Source and redistribution terms must be linked file by file.
assets/data/pokemon/Bunnelby.json,assets/data,.json,1440,7dbdbd4b367bf50c76c5a82f7780e1ea6831a1b874ef724e935abc5f9221467d,mixed,,false,Source and redistribution terms must be linked file by file.
assets/data/pokemon/Burmy.json,assets/data,.json,751,107499c52c61381c241826511f31d80e6dc725376144a16c4824793e3dcd32b9,mixed,,false,Source and redistribution terms must be linked file by file.
assets/data/pokemon/Butterfree.json,assets/data,.json,1332,598f036a67172b1acafb5bb98371f468a2784304c0525d9068cfdf4a6e2b1113,mixed,,false,Source and redistribution terms must be linked file by file.
assets/data/pokemon/Buzzwole.json,assets/data,.json,1356,11c8c2e4b6af8f18dfa174e72d8e8692dc834f60ac8ed5203ea2af3337bf8a48,mixed,,false,Source and redistribution terms must be linked file by file.
assets/data/pokemon/Cacnea.json,assets/data,.json,1632,fd312c494d5a2e171c041f8e600a7e90d32e77e6ee238815d7ceef0c880a5a58,mixed,,false,Source and redistribution terms must be linked file by file.
assets/data/pokemon/Cacturne.json,assets/data,.json,1314,04294754503a05cdafa20ead35813a4a3dac266bd4373e48673720559d377c48,mixed,,false,Source and redistribution terms must be linked file by file.
assets/data/pokemon/Camerupt.json,assets/data,.json,1269,d28fd01fdad08ab4ece2bd95ffac69748ec1bd746ee52696e52026ef3198423b,mixed,,false,Source and redistribution terms must be linked file by file.
assets/data/pokemon/Carbink.json,assets/data,.json,1257,097af734a55251c7a88ab8aced24bf7b5a9e117cb896c15116f00a31e3bf630b,mixed,,false,Source and redistribution terms must be linked file by file.
assets/data/pokemon/Carnivine.json,assets/data,.json,1413,27adacfb1c2bca97d68ce8e0edd6eab5e80cdc5e70dee4c766d9e641bbf7a559,mixed,,false,Source and redistribution terms must be linked file by file.
assets/data/pokemon/Carracosta.json,assets/data,.json,1248,067a3e21f87c59e295f5c45c01d61277d31ae3a21741f27cf706198771adfe36,mixed,,false,Source and redistribution terms must be linked file by file.
assets/data/pokemon/Carvanha.json,assets/data,.json,1348,fce52531043827d79a22a05507a1f6ab6edce3f0e82f078b714e4b0c045218f5,mixed,,false,Source and redistribution terms must be linked file by file.
assets/data/pokemon/Cascoon.json,assets/data,.json,478,cf3ebdb3fc627495c9551b2c4ead8a435dd261b00b2cb62a2295c30327b99582,mixed,,false,Source and redistribution terms must be linked file by file.
assets/data/pokemon/Castform.json,assets/data,.json,2170,484a6d364fb4c3474a66760c8dff5395ae00f80674ec3da205565c3b0efe6906,mixed,,false,Source and redistribution terms must be linked file by file.
assets/data/pokemon/Caterpie.json,assets/data,.json,524,ba9abb0a158dd428a3fc1d0b7f6a60af329c06056453da20ddcb29d0fc8a31f6,mixed,,false,Source and redistribution terms must be linked file by file.
assets/data/pokemon/Celebi.json,assets/data,.json,1288,bf805c691f805688d7e706314cf97db05d59ea59fc0207a8a71b93d094c70489,mixed,,false,Source and redistribution terms must be linked file by file.
assets/data/pokemon/Celesteela.json,assets/data,.json,1323,836a447ea9bbf9f5f1ad6e979004b1a003e120c73b887eb0329217a5ae838b71,mixed,,false,Source and redistribution terms must be linked file by file.
assets/data/pokemon/Chandelure.json,assets/data,.json,991,e3cfbf65b7eef9e8f8b3d41f5bd89c73650fe81e2c02b12d3ea1cf53dbfd5b9f,mixed,,false,Source and redistribution terms must be linked file by file.
assets/data/pokemon/Chansey.json,assets/data,.json,1461,6960fb074c90f6991fc9a0a472b96f63066c5fe4a01a326206c172384a734aa0,mixed,,false,Source and redistribution terms must be linked file by file.
assets/data/pokemon/Charizard.json,assets/data,.json,1388,7820251841872f4c1b7ddffb6d2de3a7fcd43cf78b9850730b543484014a60c7,mixed,,false,Source and redistribution terms must be linked file by file.
assets/data/pokemon/Charjabug.json,assets/data,.json,1098,bfede77f44e9f5cee41c5d3400724dd5af2ce05b530370b71090783cb651b38f,mixed,,false,Source and redistribution terms must be linked file by file.
assets/data/pokemon/Charmander.json,assets/data,.json,1475,48588195fe736de7444260746c3d87b5729607dd213f4d65540496c98c5843be,mixed,,false,Source and redistribution terms must be linked file by file.
assets/data/pokemon/Charmeleon.json,assets/data,.json,1140,534325fbbcfa407134b93783fb9fd9be935b220487b94007db258f7f21e6a1e4,mixed,,false,Source and redistribution terms must be linked file by file.
assets/data/pokemon/Chatot.json,assets/data,.json,1417,5c1cf2383b253a3aed9718a0a15eed4991db7737c8ea3e94603e882e7dd4295a,mixed,,false,Source and redistribution terms must be linked file by file.
assets/data/pokemon/Cherrim.json,assets/data,.json,1045,b5a2886f00b601c4351a13d7d29fc358846f2b43cfe463f2adfb5853833f8c36,mixed,,false,Source and redistribution terms must be linked file by file.
assets/data/pokemon/Cherubi.json,assets/data,.json,1388,8eb6c686fce6003c54473ac5c625a2245b7f22fecfbdbe9514ad7dab3338b8a4,mixed,,false,Source and redistribution terms must be linked file by file.
assets/data/pokemon/Chesnaught.json,assets/data,.json,1382,9e547883396da4a22db64c287579062a925fef1411ab6e83ac2691d0d742910e,mixed,,false,Source and redistribution terms must be linked file by file.
assets/data/pokemon/Chespin.json,assets/data,.json,1428,bbf3f5dc2e277c2d4f6a84b1ccf2e1e59199379e789a929a4413c02f2d065100,mixed,,false,Source and redistribution terms must be linked file by file.
assets/data/pokemon/Chikorita.json,assets/data,.json,1493,08c8e6ee63567a97fb04fc00b4ec799cc45637f89c108f2117ebde1de1c444cb,mixed,,false,Source and redistribution terms must be linked file by file.
assets/data/pokemon/Chimchar.json,assets/data,.json,1528,69e9b096e246dd267adb977f62c13e61991b083e5e47ad82c5bdd16ffaaf2ea8,mixed,,false,Source and redistribution terms must be linked file by file.
assets/data/pokemon/Chimecho.json,assets/data,.json,1215,a84bea3f7db0478417edf438baa3a27bdaccfc2ead6398a5a0834abc6149a477,mixed,,false,Source and redistribution terms must be linked file by file.
assets/data/pokemon/Chinchou.json,assets/data,.json,1492,0652eabbcb28aefae63adb261e157f19f2d329b43a824c6bba45c67424e9e54a,mixed,,false,Source and redistribution terms must be linked file by file.
assets/data/pokemon/Chingling.json,assets/data,.json,1248,5bff91d0dbf1a00feed9b20df0bccd545947b95d1e0c775d309db1f8427793ae,mixed,,false,Source and redistribution terms must be linked file by file.
assets/data/pokemon/Cinccino.json,assets/data,.json,1000,5f0662275acc4a1915b113b9aa64830bed83e3a59af5ceda22a90150cd488c91,mixed,,false,Source and redistribution terms must be linked file by file.
assets/data/pokemon/Clamperl.json,assets/data,.json,1083,34ca15248a4407d556d567d65a0b65b48e9aeab4fa92104942536eaac10313a7,mixed,,false,Source and redistribution terms must be linked file by file.
assets/data/pokemon/Clauncher.json,assets/data,.json,1286,04608a314bb51f07f510c355e61464d56367e950e1f7145872b80afe211a6136,mixed,,false,Source and redistribution terms must be linked file by file.
assets/data/pokemon/Clawitzer.json,assets/data,.json,1230,676a3f6469b2ccde2d8a016d34748871735528f13aa98546b3ffacde32168338,mixed,,false,Source and redistribution terms must be linked file by file.
assets/data/pokemon/Claydol.json,assets/data,.json,1415,7296540a07caf8d1ab429661b5aea5569ba54d675daba37706ed1ba99c697010,mixed,,false,Source and redistribution terms must be linked file by file.
assets/data/pokemon/Clefable.json,assets/data,.json,1124,1526aa2058fddcba5b22466fce561fbdcdc4041719e2386bf0a93fdfd0c95826,mixed,,false,Source and redistribution terms must be linked file by file.
assets/data/pokemon/Clefairy.json,assets/data,.json,1596,a6e91aecead4f5472f5f8f4361442d7aa33d4fbf6621cb79dea26aa10a6a5568,mixed,,false,Source and redistribution terms must be linked file by file.
assets/data/pokemon/Cleffa.json,assets/data,.json,1354,40f421db71dcaa730dab6c945720ac513c1d02f70cb6a75a2d47d2344a455f72,mixed,,false,Source and redistribution terms must be linked file by file.
assets/data/pokemon/Cloyster.json,assets/data,.json,1096,3ac79135360b641b28e3edf86a1e7adcbdbcac033a2f1b23ea141f0eafd8769c,mixed,,false,Source and redistribution terms must be linked file by file.
assets/data/pokemon/Cobalion.json,assets/data,.json,1242,363c8324a05848a167ba9ef3f8950ea28f493530e62001ae18b767eef796190c,mixed,,false,Source and redistribution terms must be linked file by file.
assets/data/pokemon/Cofagrigus.json,assets/data,.json,1230,4db6d20c8665e7d5f1229a8018b536a3a4cd0b85b3c04114cd8dd440ac773809,mixed,,false,Source and redistribution terms must be linked file by file.
assets/data/pokemon/Combee.json,assets/data,.json,671,1f6f599229ac016cd43af67bff1a3effda263c9f19872190d379109bc119582c,mixed,,false,Source and redistribution terms must be linked file by file.
assets/data/pokemon/Combusken.json,assets/data,.json,1247,601c5f9a764a65563e2b724deaea49a8f961371e02366fe7419b3f01b9473bd1,mixed,,false,Source and redistribution terms must be linked file by file.
assets/data/pokemon/Comfey.json,assets/data,.json,1426,3fed7e1877b3af512ca213fc4f5422e1829ceb5f1b3dff4e5ba24a3461ecd09f,mixed,,false,Source and redistribution terms must be linked file by file.
assets/data/pokemon/Conkeldurr.json,assets/data,.json,1264,87391bd84355538f4551dc0d14b5750761ff4414562f220e1d4d0e2b47e24621,mixed,,false,Source and redistribution terms must be linked file by file.
assets/data/pokemon/Corphish.json,assets/data,.json,1564,6b9a6d7d12de2a8f15deea97790e10017ad63f5759a23481c8852b859b248735,mixed,,false,Source and redistribution terms must be linked file by file.
assets/data/pokemon/Corsola.json,assets/data,.json,1670,81c55879b796edcd9c9b0462236e0b264f220abb9515cdb59f0270daf52da455,mixed,,false,Source and redistribution terms must be linked file by file.
assets/data/pokemon/Cosmoem.json,assets/data,.json,596,b2f1584d106e463653d1e52e8f3bb1974dc8f8d870c5a119544f5771d3824d8c,mixed,,false,Source and redistribution terms must be linked file by file.
assets/data/pokemon/Cosmog.json,assets/data,.json,615,9aa7b6b27f2934ad574c5ca46b858eae61d254d9ed781ddb4a2da94ef3ffc4a6,mixed,,false,Source and redistribution terms must be linked file by file.
assets/data/pokemon/Cottonee.json,assets/data,.json,1472,42a0b8d88e702d39b3b2cd5dbc5344fe3590d1098f024ab6198139e586723724,mixed,,false,Source and redistribution terms must be linked file by file.
assets/data/pokemon/Crabominable.json,assets/data,.json,1278,d2335802a48f7df14788dd10d6c4b7bf7c4d1d3569fd2f7b2fe889d9d1af236e,mixed,,false,Source and redistribution terms must be linked file by file.
assets/data/pokemon/Crabrawler.json,assets/data,.json,1336,61d8c16c5d3f46c55320efc3f5bdee4091409dae9b8a605e1bb8077a9239bac6,mixed,,false,Source and redistribution terms must be linked file by file.
assets/data/pokemon/Cradily.json,assets/data,.json,1257,13e4551e8b75821ae22429c84612654e26be367a814cba20736a28f19f3069b1,mixed,,false,Source and redistribution terms must be linked file by file.
assets/data/pokemon/Cranidos.json,assets/data,.json,1457,6fda27f64a26b6056b146bdd46cc5fbae1fb47b446bd80ac235633d02a151d58,mixed,,false,Source and redistribution terms must be linked file by file.
assets/data/pokemon/Crawdaunt.json,assets/data,.json,1329,9c73b6178b9e90c111c1ff6aca92c9729212a2db2855da28b62904161fbca77f,mixed,,false,Source and redistribution terms must be linked file by file.
assets/data/pokemon/Cresselia.json,assets/data,.json,1194,24f4be2f050707ec6e2b05e1c13773945871f24036d4c1164bf29a6627144c07,mixed,,false,Source and redistribution terms must be linked file by file.
assets/data/pokemon/Croagunk.json,assets/data,.json,1746,4f0a3f7d1aee425078900ad2d364b9d829ffdcdc4e7654848535a1169414767e,mixed,,false,Source and redistribution terms must be linked file by file.
assets/data/pokemon/Crobat.json,assets/data,.json,1302,e4ab269c5a717d690789f60b5475e30dc88aa9e2923c35586489dcaffe4a36a8,mixed,,false,Source and redistribution terms must be linked file by file.
assets/data/pokemon/Croconaw.json,assets/data,.json,1222,fc65c7614007b473eede5b749da6818cda6ffd277ae0697c41b4e97c6da7ac6b,mixed,,false,Source and redistribution terms must be linked file by file.
assets/data/pokemon/Crustle.json,assets/data,.json,1318,c8683027755e0b50e1dcccf8c60ea49124eb74dd44c9dadf0d137447e923251c,mixed,,false,Source and redistribution terms must be linked file by file.
assets/data/pokemon/Cryogonal.json,assets/data,.json,1214,908d9a92587e118ace249f0f08c7875e2e5e6a4750bcf5495669808fee3fa7fc,mixed,,false,Source and redistribution terms must be linked file by file.
assets/data/pokemon/Cubchoo.json,assets/data,.json,1375,7e2a0912be60f8f77135e69ba279975421425b9400a948a7c5b463144f24ee38,mixed,,false,Source and redistribution terms must be linked file by file.
assets/data/pokemon/Cubone.json,assets/data,.json,1560,ed7f6e8376c53ae918b75fb4d8cc588408dc1f8e643336a146b546d920983d70,mixed,,false,Source and redistribution terms must be linked file by file.
assets/data/pokemon/Cutiefly.json,assets/data,.json,1355,a189fab0f6efc345d3c3c53549a9edbecaed0a0a78caa95cfcc1a3bbe9cc7baf,mixed,,false,Source and redistribution terms must be linked file by file.
assets/data/pokemon/Cyndaquil.json,assets/data,.json,1481,79a3c91170669849260ca7950e9aa7f9fe1755eaf9fae1859f2a5e6fed34fe62,mixed,,false,Source and redistribution terms must be linked file by file.
assets/data/pokemon/Darkrai.json,assets/data,.json,1335,62c11db4ca822d94c579d28281a0b2e4f71c0f303587611cc4617625e1c64c49,mixed,,false,Source and redistribution terms must be linked file by file.
assets/data/pokemon/Darmanitan.json,assets/data,.json,1925,e083dca47cf5f2166a4139fe842a5a26b020ea2de8fac4b347737ef942466e09,mixed,,false,Source and redistribution terms must be linked file by file.
assets/data/pokemon/Dartrix.json,assets/data,.json,1279,dc7b285ce55d8ec8f34334d5226ef03934d9431c3391ee9d3e5d0a25b1bea26a,mixed,,false,Source and redistribution terms must be linked file by file.
assets/data/pokemon/Darumaka.json,assets/data,.json,1462,4ac2d9d5be00a950de68b486637d6759b5812c95606c95a87edd3b06917cc996,mixed,,false,Source and redistribution terms must be linked file by file.
assets/data/pokemon/Decidueye.json,assets/data,.json,1398,967a31ef3a034cdb2a28b12e5e09b5c6c125d60caa7dd1128ee3fa887e3feceb,mixed,,false,Source and redistribution terms must be linked file by file.
assets/data/pokemon/Dedenne.json,assets/data,.json,1316,4d7ee547d8915301b92120454359f7cb3eabda8c5dfe884254f26bc6174413f8,mixed,,false,Source and redistribution terms must be linked file by file.
assets/data/pokemon/Deerling.json,assets/data,.json,1469,39ac94106420d8731700741d4232ccb0f30882b7b718f5444c5c2546b419951b,mixed,,false,Source and redistribution terms must be linked file by file.
assets/data/pokemon/Deino.json,assets/data,.json,1413,211c4dad19cf76e018875e90a3219219024803ed889eff7e2494ff95dcd23f66,mixed,,false,Source and redistribution terms must be linked file by file.
assets/data/pokemon/Delcatty.json,assets/data,.json,1028,c812ec1456b60bff1e60272b843a5dcae7673f185326e42a75f73df1858ef310,mixed,,false,Source and redistribution terms must be linked file by file.
assets/data/pokemon/Delibird.json,assets/data,.json,1146,ff19a8f00aae7b0df815a24efad5e102f59a468c61d9862a4f8d1fb4f48cdaf4,mixed,,false,Source and redistribution terms must be linked file by file.
assets/data/pokemon/Delphox.json,assets/data,.json,1395,bcdfade073a9ce8afbdb9698368645d86f35c41d60ef97e6a8dc438ed2d0bd4b,mixed,,false,Source and redistribution terms must be linked file by file.
assets/data/pokemon/Deoxys.json,assets/data,.json,1999,7056d76cc2c00370d450604a6f69c7c530ff3168d0801287d62dc1eebbad44c0,mixed,,false,Source and redistribution terms must be linked file by file.
assets/data/pokemon/Dewgong.json,assets/data,.json,1222,e13a4b3559800de64f1ea134edb180d5dc8e63d38f00d7ccec3e19236dac7439,mixed,,false,Source and redistribution terms must be linked file by file.
assets/data/pokemon/Dewott.json,assets/data,.json,1218,e366a337a769dac02b0608790f02be57123474994d9bee8bb0157ca70d096120,mixed,,false,Source and redistribution terms must be linked file by file.
assets/data/pokemon/Dewpider.json,assets/data,.json,1319,954160ab0e173a0400db0889689ef458f58f00e04206e2702cbf1d0e1d3faecc,mixed,,false,Source and redistribution terms must be linked file by file.
assets/data/pokemon/Dhelmise.json,assets/data,.json,1283,1724bdf2f8e47d3f984fe01edf82b1c0edcc64302ec450be82d3f06f4f459b5e,mixed,,false,Source and redistribution terms must be linked file by file.
assets/data/pokemon/Dialga.json,assets/data,.json,1315,5a9f2880c494103a50e5d7b6d799bbc005e55d767a3ad670472dedc407f8f20d,mixed,,false,Source and redistribution terms must be linked file by file.
assets/data/pokemon/Diancie.json,assets/data,.json,1306,5c3ff5e343a8108e60b51bd21c1fda549a30b1eb13f9a2f032ad6ccf842ed5a4,mixed,,false,Source and redistribution terms must be linked file by file.
assets/data/pokemon/Diggersby.json,assets/data,.json,1451,9e485042e5a6529bbd7fd171b60fa059e59a45a6a859daf348982e8a2710b59d,mixed,,false,Source and redistribution terms must be linked file by file.
assets/data/pokemon/Diglett.json,assets/data,.json,3745,083e5067e87333fb52c3a5e1d065b2e8b8fc3cd7ae51af8f4f5df6c3665d4db3,mixed,,false,Source and redistribution terms must be linked file by file.
assets/data/pokemon/Ditto.json,assets/data,.json,547,fff9900cb444caf89de0c9f065af12f24a62853d19024e840f081d37c75ff502,mixed,,false,Source and redistribution terms must be linked file by file.
assets/data/pokemon/Dodrio.json,assets/data,.json,1221,1ff32eada6d257115da96e316d89d3512e5db669fa1572cd99d6859bbd41f8c3,mixed,,false,Source and redistribution terms must be linked file by file.
assets/data/pokemon/Doduo.json,assets/data,.json,1419,2275e8263334e25669b7a07b3c718267e23201e575cb6f733d53453c4cb045ba,mixed,,false,Source and redistribution terms must be linked file by file.
assets/data/pokemon/Donphan.json,assets/data,.json,1207,a3b3a0d022f799dc64e451d2040da7cd0bbdd51b3d0340f9f31cf41eadd2b836,mixed,,false,Source and redistribution terms must be linked file by file.
assets/data/pokemon/Doublade.json,assets/data,.json,1137,9c24997320edbc66f82f41191c159fa335eef132af06de8c7c483be4cd118bc1,mixed,,false,Source and redistribution terms must be linked file by file.
assets/data/pokemon/Dragalge.json,assets/data,.json,1286,a831feed2aac1baca666510448d1f6d93b43325aff61710acc5e0feba1cdb2e8,mixed,,false,Source and redistribution terms must be linked file by file.
assets/data/pokemon/Dragonair.json,assets/data,.json,1220,adbe55c7cd5f6ae35a0ee096fdd1efc2623c36c34fb969ee6c73b03a96d2a640,mixed,,false,Source and redistribution terms must be linked file by file.
assets/data/pokemon/Dragonite.json,assets/data,.json,1425,b0cbcd0f288b1ed1fcbc7a01035395d9035257fa1a32e8f48c578af3d7fa21ac,mixed,,false,Source and redistribution terms must be linked file by file.
assets/data/pokemon/Drampa.json,assets/data,.json,1477,3e610183bd2a8295cc74550df12a296ec42e54917f3304cbcf4f59234b9413f7,mixed,,false,Source and redistribution terms must be linked file by file.
assets/data/pokemon/Drapion.json,assets/data,.json,1537,0d6c54fa195488dcac058423ccb2628ce20a807632fb6cb19a7f42532f8fdc5b,mixed,,false,Source and redistribution terms must be linked file by file.
assets/data/pokemon/Dratini.json,assets/data,.json,1479,810788939a6bc16b1aefce20357b2aaf91a3ffd3dec5dba49e66cd23877484da,mixed,,false,Source and redistribution terms must be linked file by file.
assets/data/pokemon/Drifblim.json,assets/data,.json,1260,0f6aa5d3230832ce2f3121455e5314ab80b6522080c848302080145917004612,mixed,,false,Source and redistribution terms must be linked file by file.
assets/data/pokemon/Drifloon.json,assets/data,.json,1479,ee825b8b0040d2a9c7aa5a277dbe8b420577987692c82743399472cbd96a91c0,mixed,,false,Source and redistribution terms must be linked file by file.
assets/data/pokemon/Drilbur.json,assets/data,.json,1475,9ffb09c391a39bb7828dc2071ab0fa2efb5fb1a86678821eac79883a7e3b651f,mixed,,false,Source and redistribution terms must be linked file by file.
assets/data/pokemon/Drowzee.json,assets/data,.json,1591,624ce0822425e1574a2bedb13b013ec15a6e98f24287990dd0c5cb82e8fe6f8f,mixed,,false,Source and redistribution terms must be linked file by file.
assets/data/pokemon/Druddigon.json,assets/data,.json,1608,27e769f526b0d3ff6b19597f86703692e1526b3ed08860019f9b0817d5a1a8c7,mixed,,false,Source and redistribution terms must be linked file by file.
assets/data/pokemon/Ducklett.json,assets/data,.json,1395,3c7909c3819a8ca1163cb7f06cf080c727a11fede90baca36091aab1dd7fcb46,mixed,,false,Source and redistribution terms must be linked file by file.
assets/data/pokemon/Dugtrio.json,assets/data,.json,3104,3f7033197aa55fbd4ec37d422d7753df6eeb616696c926a5053faa6375f875cf,mixed,,false,Source and redistribution terms must be linked file by file.
assets/data/pokemon/Dunsparce.json,assets/data,.json,1791,3ec393b2d3c6df042c12a425e74733ec5a49530aefbb5242cdd3dadcb8ce5fed,mixed,,false,Source and redistribution terms must be linked file by file.
assets/data/pokemon/Duosion.json,assets/data,.json,1317,fb48f4409719b05bb916fdf37c1396156cd378da8f9379ff039192e9b7b862e1,mixed,,false,Source and redistribution terms must be linked file by file.
assets/data/pokemon/Durant.json,assets/data,.json,1380,49b88155d212d88d0cac2a176cee08be2702fcec1ba0d958f0696c83181a2099,mixed,,false,Source and redistribution terms must be linked file by file.
assets/data/pokemon/Dusclops.json,assets/data,.json,1458,89e35f9390887dd562f42d8887d21d823cd66c60719c6ce835dadb1589051067,mixed,,false,Source and redistribution terms must be linked file by file.
assets/data/pokemon/Dusknoir.json,assets/data,.json,1450,8a4890fb71336d09f450bb632c968883034145629fadfa90da1c03b6af457596,mixed,,false,Source and redistribution terms must be linked file by file.
assets/data/pokemon/Duskull.json,assets/data,.json,1532,9fd781befc361f62358ccf25c757518c47f415138b667b24a1031509e4a168cd,mixed,,false,Source and redistribution terms must be linked file by file.
assets/data/pokemon/Dustox.json,assets/data,.json,1224,798ebb0a9ca4f03d08225aa10f9747e09c2b958cd0929647717c789ecc47f2aa,mixed,,false,Source and redistribution terms must be linked file by file.
assets/data/pokemon/Dwebble.json,assets/data,.json,1530,1b9c4bccadb3b25987056e1a24a4e869c1560cdf3f745ace102b492cf638cc20,mixed,,false,Source and redistribution terms must be linked file by file.
assets/data/pokemon/Eelektrik.json,assets/data,.json,1142,f35a4baa6eee52b5a55c4abbe5beb41d697a7e63be6c15478d047d39ea57107c,mixed,,false,Source and redistribution terms must be linked file by file.
assets/data/pokemon/Eelektross.json,assets/data,.json,1017,7ec430fe60e2cf3ad098521c8d251c9f64995ba5968d0cb30d7a876f18c7cd7a,mixed,,false,Source and redistribution terms must be linked file by file.
assets/data/pokemon/Eevee.json,assets/data,.json,1477,8a2bf5957a67e3aba48a03c22be27cccb67fab695026826d84acee1aebc201c2,mixed,,false,Source and redistribution terms must be linked file by file.
assets/data/pokemon/Ekans.json,assets/data,.json,1549,fc60452ed7910b32db96755f5fbe4fbb9323e182987c08a8ba15eacdf090fe25,mixed,,false,Source and redistribution terms must be linked file by file.
assets/data/pokemon/Electabuzz.json,assets/data,.json,1211,75c0640f6edb148d6bbb29f4a4ed3f02e896211e6e2d7a14a47a0ea577888ca2,mixed,,false,Source and redistribution terms must be linked file by file.
assets/data/pokemon/Electivire.json,assets/data,.json,1313,5e576fd76fe2d8464fc2d7aabeafd181ca43dc9abbae99b8ce213b4cd9bb0335,mixed,,false,Source and redistribution terms must be linked file by file.
assets/data/pokemon/Electrike.json,assets/data,.json,1427,79843c7a3c0cd241b5bc78646ac78ed927188029b2968ba8a7d19b611b9bc343,mixed,,false,Source and redistribution terms must be linked file by file.
assets/data/pokemon/Electrode.json,assets/data,.json,1245,a02d3885682cab2577525962669a161b0c7c4e947f17827b46b980809f6fb5a5,mixed,,false,Source and redistribution terms must be linked file by file.
assets/data/pokemon/Elekid.json,assets/data,.json,1429,c10251000c5b4fdfb7f7a64b02912794224829cfef11d9097c3abeb1d249e4b4,mixed,,false,Source and redistribution terms must be linked file by file.
assets/data/pokemon/Elgyem.json,assets/data,.json,1647,cd27da3d798ac7e56ac5124013fb852e233548783dea1cbf36648f3a6543f152,mixed,,false,Source and redistribution terms must be linked file by file.
assets/data/pokemon/Emboar.json,assets/data,.json,1332,89f119c73fc4a81fef2ebc243728a09d00bd3536df1a4e1cb85d1bdc50fa978f,mixed,,false,Source and redistribution terms must be linked file by file.
assets/data/pokemon/Emolga.json,assets/data,.json,1481,cca7e5dca388149f5451a3f7e0ddf9f3b0749baf49160f41534422ef9ed4e583,mixed,,false,Source and redistribution terms must be linked file by file.
assets/data/pokemon/Empoleon.json,assets/data,.json,1270,2f50c186ac782a8a86deee3df19adab7a7147c241ffbe716ab977b2f6bf504d3,mixed,,false,Source and redistribution terms must be linked file by file.
assets/data/pokemon/Entei.json,assets/data,.json,1197,0362e9b0639bbb9e0f1c0e86181ebdf7fbbd85668e190f1c2e618e9e999fe318,mixed,,false,Source and redistribution terms must be linked file by file.
assets/data/pokemon/Escavalier.json,assets/data,.json,1206,87a1a06c88f9e76e65aa0fdad9ab0a94ed75a9d145b7d3432703eb54cb83cee1,mixed,,false,Source and redistribution terms must be linked file by file.
assets/data/pokemon/Espeon.json,assets/data,.json,1237,36fb3d1c15d8ea0d9ce51a744d0075ed3bc6849edf0782bdcca434246ff33546,mixed,,false,Source and redistribution terms must be linked file by file.
assets/data/pokemon/Espurr.json,assets/data,.json,1260,78bee982bd0d64eebb07222359905426dfffdad4a075cb4e280f02d6b839e407,mixed,,false,Source and redistribution terms must be linked file by file.
assets/data/pokemon/Excadrill.json,assets/data,.json,1319,5770f17bc89d4a90d95b6bfeee9eb1faed8f79382a392d12cf6088e082e7d04a,mixed,,false,Source and redistribution terms must be linked file by file.
assets/data/pokemon/Exeggcute.json,assets/data,.json,1588,92cdb72f49b87eeea32af6ba71b652190516163bbf667e0b68b6c65fdb733ff2,mixed,,false,Source and redistribution terms must be linked file by file.
assets/data/pokemon/Exeggutor.json,assets/data,.json,2857,aa111e0dffc25422e918f5705f76fc55d8ccef27367b9bb1d469d7d367ca7d66,mixed,,false,Source and redistribution terms must be linked file by file.
assets/data/pokemon/Exploud.json,assets/data,.json,1316,8786a45d27ece2b39fdec3d3dfc9b207d07c84f273de74e8b5685bec739f14b0,mixed,,false,Source and redistribution terms must be linked file by file.
assets/data/pokemon/Farfetch'd.json,assets/data,.json,1621,06b7ec048754c537b4684be5a22aa310d7b389b8126464bbe621e1401c058571,mixed,,false,Source and redistribution terms must be linked file by file.
assets/data/pokemon/Fearow.json,assets/data,.json,1124,a9c294f54cfa1c464819b5c6a6d0e38f064ec5007196fec89ee437d31ac3d546,mixed,,false,Source and redistribution terms must be linked file by file.
assets/data/pokemon/Feebas.json,assets/data,.json,1141,edc7afb77dd0b6a00013b82818f04f6a8917145a6abe37317548949421928d84,mixed,,false,Source and redistribution terms must be linked file by file.
assets/data/pokemon/Fennekin.json,assets/data,.json,1370,3a7958e7d186c3bc052180103711ebb41cb67212a58e68ee5e98adbcf790ace8,mixed,,false,Source and redistribution terms must be linked file by file.
assets/data/pokemon/Feraligatr.json,assets/data,.json,1246,fffa2216486c4b476ab9648d76e5882d722a4b8782fbdb8e253d93ae0db07df2,mixed,,false,Source and redistribution terms must be linked file by file.
assets/data/pokemon/Ferroseed.json,assets/data,.json,1379,078bb8da48b304720a5e78c2ff145b725bde9fa09ae60e91c2fc2a5fb30e66e7,mixed,,false,Source and redistribution terms must be linked file by file.
assets/data/pokemon/Ferrothorn.json,assets/data,.json,1328,d986b3b8b7215f7a1ab1eaf9784f70640a1e777d58ddd25cfcbff0ef5845d053,mixed,,false,Source and redistribution terms must be linked file by file.
assets/data/pokemon/Finneon.json,assets/data,.json,1461,6d26582f2bc9daa34da5bb357ada166599d35ad521edc6bb001032b92bdc7618,mixed,,false,Source and redistribution terms must be linked file by file.
assets/data/pokemon/Flaaffy.json,assets/data,.json,1180,1fed96f3126f6c0c5d0ce69ca9e68b67035a13b85fe6684397e50395daabd444,mixed,,false,Source and redistribution terms must be linked file by file.
assets/data/pokemon/Flabebe.json,assets/data,.json,1288,b79770063ee553186e50e9f3fd0fcf5ee49396dccaf59f46f8aa8c7268fa4b5d,mixed,,false,Source and redistribution terms must be linked file by file.
assets/data/pokemon/Flareon.json,assets/data,.json,1190,4e1b32ebf286e5f669ec3d4825f8046f78ebfe9100c5806395d2774fad42ce6a,mixed,,false,Source and redistribution terms must be linked file by file.
assets/data/pokemon/Fletchinder.json,assets/data,.json,1223,294c2f62179f03a39b1a31e8dab020100f7d24d4552b4aa6938c3c66537b6240,mixed,,false,Source and redistribution terms must be linked file by file.
assets/data/pokemon/Fletchling.json,assets/data,.json,1282,7cc45a1516346aded804038e1fdeda7b20e4266454bca340fabcdc9b751d6271,mixed,,false,Source and redistribution terms must be linked file by file.
assets/data/pokemon/Floatzel.json,assets/data,.json,1271,aba47e9225a891be6a91dd47d45e52a1aa28f31725b46a3bb9c73169ff96406b,mixed,,false,Source and redistribution terms must be linked file by file.
assets/data/pokemon/Floette.json,assets/data,.json,1188,63c407d267681aeb0ed6a7ca4c144123b029f13f9f5a1d9cde04c645cdde3181,mixed,,false,Source and redistribution terms must be linked file by file.
assets/data/pokemon/Florges.json,assets/data,.json,1158,59576866a9f0eb5cca265b08005c3ebb01b83e3c3e55eabefd1cf1d60e909975,mixed,,false,Source and redistribution terms must be linked file by file.
assets/data/pokemon/Flygon.json,assets/data,.json,1301,ee7925610826e8b2dd0accb91a58320e90a19e11c4076adc4498896e622ac9e8,mixed,,false,Source and redistribution terms must be linked file by file.
assets/data/pokemon/Fomantis.json,assets/data,.json,1229,9c69ae355669b940f7e769b962c914d37b6e0c2609712a112d2f461e654bfa21,mixed,,false,Source and redistribution terms must be linked file by file.
assets/data/pokemon/Foongus.json,assets/data,.json,1403,cd288b07f4bf514a6fa0c6ac9b5b018625089612acee475f1348102b504fec2a,mixed,,false,Source and redistribution terms must be linked file by file.
assets/data/pokemon/Forretress.json,assets/data,.json,1330,b8477f353a9d5fb0a37d72d6097fee19ac3483dd08bef73112ea9f35d7dda015,mixed,,false,Source and redistribution terms must be linked file by file.
assets/data/pokemon/Fraxure.json,assets/data,.json,1248,b5ff174249eb8c6c512b14ecc8be9f5dc555b12abaa0b856d4cbf29f05ef2df5,mixed,,false,Source and redistribution terms must be linked file by file.
assets/data/pokemon/Frillish.json,assets/data,.json,1466,db89936d23e8385784bf00f4b93a6113cd54027150973c95da7d94cc0d7dd05f,mixed,,false,Source and redistribution terms must be linked file by file.
assets/data/pokemon/Froakie.json,assets/data,.json,1368,149feeec8a8d17280a2a63469b7cf5b026f966d83eb0a31ddba667c0b045b8f2,mixed,,false,Source and redistribution terms must be linked file by file.
assets/data/pokemon/Frogadier.json,assets/data,.json,1230,3920883807f7502831ea82d306bb5e75e82e6b30f7870e2d73acd7f7e8c39628,mixed,,false,Source and redistribution terms must be linked file by file.
assets/data/pokemon/Froslass.json,assets/data,.json,1303,004bfe5ae80cf920907a64f7005e50768ccfb25592f70cf044f44a8980370700,mixed,,false,Source and redistribution terms must be linked file by file.
assets/data/pokemon/Furfrou.json,assets/data,.json,1215,937bc6aa378e39ea0301b7a31c1c7ec3134bb626b74dee069f2ccc0a54ceebc9,mixed,,false,Source and redistribution terms must be linked file by file.
assets/data/pokemon/Furret.json,assets/data,.json,1326,a937a657cf3e4b0218a647d52ffa60bf4ca95991358432cc7c52840358f06047,mixed,,false,Source and redistribution terms must be linked file by file.
assets/data/pokemon/Gabite.json,assets/data,.json,1200,2ca3650829dbee60ac53a695b4c33c909929e3d12cf756e4aa1b474452ee688b,mixed,,false,Source and redistribution terms must be linked file by file.
assets/data/pokemon/Gallade.json,assets/data,.json,1602,2d80b67e47a6e14b7a8a748fde2cd8c2a18e6d91391f18639b31f8efc09c2912,mixed,,false,Source and redistribution terms must be linked file by file.
assets/data/pokemon/Galvantula.json,assets/data,.json,1286,fca2e565b155c55c02343f14d63d5e3ee980da0b365b63bd36f8c25ec74317d7,mixed,,false,Source and redistribution terms must be linked file by file.
assets/data/pokemon/Garbodor.json,assets/data,.json,1197,8d4d6de1fd5e7c131e9080dce9b6e5c1f86a04ea1746d28a981b99f445c66196,mixed,,false,Source and redistribution terms must be linked file by file.
assets/data/pokemon/Garchomp.json,assets/data,.json,1315,d62dc1a128cb733b46763b42c1040b9644e9a2837919d684f68f9aafd93435f6,mixed,,false,Source and redistribution terms must be linked file by file.
assets/data/pokemon/Gardevoir.json,assets/data,.json,1460,87705f38d1b6bc07973f147885b753b91e5724a58a8990fc5279b4e6de357ec9,mixed,,false,Source and redistribution terms must be linked file by file.
assets/data/pokemon/Gastly.json,assets/data,.json,1603,ee09294e0fcd3aebf09a43f584a2e511add0d5ea0a75cf6145e037e9159f44bc,mixed,,false,Source and redistribution terms must be linked file by file.
assets/data/pokemon/Gastrodon.json,assets/data,.json,1195,e4c832b1d6568412c35341e2348f013857ca26d60fea2df3850beb32ffa73e1b,mixed,,false,Source and redistribution terms must be linked file by file.
assets/data/pokemon/Genesect.json,assets/data,.json,1412,53829704fe78b14c76564994d97548558c6f7526edec2cd26bbd5927c204a446,mixed,,false,Source and redistribution terms must be linked file by file.
assets/data/pokemon/Gengar.json,assets/data,.json,1358,20b29049f41bdbb7823d4ecdc840476841e3b031b44847ed8c5672bb050d0d3d,mixed,,false,Source and redistribution terms must be linked file by file.
assets/data/pokemon/Geodude.json,assets/data,.json,3902,7c57796738ac4097dca23605ef2324d785837b76948b44825fea6ecbba2e8759,mixed,,false,Source and redistribution terms must be linked file by file.
assets/data/pokemon/Gible.json,assets/data,.json,1434,d305b449b730b6c0ca843d6bec60d4e4fb482bf15ea22e95e1e9ce7eda97719e,mixed,,false,Source and redistribution terms must be linked file by file.
assets/data/pokemon/Gigalith.json,assets/data,.json,1197,e38c324a4e350241dab70a34154fe81a4b18bf2d08c09a5d72c1107a5444ac88,mixed,,false,Source and redistribution terms must be linked file by file.
assets/data/pokemon/Girafarig.json,assets/data,.json,1606,1415214842b2006e6427241b89ba9ae127c36ef90591a62c719893b5c437edbb,mixed,,false,Source and redistribution terms must be linked file by file.
assets/data/pokemon/Giratina.json,assets/data,.json,1961,02646e2e3ff78f791b249de998de27ecd004e004e7d0478e9999124eb5fc11bf,mixed,,false,Source and redistribution terms must be linked file by file.
assets/data/pokemon/Glaceon.json,assets/data,.json,1182,aa5af84f5831cf72f7e7454a7d299ef72349ea5b466fbfb05cbbdfad24514c2f,mixed,,false,Source and redistribution terms must be linked file by file.
assets/data/pokemon/Glalie.json,assets/data,.json,1170,cc57c1ba381d570f86478be7ae5b9b94e94e2024e3a1b9892bcabeb150d19356,mixed,,false,Source and redistribution terms must be linked file by file.
assets/data/pokemon/Glameow.json,assets/data,.json,1525,c9b4ee2cb1c8828acd90deb1e01ebc74ca818c4420c072d67a67f3a8067247a3,mixed,,false,Source and redistribution terms must be linked file by file.
assets/data/pokemon/Gligar.json,assets/data,.json,1755,46f3e40a22d6dea0be702a0b5a11921769ad3bf29331cb1f0158996c51f8b3eb,mixed,,false,Source and redistribution terms must be linked file by file.
assets/data/pokemon/Gliscor.json,assets/data,.json,1504,d8c6b927604fb9ae2dfbabae44c171d8b512d4f5b37656159ce9aebbd5a7ef8f,mixed,,false,Source and redistribution terms must be linked file by file.
assets/data/pokemon/Gloom.json,assets/data,.json,1268,b99a099cdae900dfe086cbb024253e5003f455ff2188f882c69484db10ab39b9,mixed,,false,Source and redistribution terms must be linked file by file.
assets/data/pokemon/Gogoat.json,assets/data,.json,1287,9850fa5644eb15d749dce2a1d3be312b456faef2593c3765b9205b0a88e8536c,mixed,,false,Source and redistribution terms must be linked file by file.
assets/data/pokemon/Golbat.json,assets/data,.json,1333,4d2907b685fa9431183410875795911cf776965d207305e325d7d380fa9993c7,mixed,,false,Source and redistribution terms must be linked file by file.
assets/data/pokemon/Goldeen.json,assets/data,.json,1398,e6a4e564990d4ebab3ce5d982fb87f0142e51177f4e520e5037914368943e807,mixed,,false,Source and redistribution terms must be linked file by file.
assets/data/pokemon/Golduck.json,assets/data,.json,1297,ff0179e6a25ff99a6d0df64a15cb80d35ec09a81ae3eaab66325e0c9bf347618,mixed,,false,Source and redistribution terms must be linked file by file.
assets/data/pokemon/Golem.json,assets/data,.json,3192,0e60805460f3d653892bce55962e41bbc9ae955d522b9acce957a7bf626589ec,mixed,,false,Source and redistribution terms must be linked file by file.
assets/data/pokemon/Golett.json,assets/data,.json,1324,f58788595245887a78d0aff2bbc842ae91a440c0a554bce1df1a7c8ffa3da9d3,mixed,,false,Source and redistribution terms must be linked file by file.
assets/data/pokemon/Golisopod.json,assets/data,.json,1395,04839f4b4d03de2b87f18a0915d63f18a046240e5e6727fe5f721044013c4fc2,mixed,,false,Source and redistribution terms must be linked file by file.
assets/data/pokemon/Golurk.json,assets/data,.json,1390,1099a6d5a17d0ec5dbcbc1db81e595e3198dd8003a802e9975d3e4a63f37c337,mixed,,false,Source and redistribution terms must be linked file by file.
assets/data/pokemon/Goodra.json,assets/data,.json,1213,388ea157d8c7a75fa85e16947b07abf2d5e7241f1a1507ff480f81ea7ffc70e7,mixed,,false,Source and redistribution terms must be linked file by file.
assets/data/pokemon/Goomy.json,assets/data,.json,1197,e5b83e9444003dd742836c6717a77d3c78ee132d302eeb531f2ac99d591fabfe,mixed,,false,Source and redistribution terms must be linked file by file.
assets/data/pokemon/Gorebyss.json,assets/data,.json,1245,b0934b4b7c8d7f843fde85c30e1fc40fadd8f7ebc88b200ebcf9cc0cbbd77750,mixed,,false,Source and redistribution terms must be linked file by file.
assets/data/pokemon/Gothita.json,assets/data,.json,1549,d89e0884f6d37518003d83042fd382dae901238eddf86697723612b693691f39,mixed,,false,Source and redistribution terms must be linked file by file.
assets/data/pokemon/Gothitelle.json,assets/data,.json,1337,656973f038a4e8ee33671d13108fea7a99c18e64eb288f6708bc6ccde4345521,mixed,,false,Source and redistribution terms must be linked file by file.
assets/data/pokemon/Gothorita.json,assets/data,.json,1385,65fcb7ee25e43c00364dc19ed51d6baa2c46c1319b8a5c96749f5169a501854c,mixed,,false,Source and redistribution terms must be linked file by file.
assets/data/pokemon/Gourgeist.json,assets/data,.json,2334,d0557d3fb6587259c86cb92ae4e59a4f21b9202b71de7fb92f3210c3010f0dc3,mixed,,false,Source and redistribution terms must be linked file by file.
assets/data/pokemon/Granbull.json,assets/data,.json,1365,38f1dd150c533b47e344c7bad125b727482896399b0db206ca6ae890b3c84f06,mixed,,false,Source and redistribution terms must be linked file by file.
assets/data/pokemon/Graveler.json,assets/data,.json,3209,95bdbf24e339b9aa857ffb6fbfa8432b9c3305e6bc919d178e1eb8727e68119b,mixed,,false,Source and redistribution terms must be linked file by file.
assets/data/pokemon/Greninja.json,assets/data,.json,1319,40747b153d6d21e8b6e3d3d0778f8ab4928bc668ae533d41e68ecd0d62bbd551,mixed,,false,Source and redistribution terms must be linked file by file.
assets/data/pokemon/Grimer.json,assets/data,.json,4101,5fc6877a8ccf958b4fd3dab2ae3ab59227a4b0e0879093a5af7cb1fdd7c75932,mixed,,false,Source and redistribution terms must be linked file by file.
assets/data/pokemon/Grotle.json,assets/data,.json,1106,01d58956e57c07191bff6edf7186b91cab878fe3d29e8d22157303cc19d66dc0,mixed,,false,Source and redistribution terms must be linked file by file.
assets/data/pokemon/Groudon.json,assets/data,.json,1298,35bb122c74f7c6ce311eb0a21428663c2ceb1402ede8e8afb4da1979d267c9d4,mixed,,false,Source and redistribution terms must be linked file by file.
assets/data/pokemon/Grovyle.json,assets/data,.json,1265,660395cd9ce067ea5fc74c5456fe55f5e76bb3029422126136401b1e613d8045,mixed,,false,Source and redistribution terms must be linked file by file.
assets/data/pokemon/Growlithe.json,assets/data,.json,1547,4c74a47de8cbc80d3010ef7161a754c2d4b72827550b27235871a2b47e237d53,mixed,,false,Source and redistribution terms must be linked file by file.
assets/data/pokemon/Grubbin.json,assets/data,.json,1021,373baa43d531347efe1700d25890f0221f7d4e44286b2cb39121c7e652701830,mixed,,false,Source and redistribution terms must be linked file by file.
assets/data/pokemon/Grumpig.json,assets/data,.json,1306,ac43052495687f41e99b440d726e0f5bf050ce92677d3cac9ee3b23f936bd572,mixed,,false,Source and redistribution terms must be linked file by file.
assets/data/pokemon/Gulpin.json,assets/data,.json,1398,1212fdf78b559bd0f408128f58cf362fc5f9615bb94de3e24c57a7b445eb2375,mixed,,false,Source and redistribution terms must be linked file by file.
assets/data/pokemon/Gumshoos.json,assets/data,.json,1203,fa5031e2ddbe47d5ddb212c72f31cbdd4a3e481b5871bf6c4673cf532a654063,mixed,,false,Source and redistribution terms must be linked file by file.
assets/data/pokemon/Gurdurr.json,assets/data,.json,1297,17a1459664b6ba75c13b3b2174f70de43c48d8db38261e5fb754d741da9100f9,mixed,,false,Source and redistribution terms must be linked file by file.
assets/data/pokemon/Guzzlord.json,assets/data,.json,1281,6c24e2eb6feeac983258ba766a4bcf9b68470cb6ecdf8795a725751f06ed9f4f,mixed,,false,Source and redistribution terms must be linked file by file.
assets/data/pokemon/Gyarados.json,assets/data,.json,1307,3ceee6e7d2dce2fcbc59e5a2d714c2e67a55709dca1a3c23ad3e681af98c456f,mixed,,false,Source and redistribution terms must be linked file by file.
assets/data/pokemon/Hakamo-o.json,assets/data,.json,1369,d41effaf23995ff54ce3461a9922738b1f82397304a611e5b57c21d841542dcc,mixed,,false,Source and redistribution terms must be linked file by file.
assets/data/pokemon/Happiny.json,assets/data,.json,1232,f5a436578ed7624e22af966bd20291d74e29bcba4b8b7cebc3e196b8b0608569,mixed,,false,Source and redistribution terms must be linked file by file.
assets/data/pokemon/Hariyama.json,assets/data,.json,1325,692023bae77a65e142dd91c671132dc5b2766692c75937a534a2ff14ffff1e17,mixed,,false,Source and redistribution terms must be linked file by file.
assets/data/pokemon/Haunter.json,assets/data,.json,1346,8cc8b975683ffe39a9200244c6e2d2e7c8a20a226e408d37d798000cdf39e900,mixed,,false,Source and redistribution terms must be linked file by file.
assets/data/pokemon/Hawlucha.json,assets/data,.json,1549,47bf3abd25dd41e9478315a53ea4cba7b002f0a38284648afb5b81b1d0f5b376,mixed,,false,Source and redistribution terms must be linked file by file.
assets/data/pokemon/Haxorus.json,assets/data,.json,1267,5c5eee030cea5cdc76b4ee24be16a6e9403f80241f6d1d99d35d4042ae9ecafc,mixed,,false,Source and redistribution terms must be linked file by file.
assets/data/pokemon/Heatmor.json,assets/data,.json,1506,f5787082ba4729fa4f1b5a2df3fe0ceb314bbf6ec16bf37b8f64a84fd264c1ef,mixed,,false,Source and redistribution terms must be linked file by file.
assets/data/pokemon/Heatran.json,assets/data,.json,1248,e33362f9fd0f828f2f4a46eb17f9b056c4c75bda474c5c9cd6afa4c04c0a43ae,mixed,,false,Source and redistribution terms must be linked file by file.
assets/data/pokemon/Heliolisk.json,assets/data,.json,1079,f2ffee1059a0b10b6d4a3b7c62660af321a38eb705fbbf5b10f976dae15e5e18,mixed,,false,Source and redistribution terms must be linked file by file.
assets/data/pokemon/Helioptile.json,assets/data,.json,1410,d0f4ecbc8c68d912492dbc9cbed28016b7670e39256b6382c78cd51d6fd39b39,mixed,,false,Source and redistribution terms must be linked file by file.
assets/data/pokemon/Heracross.json,assets/data,.json,1565,692454c33dd32bc60b854470c4a7b684d9f7ad2c7ed0b889bf93fd4b6743b435,mixed,,false,Source and redistribution terms must be linked file by file.
assets/data/pokemon/Herdier.json,assets/data,.json,1219,c66fcb7b9cdc2dbf1f0a71a795e49d5eeaa1c4675585f964003b71d4229b0aa4,mixed,,false,Source and redistribution terms must be linked file by file.
assets/data/pokemon/Hippopotas.json,assets/data,.json,1335,40ce4cba39d2a5e648b54373885b3db6e04da790c5713dc3fe98158c98faf576,mixed,,false,Source and redistribution terms must be linked file by file.
assets/data/pokemon/Hippowdon.json,assets/data,.json,1194,853a83eb3480c846383916af9b108bbcf3f5b05093dc7fce12379b1b9cb86ba8,mixed,,false,Source and redistribution terms must be linked file by file.
assets/data/pokemon/Hitmonchan.json,assets/data,.json,1287,8b102b054ce92a15f86e12582bcacf81330e25314e51f652c202480f86a6eee3,mixed,,false,Source and redistribution terms must be linked file by file.
assets/data/pokemon/Hitmonlee.json,assets/data,.json,1280,582e9e156d77419909e9f8b2d0466fd7f1e6826894681b11612d3699f66ab9bc,mixed,,false,Source and redistribution terms must be linked file by file.
assets/data/pokemon/Hitmontop.json,assets/data,.json,1236,0d56f501f3d100b7552fef122c916117b9bb171f4de675b4aa457d2a49e57d05,mixed,,false,Source and redistribution terms must be linked file by file.
assets/data/pokemon/Ho-oh.json,assets/data,.json,1333,d5cd7305c027ac6e79ede15c106039ae1998b9af92651a280d40ea54b24ae790,mixed,,false,Source and redistribution terms must be linked file by file.
assets/data/pokemon/Honchkrow.json,assets/data,.json,1244,393ed22d285027c1a50c175aa103900a8362e6ccc730fd1536a242b8d164e6f0,mixed,,false,Source and redistribution terms must be linked file by file.
assets/data/pokemon/Honedge.json,assets/data,.json,1293,8cd15172ce1b44ff8d8dcdbc42be0962f8a4047dc2b7fd17754e12a114b1a6f0,mixed,,false,Source and redistribution terms must be linked file by file.
assets/data/pokemon/Hoopa.json,assets/data,.json,2687,76fa98c80bc4d256236ce430e93192fd9fc8e978d8c12724ed57151a1d6c2e43,mixed,,false,Source and redistribution terms must be linked file by file.
assets/data/pokemon/Hoothoot.json,assets/data,.json,1589,79a4b19c008fce06c90e8e5595fdaad08ff725ced9dfbd2d7fc40ef2978394b0,mixed,,false,Source and redistribution terms must be linked file by file.
assets/data/pokemon/Hoppip.json,assets/data,.json,1611,6220b6828ae93575670d56f0f889696afabe8ccda90b40b1e01af283c4a7679e,mixed,,false,Source and redistribution terms must be linked file by file.
assets/data/pokemon/Horsea.json,assets/data,.json,1379,d4430ba4366d83355c78993e7184dde0a00eeec9b134f7cf8009283b20bf69f3,mixed,,false,Source and redistribution terms must be linked file by file.
assets/data/pokemon/Houndoom.json,assets/data,.json,1327,4530a343bf06a52d5120929a499f89879176424a2ff824074d39789894213185,mixed,,false,Source and redistribution terms must be linked file by file.
assets/data/pokemon/Houndour.json,assets/data,.json,1606,20de8690bfdad130c9443b40dd070f5e3cb0e72e4c5cac0018767bd06e319c39,mixed,,false,Source and redistribution terms must be linked file by file.
assets/data/pokemon/Huntail.json,assets/data,.json,1211,85d67420cd9380f1bb13d6a3edc1573cb149e2223479da39356d09dcae78d36f,mixed,,false,Source and redistribution terms must be linked file by file.
assets/data/pokemon/Hydreigon.json,assets/data,.json,1353,0263b79c802c203cd8c3ed4a25e18c9aa33b4e0663c4047f57f393a707c0a8c6,mixed,,false,Source and redistribution terms must be linked file by file.
assets/data/pokemon/Hypno.json,assets/data,.json,1406,40182a1ab8ae1ed7e335a379ad8fdb69361d6c56808761fa16cb1dbd0adb2c58,mixed,,false,Source and redistribution terms must be linked file by file.
assets/data/pokemon/Igglybuff.json,assets/data,.json,1305,d511df063caaa8feb36ecbb9993842b65c30f2e97e70282637ff137a8a0e9e65,mixed,,false,Source and redistribution terms must be linked file by file.
assets/data/pokemon/Illumise.json,assets/data,.json,1484,c9fd74c5b69cf63696cc8a2b55855b823334bc6c25be1fb174313965a9a43ba6,mixed,,false,Source and redistribution terms must be linked file by file.
assets/data/pokemon/Incineroar.json,assets/data,.json,1456,2d9949e65a024e02b8b810bbce4aecdad7fc9907d8ed7a1cf6ec6555e32cc08c,mixed,,false,Source and redistribution terms must be linked file by file.
assets/data/pokemon/Infernape.json,assets/data,.json,1329,2f6a180820f20f235fb594f2c21b6ab479fa5fee6da802b86bfcce3641107c0e,mixed,,false,Source and redistribution terms must be linked file by file.
assets/data/pokemon/Inkay.json,assets/data,.json,1491,64c1afae2f1efbd00095fe54f4040bea42152351b16643426b9064082f4649d6,mixed,,false,Source and redistribution terms must be linked file by file.
assets/data/pokemon/Ivysaur.json,assets/data,.json,1182,15334338dcbdc8124bc29751ba477db43734fc69e02762014550136fa21eac26,mixed,,false,Source and redistribution terms must be linked file by file.
assets/data/pokemon/Jangmo-o.json,assets/data,.json,1354,273da06e50b4b3763ae161f9a75f720e3454537f6c1938891aa86a6776869a18,mixed,,false,Source and redistribution terms must be linked file by file.
assets/data/pokemon/Jellicent.json,assets/data,.json,1282,ec2801dd8f082b4f028f9b8ebc8fc87250ffba6da7561b22b0c835ead7f5b71a,mixed,,false,Source and redistribution terms must be linked file by file.
assets/data/pokemon/Jigglypuff.json,assets/data,.json,1480,254dbcf9d5d71f9ca0972f2600c338a437b74ab5151ec2f76fee2270c0ccedb6,mixed,,false,Source and redistribution terms must be linked file by file.
assets/data/pokemon/Jirachi.json,assets/data,.json,1327,43f39617c0da7a7ec105f96a67966864b29d71e3b0ad94daffdefad4597444de,mixed,,false,Source and redistribution terms must be linked file by file.
assets/data/pokemon/Jolteon.json,assets/data,.json,1251,3a144f19f014f739a4c8e310ab2cd3de1fbf89d6aaebe7ff079dd6d57ceeecbb,mixed,,false,Source and redistribution terms must be linked file by file.
assets/data/pokemon/Joltik.json,assets/data,.json,1466,e5b0a597cb665e2ca4dd122e8169189457f8a089c8d6122286ba48d5311602c6,mixed,,false,Source and redistribution terms must be linked file by file.
assets/data/pokemon/Jumpluff.json,assets/data,.json,1257,3bad50aa68dc34da36dd1cca4eda7d62d441ddec5318c2c699541c1551c3341b,mixed,,false,Source and redistribution terms must be linked file by file.
assets/data/pokemon/Jynx.json,assets/data,.json,1368,9ec0f701c23cbf3f1f4210e518387a2992495d36aee132fe53f7f10792d93446,mixed,,false,Source and redistribution terms must be linked file by file.
assets/data/pokemon/Kabuto.json,assets/data,.json,1495,a8678f32c5fb5bb2347ca46fe55088cb6805a73636f42580bf272c6452f2ca28,mixed,,false,Source and redistribution terms must be linked file by file.
assets/data/pokemon/Kabutops.json,assets/data,.json,1300,7d0f9702a8bbc266174fdd4abff08c1a173e3df293bbc3ee70fe1b14610cf24b,mixed,,false,Source and redistribution terms must be linked file by file.
assets/data/pokemon/Kadabra.json,assets/data,.json,1342,48b4c29c7e2d1fe91d7556dd09f5b09e785c829f662b3defc36c94ae281d3d94,mixed,,false,Source and redistribution terms must be linked file by file.
assets/data/pokemon/Kakuna.json,assets/data,.json,491,93287a7be5e83b153ff525977a15c9073e3123749233ff06e72ed8c133d4e224,mixed,,false,Source and redistribution terms must be linked file by file.
assets/data/pokemon/Kangaskhan.json,assets/data,.json,1649,5e23b56c436d2de8cef32beecbc500572e9799c9699794244d8afdf62f70e914,mixed,,false,Source and redistribution terms must be linked file by file.
assets/data/pokemon/Karrablast.json,assets/data,.json,1372,df8ed5b88eeb2a8e0941cdb22f47f85bcaad012f07525b222b4d0884991eeff9,mixed,,false,Source and redistribution terms must be linked file by file.
assets/data/pokemon/Kartana.json,assets/data,.json,1142,5db587ec1223cc1b680f7694d29e830072ea4ec3cbac4d792d60c3538a892727,mixed,,false,Source and redistribution terms must be linked file by file.
assets/data/pokemon/Kecleon.json,assets/data,.json,1592,c1b00baa1fe59cc608ba5125b2fc3607dfc83f4e6afce88fd41597dc8977680f,mixed,,false,Source and redistribution terms must be linked file by file.
assets/data/pokemon/Keldeo.json,assets/data,.json,1234,e2ef7fa05207fa7f693873bfc25555a1a9b39ba14a7bcd22f237f06d01be589b,mixed,,false,Source and redistribution terms must be linked file by file.
assets/data/pokemon/Kingdra.json,assets/data,.json,1079,236874e95dfda7ebabc00b35856848fe12abc48c7cee064e4d9b9afa9fc25220,mixed,,false,Source and redistribution terms must be linked file by file.
assets/data/pokemon/Kingler.json,assets/data,.json,1253,79a33360511a627acc68fce6fff72378bd2dddcc217fc4fb866cac2144703c19,mixed,,false,Source and redistribution terms must be linked file by file.
assets/data/pokemon/Kirlia.json,assets/data,.json,1402,c2bfd06dd66f0673dd9689a964a7acaf00c13c2447c861ddf33102347416c640,mixed,,false,Source and redistribution terms must be linked file by file.
assets/data/pokemon/Klang.json,assets/data,.json,1150,c4c12f63c85b4211d40322cb735bbb82e01390dc0661ee40355c567bb2725a8a,mixed,,false,Source and redistribution terms must be linked file by file.
assets/data/pokemon/Klefki.json,assets/data,.json,1313,99c273ca0de7cb3494e2f2af7f142c78d033e616f6666cf4b5bd810ca8d1822c,mixed,,false,Source and redistribution terms must be linked file by file.
assets/data/pokemon/Klink.json,assets/data,.json,1169,078fcfd69efeeb4a5f22b178c5d452594498ec128975273ff8aebebbc8ead2fe,mixed,,false,Source and redistribution terms must be linked file by file.
assets/data/pokemon/Klinklang.json,assets/data,.json,1124,eb9d1be60d44017f9ba372cf0957e974a2dd959e097c98a536aefd3a5d5aacf7,mixed,,false,Source and redistribution terms must be linked file by file.
assets/data/pokemon/Koffing.json,assets/data,.json,1470,30bf89dc924e32d1fe5bb6c2ce454d7c2ea2e3ffafd0c6c3b3f83b30bb845d8d,mixed,,false,Source and redistribution terms must be linked file by file.
assets/data/pokemon/Komala.json,assets/data,.json,1221,f00455871e7316b50c0d7162102c8c46f360aed26d5a0a74d22564c7a5eaaa9b,mixed,,false,Source and redistribution terms must be linked file by file.
assets/data/pokemon/Kommo-o.json,assets/data,.json,1334,20dc034ab05b2e68ec680b50f04cbc462c495a6bdd7dd85c7f2ce59d355dd71a,mixed,,false,Source and redistribution terms must be linked file by file.
assets/data/pokemon/Krabby.json,assets/data,.json,1511,a759bf845585bb129f18a484526762b06a1a1f5e2eb7a4f813b204bac558d9f8,mixed,,false,Source and redistribution terms must be linked file by file.
assets/data/pokemon/Kricketot.json,assets/data,.json,674,8d58deb89c880cbbfeb904b0dfd74b39cea1aec32b69aadfbad4a047ea0ea271,mixed,,false,Source and redistribution terms must be linked file by file.
assets/data/pokemon/Kricketune.json,assets/data,.json,1215,6a9df5377c58914135c3adc2c70595fc04d6de016e97aefd87e8583be6d8703f,mixed,,false,Source and redistribution terms must be linked file by file.
assets/data/pokemon/Krokorok.json,assets/data,.json,1403,61c78cec5911001be0353d0569adc8b67c3e8ce4bcd12f645e8c0f687ff95ec2,mixed,,false,Source and redistribution terms must be linked file by file.
assets/data/pokemon/Krookodile.json,assets/data,.json,1442,3b44851c2fa302fde9a060a7b7a06a40c7df4300030fefd42a76735e7b9c3516,mixed,,false,Source and redistribution terms must be linked file by file.
assets/data/pokemon/Kyogre.json,assets/data,.json,1219,a782147759578bd6cc463598555d3150c9091eb0dcf24d27577b8a00add3b474,mixed,,false,Source and redistribution terms must be linked file by file.
assets/data/pokemon/Kyurem.json,assets/data,.json,3171,33197a1fcb8d8435ef2f23fd7c2ffb98885636f622cf8f467a63c6ba72e58d66,mixed,,false,Source and redistribution terms must be linked file by file.
assets/data/pokemon/Lairon.json,assets/data,.json,1334,19cbfdb03ac6a4c1b15912c7d081ca0dedf20e75b1db859728a1f53bc91f0cbe,mixed,,false,Source and redistribution terms must be linked file by file.
assets/data/pokemon/Lampent.json,assets/data,.json,1321,f5785ef058fe4d0b976286267f7d66039c87a1119f91f1deb3c138bbf2b20e6d,mixed,,false,Source and redistribution terms must be linked file by file.
assets/data/pokemon/Landorus.json,assets/data,.json,1397,9a036433ca05c403384e6c85ac99361a5b9a21f2dd3e4d0ac4c803ac7d9464d0,mixed,,false,Source and redistribution terms must be linked file by file.
assets/data/pokemon/Lanturn.json,assets/data,.json,1299,af17f86b7b7d2bdc6daf4f92acdecf465e85c38f5edf6ef4024a3d9952f6322c,mixed,,false,Source and redistribution terms must be linked file by file.
assets/data/pokemon/Lapras.json,assets/data,.json,1585,daa2f71cb84da13fbfcdfeaf50362b2e36f09584e5f2081a162ab72de4101821,mixed,,false,Source and redistribution terms must be linked file by file.
assets/data/pokemon/Larvesta.json,assets/data,.json,1358,38b8d0e7a5e6925d3b601fba46ef843a1c6f047612236f6be974838a11e404db,mixed,,false,Source and redistribution terms must be linked file by file.
assets/data/pokemon/Larvitar.json,assets/data,.json,1512,d3cdac228562a351bd1e38c9a260a0100e633eadcd3ce04915084c13f5dcf6e4,mixed,,false,Source and redistribution terms must be linked file by file.
assets/data/pokemon/Latias.json,assets/data,.json,1438,4ed3d360073899c8e43e9ea457c09c6043dad29ec43a8d8cab432a2576729629,mixed,,false,Source and redistribution terms must be linked file by file.
assets/data/pokemon/Latios.json,assets/data,.json,1424,7889e9da65def080a1878074d2c3062b8c215287ce70df0430fa94fcc1eb4f30,mixed,,false,Source and redistribution terms must be linked file by file.
assets/data/pokemon/Leafeon.json,assets/data,.json,1232,6e56720d4f242f7e8bc024104b3a71f6e2961cf1a07990ac820c24e35f0b9abc,mixed,,false,Source and redistribution terms must be linked file by file.
assets/data/pokemon/Leavanny.json,assets/data,.json,1246,300e1c557cb6775d6cc608da0bb744b4a960a56dde989a82f48e03176a7d7b4c,mixed,,false,Source and redistribution terms must be linked file by file.
assets/data/pokemon/Ledian.json,assets/data,.json,1236,81fdcb512af5ecfbb71b3f62b7223d72a05c5c4cfa2132062dd831066f74ebb2,mixed,,false,Source and redistribution terms must be linked file by file.
assets/data/pokemon/Ledyba.json,assets/data,.json,1475,6c2e25c9e7300d68df4be253d9fe69952df6a709ea1693eedb57064922b83910,mixed,,false,Source and redistribution terms must be linked file by file.
assets/data/pokemon/Lickilicky.json,assets/data,.json,1316,814d035283cfd5ca74b86923d8e829d5cda472696a9fb74cd1109bb72685b6b1,mixed,,false,Source and redistribution terms must be linked file by file.
assets/data/pokemon/Lickitung.json,assets/data,.json,1579,c4edab231f9ce86cf4900a0bb2ef63441dbd3e00065aa1deeca304261495549a,mixed,,false,Source and redistribution terms must be linked file by file.
assets/data/pokemon/Liepard.json,assets/data,.json,1355,086d2e7e0a057540c3185301824d982e83b6fd1d1390b4549d0c30823a7acc40,mixed,,false,Source and redistribution terms must be linked file by file.
assets/data/pokemon/Lileep.json,assets/data,.json,1470,7e8c8af11f6d1b0da22ece55ab23f5c3aa394f7fa5679d68948dbc4c759ad156,mixed,,false,Source and redistribution terms must be linked file by file.
assets/data/pokemon/Lilligant.json,assets/data,.json,996,9e9d4f03cb1ba94c9c625891034d4f79ded114a3a31dae420a5807231825e46b,mixed,,false,Source and redistribution terms must be linked file by file.
assets/data/pokemon/Lillipup.json,assets/data,.json,1475,ac17da0ed467ce82c3da20d5ac968bd01f6be880cce70f6855e1fc8a6696325b,mixed,,false,Source and redistribution terms must be linked file by file.
assets/data/pokemon/Linoone.json,assets/data,.json,1283,ff541ae608a1efd9799980a901a87b74b90ae9027d6b9b00c6564970f212a284,mixed,,false,Source and redistribution terms must be linked file by file.
assets/data/pokemon/Litleo.json,assets/data,.json,1356,768c979e8d880ceaef6ac1d90b050140f8ec562238871b7447ec7295774b87eb,mixed,,false,Source and redistribution terms must be linked file by file.
assets/data/pokemon/Litten.json,assets/data,.json,1414,9b0e8af57a70aadeddfabad7d7cb19883e9817c0feb741b8b57b833537153004,mixed,,false,Source and redistribution terms must be linked file by file.
assets/data/pokemon/Litwick.json,assets/data,.json,1489,12f41c7274be69a7680e364600a06894923379ce007c4755f5a6d53b70306f72,mixed,,false,Source and redistribution terms must be linked file by file.
assets/data/pokemon/Lombre.json,assets/data,.json,1218,6ba7f9f6c4ac41de56c17b280af9da2ab96bfd3021224b78318660542a8c88cb,mixed,,false,Source and redistribution terms must be linked file by file.
assets/data/pokemon/Lopunny.json,assets/data,.json,1384,f1ed7dff086b4bbc3fd625e345c7120ea9e496d84a9bb63d9c3544bcc74ce413,mixed,,false,Source and redistribution terms must be linked file by file.
assets/data/pokemon/Lotad.json,assets/data,.json,1402,1c3a4778d4234aab44f0d551972d44151b47dd1d65edba6c401088ae7a4f8a26,mixed,,false,Source and redistribution terms must be linked file by file.
assets/data/pokemon/Loudred.json,assets/data,.json,1230,01b259f845bca94053286f27ed5270808bbd0b481a965688dae69816667530cb,mixed,,false,Source and redistribution terms must be linked file by file.
assets/data/pokemon/Lucario.json,assets/data,.json,1483,f5b091e4bfe24fe2dd369ac6f777e4ff9674f640b9e2ccf8a1d827785ee483e2,mixed,,false,Source and redistribution terms must be linked file by file.
assets/data/pokemon/Ludicolo.json,assets/data,.json,985,ef43f49dfd02275f6f63198ca7b589e1e8c332dc5e92db1fda465bf644b43f4c,mixed,,false,Source and redistribution terms must be linked file by file.
assets/data/pokemon/Lugia.json,assets/data,.json,1343,99b94cb64cedad255f6d045739cf68bb38d6f2550e7afcdc5b9ea5cd71e66356,mixed,,false,Source and redistribution terms must be linked file by file.
assets/data/pokemon/Lumineon.json,assets/data,.json,1209,02f513c791ad88e6f2de543a2200fe8b9eb30d84cd395f2fe6908dda019a5f95,mixed,,false,Source and redistribution terms must be linked file by file.
assets/data/pokemon/Lunala.json,assets/data,.json,1411,6bb232d6c168199ecbdf6b08df55d437bc92f4fa14b0066e29848a166581f831,mixed,,false,Source and redistribution terms must be linked file by file.
assets/data/pokemon/Lunatone.json,assets/data,.json,1437,16a37a629e97fa4a452eee148095cdc05b6244015de177b964648498a0d143b9,mixed,,false,Source and redistribution terms must be linked file by file.
assets/data/pokemon/Lurantis.json,assets/data,.json,1157,2028c0e048c03f1914000b08b131e6cbff5bff11057134fee0253524c6a2566f,mixed,,false,Source and redistribution terms must be linked file by file.
assets/data/pokemon/Luvdisc.json,assets/data,.json,1387,32ea9aef34c2279788ff6c213d83a1d3ffd52d56c228ac4fc2572d999d9a5625,mixed,,false,Source and redistribution terms must be linked file by file.
assets/data/pokemon/Luxio.json,assets/data,.json,1089,cee67803bc54991569380259c67a215a7ba70264d3d27af8c476e862708dc627,mixed,,false,Source and redistribution terms must be linked file by file.
assets/data/pokemon/Luxray.json,assets/data,.json,1146,0968aeec858c946ead0092e802f2eadc7a5ed2e75a4883d2cc1414bc714fd52a,mixed,,false,Source and redistribution terms must be linked file by file.
assets/data/pokemon/Lycanroc.json,assets/data,.json,2731,93135702370b4e9dd8f441a4152e8f164786bf1f5c5561274165f4ae6afc01cb,mixed,,false,Source and redistribution terms must be linked file by file.
assets/data/pokemon/Machamp.json,assets/data,.json,1333,bc90da5f4a7ff00b14c8e77de582ed8651f534e47a0416318f81f1a4581454f2,mixed,,false,Source and redistribution terms must be linked file by file.
assets/data/pokemon/Machoke.json,assets/data,.json,1339,6f124a7ce52b943d363795acb369c51ae7464142a8ae6c572462b94a05ffe604,mixed,,false,Source and redistribution terms must be linked file by file.
assets/data/pokemon/Machop.json,assets/data,.json,1723,ac7ebecb2257cfa4fd455f756ced143e15ceb3c78c8a5aeec0bc060a7479a081,mixed,,false,Source and redistribution terms must be linked file by file.
assets/data/pokemon/Magby.json,assets/data,.json,1460,78bf1a5e1aa2aeb87e61181caae286c66a8a2bd60810fcd61a302a23ce0b7273,mixed,,false,Source and redistribution terms must be linked file by file.
assets/data/pokemon/Magcargo.json,assets/data,.json,1304,489077beb603c18e44a26de22b20a6c66d3e920d0cf66d56108bdb1ec3374c5a,mixed,,false,Source and redistribution terms must be linked file by file.
assets/data/pokemon/Magearna.json,assets/data,.json,1367,b202fcb584cbc1be2ade2d9a8c574c342aff585cdf9966f6c6071e585e04e937,mixed,,false,Source and redistribution terms must be linked file by file.
assets/data/pokemon/Magikarp.json,assets/data,.json,529,cada4fe1a4cf7aa0af64c1f801d2283e5d68441041a00f31e52d6c72a4965a71,mixed,,false,Source and redistribution terms must be linked file by file.
assets/data/pokemon/Magmar.json,assets/data,.json,1183,eadce1c7dcb74999d9cba033e6e1c33fd81ad54d6133f13d28d3a5a1cf9e545a,mixed,,false,Source and redistribution terms must be linked file by file.
assets/data/pokemon/Magmortar.json,assets/data,.json,1248,208ebb15739cd0217245f8a07d97f09d32ad5279b03eea22153a3a881112d9fd,mixed,,false,Source and redistribution terms must be linked file by file.
assets/data/pokemon/Magnemite.json,assets/data,.json,1335,22fed945f518b863dae02de58e290de7bb28809673a5e3798ed658ea04fe204a,mixed,,false,Source and redistribution terms must be linked file by file.
assets/data/pokemon/Magneton.json,assets/data,.json,1377,82d8206703394902ab763f78e0a4e1269240d8a8153cd6b096287250b80b17d9,mixed,,false,Source and redistribution terms must be linked file by file.
assets/data/pokemon/Magnezone.json,assets/data,.json,1380,7b7397b34040f3262b9a0493cd806384aac5f78b79fbe38616aa6d91576129bc,mixed,,false,Source and redistribution terms must be linked file by file.
assets/data/pokemon/Makuhita.json,assets/data,.json,1594,8a0cda6fef43391ba9dcc18262ed222457186b7bac14d777279c74ebf59b528e,mixed,,false,Source and redistribution terms must be linked file by file.
assets/data/pokemon/Malamar.json,assets/data,.json,1415,c3453d1976ac323c4990980ae112bb372def4cd31ff4d73d9dd55c4d8e9ad3a7,mixed,,false,Source and redistribution terms must be linked file by file.
assets/data/pokemon/Mamoswine.json,assets/data,.json,1220,949f4097f6edfa802cbf4f34a76e03299028d6a41ce4dbb614c37c4eabecbc69,mixed,,false,Source and redistribution terms must be linked file by file.
assets/data/pokemon/Manaphy.json,assets/data,.json,1166,6b19df7794dc019037f8852f83054f2758aeaeba7d8d0a50f45cc4ac830fd1a6,mixed,,false,Source and redistribution terms must be linked file by file.
assets/data/pokemon/Mandibuzz.json,assets/data,.json,1307,b6f2efae799429ff1a4fed9ee6864ac66be5c1320e3d02d3a4508ca9cc03d6d5,mixed,,false,Source and redistribution terms must be linked file by file.
assets/data/pokemon/Manectric.json,assets/data,.json,1175,1d38cecc12d122160e8c27d4bbe35cfa21f578073f71e5477a5c94efd055ede1,mixed,,false,Source and redistribution terms must be linked file by file.
assets/data/pokemon/Mankey.json,assets/data,.json,1703,fee3d8964b06b5b39519427be2c7e46b0c9b721efa341b7238957289e637a9b6,mixed,,false,Source and redistribution terms must be linked file by file.
assets/data/pokemon/Mantine.json,assets/data,.json,1297,865cd3e19caf2f5ec19b27b720fc2eafd1dcdd157b4cc567be58f71624cfcef3,mixed,,false,Source and redistribution terms must be linked file by file.
assets/data/pokemon/Mantyke.json,assets/data,.json,1500,a41dd9e91b23b8f49474842d9a8e87ff32a5008d2790298030a5d74f796b0298,mixed,,false,Source and redistribution terms must be linked file by file.
assets/data/pokemon/Maractus.json,assets/data,.json,1422,1006ed3e2eeafd03b49c9a4c1ce25847175d3fa0e7cda534c57fb2417cb8812d,mixed,,false,Source and redistribution terms must be linked file by file.
assets/data/pokemon/Mareanie.json,assets/data,.json,1308,bb7bd874846a9dda654db93df2fa8bb7245125c6c236d74af584339f7e53f0db,mixed,,false,Source and redistribution terms must be linked file by file.
assets/data/pokemon/Mareep.json,assets/data,.json,1463,f2b82fd874b633d9824a091747a14cb7fa49112e0ce39943f11379121bebb5a7,mixed,,false,Source and redistribution terms must be linked file by file.
assets/data/pokemon/Marill.json,assets/data,.json,1273,59e190292354eca3911b6f4b77bc40a66b2673f0ec55dfd97cdbbd113e5c9441,mixed,,false,Source and redistribution terms must be linked file by file.
assets/data/pokemon/Marowak.json,assets/data,.json,3694,5123105ee9da2d95451c247b5514cc1a3587f73d2926180fe620b5f19426bf18,mixed,,false,Source and redistribution terms must be linked file by file.
assets/data/pokemon/Marshadow.json,assets/data,.json,1411,868cc0d11fbf7840b3d34e4165d9d5f5a0f68c3348681ecced1ed035fefb1557,mixed,,false,Source and redistribution terms must be linked file by file.
assets/data/pokemon/Marshtomp.json,assets/data,.json,1221,6c02d7c7ee10c0b3d334bfce620114cb66016f52add3ea4698e2aa3cadaa6a9e,mixed,,false,Source and redistribution terms must be linked file by file.
assets/data/pokemon/Masquerain.json,assets/data,.json,1204,4ff63b5bf92f8c609c49aff380814259c73f42d118c81a2cbb0d487c3b67f68b,mixed,,false,Source and redistribution terms must be linked file by file.
assets/data/pokemon/Mawile.json,assets/data,.json,1776,af9ec8f21121c70b3283944ad4166b352210f01df0bfe10d590a2b6c6eaff60b,mixed,,false,Source and redistribution terms must be linked file by file.
assets/data/pokemon/Medicham.json,assets/data,.json,1438,67c66d492d908d45bb0e68cb0a4d5da11be1ef71ba50ad949492aeefc92417b8,mixed,,false,Source and redistribution terms must be linked file by file.
assets/data/pokemon/Meditite.json,assets/data,.json,1649,c97e64aa8b8940d922dae2797cb275e9554d8252089806525413c01c2ec6939d,mixed,,false,Source and redistribution terms must be linked file by file.
assets/data/pokemon/Meganium.json,assets/data,.json,1196,49947670cf3a9cd81393e01ae60a66ae79360e57383246fd5c8a0dcc30794de3,mixed,,false,Source and redistribution terms must be linked file by file.
assets/data/pokemon/Melmetal.json,assets/data,.json,1049,935dd5e0faa91fec31512150787a03c815655765acc8206f69b50d9cc4bd54ae,mixed,,false,Source and redistribution terms must be linked file by file.
assets/data/pokemon/Meloetta.json,assets/data,.json,2068,2a25cdaccc4fdfe88e08a32add650ae91b03d33128ca12dbc37697fa0360beeb,mixed,,false,Source and redistribution terms must be linked file by file.
assets/data/pokemon/Meltan.json,assets/data,.json,845,4d51e2f3255ba06fa6211d1b72db167f1edf8fd048ba6602b61ce8b2ab0d97e2,mixed,,false,Source and redistribution terms must be linked file by file.
assets/data/pokemon/Meowstic-f.json,assets/data,.json,1469,d840674884c573d1e8dc6a333e963aabd6446f45bc613ed6e2d525b2b4027fa2,mixed,,false,Source and redistribution terms must be linked file by file.
assets/data/pokemon/Meowstic-m.json,assets/data,.json,1454,5ac042240c8f62c7e35b993ed35630fcf86fc8874060f818f71e147de36494cf,mixed,,false,Source and redistribution terms must be linked file by file.
assets/data/pokemon/Meowth.json,assets/data,.json,3708,80faa8a7e9df64ab5c78536e250c0963a7caa8c2d8eda07c22b2a40d03718cc8,mixed,,false,Source and redistribution terms must be linked file by file.
assets/data/pokemon/Mesprit.json,assets/data,.json,1295,8e53e010f5ce095dbd935f9c378e48a02d4e875ae70a37330fb09175dcbc977e,mixed,,false,Source and redistribution terms must be linked file by file.
assets/data/pokemon/Metagross.json,assets/data,.json,1342,bd665d3b0e5d637d497a1c4a2c64af137d278b7cd777368eae655bfb332feb2e,mixed,,false,Source and redistribution terms must be linked file by file.
assets/data/pokemon/Metang.json,assets/data,.json,1363,657bb58ea3d17b406da4f385e27b3086503c13e268a7e1e70ddca7268f97db10,mixed,,false,Source and redistribution terms must be linked file by file.
assets/data/pokemon/Metapod.json,assets/data,.json,479,6acb8b890b0532b8a88649879a1b053c008620aee46c121dadb78b9e97526aaf,mixed,,false,Source and redistribution terms must be linked file by file.
assets/data/pokemon/Mew.json,assets/data,.json,1843,5c4fb6a1dcf27a4257abfeef9adbff5dbc4c4887a6998b9fbc2f4565196b3048,mixed,,false,Source and redistribution terms must be linked file by file.
assets/data/pokemon/Mewtwo.json,assets/data,.json,1568,8608d2ffe0c0fe78af9447993412ca1aa70fffa94a63fbde3a9dee33b8cbdb98,mixed,,false,Source and redistribution terms must be linked file by file.
assets/data/pokemon/Mienfoo.json,assets/data,.json,1545,1d4a530ac6f9e726327c84ab4711727b92e90311f98f43b1a71c7456dd6426a3,mixed,,false,Source and redistribution terms must be linked file by file.
assets/data/pokemon/Mienshao.json,assets/data,.json,1298,32891853b55a20d13e6874a915d80fe6534082cddf07278bf6db521e322ebd8c,mixed,,false,Source and redistribution terms must be linked file by file.
assets/data/pokemon/Mightyena.json,assets/data,.json,1296,4c7e64bbe4c4ee951a587fb5e78cbf41ae06015c5ab9e3b3bc9d9d5665b83b7c,mixed,,false,Source and redistribution terms must be linked file by file.
assets/data/pokemon/Milotic.json,assets/data,.json,1279,7ee62bea9936628a2fce32bb41de33e8b6090abf810a83bd144964ccff4670c1,mixed,,false,Source and redistribution terms must be linked file by file.
assets/data/pokemon/Miltank.json,assets/data,.json,1554,78c68fd812aa9119d6bf4997f60c39909699ca666921901ea56cb4cba060663f,mixed,,false,Source and redistribution terms must be linked file by file.
assets/data/pokemon/Mime Jr..json,assets/data,.json,1749,c91231d8858b0835fd4165b83d80b00254e7e5dfe24edfedfc2b5ead2cd4bc5e,mixed,,false,Source and redistribution terms must be linked file by file.
assets/data/pokemon/Mimikyu.json,assets/data,.json,1455,773b00e83a3b69b23ee13f3fe55eaca66d5d070c1c3d09822dc3f8a821c13acb,mixed,,false,Source and redistribution terms must be linked file by file.
assets/data/pokemon/Minccino.json,assets/data,.json,1469,44d1d895c3e5b505d8420048cf9215f39423fc990395efb0895fe1dbad1d5504,mixed,,false,Source and redistribution terms must be linked file by file.
assets/data/pokemon/Minior.json,assets/data,.json,3298,65135225bce2757c4a584e176a076c7adddd850d531157b93e5aef52aa56d5d4,mixed,,false,Source and redistribution terms must be linked file by file.
assets/data/pokemon/Minun.json,assets/data,.json,1392,1fd0313455f197fc81d529c6d445fe55385e82c6a53d380ee70b170cc62e712c,mixed,,false,Source and redistribution terms must be linked file by file.
assets/data/pokemon/Misdreavus.json,assets/data,.json,1532,c51fe5ef28e81d3903b580865c649891e7b1cf4e8869327d2aa3a057e531b214,mixed,,false,Source and redistribution terms must be linked file by file.
assets/data/pokemon/Mismagius.json,assets/data,.json,1113,be9290435254bd909fe4a82b9f53e6eb8fef6dd8cb0ddf375d048fe034693d21,mixed,,false,Source and redistribution terms must be linked file by file.
assets/data/pokemon/Moltres.json,assets/data,.json,1267,dfb62eede5eed1c2b11485aa2c67a96d592c042f77e8560a14d461e3cfbe2d9e,mixed,,false,Source and redistribution terms must be linked file by file.
assets/data/pokemon/Monferno.json,assets/data,.json,1306,4da8a5410d37cedeaee2b8ad33ac593ff23388920c67f95a9fe5f90e64a0e557,mixed,,false,Source and redistribution terms must be linked file by file.
assets/data/pokemon/Morelull.json,assets/data,.json,1343,87322631bb4c5463022ad4c7ad5b207628d1a17136e2aa48376d62a582f5aae6,mixed,,false,Source and redistribution terms must be linked file by file.
assets/data/pokemon/Mothim.json,assets/data,.json,1304,37d4e34750ea6cd2421b0dec199d53a1dbfb79471694c71fdd7b4618d9dff8f5,mixed,,false,Source and redistribution terms must be linked file by file.
assets/data/pokemon/Mr. Mime.json,assets/data,.json,1579,35e1ee8a73b367f3b70e5d3b521c9ebe2cb2319b523377939cdd8d26f591d5ec,mixed,,false,Source and redistribution terms must be linked file by file.
assets/data/pokemon/Mudbray.json,assets/data,.json,1246,a759db5a641444179863a25392f7f520cc9c9c7da0160cb67fb370c7635061c0,mixed,,false,Source and redistribution terms must be linked file by file.
assets/data/pokemon/Mudkip.json,assets/data,.json,1506,a4d9e810d6caba7653f7deae1546caecc2a6100b87a9c68d7bec5fb51a8efd3b,mixed,,false,Source and redistribution terms must be linked file by file.
assets/data/pokemon/Mudsdale.json,assets/data,.json,1128,9dedc01783e049efe5d8422a324324c7a04cc05fcd3868e22614c1c551081c94,mixed,,false,Source and redistribution terms must be linked file by file.
assets/data/pokemon/Muk.json,assets/data,.json,3516,b970953e7fcc5283e503050cc89e9e517ec954500e3ee5fe33ca4bfccd5254cc,mixed,,false,Source and redistribution terms must be linked file by file.
assets/data/pokemon/Munchlax.json,assets/data,.json,1608,4a590951e7b8c363d5b8495b1283953707977be968893d7f5aa736b36f43bae9,mixed,,false,Source and redistribution terms must be linked file by file.
assets/data/pokemon/Munna.json,assets/data,.json,1602,9a43b3293c1b973fba6e78dc69f17418c0db4a12e9ef6ffd5185861a07e09265,mixed,,false,Source and redistribution terms must be linked file by file.
assets/data/pokemon/Murkrow.json,assets/data,.json,1640,834a48424d6eb661331e8189fe0d7bd1dc3c6743f46a6ebb4e5ac7595b8243f1,mixed,,false,Source and redistribution terms must be linked file by file.
assets/data/pokemon/Musharna.json,assets/data,.json,1021,f96e42159d70b246bc3ba4e94cbf56806853e4638e51681bc40001bcf91ae392,mixed,,false,Source and redistribution terms must be linked file by file.
assets/data/pokemon/Naganadel.json,assets/data,.json,1244,57ad69a51a135d31d24241c77bcd56b8b98e206f7c576e62e923103e2620a4b0,mixed,,false,Source and redistribution terms must be linked file by file.
assets/data/pokemon/Natu.json,assets/data,.json,1664,b392f76cc66f5adba47892167e01d1ab5271a292ce27129875c15ba63619b990,mixed,,false,Source and redistribution terms must be linked file by file.
assets/data/pokemon/Necrozma.json,assets/data,.json,3205,c5e8de3510fbd4a5abd35c912f6310d48bd31292144badcbc5499137a36205f1,mixed,,false,Source and redistribution terms must be linked file by file.
assets/data/pokemon/Nidoking.json,assets/data,.json,1228,1db3a5fb48ae9e6067b42571dc3d9392740d754d503b38dae0993bafb78dfb04,mixed,,false,Source and redistribution terms must be linked file by file.
assets/data/pokemon/Nidoqueen.json,assets/data,.json,1257,5fc0d753c0918f94e6d6cbfa0e39bb81b6e51666573e45e6f584a188135dad22,mixed,,false,Source and redistribution terms must be linked file by file.
assets/data/pokemon/Nidoran-f.json,assets/data,.json,1444,19a7804ed818db778227df8788c82b8e372ccf32405f3fbef4d74c75b8f1a2a8,mixed,,false,Source and redistribution terms must be linked file by file.
assets/data/pokemon/Nidoran-m.json,assets/data,.json,1382,a06aa23eca5f25a8fbbe55482b7ad95bbe71d7f585d4d9d6eac2eb02d80407f9,mixed,,false,Source and redistribution terms must be linked file by file.
assets/data/pokemon/Nidorina.json,assets/data,.json,1160,2e3f64857c9498e63998512a19f505247b94183b14234fb84706e85ce34c68cd,mixed,,false,Source and redistribution terms must be linked file by file.
assets/data/pokemon/Nidorino.json,assets/data,.json,1168,445c3899abf5ebb2adfad2a89221e30db526469ea0e9f6e8b1d573eac3eb180a,mixed,,false,Source and redistribution terms must be linked file by file.
assets/data/pokemon/Nihilego.json,assets/data,.json,1310,30564a1f08cad78c7684143130aef5c1951e15c38cd104e821e2febe877155e2,mixed,,false,Source and redistribution terms must be linked file by file.
assets/data/pokemon/Nincada.json,assets/data,.json,1292,eda2936852a0d75a145a4224b57e5328c5864933acdc97613053dcd591a9175c,mixed,,false,Source and redistribution terms must be linked file by file.
assets/data/pokemon/Ninetales.json,assets/data,.json,2479,483afa21137653034b12df3dcfd324f4c1e5236a860f8a1b9385211df0e0fe11,mixed,,false,Source and redistribution terms must be linked file by file.
assets/data/pokemon/Ninjask.json,assets/data,.json,1263,bf94da8580b50c2d87210b2427223a2eecd02f246774a6c43479f10ed730ec80,mixed,,false,Source and redistribution terms must be linked file by file.
assets/data/pokemon/Noctowl.json,assets/data,.json,1363,29b8a4ff304d3150f9c8f02a271595f8958bccb0615ffe00b356c96316100cff,mixed,,false,Source and redistribution terms must be linked file by file.
assets/data/pokemon/Noibat.json,assets/data,.json,1462,ca601ad50d543710f737d4a74149b41ff508df39b67fc9095d4b567a19fd03c1,mixed,,false,Source and redistribution terms must be linked file by file.
assets/data/pokemon/Noivern.json,assets/data,.json,1388,0a7f1ded81df2215c167a4d517eac7d914ef7f870df5180d9af37cdc12b5f116,mixed,,false,Source and redistribution terms must be linked file by file.
assets/data/pokemon/Nosepass.json,assets/data,.json,1493,b0f48e1783a52ee3458e2351eecced0c418132d7151e06d6568ff4c3270babe1,mixed,,false,Source and redistribution terms must be linked file by file.
assets/data/pokemon/Numel.json,assets/data,.json,1535,0601576b6d1c900b076ea4678a6ea149231eb6b8a0465628db603cabace5df79,mixed,,false,Source and redistribution terms must be linked file by file.
assets/data/pokemon/Nuzleaf.json,assets/data,.json,1286,7723f7d6aa1c3c53f31b54fd1083b545f49548aef3e6b64bebdef19a13de5c56,mixed,,false,Source and redistribution terms must be linked file by file.
assets/data/pokemon/Octillery.json,assets/data,.json,1291,58f48a7ee37e0c35467746dbdc9fabe2ada35f64a25b8be4442c92f88ca2d303,mixed,,false,Source and redistribution terms must be linked file by file.
assets/data/pokemon/Oddish.json,assets/data,.json,1504,3d0d75c627765dbb8a7e92ff104b5994865b049887c8ca2a53dfbb1deb3b75e4,mixed,,false,Source and redistribution terms must be linked file by file.
assets/data/pokemon/Omanyte.json,assets/data,.json,1571,5fff400ba0d7d04c4ee5c252d42e04d1c235fc653d7a5e236df80248d67bda1a,mixed,,false,Source and redistribution terms must be linked file by file.
assets/data/pokemon/Omastar.json,assets/data,.json,1272,575e354e500e3ab90e6f0c41deb60f412d24e48971665c2b7a50ee36348e1449,mixed,,false,Source and redistribution terms must be linked file by file.
assets/data/pokemon/Onix.json,assets/data,.json,1713,2b9a535dab6c9562a931b1f257bed26939b70c0596889a9697b1dc4bda9a8a26,mixed,,false,Source and redistribution terms must be linked file by file.
assets/data/pokemon/Oranguru.json,assets/data,.json,1457,6d8dcbf55843b2e54d57920d757f25a650bd6e926ced50741622d8ba726cc18a,mixed,,false,Source and redistribution terms must be linked file by file.
assets/data/pokemon/Oricorio.json,assets/data,.json,2218,8b0c32cb8597e8437b1cd2020329fc144c55d031fc5d423ebc24c91915189104,mixed,,false,Source and redistribution terms must be linked file by file.
assets/data/pokemon/Oshawott.json,assets/data,.json,1405,a90cae83571c620797ccbf9ddcd4ca16d729d59727521d702a648361478c3e12,mixed,,false,Source and redistribution terms must be linked file by file.
assets/data/pokemon/Pachirisu.json,assets/data,.json,1460,e6b75f65d7db54e2547d50c8dff53691d4c6ca95cb481b5864f02e60dd31e44c,mixed,,false,Source and redistribution terms must be linked file by file.
assets/data/pokemon/Palkia.json,assets/data,.json,1331,bb8871d59c532f3bd139574b58058bcd1a1e08ed64771406dbd35dbdb73ca45d,mixed,,false,Source and redistribution terms must be linked file by file.
assets/data/pokemon/Palossand.json,assets/data,.json,1235,c292d5191024a365f04b3ec02e3165b22bfc082d3a6a4afabaa92ad46ef64849,mixed,,false,Source and redistribution terms must be linked file by file.
assets/data/pokemon/Palpitoad.json,assets/data,.json,1162,40be05451d731311deef4cd05ff8ac728d8a930173001c35c639c8d6e8b01b6b,mixed,,false,Source and redistribution terms must be linked file by file.
assets/data/pokemon/Pancham.json,assets/data,.json,1445,5461d71a9c3523bb73bc7b9deda08e59bbdb44273f60a4625b141f6f4c64557a,mixed,,false,Source and redistribution terms must be linked file by file.
assets/data/pokemon/Pangoro.json,assets/data,.json,1520,940e8bb1c7f2032922ae98ac74d4539d087cc5d5a7f5a3c408705fdea4870044,mixed,,false,Source and redistribution terms must be linked file by file.
assets/data/pokemon/Panpour.json,assets/data,.json,1491,c1cd6f1cc194ebf5b789b63ffeb630e79f23adb3095b48adeb4f5c8f09f9e6fd,mixed,,false,Source and redistribution terms must be linked file by file.
assets/data/pokemon/Pansage.json,assets/data,.json,1482,3d72aeec0454186b5432555b565ae610a060457b3b358d131f9c4f878aad8ad0,mixed,,false,Source and redistribution terms must be linked file by file.
assets/data/pokemon/Pansear.json,assets/data,.json,1497,7c68289e08fb8b85514e3363fb6491488e72776071b40d6fa8a9bcd0d494a59c,mixed,,false,Source and redistribution terms must be linked file by file.
assets/data/pokemon/Paras.json,assets/data,.json,1615,91a7bb9b96246e9e403f1efb4d9ed5c6c0817d25f585fd1a992266b1f2933d54,mixed,,false,Source and redistribution terms must be linked file by file.
assets/data/pokemon/Parasect.json,assets/data,.json,1261,a05eb9a7c040d3b9b6810651ba8c594694dc04b1a6cb6cfe13bfce8f517c0c0f,mixed,,false,Source and redistribution terms must be linked file by file.
assets/data/pokemon/Passimian.json,assets/data,.json,1450,8645bf91221c29aa917d6df8ae6833ce4e396f0f068d827b7fdc1c54090587e3,mixed,,false,Source and redistribution terms must be linked file by file.
assets/data/pokemon/Patrat.json,assets/data,.json,1315,5da6d578cd7cfd531a1afde111f76d242615cd1c18f74acc74d067a2ba50fe44,mixed,,false,Source and redistribution terms must be linked file by file.
assets/data/pokemon/Pawniard.json,assets/data,.json,1526,224dc45993d05bbbbacc90f23a46d327e1c517a0d1f0ae922c3ab1cc50af7722,mixed,,false,Source and redistribution terms must be linked file by file.
assets/data/pokemon/Pelipper.json,assets/data,.json,1301,87998a36c5bcb918a57a2c7078e8a80506181aa8e7b040e0b5c38eb1e3d4ee05,mixed,,false,Source and redistribution terms must be linked file by file.
assets/data/pokemon/Persian.json,assets/data,.json,3547,3915b339a7a78d9b24eb8965e682c84892f70e471f830dd4d472b2682415b8d7,mixed,,false,Source and redistribution terms must be linked file by file.
assets/data/pokemon/Petilil.json,assets/data,.json,1403,ffe03efd0cc93d6ae3bfc4dd9a98cfa4706b2c7c538a95a56ef60b153f3e2e16,mixed,,false,Source and redistribution terms must be linked file by file.
assets/data/pokemon/Phanpy.json,assets/data,.json,1351,c34277285f7f2d83f9826af4e47dd673f468090cb4aa010f303ff818e348e6cf,mixed,,false,Source and redistribution terms must be linked file by file.
assets/data/pokemon/Phantump.json,assets/data,.json,1408,039786a80df32313621bfb4038ea94e02eb33848dcbb87e00964de0fd9246e5c,mixed,,false,Source and redistribution terms must be linked file by file.
assets/data/pokemon/Pheromosa.json,assets/data,.json,1323,a8964a2d857f3735ce63cc4d81de3745d381b6fdfa095214ddf29166000391fc,mixed,,false,Source and redistribution terms must be linked file by file.
assets/data/pokemon/Phione.json,assets/data,.json,1033,7f1ea2742cb1dc9bb76b8fa788b9f888b8ac61256590a20d9063c1e2c0dcc726,mixed,,false,Source and redistribution terms must be linked file by file.
assets/data/pokemon/Pichu.json,assets/data,.json,1306,3b776b11afa50527fa25eede7369c9c12c1906a2725116b360fa445f63db8f09,mixed,,false,Source and redistribution terms must be linked file by file.
assets/data/pokemon/Pidgeot.json,assets/data,.json,1141,29cccc5431ab71ed2567bb3063ebd94e4d795466a7a57428795d8f0a803c2641,mixed,,false,Source and redistribution terms must be linked file by file.
assets/data/pokemon/Pidgeotto.json,assets/data,.json,1167,98fa0dc0ddeefb497cccfd8b0f8db608a8b8ab2cf76b9cc66c743ca8c2247288,mixed,,false,Source and redistribution terms must be linked file by file.
assets/data/pokemon/Pidgey.json,assets/data,.json,1363,13d0bc2c3c728f2320f8b559e9372d0d1b6a9c5adf30d522e1f9a4f20b7fa810,mixed,,false,Source and redistribution terms must be linked file by file.
assets/data/pokemon/Pidove.json,assets/data,.json,1291,73d2227b9ed00df83e7cb6dfbe0c906913f31d3a85b61ee1b8e139d26829dd46,mixed,,false,Source and redistribution terms must be linked file by file.
assets/data/pokemon/Pignite.json,assets/data,.json,1304,5773796b7da624867cf5f54de645476ab899be1fa70c6aa112ac7cd7f77fe9c7,mixed,,false,Source and redistribution terms must be linked file by file.
assets/data/pokemon/Pikachu.json,assets/data,.json,1314,3446eaf1c92a8b7d63f566d265a8b200f25bd021abe93d8738683cfd25dbd18c,mixed,,false,Source and redistribution terms must be linked file by file.
assets/data/pokemon/Pikipek.json,assets/data,.json,1286,319433a9e93defd7b57a893f7cd7394667058a7a4689b82bc9b7b146e966d043,mixed,,false,Source and redistribution terms must be linked file by file.
assets/data/pokemon/Piloswine.json,assets/data,.json,1210,960fd2529f6ec633257718abac5a3d5765b7b7bc39633ec8a23b1f7dadafde80,mixed,,false,Source and redistribution terms must be linked file by file.
assets/data/pokemon/Pineco.json,assets/data,.json,1436,29a2337d2e7da9fa7f98b488e6a9259a35b6958590ed6768bed0392a84a458d9,mixed,,false,Source and redistribution terms must be linked file by file.
assets/data/pokemon/Pinsir.json,assets/data,.json,1502,6753f7bc108502f721bc8aab64782f233aa54ad6c8b8e646627f9f866b2dbe6c,mixed,,false,Source and redistribution terms must be linked file by file.
assets/data/pokemon/Piplup.json,assets/data,.json,1383,7e8c89df449d02c79d3f894023f8150d10385f6c5d91f38f00452a72f7884b88,mixed,,false,Source and redistribution terms must be linked file by file.
assets/data/pokemon/Plusle.json,assets/data,.json,1385,f15fc5db6dfa9c3d4b4adf00428c0e0b1213965c36928e31382c9e5fc42443ce,mixed,,false,Source and redistribution terms must be linked file by file.
assets/data/pokemon/Poipole.json,assets/data,.json,1064,dad7ead0f072838c20b24418d57fa7e3490d140b4de3e66aed14ae9c8fb1dcad,mixed,,false,Source and redistribution terms must be linked file by file.
assets/data/pokemon/Politoed.json,assets/data,.json,1026,8cdfa5ccd750871a93693a224986253fc4f513120fd31d8320017ab821ad599a,mixed,,false,Source and redistribution terms must be linked file by file.
assets/data/pokemon/Poliwag.json,assets/data,.json,1414,e77091fdc6abaa0e2a5324bc0c0fc3a9bb6e3fa150cf7e83249a744a52986d09,mixed,,false,Source and redistribution terms must be linked file by file.
assets/data/pokemon/Poliwhirl.json,assets/data,.json,1210,c5f26df4a6bd1f7d6d1a6989d97cfa74beeeed4e0b19ff0f24800ecfaab953e4,mixed,,false,Source and redistribution terms must be linked file by file.
assets/data/pokemon/Poliwrath.json,assets/data,.json,1141,72527d5b93f8893a069ae74212c229403c9e103c867212cd874eacc195ec0ca1,mixed,,false,Source and redistribution terms must be linked file by file.
assets/data/pokemon/Ponyta.json,assets/data,.json,1399,deab911e704b6a5828874a2f738edbd2e9e33c93b63bc27166711aaf64898c35,mixed,,false,Source and redistribution terms must be linked file by file.
assets/data/pokemon/Poochyena.json,assets/data,.json,1494,d5ce56e1f8c39877aac8ef6311692a33d898faa3a5d45406b6d1949f69592876,mixed,,false,Source and redistribution terms must be linked file by file.
assets/data/pokemon/Popplio.json,assets/data,.json,1346,4804db739a71e109f191d96c804ce646bfba8677878c8e86c49a49b3468cc0a2,mixed,,false,Source and redistribution terms must be linked file by file.
assets/data/pokemon/Porygon-Z.json,assets/data,.json,1322,c45c64ad64d34d30479169909c79cbd43c5191eff0acf690990f219793138fd1,mixed,,false,Source and redistribution terms must be linked file by file.
assets/data/pokemon/Porygon.json,assets/data,.json,1253,6fe93fd51e419d3943554a9d0ebcfb584c26c977fdf8e32c84d0db2afb2e9aee,mixed,,false,Source and redistribution terms must be linked file by file.
assets/data/pokemon/Porygon2.json,assets/data,.json,1210,bdbc6268b115da5262a94398d861ece42ca59fba61cb198fa83556a38781bcb5,mixed,,false,Source and redistribution terms must be linked file by file.
assets/data/pokemon/Primarina.json,assets/data,.json,1267,94fa927eece72ff1963b4cc0360dca2bf1c15c88d6f7e68e5711cc189a963bc5,mixed,,false,Source and redistribution terms must be linked file by file.
assets/data/pokemon/Primeape.json,assets/data,.json,1462,33c2aeb3fcd480699e6412be425690d13ef178c2e8dad1afa0a9aebe640008d0,mixed,,false,Source and redistribution terms must be linked file by file.
assets/data/pokemon/Prinplup.json,assets/data,.json,1180,56781a751506fb5b184029e967e774e5f249447ddb0f5a1939e815e583775c39,mixed,,false,Source and redistribution terms must be linked file by file.
assets/data/pokemon/Probopass.json,assets/data,.json,1382,c1d7cc220bee246bca0a9419a58fee78ac0b86d5f0c01def8252efc211bda36f,mixed,,false,Source and redistribution terms must be linked file by file.
assets/data/pokemon/Psyduck.json,assets/data,.json,1640,ea8d9be1268c2e70f5fca09de316c6c899b77986abee184e532bdd8ad8dbb699,mixed,,false,Source and redistribution terms must be linked file by file.
assets/data/pokemon/Pumpkaboo.json,assets/data,.json,2390,5f30537c61df4c771c10159822783ca7e9cbaf8ef0520fe00c07089b17e63858,mixed,,false,Source and redistribution terms must be linked file by file.
assets/data/pokemon/Pupitar.json,assets/data,.json,1248,62f51b908fe055466769d8bbe87e8dd51d9a30602749892fd201ea5e04ee9885,mixed,,false,Source and redistribution terms must be linked file by file.
assets/data/pokemon/Purrloin.json,assets/data,.json,1547,fcbe2c2169ef34955ec57aa7706742749b47b7761819959cff2db94f0ef3a493,mixed,,false,Source and redistribution terms must be linked file by file.
assets/data/pokemon/Purugly.json,assets/data,.json,1291,2dc412ea26c5172f4ab68ab70e97dd172d06ebac25dc7fd563fe77d749ef4f72,mixed,,false,Source and redistribution terms must be linked file by file.
assets/data/pokemon/Pyroar.json,assets/data,.json,1297,9091d24874b7552cc0d72d8d67463fd8af164e5547388e89b9fa00b6c344a8c9,mixed,,false,Source and redistribution terms must be linked file by file.
assets/data/pokemon/Pyukumuku.json,assets/data,.json,1184,31e61a08214863374653f9fa88cb9ccfe8ff2f73b1d18166ffcf70de683f201e,mixed,,false,Source and redistribution terms must be linked file by file.
assets/data/pokemon/Quagsire.json,assets/data,.json,1274,ff190c3f15b1ed6452662752aaa9d4686a542b5f70a560a33a8a84f4f1906b0e,mixed,,false,Source and redistribution terms must be linked file by file.
assets/data/pokemon/Quilava.json,assets/data,.json,1185,8902d1e73fad468985ea1572c5de104b47826103512e188a0e580ea896a2a923,mixed,,false,Source and redistribution terms must be linked file by file.
assets/data/pokemon/Quilladin.json,assets/data,.json,1275,0996b6fb88fa58ea403e0f7d916d465e1a53465625df35557cb4d6f225ff0868,mixed,,false,Source and redistribution terms must be linked file by file.
assets/data/pokemon/Qwilfish.json,assets/data,.json,1562,dd055233f7a0629daf75237a48a8ba65c9a6705ecaf4d3871367ff203d0294ec,mixed,,false,Source and redistribution terms must be linked file by file.
assets/data/pokemon/Raichu.json,assets/data,.json,3048,c7adf59c344f337a1388d4ad4ba21662e5728e3c4f24ab3fd7e11cbd719ea6cc,mixed,,false,Source and redistribution terms must be linked file by file.
assets/data/pokemon/Raikou.json,assets/data,.json,1196,a8531eead20ceed90762e70c8b2c4a304d058d53b9f24514b2c6767ee543320f,mixed,,false,Source and redistribution terms must be linked file by file.
assets/data/pokemon/Ralts.json,assets/data,.json,1700,3f94d7fe6eb0c7fbd3a14a68278f4a60987fb952d4c51fa31d5b4a0ae1959ac9,mixed,,false,Source and redistribution terms must be linked file by file.
assets/data/pokemon/Rampardos.json,assets/data,.json,1297,470834ab0c17583736f1b9d4ac04c98c7d757b361458f7820f7e2993820ec132,mixed,,false,Source and redistribution terms must be linked file by file.
assets/data/pokemon/Rapidash.json,assets/data,.json,1158,c830b8b312341b3167a6824f6749477190baefab162cad668b3b266d81d3a48a,mixed,,false,Source and redistribution terms must be linked file by file.
assets/data/pokemon/Raticate.json,assets/data,.json,3396,f7856b31533e57bfe65248f5e38000bd6997731eaf35aac7e7dcc42389c6a980,mixed,,false,Source and redistribution terms must be linked file by file.
assets/data/pokemon/Rattata.json,assets/data,.json,3679,bbf479b181b1c2c8d261021d67f504266835db030b8eb2866920c1783a93263a,mixed,,false,Source and redistribution terms must be linked file by file.
assets/data/pokemon/Rayquaza.json,assets/data,.json,1419,41b0202819238e3ceefdf06f8dbb172654f7ecba3c8b4a91af34cddb5c2034ba,mixed,,false,Source and redistribution terms must be linked file by file.
assets/data/pokemon/Regice.json,assets/data,.json,1259,cdd2082b0121e494a580d5af16cbe3f0cafb53f0dcadd13474eb395c4475fb6d,mixed,,false,Source and redistribution terms must be linked file by file.
assets/data/pokemon/Regigigas.json,assets/data,.json,1172,50f83126789236b2adb81ad4d694021f0622038dba0fcd681551bff034d9d2af,mixed,,false,Source and redistribution terms must be linked file by file.
assets/data/pokemon/Regirock.json,assets/data,.json,1238,9797d3e68896c2d3b1247bd657a7a6ffe12c3efeefb58f19156ab7fc8ebeb61c,mixed,,false,Source and redistribution terms must be linked file by file.
assets/data/pokemon/Registeel.json,assets/data,.json,1306,bbe1b43ed2bf1118e0cde0b1dbd481fb0ba456452460e0a49ae166bfc93bcb47,mixed,,false,Source and redistribution terms must be linked file by file.
assets/data/pokemon/Relicanth.json,assets/data,.json,1549,f59073df2372a7a84d3ce54c8208a0e72d6e7a19a0a105a854394d2cf06717eb,mixed,,false,Source and redistribution terms must be linked file by file.
assets/data/pokemon/Remoraid.json,assets/data,.json,1514,9295959917a3048a7f35690bf6a115a6b16457c6de6a7d03bb7220d473b4451f,mixed,,false,Source and redistribution terms must be linked file by file.
assets/data/pokemon/Reshiram.json,assets/data,.json,1304,9ff2561d1262fe04ffa0254a4f1003638be2a398492e248296828f6b75ddc91f,mixed,,false,Source and redistribution terms must be linked file by file.
assets/data/pokemon/Reuniclus.json,assets/data,.json,1310,9804f6da9fdc9311375d365c5c81cee3189e2fc0d61bc067ac1a18594fa367b7,mixed,,false,Source and redistribution terms must be linked file by file.
assets/data/pokemon/Rhydon.json,assets/data,.json,1501,b62c44b9ca554cf9445a231b297168d3f7e298f5f5355d5de978cbbe4f33efc8,mixed,,false,Source and redistribution terms must be linked file by file.
assets/data/pokemon/Rhyhorn.json,assets/data,.json,1802,3b7a3d599ab68035c6c8eaecb4717cd523567eab11269a08ace833b2f52f9514,mixed,,false,Source and redistribution terms must be linked file by file.
assets/data/pokemon/Rhyperior.json,assets/data,.json,1550,f6cc6dda743a0de4b67ba3fcd53a84aa94fe1d55bf70f5e7adbc6ce68709d744,mixed,,false,Source and redistribution terms must be linked file by file.
assets/data/pokemon/Ribombee.json,assets/data,.json,1233,a034cfadc295b970aac0b8cc662a7dc7a821ad8182bdec6d9cb4db4cf75a83b5,mixed,,false,Source and redistribution terms must be linked file by file.
assets/data/pokemon/Riolu.json,assets/data,.json,1420,fed196e7607341bf20af305201f260deb6e4fdc541d8f5368eb9db7bfaab87a8,mixed,,false,Source and redistribution terms must be linked file by file.
assets/data/pokemon/Rockruff.json,assets/data,.json,1332,504da4bf12c87f930fabfc1741d973cab36ae1389cee2d85d49bd2a8de8a699c,mixed,,false,Source and redistribution terms must be linked file by file.
assets/data/pokemon/Roggenrola.json,assets/data,.json,1351,b58a702008be84126925c40bbb65a8d618bb7dac3651badbeb579bd51268b891,mixed,,false,Source and redistribution terms must be linked file by file.
assets/data/pokemon/Roselia.json,assets/data,.json,1283,eee49474d6284aef6e9e3f410eb81abc67f49e3660d52d70be94dc77b4f958d7,mixed,,false,Source and redistribution terms must be linked file by file.
assets/data/pokemon/Roserade.json,assets/data,.json,1006,180329067ed3bf42364c00fa5985f2cf266f10edead938ae162653ecbdf901c8,mixed,,false,Source and redistribution terms must be linked file by file.
assets/data/pokemon/Rotom.json,assets/data,.json,3674,835bd4327fffdb21bfcf1fd08fd88a9721a23fab6a7673db4dc0da15f68a159e,mixed,,false,Source and redistribution terms must be linked file by file.
assets/data/pokemon/Rowlet.json,assets/data,.json,1426,bea81e78c9ff35c0632dfeef2fd458960a8cba13a5258d41a988bb42f77a912f,mixed,,false,Source and redistribution terms must be linked file by file.
assets/data/pokemon/Rufflet.json,assets/data,.json,1257,a607efa59835034c0392bce3cca07350a017efb306b4268ce35fb746a4e69421,mixed,,false,Source and redistribution terms must be linked file by file.
assets/data/pokemon/Sableye.json,assets/data,.json,1689,998614df2e8f5f8e806d9b58dc2e48b96e67f8cb89e0be6451b0ee594770a08f,mixed,,false,Source and redistribution terms must be linked file by file.
assets/data/pokemon/Salamence.json,assets/data,.json,1296,af961364196e20d6f5666ea8fdb781d0bc2772bbfad95c63eda8786c9ffb4c33,mixed,,false,Source and redistribution terms must be linked file by file.
assets/data/pokemon/Salandit.json,assets/data,.json,1379,ede2f4b701440bd06bc0df9ce2ed2fd60a3254471b681bce68e45a83c27da858,mixed,,false,Source and redistribution terms must be linked file by file.
assets/data/pokemon/Salazzle.json,assets/data,.json,1296,73f6c564b7484e3011ebe5337bc735f475197eaf9c126bd803459ed47be70948,mixed,,false,Source and redistribution terms must be linked file by file.
assets/data/pokemon/Samurott.json,assets/data,.json,1257,6f18115fa4ce9ad63584ac8bd0a0752d6439fd1edc5fff6a567cb8ff2e7e7f9a,mixed,,false,Source and redistribution terms must be linked file by file.
assets/data/pokemon/Sandile.json,assets/data,.json,1575,c7afef45389185a2f797f105ddc676de828494ebf4c5bc3e941304c69a3498af,mixed,,false,Source and redistribution terms must be linked file by file.
assets/data/pokemon/Sandshrew.json,assets/data,.json,3988,b2410755cd95c89091bf6b4624d8ff01facb200cbf892fc1f90da9d72aa2b677,mixed,,false,Source and redistribution terms must be linked file by file.
assets/data/pokemon/Sandslash.json,assets/data,.json,2909,53ab9dc97b9a677a75d14f062e3761175a4d2075d9f07f938139a52b2bf19cbe,mixed,,false,Source and redistribution terms must be linked file by file.
assets/data/pokemon/Sandygast.json,assets/data,.json,1440,682c21d9432d860389b3a79dda81aa9472195da6edc02ea5737e8b4a16e2d518,mixed,,false,Source and redistribution terms must be linked file by file.
assets/data/pokemon/Sawk.json,assets/data,.json,1222,e2b566936a19044f78f770be8bfeadc25192d3265be5871bc8b7a7a0d1b9c10d,mixed,,false,Source and redistribution terms must be linked file by file.
assets/data/pokemon/Sawsbuck.json,assets/data,.json,1289,5797b0d7e454cfc9560428bbd765b3485174d167849db3b07c9694e14a817b4b,mixed,,false,Source and redistribution terms must be linked file by file.
assets/data/pokemon/Scatterbug.json,assets/data,.json,768,499861e437d21f295309f2ef535bc82698e743067823c6401ee8bd429fa3ad39,mixed,,false,Source and redistribution terms must be linked file by file.
assets/data/pokemon/Sceptile.json,assets/data,.json,1302,cab43d334ce106ee45889c004bbcf2f68611ed84441f545ec5ad359545139457,mixed,,false,Source and redistribution terms must be linked file by file.
assets/data/pokemon/Scizor.json,assets/data,.json,1335,486249da4e88469dad6896eb966676574465958254aa29a4c4055f116c71311b,mixed,,false,Source and redistribution terms must be linked file by file.
assets/data/pokemon/Scolipede.json,assets/data,.json,1270,dd4a3ef305f85aa1b1faf6a19d010758518b548bf9c771997782beab689e2840,mixed,,false,Source and redistribution terms must be linked file by file.
assets/data/pokemon/Scrafty.json,assets/data,.json,1371,cc754381b5b461653ee707612aceea2f073e86e911134d4983f6ec85bada0677,mixed,,false,Source and redistribution terms must be linked file by file.
assets/data/pokemon/Scraggy.json,assets/data,.json,1612,b3634d63203873bd3ddd432980c53e62f950631473bba7aefebbfb0753219551,mixed,,false,Source and redistribution terms must be linked file by file.
assets/data/pokemon/Scyther.json,assets/data,.json,1587,2c2edfb900d0817146fef26c98d0c16422d931478837b4550692d191edf533fb,mixed,,false,Source and redistribution terms must be linked file by file.
assets/data/pokemon/Seadra.json,assets/data,.json,1088,7f0e76ad53f3b5fdff6a446a03be338d9792b879f823695f74058087a86d14f3,mixed,,false,Source and redistribution terms must be linked file by file.
assets/data/pokemon/Seaking.json,assets/data,.json,1142,891b645ff8e5b60bb5f1c7f897a3ad4954f4f157f7f5dbe672867d64d78a40ec,mixed,,false,Source and redistribution terms must be linked file by file.
assets/data/pokemon/Sealeo.json,assets/data,.json,1186,e224a6cf799b0a42d95b1fe01b7d61970e5de632649a2928bc28198ac1044ab6,mixed,,false,Source and redistribution terms must be linked file by file.
assets/data/pokemon/Seedot.json,assets/data,.json,1280,ef3321e5c8664a4a26744ff8dac255abaf5813efe985bfd06607e92dd1fdf4aa,mixed,,false,Source and redistribution terms must be linked file by file.
assets/data/pokemon/Seel.json,assets/data,.json,1544,64757eb31ae46547943b5f26bad0178fd9fea463b5557abb8998ccc3ea4d5ea9,mixed,,false,Source and redistribution terms must be linked file by file.
assets/data/pokemon/Seismitoad.json,assets/data,.json,1269,a79dfe72b0a5db8d55c87dc11333aeb22810ae4e04c59ea9835d29e6d892024f,mixed,,false,Source and redistribution terms must be linked file by file.
assets/data/pokemon/Sentret.json,assets/data,.json,1566,d50ef184448513fbd6cfeab222c4872890bfbd997b633b6031ca4b56a34a4381,mixed,,false,Source and redistribution terms must be linked file by file.
assets/data/pokemon/Serperior.json,assets/data,.json,1179,4c0e8ffef3c15c070e11ef693e01872e322783fcfbf0fc1a43deff3aed063127,mixed,,false,Source and redistribution terms must be linked file by file.
assets/data/pokemon/Servine.json,assets/data,.json,1195,53e5a702bccd5a350af74ff95f294bae23352fbe14897edcb1b13b5de25e86d4,mixed,,false,Source and redistribution terms must be linked file by file.
assets/data/pokemon/Seviper.json,assets/data,.json,1600,29ca8156801ffcf405268f09206551c379f911e6f083b04b675f72e5f882cc84,mixed,,false,Source and redistribution terms must be linked file by file.
assets/data/pokemon/Sewaddle.json,assets/data,.json,1267,99a330443e52cb383e0d3e8bff994a22e5f3f7cb1e509c38c6a44e17b6037d2a,mixed,,false,Source and redistribution terms must be linked file by file.
assets/data/pokemon/Sharpedo.json,assets/data,.json,1295,f5f748bfba074ed42d253b2e61d3c79e2aa9298ef50f7994777dff4ee6917f86,mixed,,false,Source and redistribution terms must be linked file by file.
assets/data/pokemon/Shaymin.json,assets/data,.json,2170,87f0b01d2401fea638033e08436a81336fa9a5601acac100eca338e4b2c04ccb,mixed,,false,Source and redistribution terms must be linked file by file.
assets/data/pokemon/Shedinja.json,assets/data,.json,1189,6fba41917a0d1a99153fc31ae538f497b703dcd9571d8bf6cfe69271f4535cd6,mixed,,false,Source and redistribution terms must be linked file by file.
assets/data/pokemon/Shelgon.json,assets/data,.json,1150,da56217a93eb113ea38fc60d29c5dc0b24ba6c4273eabfff72e2ebbfb620131b,mixed,,false,Source and redistribution terms must be linked file by file.
assets/data/pokemon/Shellder.json,assets/data,.json,1456,f54b54e89bc85d4204176ec752bc5a39629b9b229fa834a1d7dc2c10d19a1031,mixed,,false,Source and redistribution terms must be linked file by file.
assets/data/pokemon/Shellos.json,assets/data,.json,1398,ac82ad1a6acf4abfc65708e5227616658146484c67e92c4579460dd93274af3a,mixed,,false,Source and redistribution terms must be linked file by file.
assets/data/pokemon/Shelmet.json,assets/data,.json,1337,f57d33211b45d7138db586cb6b45109b7e3a5841111df371f91fd8a1a6748bee,mixed,,false,Source and redistribution terms must be linked file by file.
assets/data/pokemon/Shieldon.json,assets/data,.json,1525,a41744bbe9e29bbfa3e4c3d2d983a227d451a3c4dc812004d4fb068d0605f4ca,mixed,,false,Source and redistribution terms must be linked file by file.
assets/data/pokemon/Shiftry.json,assets/data,.json,1231,8408aa0c13d64f5a2dd10f363e70e8ac9f21d30c51d898cbbd993241ae9ea20e,mixed,,false,Source and redistribution terms must be linked file by file.
assets/data/pokemon/Shiinotic.json,assets/data,.json,1210,dbbcbf6d33cd53337cb162a3404a03b7f3ad96ecebb5bc55031ef2bb357de751,mixed,,false,Source and redistribution terms must be linked file by file.
assets/data/pokemon/Shinx.json,assets/data,.json,1437,ff65f03886c444239c5714a0d66c45256ae8ce7fcc0eebc1f87eeb20f9d72fd3,mixed,,false,Source and redistribution terms must be linked file by file.
assets/data/pokemon/Shroomish.json,assets/data,.json,1443,eded42494328901e2860c6fc558548daaf9b9580f2bd653c005d971092b29447,mixed,,false,Source and redistribution terms must be linked file by file.
assets/data/pokemon/Shuckle.json,assets/data,.json,1469,ce97b9d4ee978c1a89bd7bd8bb20935aff3678768ff4a3995e8f85b264390d07,mixed,,false,Source and redistribution terms must be linked file by file.
assets/data/pokemon/Shuppet.json,assets/data,.json,1609,85a8cfcb18860c1fd314c2398d2adf5723dbf04500a1de12f99e08781cfdb15a,mixed,,false,Source and redistribution terms must be linked file by file.
assets/data/pokemon/Sigilyph.json,assets/data,.json,1592,e748eeecf14c349029c9761a3091ced47fdf48405b069cc67c625c8cef296168,mixed,,false,Source and redistribution terms must be linked file by file.
assets/data/pokemon/Silcoon.json,assets/data,.json,481,7c55a68a64065e162c5aa6073a6e86609c9729e5b72d18721fbbdfd5fea7a0f0,mixed,,false,Source and redistribution terms must be linked file by file.
assets/data/pokemon/Silvally.json,assets/data,.json,4148,f9b27dcb107ab7e0672486dcfdc57aded4861256ea5b7c64b9523c472cc0ceff,mixed,,false,Source and redistribution terms must be linked file by file.
assets/data/pokemon/Simipour.json,assets/data,.json,964,a4418dd5798eec2b67e933eadf9469f3af153482578671390aaed33d2020a94a,mixed,,false,Source and redistribution terms must be linked file by file.
assets/data/pokemon/Simisage.json,assets/data,.json,940,8cb7f522c1891b2ca1608d54af1439767882cdf6bce2e12ee676bdda20cfc706,mixed,,false,Source and redistribution terms must be linked file by file.
assets/data/pokemon/Simisear.json,assets/data,.json,968,f7583e1b3af39c86d955b734f65dbd3a3b394f69c7a445e4c555d4cd05c7b805,mixed,,false,Source and redistribution terms must be linked file by file.
assets/data/pokemon/Skarmory.json,assets/data,.json,1472,304a96fdd0e882e390067e10be4aaa9ef78fb8f8c448af798f4c51c5ac33d14c,mixed,,false,Source and redistribution terms must be linked file by file.
assets/data/pokemon/Skiddo.json,assets/data,.json,1343,b6d25fcb9c3ce31f52b6b5ec00ff8c20e7b72a876ad9f1c9e6d1cad7c6ab7406,mixed,,false,Source and redistribution terms must be linked file by file.
assets/data/pokemon/Skiploom.json,assets/data,.json,1310,f2a31f08bc68a7421e0a3089f217664e1df6ea6d988538f547c0469fe88f388e,mixed,,false,Source and redistribution terms must be linked file by file.
assets/data/pokemon/Skitty.json,assets/data,.json,1765,4fae1e76a45734decf93d60eef3a6f7c59e82669c24c753af22880062400b10f,mixed,,false,Source and redistribution terms must be linked file by file.
assets/data/pokemon/Skorupi.json,assets/data,.json,1672,2b953ee9f8a9f4f87b3ed8df29e2d4b7a9294af32fa718ba6876cfd3c84e5b37,mixed,,false,Source and redistribution terms must be linked file by file.
assets/data/pokemon/Skrelp.json,assets/data,.json,1385,e8be006c73c3444e475589c2e4b50992c4f3e09dd10e9f3352d018e3aeeb6752,mixed,,false,Source and redistribution terms must be linked file by file.
assets/data/pokemon/Skuntank.json,assets/data,.json,1361,548ed1e012f6a4c6bd7217825da165cb5c830519f650d290dce24a8ce426e286,mixed,,false,Source and redistribution terms must be linked file by file.
assets/data/pokemon/Slaking.json,assets/data,.json,1222,2bec114c252a476f8c9b40a05c4eda177be597989cf4ccc3c9edd48c9649c481,mixed,,false,Source and redistribution terms must be linked file by file.
assets/data/pokemon/Slakoth.json,assets/data,.json,1354,62836478ae2a2995c274fd2f535d68b2b872cc919291ea4ac500b26f5350c71a,mixed,,false,Source and redistribution terms must be linked file by file.
assets/data/pokemon/Sliggoo.json,assets/data,.json,1059,9581425c82c9f9c65f616018145a2743c010a3a8a69f515cfe0da0d6238cf9d2,mixed,,false,Source and redistribution terms must be linked file by file.
assets/data/pokemon/Slowbro.json,assets/data,.json,1381,b509637b505b98f78f85db2e9fbc975b5fb26b91ceecb662a8d3c1c1b4b4bf0a,mixed,,false,Source and redistribution terms must be linked file by file.
assets/data/pokemon/Slowking.json,assets/data,.json,1425,eafca7d724df981f086799ee6ceebfa66f8e55a043732eb7cf76d85b9ce94fdb,mixed,,false,Source and redistribution terms must be linked file by file.
assets/data/pokemon/Slowpoke.json,assets/data,.json,1623,ae886548d8f526c9db0b8a64d58ea4db0e899704400576c918ce9e25866d21bc,mixed,,false,Source and redistribution terms must be linked file by file.
assets/data/pokemon/Slugma.json,assets/data,.json,1477,a7c75ef6bd28bfeff15ae66942f1f2dfd76a5c176ff1583858edd6ab0a5b3388,mixed,,false,Source and redistribution terms must be linked file by file.
assets/data/pokemon/Slurpuff.json,assets/data,.json,1216,97a97f4cb2866447da065a17f8475e2288baed21cf06681868c6dbc93131ec32,mixed,,false,Source and redistribution terms must be linked file by file.
assets/data/pokemon/Smeargle.json,assets/data,.json,837,6ac81a801d70fd5423f166f58ba72b1648400e7a89440a38f372be53c4518322,mixed,,false,Source and redistribution terms must be linked file by file.
assets/data/pokemon/Smoochum.json,assets/data,.json,1495,25e673b9e402d7693d13a8dca5a429538a20cb6a00f85b89920023a50cdaab8a,mixed,,false,Source and redistribution terms must be linked file by file.
assets/data/pokemon/Sneasel.json,assets/data,.json,1741,06477492143327dc4a0efea549a86b1164d61721a8b75a73a008c5bd68c151cf,mixed,,false,Source and redistribution terms must be linked file by file.
assets/data/pokemon/Snivy.json,assets/data,.json,1454,347216b02f394b1f2b130d2e69b6d2e0da366394658cd4ea7570a2374c487eae,mixed,,false,Source and redistribution terms must be linked file by file.
assets/data/pokemon/Snorlax.json,assets/data,.json,1281,56e5bb76a2a25d48e78d522ef0ad6e64161518871088fab20dd045b39f865c9b,mixed,,false,Source and redistribution terms must be linked file by file.
assets/data/pokemon/Snorunt.json,assets/data,.json,1303,7e9a9a685a27c49c2f28686cd952f89c10345ce6038b961c8f05c4e052ac5842,mixed,,false,Source and redistribution terms must be linked file by file.
assets/data/pokemon/Snover.json,assets/data,.json,1375,9f1338c4c980b0665ad98482d4260d7a5035fdde51b631195a2e4b74ad07599e,mixed,,false,Source and redistribution terms must be linked file by file.
assets/data/pokemon/Snubbull.json,assets/data,.json,1639,4146edd6ea5401d52e9960c06e16d3fe2e5b5f7cef4f6d2c03b93cd0fd9bde31,mixed,,false,Source and redistribution terms must be linked file by file.
assets/data/pokemon/Solgaleo.json,assets/data,.json,1408,af1857de0608acbad14ae8345fa0e90434c0e385a0e43da6f3901f1f8dbca7db,mixed,,false,Source and redistribution terms must be linked file by file.
assets/data/pokemon/Solosis.json,assets/data,.json,1516,de30ec324953adb83481aea35308fac841614c3cdb8e81a5d1a9dd7a3080d9cb,mixed,,false,Source and redistribution terms must be linked file by file.
assets/data/pokemon/Solrock.json,assets/data,.json,1409,8adda1c0566ecd054377fecc2ad848267691521234a180012e51618cc22d7376,mixed,,false,Source and redistribution terms must be linked file by file.
assets/data/pokemon/Spearow.json,assets/data,.json,1372,db3a68ba8e37a7ba4f5a8d4f21d563bafc8fc92fe32043222e25f0a0abe14a77,mixed,,false,Source and redistribution terms must be linked file by file.
assets/data/pokemon/Spewpa.json,assets/data,.json,599,9be0ff668c9fd503e463e03e518e4d6e3b056918f3e6acc6dbb168cbfe19e6fa,mixed,,false,Source and redistribution terms must be linked file by file.
assets/data/pokemon/Spheal.json,assets/data,.json,1487,c90fbca005fe6ae23092dc696e1d136430bb2936d70f82cebe51373b33efcc7a,mixed,,false,Source and redistribution terms must be linked file by file.
assets/data/pokemon/Spinarak.json,assets/data,.json,1598,13db97d88e1acf0afb94bf57513bf31cfd7306bd1579df16089353637acc6eb0,mixed,,false,Source and redistribution terms must be linked file by file.
assets/data/pokemon/Spinda.json,assets/data,.json,1524,cb718a1be3e8b2e2897c4f531bfef444a04d23b7ff9ea98b37ec583437543888,mixed,,false,Source and redistribution terms must be linked file by file.
assets/data/pokemon/Spiritomb.json,assets/data,.json,1475,5ba046153024608c43d80e9011814fb0959fbab80c5561fd26cb8728537812fd,mixed,,false,Source and redistribution terms must be linked file by file.
assets/data/pokemon/Spoink.json,assets/data,.json,1529,e1bd9b2cc267d7dcccf902fd949c42e9b50ffab2ea1ffd6ead1e6cbda43692e0,mixed,,false,Source and redistribution terms must be linked file by file.
assets/data/pokemon/Spritzee.json,assets/data,.json,1399,a474d40f6b348b80636b9836c203f2c1c864ca1cdee089f2b62cc241b3585326,mixed,,false,Source and redistribution terms must be linked file by file.
assets/data/pokemon/Squirtle.json,assets/data,.json,1426,cfef862fdf2ed9fc990004894a0da2eb9d003f73bffd2b6f29531b9d6c61e58a,mixed,,false,Source and redistribution terms must be linked file by file.
assets/data/pokemon/Stakataka.json,assets/data,.json,1107,533c3276764909de94599aa4341aab1ddda61668e5adc2acc419aa7d99937332,mixed,,false,Source and redistribution terms must be linked file by file.
assets/data/pokemon/Stantler.json,assets/data,.json,1542,847a4fd2f70e8d01034d55456c8f8522441fcc20513f84b645660f4053aa6575,mixed,,false,Source and redistribution terms must be linked file by file.
assets/data/pokemon/Staraptor.json,assets/data,.json,1112,0de404cf6587911bf4983336c63a4f5c8eb4b3c60583a259827c36c8e470b3e2,mixed,,false,Source and redistribution terms must be linked file by file.
assets/data/pokemon/Staravia.json,assets/data,.json,1119,a795d87f42305df0658e1cdd08e660aec48cf576e2146a0e285ea0f2da2cc8a3,mixed,,false,Source and redistribution terms must be linked file by file.
assets/data/pokemon/Starly.json,assets/data,.json,1408,d6a3fa7b977b06e66cc49f94470b738286987c71e6b6c283b2bc302be11d2fbe,mixed,,false,Source and redistribution terms must be linked file by file.
assets/data/pokemon/Starmie.json,assets/data,.json,1101,bf8247bf7a4b794b51be4e87b152f673775aa7adc47d54557043a043b99a2f78,mixed,,false,Source and redistribution terms must be linked file by file.
assets/data/pokemon/Staryu.json,assets/data,.json,1392,a99765927a7fd8b8046cf6cfac639559e7a32a0fe02ccf834fe31d7c07ad5185,mixed,,false,Source and redistribution terms must be linked file by file.
assets/data/pokemon/Steelix.json,assets/data,.json,1498,f61645f0f77e801eb70e0f19fa2b0cca10819304a180c5b4822695cf5c1fedc7,mixed,,false,Source and redistribution terms must be linked file by file.
assets/data/pokemon/Steenee.json,assets/data,.json,1102,a7331bdde34779fcd4bbc38a094939177bbd0202149b78acc71cd00afc1dce28,mixed,,false,Source and redistribution terms must be linked file by file.
assets/data/pokemon/Stoutland.json,assets/data,.json,1225,3355cbc9f20411863d0395fde818cfc2e31357abd51f8cd14b3f6a69883cb11e,mixed,,false,Source and redistribution terms must be linked file by file.
assets/data/pokemon/Stufful.json,assets/data,.json,1302,9d42bcd7649850d2111336067298aba1761abd0a954db48cfd7488fde2ae95c2,mixed,,false,Source and redistribution terms must be linked file by file.
assets/data/pokemon/Stunfisk.json,assets/data,.json,1494,5559f89e9ac0e4a85c9c2a3ae32d57286cd93b39c01525ccc0fefd2e5069b6f3,mixed,,false,Source and redistribution terms must be linked file by file.
assets/data/pokemon/Stunky.json,assets/data,.json,1552,1ac91d9d03b9b556fcd8e66bdfe0fac7185077ed938f75b669bd0999848d23d5,mixed,,false,Source and redistribution terms must be linked file by file.
assets/data/pokemon/Sudowoodo.json,assets/data,.json,1350,2906935c7211975d7e4677cba2a6399888a0ffb60f8865e07bb40fbefca60d1c,mixed,,false,Source and redistribution terms must be linked file by file.
assets/data/pokemon/Suicune.json,assets/data,.json,1207,4e9828a8d76764a34a56e298a31b6be0ea6ad08ba868ebe84c04e30331f63283,mixed,,false,Source and redistribution terms must be linked file by file.
assets/data/pokemon/Sunflora.json,assets/data,.json,1298,b6542466acbf2e5484b467ff86af75e169d53677dd541b021e3e454bb59d8f92,mixed,,false,Source and redistribution terms must be linked file by file.
assets/data/pokemon/Sunkern.json,assets/data,.json,1506,1d7653e40b9e0a362bcd624297070b6da40e8bba66d90c482b9dcc23e9dd27cc,mixed,,false,Source and redistribution terms must be linked file by file.
assets/data/pokemon/Surskit.json,assets/data,.json,1328,630dd1e6ebc4dd89b57b5958ba75f845f6fbad579d612f1a648314b96094d9f7,mixed,,false,Source and redistribution terms must be linked file by file.
assets/data/pokemon/Swablu.json,assets/data,.json,1485,a1914914571bbeab101de6f234c3ff09d16d28c8d97b306cfa2c2a059708b0f4,mixed,,false,Source and redistribution terms must be linked file by file.
assets/data/pokemon/Swadloon.json,assets/data,.json,925,6e689a10230ace72fb749d1cfc3b5d287fbc0a2dc5266bdb382a559a3b79715c,mixed,,false,Source and redistribution terms must be linked file by file.
assets/data/pokemon/Swalot.json,assets/data,.json,1217,7a76c8a073bb8980f1b382da532d1edcc22ce402509cb4ab0e933a3b43404694,mixed,,false,Source and redistribution terms must be linked file by file.
assets/data/pokemon/Swampert.json,assets/data,.json,1228,aae56642a216e5b83bd7099e41215fe032befe1f50ce76499e909227070a0c68,mixed,,false,Source and redistribution terms must be linked file by file.
assets/data/pokemon/Swanna.json,assets/data,.json,1219,4c9ed997887b63f92856fa336234231dc3e430735ac106a5d9b4ec1dbf6d3336,mixed,,false,Source and redistribution terms must be linked file by file.
assets/data/pokemon/Swellow.json,assets/data,.json,1143,82a27c04357a39d9eb182cabd0da66b2848eefdf06a75716ef39cee0353f6707,mixed,,false,Source and redistribution terms must be linked file by file.
assets/data/pokemon/Swinub.json,assets/data,.json,1504,bb5bfe64bc5478282063ec71a6e80d5778b7178583bd059372f10182250baf55,mixed,,false,Source and redistribution terms must be linked file by file.
assets/data/pokemon/Swirlix.json,assets/data,.json,1339,a6d1e3d1ab5a6a21d6eb733955395e9eceb66571aee57e3139fa3d6e8f5093c9,mixed,,false,Source and redistribution terms must be linked file by file.
assets/data/pokemon/Swoobat.json,assets/data,.json,1389,307e8923b537212dadf57e866aae2de44b0f8b2608c15db1456244109c58c7e4,mixed,,false,Source and redistribution terms must be linked file by file.
assets/data/pokemon/Sylveon.json,assets/data,.json,1241,62ba92968f40c1f55d63799a2ff2e4314cd42fc393a5af5ab6d65986e126e73d,mixed,,false,Source and redistribution terms must be linked file by file.
assets/data/pokemon/Taillow.json,assets/data,.json,1393,c0282ad8802a0c6f40e8a22ef5a064f8aca6f9da3e9338b74ec3249f077e6af2,mixed,,false,Source and redistribution terms must be linked file by file.
assets/data/pokemon/Talonflame.json,assets/data,.json,1259,b839d3a28bc53d508d280e8fb84f37aedafcd439f1866bb1cbfc1bc42ffb2140,mixed,,false,Source and redistribution terms must be linked file by file.
assets/data/pokemon/Tangela.json,assets/data,.json,1560,b182d46f6102ab4702dad42a4f9131c3ae4b9539ba3353eb4d7e92add7af1139,mixed,,false,Source and redistribution terms must be linked file by file.
assets/data/pokemon/Tangrowth.json,assets/data,.json,1364,3fbeadb5c24b8bc8005c1b677d59f81aa23b9113ddf231452b71b61a7d03a959,mixed,,false,Source and redistribution terms must be linked file by file.
assets/data/pokemon/Tapu Bulu.json,assets/data,.json,1440,cd22412d094408a2c8fe2d9d6089b4273359b10a95662f50474b4f2ef81eef5f,mixed,,false,Source and redistribution terms must be linked file by file.
assets/data/pokemon/Tapu Fini.json,assets/data,.json,1326,ee4b88e1c8b49935f4fcdb9a64b602b63a29fd22b009a2c373f8c0b32fee36f7,mixed,,false,Source and redistribution terms must be linked file by file.
assets/data/pokemon/Tapu Koko.json,assets/data,.json,1452,a113a02959960c9d61adcd2a5a5a248e1108b8c11fd332723fe387d25ea58c57,mixed,,false,Source and redistribution terms must be linked file by file.
assets/data/pokemon/Tapu Lele.json,assets/data,.json,1380,05fff638da921de8ecdcbdc3c047994b61b3c246f191ad85620b9f5e27cc58ad,mixed,,false,Source and redistribution terms must be linked file by file.
assets/data/pokemon/Tauros.json,assets/data,.json,1274,57c04bc136ff68f9bfa203d9e0fa725a5df86a3d1e5ef3e4e902dbc5b2aeee69,mixed,,false,Source and redistribution terms must be linked file by file.
assets/data/pokemon/Teddiursa.json,assets/data,.json,1562,f6bd15a1fc9721788148544c466388b9694e621f61c5fd6c4525095858edf2a9,mixed,,false,Source and redistribution terms must be linked file by file.
assets/data/pokemon/Tentacool.json,assets/data,.json,1585,cc8d840cb09917a030d6d4bd01f9e7db97a937b84b25dae9430bb62da3ad0b48,mixed,,false,Source and redistribution terms must be linked file by file.
assets/data/pokemon/Tentacruel.json,assets/data,.json,1346,df6d43a9ec0fc8da304091a4a348e628d8b04c77d9464ab7bc1566616084778f,mixed,,false,Source and redistribution terms must be linked file by file.
assets/data/pokemon/Tepig.json,assets/data,.json,1427,0679afec5c453b130a63f4b3700acb10f344660fea03f7f5b5341f3f734b920b,mixed,,false,Source and redistribution terms must be linked file by file.
assets/data/pokemon/Terrakion.json,assets/data,.json,1253,5bdcd134ef39007869def86b94469ec1e9572848099afebc43ac143c2e4ca8b0,mixed,,false,Source and redistribution terms must be linked file by file.
assets/data/pokemon/Throh.json,assets/data,.json,1215,101db0560df45046741d037034662d5442827d9d0c2b0769e9457a6b18ed5a28,mixed,,false,Source and redistribution terms must be linked file by file.
assets/data/pokemon/Thundurus.json,assets/data,.json,1425,aba07e642298743ca7c90d2c92bb494d0ce404b20bc1aebfe8515df340d6764c,mixed,,false,Source and redistribution terms must be linked file by file.
assets/data/pokemon/Timburr.json,assets/data,.json,1492,f3472745746822d1a85f8ae20319a3fec736b215c6f36ac19368e4439ab48c3a,mixed,,false,Source and redistribution terms must be linked file by file.
assets/data/pokemon/Tirtouga.json,assets/data,.json,1489,8861d3df8f41f0eec02385491cdb2ffea4746de6209988b15b1d3b68defc161e,mixed,,false,Source and redistribution terms must be linked file by file.
assets/data/pokemon/Togedemaru.json,assets/data,.json,1458,ba9fd5d466c6c48084297149f52da7f6c8d8726239b19f9d5c0b58024a2e6b84,mixed,,false,Source and redistribution terms must be linked file by file.
assets/data/pokemon/Togekiss.json,assets/data,.json,1098,7d7a1dac7a58f3b368c806568b1190ac8ddf98833cafee017862d593794276fe,mixed,,false,Source and redistribution terms must be linked file by file.
assets/data/pokemon/Togepi.json,assets/data,.json,1596,09bed4bbe395e29e68bdc05dcffe51648802cd6ac49eb4a9b1ba6392b3c759d8,mixed,,false,Source and redistribution terms must be linked file by file.
assets/data/pokemon/Togetic.json,assets/data,.json,1463,9ae0990763f1d18da176e3577c92809dbafc74ca1f2828f4f6dbb8b1164dfa36,mixed,,false,Source and redistribution terms must be linked file by file.
assets/data/pokemon/Torchic.json,assets/data,.json,1460,14c62cbf5bc914be373cfb8ef7031a10f19e34cde95ea2fea9cdbf2989bcda4f,mixed,,false,Source and redistribution terms must be linked file by file.
assets/data/pokemon/Torkoal.json,assets/data,.json,1503,ea90d61adda50af92198dc3535c281f7be19375e01b2882a5b605a2a07abe8c6,mixed,,false,Source and redistribution terms must be linked file by file.
assets/data/pokemon/Tornadus.json,assets/data,.json,1346,fbb430c33f1c133032751626ccbdcd82f104c9b96246a7c32126c45bf180b3bc,mixed,,false,Source and redistribution terms must be linked file by file.
assets/data/pokemon/Torracat.json,assets/data,.json,1268,954a372f000377066f51e0d809ff73932454b6f6b132858d70a069113a9a9902,mixed,,false,Source and redistribution terms must be linked file by file.
assets/data/pokemon/Torterra.json,assets/data,.json,1238,676e0f94b1a46fc42f3e516fbc330a0206f3f4235cd67d8ac80ff32afb0633e8,mixed,,false,Source and redistribution terms must be linked file by file.
assets/data/pokemon/Totodile.json,assets/data,.json,1490,b618a6c10c9fcbfe2bab1cc31d2f57988762f067621b8badb30286b3477f2559,mixed,,false,Source and redistribution terms must be linked file by file.
assets/data/pokemon/Toucannon.json,assets/data,.json,1187,d48de959aeb9c567323813ca748be5f942abb2b24e7c8d1c229cceb3028803b9,mixed,,false,Source and redistribution terms must be linked file by file.
assets/data/pokemon/Toxapex.json,assets/data,.json,1176,52dcbdcae64999758b9ee2e8b31f094d8f985bdd57cf72e21c156cfd317e57aa,mixed,,false,Source and redistribution terms must be linked file by file.
assets/data/pokemon/Toxicroak.json,assets/data,.json,1435,4bccf00b54cf65f3a6bc95093789e5d1c1a43afbb8d191887512b5da93208c9d,mixed,,false,Source and redistribution terms must be linked file by file.
assets/data/pokemon/Tranquill.json,assets/data,.json,1197,cdd3f13482f5aed16cb0e219852a4701559229c1e4fa5e2cc967ef213a8957f6,mixed,,false,Source and redistribution terms must be linked file by file.
assets/data/pokemon/Trapinch.json,assets/data,.json,1472,f746221647c35eb30f964bc904c30d3151d4f4681bed872f31ce5e4f46a95d43,mixed,,false,Source and redistribution terms must be linked file by file.
assets/data/pokemon/Treecko.json,assets/data,.json,1547,0ba3a097e9c70b947917215cea0fb121c5cd7500abb5773e3168f695a8e1776e,mixed,,false,Source and redistribution terms must be linked file by file.
assets/data/pokemon/Trevenant.json,assets/data,.json,1403,14b86884cea5ffb3d5cac7f8c75aa330c2b8ac5dbbdc873d9398e8c862cf0b1e,mixed,,false,Source and redistribution terms must be linked file by file.
assets/data/pokemon/Tropius.json,assets/data,.json,1518,a647783912256bb23eda7a765875953449a27d1554d19c9e4b0c1b848f00bd46,mixed,,false,Source and redistribution terms must be linked file by file.
assets/data/pokemon/Trubbish.json,assets/data,.json,1373,af0d21381ac28d7e926587a3392cfbc697df8ea122640813940b1a4c2ebebd77,mixed,,false,Source and redistribution terms must be linked file by file.
assets/data/pokemon/Trumbeak.json,assets/data,.json,1189,8ce29a67491237fe52a63c21c6f717f8638665739d29c8a944dd2cbb8940612f,mixed,,false,Source and redistribution terms must be linked file by file.
assets/data/pokemon/Tsareena.json,assets/data,.json,1197,dbcf82ca47731535d9c1477e4fbd70bae719de582757a6b78a25b8a4c83fe8d7,mixed,,false,Source and redistribution terms must be linked file by file.
assets/data/pokemon/Turtonator.json,assets/data,.json,1342,9d2a2b1f994a92494247e1659334b65720fb733cdc7b586e49791eae3c6950d6,mixed,,false,Source and redistribution terms must be linked file by file.
assets/data/pokemon/Turtwig.json,assets/data,.json,1450,476f969efdad33ca828966d7b3cae2ebc5d6873c138c47f3ed15dff2a9bba3ef,mixed,,false,Source and redistribution terms must be linked file by file.
assets/data/pokemon/Tympole.json,assets/data,.json,1346,4b5c2b268927e9753b56766fbb9cebbbc261b27fdecab6140951363a7cc1c273,mixed,,false,Source and redistribution terms must be linked file by file.
assets/data/pokemon/Tynamo.json,assets/data,.json,604,c34cf9451bb11b670732681866cf6813304d1a4a87514c090170ca380f44d46e,mixed,,false,Source and redistribution terms must be linked file by file.
assets/data/pokemon/Type Null.json,assets/data,.json,1290,d7ee7af9e634a444c43b83289e7f5e8dcf73098c322c66f6119c520ee6ae843b,mixed,,false,Source and redistribution terms must be linked file by file.
assets/data/pokemon/Typhlosion.json,assets/data,.json,1259,474686a75abbcaeaaa368ccd011d33f16f5d8daec57d96377def2d8c1742f65c,mixed,,false,Source and redistribution terms must be linked file by file.
assets/data/pokemon/Tyranitar.json,assets/data,.json,1456,58aa4a3b37f028e86edccfdeedae5691b83e09fc3436c15751c9f2fbb482d999,mixed,,false,Source and redistribution terms must be linked file by file.
assets/data/pokemon/Tyrantrum.json,assets/data,.json,1286,c9e9fc8bd9dd0b2a63b78adb2b1d155ded89ac7e29c97992a26fe61687b95249,mixed,,false,Source and redistribution terms must be linked file by file.
assets/data/pokemon/Tyrogue.json,assets/data,.json,1060,54d6f1dbbc20a2afa0326bb0e093a29bfc6b741c1e3d06bf501393c8ce8d6c54,mixed,,false,Source and redistribution terms must be linked file by file.
assets/data/pokemon/Tyrunt.json,assets/data,.json,1402,374ac51fc9e4edf3af5925a634e674530d428eae916368040d7123bed028b7ea,mixed,,false,Source and redistribution terms must be linked file by file.
assets/data/pokemon/Umbreon.json,assets/data,.json,1260,205b5fd0ec81dcf27c398f74a331fd61f810fe411587d9fb74b2ea93767f0449,mixed,,false,Source and redistribution terms must be linked file by file.
assets/data/pokemon/Unfezant.json,assets/data,.json,1181,1ea3877705957c3d282fafc827d465466ad21faa539aa42392b831afb2785897,mixed,,false,Source and redistribution terms must be linked file by file.
assets/data/pokemon/Unown.json,assets/data,.json,541,a375f0aa7756e458bbb0f7976135954133cc48c49c334a296faaf9047f0db601,mixed,,false,Source and redistribution terms must be linked file by file.
assets/data/pokemon/Ursaring.json,assets/data,.json,1266,e56e4ef365c3491773d5afa832e172cd6febabdb62007019199cc1a0da547c72,mixed,,false,Source and redistribution terms must be linked file by file.
assets/data/pokemon/Uxie.json,assets/data,.json,1276,ecd2c5f400135907c292924d055832b887a60744c89c1f599f90df877ee158dd,mixed,,false,Source and redistribution terms must be linked file by file.
assets/data/pokemon/Vanillish.json,assets/data,.json,1145,4835bc1dca4e13a5db4f82a25c2e1fe52ea9764b2c0cbffe3fce53793ba386fe,mixed,,false,Source and redistribution terms must be linked file by file.
assets/data/pokemon/Vanillite.json,assets/data,.json,1354,4042bc426f2d92fd6b10ff9df723ffb9ab5efe1ace6a08aa405be0cc6c15aadf,mixed,,false,Source and redistribution terms must be linked file by file.
assets/data/pokemon/Vanilluxe.json,assets/data,.json,1115,87f490b8bf75535b7accb8ea34db48b4ed387d3d5de5abc6fa36d014c68972d1,mixed,,false,Source and redistribution terms must be linked file by file.
assets/data/pokemon/Vaporeon.json,assets/data,.json,1233,dcc28bb987cb8aa82787916730cac9ea8c87258712e8caa42b3339042318bfbd,mixed,,false,Source and redistribution terms must be linked file by file.
assets/data/pokemon/Venipede.json,assets/data,.json,1329,901fcea499d30ba375d3c57ed7090159b31da78e49dbef8b79e525c35d5a5a44,mixed,,false,Source and redistribution terms must be linked file by file.
assets/data/pokemon/Venomoth.json,assets/data,.json,1306,f6a9505f7913896dcd5a330a5f8d6fa0ecddea137114f25efac120f1d1e4d42e,mixed,,false,Source and redistribution terms must be linked file by file.
assets/data/pokemon/Venonat.json,assets/data,.json,1455,6b2e7e261ebcf6e1605abaebc4ade6b87128014c4bccf4ce244b32747374c465,mixed,,false,Source and redistribution terms must be linked file by file.
assets/data/pokemon/Venusaur.json,assets/data,.json,1225,503ba8dea93edbb77c214b165ce7f31d3f879c307d0cef59d2884a52658560a0,mixed,,false,Source and redistribution terms must be linked file by file.
assets/data/pokemon/Vespiquen.json,assets/data,.json,1303,5a7efd71b34548dce39d291e426af251afd6bae969cea1580a157a3890d40b2d,mixed,,false,Source and redistribution terms must be linked file by file.
assets/data/pokemon/Vibrava.json,assets/data,.json,1219,6cdc4a41f7bfef3f60ba68f268ffa169e4787d923d9c9971a42eceefd51be60d,mixed,,false,Source and redistribution terms must be linked file by file.
assets/data/pokemon/Victini.json,assets/data,.json,1405,e776391ffc9ed9a3f7ec67ffdd9b9efd97507f517c67b3d4291c3d72ae0f5d93,mixed,,false,Source and redistribution terms must be linked file by file.
assets/data/pokemon/Victreebel.json,assets/data,.json,1096,b7c5808b5321b84f62e9d630d7607d232aa314da237fec0eb2ca0f2cda089f5c,mixed,,false,Source and redistribution terms must be linked file by file.
assets/data/pokemon/Vigoroth.json,assets/data,.json,1207,78d999ecfcd6c791d16cfa49d9c9c9863b6726deb9ed30728a40de1ac2d41c7c,mixed,,false,Source and redistribution terms must be linked file by file.
assets/data/pokemon/Vikavolt.json,assets/data,.json,1201,9ef2ce227c53c035c9f6fb29c7a281fc3a1e13db23ef7bf5d95f287b50761446,mixed,,false,Source and redistribution terms must be linked file by file.
assets/data/pokemon/Vileplume.json,assets/data,.json,1056,b277b65b3fc1f684085e1604db3ae047dde95dd210e7f54aa4aea391bef98c90,mixed,,false,Source and redistribution terms must be linked file by file.
assets/data/pokemon/Virizion.json,assets/data,.json,1248,8e18a253a51511d8ed699aa00dc036e6cdc70c1a015867475fbc46b4608501fa,mixed,,false,Source and redistribution terms must be linked file by file.
assets/data/pokemon/Vivillon.json,assets/data,.json,1316,117784a1901fa89cb55d5a8c4bdf87424d58b19dd4a152ebcad548bfb66d996c,mixed,,false,Source and redistribution terms must be linked file by file.
assets/data/pokemon/Volbeat.json,assets/data,.json,1480,c4805ecc2820ffeb6406f312738ded3a39715a426d0d65891a6f6fcacd762af2,mixed,,false,Source and redistribution terms must be linked file by file.
assets/data/pokemon/Volcanion.json,assets/data,.json,1282,67fb21893e927aaed21bbb72a55b20f87a5cd2b63c60fda8e38b1319e75d4a37,mixed,,false,Source and redistribution terms must be linked file by file.
assets/data/pokemon/Volcarona.json,assets/data,.json,1263,0a27f51baabbc74ad73023825c25d6abf70f9b3629cd6b464edae55e768e9a9d,mixed,,false,Source and redistribution terms must be linked file by file.
assets/data/pokemon/Voltorb.json,assets/data,.json,1262,60f0a13b4e46b618e2c9287de4e288d7a60f60739c256f881010c9bce70e6df9,mixed,,false,Source and redistribution terms must be linked file by file.
assets/data/pokemon/Vullaby.json,assets/data,.json,1408,f228dca3b53d656cf383c39b945f7ce711a5dc04c0d8ce4c7eead1823720d6a6,mixed,,false,Source and redistribution terms must be linked file by file.
assets/data/pokemon/Vulpix.json,assets/data,.json,4062,34dde112055d370fe83f0628b3ae10c30cf1af00c746fe2f3f584586c5c17444,mixed,,false,Source and redistribution terms must be linked file by file.
assets/data/pokemon/Wailmer.json,assets/data,.json,1522,faf18109aa40c806c2e83aba7997d68527d928b5492d39f45879a4e665588c51,mixed,,false,Source and redistribution terms must be linked file by file.
assets/data/pokemon/Wailord.json,assets/data,.json,1234,fc33d5e9b7300329a2574cc52d28a581b1228add5b47e2648f38fa6a9aae8d75,mixed,,false,Source and redistribution terms must be linked file by file.
assets/data/pokemon/Walrein.json,assets/data,.json,1229,43b35ad35d6e8566f651eec9274c94252d435dd2ee7840d2fe4d0f1a3a1226cf,mixed,,false,Source and redistribution terms must be linked file by file.
assets/data/pokemon/Wartortle.json,assets/data,.json,1158,050fd28cda71fd9d7b61676182d633ae1edb0880fe72ce7f68a3a981640b2910,mixed,,false,Source and redistribution terms must be linked file by file.
assets/data/pokemon/Watchog.json,assets/data,.json,1276,e34e96cc1f498859dcb66652e44688694f62d810b634cf3ec8bba372c09fc9ca,mixed,,false,Source and redistribution terms must be linked file by file.
assets/data/pokemon/Weavile.json,assets/data,.json,1495,e225a3ef252cca26bb60c36b3d8a95c0d1ff4e02312a82e54115093f92ed5b1f,mixed,,false,Source and redistribution terms must be linked file by file.
assets/data/pokemon/Weedle.json,assets/data,.json,544,bd6f1984361a29072d9f6c3d5cd2fd53115917a7ad3ebdb0bf7f6f817e2e110e,mixed,,false,Source and redistribution terms must be linked file by file.
assets/data/pokemon/Weepinbell.json,assets/data,.json,1224,fcde69299ada847ca776161d3215e268d8f3137b57dbbdcb1132133cf535d0ea,mixed,,false,Source and redistribution terms must be linked file by file.
assets/data/pokemon/Weezing.json,assets/data,.json,1185,91845d42f94c6fce2f688d955615c371f5e5a8bcd3ddef3d5ce3f6b7be9e90e6,mixed,,false,Source and redistribution terms must be linked file by file.
assets/data/pokemon/Whimsicott.json,assets/data,.json,1099,2be0189a65a7b6681f9b126c0bc0480525506dcb41789fbc7b5bebbd283eb3e6,mixed,,false,Source and redistribution terms must be linked file by file.
assets/data/pokemon/Whirlipede.json,assets/data,.json,1187,3b0d70a3de508b81b140f55ebdb55e45ad1a4f9acb9e715bb4d124b9208252a0,mixed,,false,Source and redistribution terms must be linked file by file.
assets/data/pokemon/Whiscash.json,assets/data,.json,1290,cf25db1f79169915aa671e22800bc045ef9025babab2fa69207a86c013b3ae09,mixed,,false,Source and redistribution terms must be linked file by file.
assets/data/pokemon/Whismur.json,assets/data,.json,1417,24bf2a14ca6bc2cdf5a57b654ab30430ef3c5d0e01da329ec0e9c599eef09fa2,mixed,,false,Source and redistribution terms must be linked file by file.
assets/data/pokemon/Wigglytuff.json,assets/data,.json,1096,c363c4b62bcbf54d413a4fd17af936fb5e3dd8df6d74f15e064579845e5e6591,mixed,,false,Source and redistribution terms must be linked file by file.
assets/data/pokemon/Wimpod.json,assets/data,.json,903,529bbb25c460059515681e50145ce40e89ac86b81d5b6dbf1c7d8b82e30f4195,mixed,,false,Source and redistribution terms must be linked file by file.
assets/data/pokemon/Wingull.json,assets/data,.json,1418,2979f00c5210fb2e5e70c36b62b707f8c85488cfadcba6296d7b13d9b235247b,mixed,,false,Source and redistribution terms must be linked file by file.
assets/data/pokemon/Wishiwashi.json,assets/data,.json,1837,40738d3517f68aa76a1b2cfc55915f9a00662eb0e542fd2f6c488d0a1a1c4eee,mixed,,false,Source and redistribution terms must be linked file by file.
assets/data/pokemon/Wobbuffet.json,assets/data,.json,642,d67c7bba32d533fd7d7846dc89b222ba78e9758b08c2f0ee4f07b73484c93fff,mixed,,false,Source and redistribution terms must be linked file by file.
assets/data/pokemon/Woobat.json,assets/data,.json,1654,b28bc36bda413aab5400dedeeeda6a3096d1c372a2d810f820493e869b2b9f3c,mixed,,false,Source and redistribution terms must be linked file by file.
assets/data/pokemon/Wooper.json,assets/data,.json,1550,526f5ec667237ae234df8fa9512700155482fc690e5f4c19a06eb992241c07ed,mixed,,false,Source and redistribution terms must be linked file by file.
assets/data/pokemon/Wormadam.json,assets/data,.json,3023,550d5203556f37c1c92785c677e3dd2010277c92efb4ed770a1f1824fb808476,mixed,,false,Source and redistribution terms must be linked file by file.
assets/data/pokemon/Wurmple.json,assets/data,.json,570,7bb7993cd0c49090e2621f2dcf29122a61fd436c6ac0c504ba2078e3a6cf42c9,mixed,,false,Source and redistribution terms must be linked file by file.
assets/data/pokemon/Wynaut.json,assets/data,.json,612,5c84821813eba159a86e8d41fbb795e8d1cf686d21e4c5d1bd4e9cdafccf2df7,mixed,,false,Source and redistribution terms must be linked file by file.
assets/data/pokemon/Xatu.json,assets/data,.json,1423,3a2b7d682a793699dec3a49330c753e6835575d87bd213575ee9bd5127ac5c81,mixed,,false,Source and redistribution terms must be linked file by file.
assets/data/pokemon/Xerneas.json,assets/data,.json,1314,1024aff9be876b7451efeda62cabd08d03745843a2c5beb11fd3164e4381174e,mixed,,false,Source and redistribution terms must be linked file by file.
assets/data/pokemon/Xurkitree.json,assets/data,.json,1241,c7f45175b67cde69178d52e6e9b5c3ed6a0917fe8d2bbb940afe1f40781cc716,mixed,,false,Source and redistribution terms must be linked file by file.
assets/data/pokemon/Yamask.json,assets/data,.json,1428,22606514cb7daf7885d89c1ba7e53dcfd23b2f45b1831f0eeb5e7d9bfbf67836,mixed,,false,Source and redistribution terms must be linked file by file.
assets/data/pokemon/Yanma.json,assets/data,.json,1438,af2640f2c960c21210f77954c7c9c3bd2a010ff0b70bb05f929031d3c70198bd,mixed,,false,Source and redistribution terms must be linked file by file.
assets/data/pokemon/Yanmega.json,assets/data,.json,1291,394f60e2253d065c71a95021bb52af610c279ad4a82cccd9fb0a2f9c7fe952c8,mixed,,false,Source and redistribution terms must be linked file by file.
assets/data/pokemon/Yungoos.json,assets/data,.json,1355,6a588fc2de86015d8277ffc6cfca196196ba7be4b1f2c13b0df3f6b840e1e2aa,mixed,,false,Source and redistribution terms must be linked file by file.
assets/data/pokemon/Yveltal.json,assets/data,.json,1355,056b109fe9be4af2dc86e6c2f8418d3b08dcbfe1bb2f71401cda31ef75003332,mixed,,false,Source and redistribution terms must be linked file by file.
assets/data/pokemon/Zangoose.json,assets/data,.json,1626,ca1dd0eb9b3ffe49d1ca487b226c62b88475ad787e061d86440516771b7256f6,mixed,,false,Source and redistribution terms must be linked file by file.
assets/data/pokemon/Zapdos.json,assets/data,.json,1274,437ae7842737b2e402c11338ad7bec0207304a8b67fddce0ac0d6352ba9a8700,mixed,,false,Source and redistribution terms must be linked file by file.
assets/data/pokemon/Zebstrika.json,assets/data,.json,1105,bf59b53a6a41bacd0d52de2fa7f8619abc24e6d85b4ff2039a18c05b6e7d74fc,mixed,,false,Source and redistribution terms must be linked file by file.
assets/data/pokemon/Zekrom.json,assets/data,.json,1363,9bac3056316ac5d3aa7b3b59778e2d63cec4d1ed09946aefc575bd05d0fa1b96,mixed,,false,Source and redistribution terms must be linked file by file.
assets/data/pokemon/Zeraora.json,assets/data,.json,1236,1dae1f87b65fef723ef07698acd1ed9b0c2ea88c0ecb942f35cdee97baed2da3,mixed,,false,Source and redistribution terms must be linked file by file.
assets/data/pokemon/Zigzagoon.json,assets/data,.json,1458,0e8ce210609fc826beae82fd1e65ca26fce65170f21d6285fdaf610a16af0123,mixed,,false,Source and redistribution terms must be linked file by file.
assets/data/pokemon/Zoroark.json,assets/data,.json,1291,483362fc74248059628a43663a8aa243dabd1f0316dddc434a160c92c0f2af2d,mixed,,false,Source and redistribution terms must be linked file by file.
assets/data/pokemon/Zorua.json,assets/data,.json,1431,06089bfaaa3f3172766363f114789c042bf9944c6d65bee97e8f507e28ee811e,mixed,,false,Source and redistribution terms must be linked file by file.
assets/data/pokemon/Zubat.json,assets/data,.json,1508,dea778427412640e14140776dedf85163f09dcd1a27601453895aecb772482b1,mixed,,false,Source and redistribution terms must be linked file by file.
assets/data/pokemon/Zweilous.json,assets/data,.json,1214,c3408ae183103d03a18f2863922993acdff1f69b34d753288670766ddf2f8dd5,mixed,,false,Source and redistribution terms must be linked file by file.
assets/data/pokemon/Zygarde.json,assets/data,.json,2263,75227f7277e413ccab1d07ec7feac77819dbeafa867f298a2d68c11dc3ecc497,mixed,,false,Source and redistribution terms must be linked file by file.
assets/data/pokemon_flavor.json,assets/data,.json,199188,ad24f7f8cfc81ba851a8f18ce41e198958b8edab6ee1334e2a617f90ca5d18c9,mixed,,false,Source and redistribution terms must be linked file by file.
assets/data/pokemon_localization_it_gen1_001_050.json,assets/data,.json,12976,ee7383f1dd875dd6f4f7e70d8ea9d6a560f8b0d5a9f4868ee90fe61a8efdcad9,mixed,,false,Source and redistribution terms must be linked file by file.
assets/data/pokemon_localization_it_gen1_051_100.json,assets/data,.json,12752,5c32d6b5041e2ce7b7ceae7052e21f5f898736dbe61c0c5f9947cad84d572831,mixed,,false,Source and redistribution terms must be linked file by file.
assets/data/pokemon_localization_it_gen1_101_151.json,assets/data,.json,12933,57cbfbef0b7a56aeff9e719c62a8a953dd47a1b8f5dcdf6897d215f21f9d3d05,mixed,,false,Source and redistribution terms must be linked file by file.
assets/data/pokemon_localization_it_gen2_152_200.json,assets/data,.json,12820,e8b77751f3642a860ba459bd6531208bb8113025cf219ae54ba5abf87fb782cd,mixed,,false,Source and redistribution terms must be linked file by file.
assets/data/pokemon_localization_it_gen2_201_251.json,assets/data,.json,13466,e5683f92725014c149922c9cbea3f3f0ec4e2e6982832df3140998156592c885,mixed,,false,Source and redistribution terms must be linked file by file.
assets/data/pokemon_localization_it_gen3_252_300.json,assets/data,.json,12302,6c9bf8d341bb218b2652d3c6e0d55b47380cf822e6ae284fe27a1825d2f8ac4c,mixed,,false,Source and redistribution terms must be linked file by file.
assets/data/pokemon_localization_it_gen3_301_350.json,assets/data,.json,12506,074ed7ba0c7f97bc3f0f3222829c93c0fa44649ea9c58a99d0333bd5da34aca8,mixed,,false,Source and redistribution terms must be linked file by file.
assets/data/pokemon_localization_it_gen3_351_386.json,assets/data,.json,9065,cc2f6210758bc05bedeafdb10a0662413f1e9acd48a094dbe7bcad8178259c52,mixed,,false,Source and redistribution terms must be linked file by file.
assets/data/pokemon_localization_it_gen4_387_425.json,assets/data,.json,7886,3612edad4931ae0aebaf7f9386cdab085a177cea199272afbb000f45979e8fba,mixed,,false,Source and redistribution terms must be linked file by file.
assets/data/pokemon_localization_it_gen4_426_465.json,assets/data,.json,7935,496d7ba28cb4ae05763eaf6679419b57ff13cec67aaca43b6712e7641d9992d3,mixed,,false,Source and redistribution terms must be linked file by file.
assets/data/pokemon_localization_it_gen4_466_493.json,assets/data,.json,5625,8d29cd951203de0f3f04a852b580bcedefac21fb5cff527ddb243c5a2496799a,mixed,,false,Source and redistribution terms must be linked file by file.
assets/data/pokemon_localization_it_gen5_494_545.json,assets/data,.json,10827,a57dd096ce38791b73e07222e66323fc6716a61b26c3d7ee127fb57311dd41b3,mixed,,false,Source and redistribution terms must be linked file by file.
assets/data/pokemon_localization_it_gen5_546_597.json,assets/data,.json,10977,b51aac2cf9f97df30a9cf57f7c03fd2dde4792cb75dcc4a42062049aa398330d,mixed,,false,Source and redistribution terms must be linked file by file.
assets/data/pokemon_localization_it_gen5_598_649.json,assets/data,.json,10694,7738025016d00b19068f141e26207fd1c5b46264c128d9b977fdeaa8f70e0397,mixed,,false,Source and redistribution terms must be linked file by file.
assets/data/pokemon_localization_it_gen6_650_685.json,assets/data,.json,7787,29c3afa231ce93b03cf361468a57bbd12e05226f44aa269d691719caf64df1c5,mixed,,false,Source and redistribution terms must be linked file by file.
assets/data/pokemon_localization_it_gen6_686_721.json,assets/data,.json,7615,02ee9f4a2b264fb92c1df3b0a0b548c529dea0501c807d26da5e02497f0622ad,mixed,,false,Source and redistribution terms must be linked file by file.
assets/data/pokemon_localization_it_gen7_722_765.json,assets/data,.json,9519,9950dd68739ab728d68a1dab4ac7d68bc30a177cf74a0c5f3e483959fa01abe7,mixed,,false,Source and redistribution terms must be linked file by file.
assets/data/pokemon_localization_it_gen7_766_809.json,assets/data,.json,9492,f06fc3c0774906f6368750e4f26e265540520533cda491061d509b0e2c05ff79,mixed,,false,Source and redistribution terms must be linked file by file.
assets/data/pokemon_localization_it_gen8_810_841.json,assets/data,.json,6989,426c5c01e43a8d85c33de5d91aec8fdb2bdbcd575a3a9b2e8f923c1e9ec69009,mixed,,false,Source and redistribution terms must be linked file by file.
assets/data/pokemon_localization_it_gen8_842_873.json,assets/data,.json,6909,b67ae181bfeb661652b9476830f2e8d78021ffc67c600ca9aef8e2ca62237ee9,mixed,,false,Source and redistribution terms must be linked file by file.
assets/data/pokemon_localization_it_gen8_874_905.json,assets/data,.json,6642,ada57be4baab13ac3ea159886d4cdcd0857692af8f419cb6ffb368cfd6def4ff,mixed,,false,Source and redistribution terms must be linked file by file.
assets/data/pokemon_localization_it_gen9_1006_1011.json,assets/data,.json,1215,c1275a8473a27fb647da150269f09339bbf0b52167e4e7182625ca57b01a94ba,mixed,,false,Source and redistribution terms must be linked file by file.
assets/data/pokemon_localization_it_gen9_1012_1013.json,assets/data,.json,511,1e72969321c58adbe2496ebd69d6b68c09bfc59e8b3e3d74531c7ac668e1b0c6,mixed,,false,Source and redistribution terms must be linked file by file.
assets/data/pokemon_localization_it_gen9_1014_1015.json,assets/data,.json,462,d00524059e449f20080be1bcf41f4ad7400c7f7d9838f378d7888063fc6f00c0,mixed,,false,Source and redistribution terms must be linked file by file.
assets/data/pokemon_localization_it_gen9_1016_1020.json,assets/data,.json,1019,fc25bb96517271c6ec482fbb20dc06fbf6e98310f9809d0878a154e8c766c7e5,mixed,,false,Source and redistribution terms must be linked file by file.
assets/data/pokemon_localization_it_gen9_1021_1021.json,assets/data,.json,242,84311475f1bc679b94c973285d7bb265a7ea76277be512ad1f065fdbae663e1c,mixed,,false,Source and redistribution terms must be linked file by file.
assets/data/pokemon_localization_it_gen9_1022_1024.json,assets/data,.json,643,87eeab74fa66c402db52798337eeec117fc5c35389fe0c02f5fbabbb3337e80d,mixed,,false,Source and redistribution terms must be linked file by file.
assets/data/pokemon_localization_it_gen9_1025_1025.json,assets/data,.json,290,0aa243db94b2d3435806305a70adfc5fe2a6d1478a7fdfb696f0beff39681add,mixed,,false,Source and redistribution terms must be linked file by file.
assets/data/pokemon_localization_it_gen9_906_935.json,assets/data,.json,6009,2e82cba36bc6ed9756e1a1a1f90c44d097780221681f938088a5340c0d3aa2a2,mixed,,false,Source and redistribution terms must be linked file by file.
assets/data/pokemon_localization_it_gen9_936_936.json,assets/data,.json,243,307a67b6be43ab0654950ac004605db0067d7e6ca3643d156bcd83d32584d60a,mixed,,false,Source and redistribution terms must be linked file by file.
assets/data/pokemon_localization_it_gen9_937_937.json,assets/data,.json,234,b59079222bfdc6d5df3f34f09c546e7faf0cabce5a06dd3ef55d1d13cddb383c,mixed,,false,Source and redistribution terms must be linked file by file.
assets/data/pokemon_localization_it_gen9_938_943.json,assets/data,.json,1242,533a05bb2691a958d3115f766fa1a14153f3997d856b6a7c63bca452ad18b7e1,mixed,,false,Source and redistribution terms must be linked file by file.
assets/data/pokemon_localization_it_gen9_944_944.json,assets/data,.json,224,82924be1cbdc362eaf91146d03941ed828d4bb586ac45815b208943324faee44,mixed,,false,Source and redistribution terms must be linked file by file.
assets/data/pokemon_localization_it_gen9_945_945.json,assets/data,.json,273,1274c5a9e4f05aa4930bda87893fc5461930d4760776da99ef2874651ecb7c81,mixed,,false,Source and redistribution terms must be linked file by file.
assets/data/pokemon_localization_it_gen9_946_947.json,assets/data,.json,397,85b9a7f3b57ecb029e5152443c8d326fd2da4729671e0d1c68dd5cb078dd7103,mixed,,false,Source and redistribution terms must be linked file by file.
assets/data/pokemon_localization_it_gen9_948_949.json,assets/data,.json,444,30c3364adf096670ed37ebb746d3c60b31d396ee4c725f842415172c7fc89948,mixed,,false,Source and redistribution terms must be linked file by file.
assets/data/pokemon_localization_it_gen9_950_955.json,assets/data,.json,1179,59237506b820741def24ac5fe34923239c30f9105995dc0b55ef79144f43d210,mixed,,false,Source and redistribution terms must be linked file by file.
assets/data/pokemon_localization_it_gen9_956_959.json,assets/data,.json,853,d75566de4d8f015017d886d052c118241dd8cfca45b25aa77fd43d22186bd48e,mixed,,false,Source and redistribution terms must be linked file by file.
assets/data/pokemon_localization_it_gen9_960_964.json,assets/data,.json,1066,e235c8c8eec88fd1c372a9c480ccbf5421f96447e716f3ceb52bd0786e0dca3d,mixed,,false,Source and redistribution terms must be linked file by file.
assets/data/pokemon_localization_it_gen9_965_965.json,assets/data,.json,297,aa4a3ed0713c8a4b249c095fd31e93b8ee820978bac39a9a2553ea31608d3392,mixed,,false,Source and redistribution terms must be linked file by file.
assets/data/pokemon_localization_it_gen9_966_975.json,assets/data,.json,1920,52ce612631064622d17957304c67ce6af45065b05bd3f1381ee4ab135859eaf6,mixed,,false,Source and redistribution terms must be linked file by file.
assets/data/pokemon_localization_it_gen9_976_985.json,assets/data,.json,1961,8436392eda8c171824b76ea51f74b3217190ed826ab917bcbea7142dd8e304f7,mixed,,false,Source and redistribution terms must be linked file by file.
assets/data/pokemon_localization_it_gen9_986_995.json,assets/data,.json,1983,5adbded59585a7016d424df442fa318722334e1c513b70d7af285de2862e0bbe,mixed,,false,Source and redistribution terms must be linked file by file.
assets/data/pokemon_localization_it_gen9_996_1005.json,assets/data,.json,1976,0e2f11cf12ee9857566581433d2487bfb03b2496ab5e19baa832907efeeb0b88,mixed,,false,Source and redistribution terms must be linked file by file.
assets/data/trainer_origins.json,assets/data,.json,3697,bff8575ec3be5b00d2a25eedb2889ada4e2e43d03f336679484cbb8a9e2a6c8b,mixed,,false,Source and redistribution terms must be linked file by file.
assets/data/trainer_paths.json,assets/data,.json,14215,711dc459de908ba810ef064c41ebba2f43c44a0c0c802a77069278fb8477d3e9,mixed,,false,Source and redistribution terms must be linked file by file.
assets/data/variant_map.json,assets/data,.json,11191,a8777564a32ccd055d01b06ca833bbca01bc820222517cbd4f9fe3f25d8939aa,mixed,,false,Source and redistribution terms must be linked file by file.
assets/data_webapp/abilities.json,assets/data_webapp,.json,76025,d28f52ee283a3b13ee250c542f91d0b62cbe53da43a5da24384412c41a118afe,unverified,,false,Source and licence from the web catalogue must be archived.
assets/data_webapp/biomes.json,assets/data_webapp,.json,1074,b8cf2d3a051b49e69995f27a1db0dee1f4092c5f5b27a26ff5b40b7f2b6853ae,unverified,,false,Source and licence from the web catalogue must be archived.
assets/data_webapp/contest-effects.json,assets/data_webapp,.json,7869,10058c501ac8a7a2e86825e3a782696882d673af96f070448258cb2cfcfb4598,unverified,,false,Source and licence from the web catalogue must be archived.
assets/data_webapp/contest.json,assets/data_webapp,.json,62921,43ccb2b471efdb1e0e3b66204553368b8cb36b2f6958b75936c200adecd85195,unverified,,false,Source and licence from the web catalogue must be archived.
assets/data_webapp/evolution.json,assets/data_webapp,.json,137765,c5e5346131b8cc2c1c499bc1edafa4dee7b4412a312f7b09c21db2a642e7ea37,unverified,,false,Source and licence from the web catalogue must be archived.
assets/data_webapp/items.json,assets/data_webapp,.json,115294,922eb869080672bcc7a16c1797a51b19e126d2cfb26c86c7c1751e2291de32e9,unverified,,false,Source and licence from the web catalogue must be archived.
assets/data_webapp/moves.json,assets/data_webapp,.json,644627,1a9d82cdb545c0845d7396ca2b7205132f5971bd4e185d9644347b6cf22083cc,unverified,,false,Source and licence from the web catalogue must be archived.
assets/data_webapp/origins.json,assets/data_webapp,.json,11409,4da7f00dfb8359391185cded0df17c7c86150bd848e9e5fc14db71a943db9341,unverified,,false,Source and licence from the web catalogue must be archived.
assets/data_webapp/pokemon.json,assets/data_webapp,.json,2514807,da135c96008950e564a51782d8e9ecae635873674a74b1e74b7ccf49d0217e48,unverified,,false,Source and licence from the web catalogue must be archived.
assets/data_webapp/pokemon_physical.json,assets/data_webapp,.json,144695,07947acf5adc584a9d4ea168c499625b3d1c84f995399c7e3fc2d15d02437b3e,unverified,,false,Source and licence from the web catalogue must be archived.
assets/data_webapp/tms.json,assets/data_webapp,.json,7587,fea81856f4ac1c7d3b7e568321720773d182e2f484b60f8664068ddbf8b2ab4e,unverified,,false,Source and licence from the web catalogue must be archived.
assets/textures/gui/background_gradient.png,assets/textures/gui,.png,1611,c5595f360c3a2be1c8cad92dbc8e2f42910fc67789586d100e82d49170229079,unverified,,false,Confirm whether each file is covered by upstream code licensing or separate terms.
assets/textures/gui/border/add_backing.png,assets/textures/gui,.png,3093,598c07e30f264e4951d89fd21a4b91b8e4648ac61f5a7cca6ff5d7fa8cc82b4b,unverified,,false,Confirm whether each file is covered by upstream code licensing or separate terms.
assets/textures/gui/border/desc_half_circle_.png,assets/textures/gui,.png,2520,81518fb86a6e2aea561e87df3061fe6a8eb51ae72bc905f7894d2b84618485da,unverified,,false,Confirm whether each file is covered by upstream code licensing or separate terms.
assets/textures/gui/border/details_backing.png,assets/textures/gui,.png,1889,9ade03cf31b1bf5570d67099e91df016e9a225228d4179a3f1a0859098607d09,unverified,,false,Confirm whether each file is covered by upstream code licensing or separate terms.
assets/textures/gui/border/gradient.png,assets/textures/gui,.png,4619,625b89dff897ca8b5c56c5b64e698d5c5da90266a6cab38b69854de463322094,unverified,,false,Confirm whether each file is covered by upstream code licensing or separate terms.
assets/textures/gui/border/pokemon_pc_backing.png,assets/textures/gui,.png,697,bbe8ab88628210094f2e2c74c868c4f0962fb941a092277601dec19d5a61dafc,unverified,,false,Confirm whether each file is covered by upstream code licensing or separate terms.
assets/textures/gui/border/popup_move_desc.png,assets/textures/gui,.png,6249,fb34488f65b548d81c0dbe7f6f49161264d8a370b1e152d2a60238ac8e13748a,unverified,,false,Confirm whether each file is covered by upstream code licensing or separate terms.
assets/textures/gui/border/square.png,assets/textures/gui,.png,1820,a39b4561935fbde36312bd4d0701d8a0661bfd4523db3387ff975fe4086ab896,unverified,,false,Confirm whether each file is covered by upstream code licensing or separate terms.
assets/textures/gui/border/title_backing.png,assets/textures/gui,.png,18449,7ca1a8e530c01023d44aae048f2f5dac6de12eb930e45365b4f715a350bb816c,unverified,,false,Confirm whether each file is covered by upstream code licensing or separate terms.
assets/textures/gui/btn/close_down.png,assets/textures/gui,.png,1914,d7be1798f429e598ce8262bfe08387b738d324f903dfdc741975a7b2c3e19950,unverified,,false,Confirm whether each file is covered by upstream code licensing or separate terms.
assets/textures/gui/btn/close_up.png,assets/textures/gui,.png,301,d44e81543317eb0274980715d7ac7855ff2145d5248a09cbb8c98b5f2e4d7edd,unverified,,false,Confirm whether each file is covered by upstream code licensing or separate terms.
assets/textures/gui/btn/common_disabled.png,assets/textures/gui,.png,3497,3b33cc7621182cfdd91d700d7c3e9fea9229da07af67786c9b90922d72d314ce,unverified,,false,Confirm whether each file is covered by upstream code licensing or separate terms.
assets/textures/gui/btn/common_down.png,assets/textures/gui,.png,2139,2bcf3352b9f96d76e9911a5c385892eeb73ebfabb8f6c435a518601580c74c80,unverified,,false,Confirm whether each file is covered by upstream code licensing or separate terms.
assets/textures/gui/btn/common_up.png,assets/textures/gui,.png,2942,1cc1dca66081419db985cf0cfb4171a99b29ca2c611f3178dd89416acc52683b,unverified,,false,Confirm whether each file is covered by upstream code licensing or separate terms.
assets/textures/gui/btn/cross_down.png,assets/textures/gui,.png,3289,b76447849fe61bf0409730578309bee5ec7e8a5c9395ba9a155e9454e87df776,unverified,,false,Confirm whether each file is covered by upstream code licensing or separate terms.
assets/textures/gui/btn/cross_up.png,assets/textures/gui,.png,4049,4f04e143275103959c80c1514c704ceb7f6da20eb9b94fd690a2c8e4682c2d72,unverified,,false,Confirm whether each file is covered by upstream code licensing or separate terms.
assets/textures/gui/btn/edit_down.png,assets/textures/gui,.png,2240,5699277f92e336cda9fa8a0be6bff02e5c9ad98782316f64e9cb8092dfc6266a,unverified,,false,Confirm whether each file is covered by upstream code licensing or separate terms.
assets/textures/gui/btn/edit_up.png,assets/textures/gui,.png,607,dfdd8592d50dbfdfbe1c710d12435eee63388615c0183ea7aafa283b78191dda,unverified,,false,Confirm whether each file is covered by upstream code licensing or separate terms.
assets/textures/gui/btn/menu_down.png,assets/textures/gui,.png,1762,bc381db459736b60a384182d9f43afc122fb592e4f8b584c2c0dc1ef27919338,unverified,,false,Confirm whether each file is covered by upstream code licensing or separate terms.
assets/textures/gui/btn/menu_up.png,assets/textures/gui,.png,204,bc2d9cb8ef512fab526ab56bb8f55c2282791a8cef20070118fb8ea9725aca20,unverified,,false,Confirm whether each file is covered by upstream code licensing or separate terms.
assets/textures/gui/btn/minus_down.png,assets/textures/gui,.png,21644,9cc68462b76318aefcf3b51ae09fc594654ff7eeb9a2ac97609d2a26aac81bdf,unverified,,false,Confirm whether each file is covered by upstream code licensing or separate terms.
assets/textures/gui/btn/minus_up.png,assets/textures/gui,.png,8213,83fdd22bb92e6650aa004ad615f2cac185d5eb8ce5bc984a0c19f997fce11f3f,unverified,,false,Confirm whether each file is covered by upstream code licensing or separate terms.
assets/textures/gui/btn/plus_down.png,assets/textures/gui,.png,21744,e334cd26f09de991a4be3b45cf23beeb63af548dbe07bd5b166e59b6fbc55919,unverified,,false,Confirm whether each file is covered by upstream code licensing or separate terms.
assets/textures/gui/btn/plus_up.png,assets/textures/gui,.png,8273,5334276314eabba3deb4a3cff49c12f09ebc63c021ef942d08ff9d881e180f3b,unverified,,false,Confirm whether each file is covered by upstream code licensing or separate terms.
assets/textures/gui/btn/pokemon_add_down.png,assets/textures/gui,.png,8491,cef2cfded3f671dcbfcdd9cb400490c517b109beb65e1491b798cdb7e97eb5b1,unverified,,false,Confirm whether each file is covered by upstream code licensing or separate terms.
assets/textures/gui/btn/pokemon_add_up.png,assets/textures/gui,.png,7863,b96ade1c9ceed186f79458ae46f7de0d69e06d98f69e6c5c3a20b3c61c7983a5,unverified,,false,Confirm whether each file is covered by upstream code licensing or separate terms.
assets/textures/gui/btn/pokemon_sort_down.png,assets/textures/gui,.png,7950,877d075d8d513b8fc4208878fc7606cfc180224ee8b9173b2c8bca333ea7a259,unverified,,false,Confirm whether each file is covered by upstream code licensing or separate terms.
assets/textures/gui/btn/pokemon_sort_up.png,assets/textures/gui,.png,7474,b5a0cfd73adb29a34b07cee715c61970463ddc243faae151ac3ae593a2856ab5,unverified,,false,Confirm whether each file is covered by upstream code licensing or separate terms.
assets/textures/gui/btn/rest_down.png,assets/textures/gui,.png,16928,865a4433622b1d8c2978692751fcce388bba74125d2ed8a28ccf951131968f68,unverified,,false,Confirm whether each file is covered by upstream code licensing or separate terms.
assets/textures/gui/btn/rest_up.png,assets/textures/gui,.png,2807,c566cab76a771d3f8a2083e20d940cd07dffb0e10a4360756f279b3f28f61e33,unverified,,false,Confirm whether each file is covered by upstream code licensing or separate terms.
assets/textures/gui/btn/share_clipboard_down.png,assets/textures/gui,.png,5596,e4a657b204aeebe63ab438dff8d4f43fb19edcab7496abb4dbf5b182a2ee3a3b,unverified,,false,Confirm whether each file is covered by upstream code licensing or separate terms.
assets/textures/gui/btn/share_clipboard_up.png,assets/textures/gui,.png,6157,a2d7653ff9bef672bb50ec51dc51c23b66d52a5060a8218e801a9cc215e8de43,unverified,,false,Confirm whether each file is covered by upstream code licensing or separate terms.
assets/textures/gui/btn/share_down.png,assets/textures/gui,.png,6374,ad4486b310481e5dcf5b77da233f007307845f6fa79ee2b1791ac44d440d403f,unverified,,false,Confirm whether each file is covered by upstream code licensing or separate terms.
assets/textures/gui/btn/share_network_down.png,assets/textures/gui,.png,6938,2f7163ee40df7a6d377b38d1dd16564063fbb7dd8655cf55a9f25a34b583b897,unverified,,false,Confirm whether each file is covered by upstream code licensing or separate terms.
assets/textures/gui/btn/share_network_up.png,assets/textures/gui,.png,6831,045933c392e8d27fa73ea0c64381b654259dfae67a7b61345b406d9f0609e5cf,unverified,,false,Confirm whether each file is covered by upstream code licensing or separate terms.
assets/textures/gui/btn/share_qr_down.png,assets/textures/gui,.png,5253,1102d61e88553b72ce36901401c97eaaecbe01de3f35a3c527437049398d3205,unverified,,false,Confirm whether each file is covered by upstream code licensing or separate terms.
assets/textures/gui/btn/share_qr_up.png,assets/textures/gui,.png,5718,fc4eef5f8bcb53c4022c603e4ec12cc36b2e7730dc83eccb25dd1c13fa7e5f70,unverified,,false,Confirm whether each file is covered by upstream code licensing or separate terms.
assets/textures/gui/btn/share_up.png,assets/textures/gui,.png,6709,6182b4e4367906fbef9fc4d37ec8ba9206096928149fec48871d3de866cb03f4,unverified,,false,Confirm whether each file is covered by upstream code licensing or separate terms.
assets/textures/gui/divider.png,assets/textures/gui,.png,1422,a25a042ec169d1c15e27fb7e080aa13bc4527a4aa523ded9d9fc0f62863970a3,unverified,,false,Confirm whether each file is covered by upstream code licensing or separate terms.
assets/textures/gui/female.png,assets/textures/gui,.png,2518,2141e974c79592f9903e8d2f7a7cfcf1f1f8929958f80d61e6bb157e02eb3176,unverified,,false,Confirm whether each file is covered by upstream code licensing or separate terms.
assets/textures/gui/icon/berry.png,assets/textures/gui,.png,3045,87b4478452a57f14080a180b50f9207d07adda07e59cd8720edee3cac76d20c0,unverified,,false,Confirm whether each file is covered by upstream code licensing or separate terms.
assets/textures/gui/icon/check_mark.png,assets/textures/gui,.png,1942,6daa7401081047655bd7c36ca3097f7e028584402ee1b7cd039e54dd09c21317,unverified,,false,Confirm whether each file is covered by upstream code licensing or separate terms.
assets/textures/gui/icon/cog.png,assets/textures/gui,.png,3449,9078191849ad20eeedd41774845ffb4dbd3b45ee8208d148535e7b52258dcffa,unverified,,false,Confirm whether each file is covered by upstream code licensing or separate terms.
assets/textures/gui/icon/element_bug.png,assets/textures/gui,.png,6689,a9c628b09bab260d6d953fe218d8c221fafb52cf5b15fecc2915c7c1b9c53847,unverified,,false,Confirm whether each file is covered by upstream code licensing or separate terms.
assets/textures/gui/icon/element_dark.png,assets/textures/gui,.png,7052,be08db0edb1eb7bb57528ac7bfd9bb010cd173f965ffbc4bbf44a685650ecd00,unverified,,false,Confirm whether each file is covered by upstream code licensing or separate terms.
assets/textures/gui/icon/element_dragon.png,assets/textures/gui,.png,6792,ccd23f1ae83c5e68a4041e4785b551137e493f73d5aede3d5d3270c276346f45,unverified,,false,Confirm whether each file is covered by upstream code licensing or separate terms.
assets/textures/gui/icon/element_electric.png,assets/textures/gui,.png,4031,763f6c9119857d5201811d701c85d2a25b09ddb6f4d1846d9db75a6f3573ae43,unverified,,false,Confirm whether each file is covered by upstream code licensing or separate terms.
assets/textures/gui/icon/element_fairy.png,assets/textures/gui,.png,6557,37c64dd4bd99b2de3864c8d344d41d6c20a290b35583230db73accaec60d5ba6,unverified,,false,Confirm whether each file is covered by upstream code licensing or separate terms.
assets/textures/gui/icon/element_fighting.png,assets/textures/gui,.png,5604,277d773c25f8b6e1db1da0ac32baea7b4a8214e30d824e50d59c57b3606d970a,unverified,,false,Confirm whether each file is covered by upstream code licensing or separate terms.
assets/textures/gui/icon/element_fire.png,assets/textures/gui,.png,5705,dbb24ee50f55275ef5c1f7f1a91888ddeefe713186451a4acaf81816eeec6420,unverified,,false,Confirm whether each file is covered by upstream code licensing or separate terms.
assets/textures/gui/icon/element_flying.png,assets/textures/gui,.png,6100,3efbc9098962a58ce83c3f05d16974233efb918907bff41b5042645bec9fd278,unverified,,false,Confirm whether each file is covered by upstream code licensing or separate terms.
assets/textures/gui/icon/element_ghost.png,assets/textures/gui,.png,6906,e13d1e6be299dd706f18cbb22b1ac628a59932a52f2d76c5075177d52b1e69f5,unverified,,false,Confirm whether each file is covered by upstream code licensing or separate terms.
assets/textures/gui/icon/element_grass.png,assets/textures/gui,.png,6773,b8fa86099053a41a194b1a886c910419208a7b24bf5d6d9f00c483a8c35bc311,unverified,,false,Confirm whether each file is covered by upstream code licensing or separate terms.
assets/textures/gui/icon/element_ground.png,assets/textures/gui,.png,4525,b6731e6723becb0f5b76665764eb72b71292b90498612c0dcd4390a0562f0a92,unverified,,false,Confirm whether each file is covered by upstream code licensing or separate terms.
assets/textures/gui/icon/element_ice.png,assets/textures/gui,.png,6743,a00f72fe1c9645524d732378bdea69b4f5b0b5b20fbcc85ee67b201ac0a0eda3,unverified,,false,Confirm whether each file is covered by upstream code licensing or separate terms.
assets/textures/gui/icon/element_normal.png,assets/textures/gui,.png,6635,8e674a4a3d44aa6c5a7e4c77ab4d7dbc5b29b10ce7e678ce980338f07023e097,unverified,,false,Confirm whether each file is covered by upstream code licensing or separate terms.
assets/textures/gui/icon/element_poison.png,assets/textures/gui,.png,6998,b404d1ed04ae606a910d6ff1018055fe2ec04ed6b2aec19753c42350aeb8a59e,unverified,,false,Confirm whether each file is covered by upstream code licensing or separate terms.
assets/textures/gui/icon/element_psychic.png,assets/textures/gui,.png,7994,c808df7cef963a66390786db838e6d2cf3acc4552dfbaf89f587827c05ed2d98,unverified,,false,Confirm whether each file is covered by upstream code licensing or separate terms.
assets/textures/gui/icon/element_rock.png,assets/textures/gui,.png,5682,2818e2d107e08fe7f8f0d90894bb96bb0d8abc21e686881a3e1a1869ffbc981a,unverified,,false,Confirm whether each file is covered by upstream code licensing or separate terms.
assets/textures/gui/icon/element_steel.png,assets/textures/gui,.png,6206,bee7eef961a68b12ee1cf26ee283d4638442caa9b707a457a3ba738740474c6e,unverified,,false,Confirm whether each file is covered by upstream code licensing or separate terms.
assets/textures/gui/icon/element_water.png,assets/textures/gui,.png,5268,c377b13d2050d49382896c38f5b3105e97d00be24878a7741acd463bdf0c5fa8,unverified,,false,Confirm whether each file is covered by upstream code licensing or separate terms.
assets/textures/gui/icon/import.png,assets/textures/gui,.png,4097,6692d59ddb9889c388ad6757f76e15e01e4de123af4b8e0854216f9dff18b79c,unverified,,false,Confirm whether each file is covered by upstream code licensing or separate terms.
assets/textures/gui/icon/menu_about.png,assets/textures/gui,.png,1786,1fbdbcc481e84d6378893a71d47a35d97a0ae39da27db3578cc99fb9df7f77ba,unverified,,false,Confirm whether each file is covered by upstream code licensing or separate terms.
assets/textures/gui/icon/menu_add.png,assets/textures/gui,.png,3651,58a42b083277b03a3bf9356b0dfdc4cbfc21ed3e05a83c68edfca5e796a77403,unverified,,false,Confirm whether each file is covered by upstream code licensing or separate terms.
assets/textures/gui/icon/menu_generator.png,assets/textures/gui,.png,4216,aaa5bd338a9722dd55514ea33f8175cd4750686677930d8091ae7491430567f3,unverified,,false,Confirm whether each file is covered by upstream code licensing or separate terms.
assets/textures/gui/icon/menu_party.png,assets/textures/gui,.png,4139,8fb806843605de6a5d84b115be7a35981c30d24226e074814e427b9f1d98f542,unverified,,false,Confirm whether each file is covered by upstream code licensing or separate terms.
assets/textures/gui/icon/menu_pc.png,assets/textures/gui,.png,1869,b979a63a54d0c44c065f4a2466621f05b021dcf0b840f3a5954fb1a0f05bd7b8,unverified,,false,Confirm whether each file is covered by upstream code licensing or separate terms.
assets/textures/gui/icon/menu_profile.png,assets/textures/gui,.png,2066,f52c8c565d0c6a94a9bfbfa961a95b60336619ac538e9bc28949760de06a46ad,unverified,,false,Confirm whether each file is covered by upstream code licensing or separate terms.
assets/textures/gui/icon/pokeball_add.png,assets/textures/gui,.png,3474,a1d3b5620f10c26da49fbe1c9dfed7887691c228bb673ea9b37396be0576803e,unverified,,false,Confirm whether each file is covered by upstream code licensing or separate terms.
assets/textures/gui/icon/pokeball_icon.png,assets/textures/gui,.png,1561,b76911f3afa646b571e692bc812b8584aed790d2bb9f2ab65728b28ce33183ec,unverified,,false,Confirm whether each file is covered by upstream code licensing or separate terms.
assets/textures/gui/icon/pokedex.png,assets/textures/gui,.png,2025,7302886923a599e26b9905cb7a7c8e25a0a4418ad924696c04882d459c6603c8,unverified,,false,Confirm whether each file is covered by upstream code licensing or separate terms.
assets/textures/gui/icon/profile_delete.png,assets/textures/gui,.png,1609,7d03734fce23155837f90fe19859a7497dcc1ada4a4ba901016e5746db418308,unverified,,false,Confirm whether each file is covered by upstream code licensing or separate terms.
assets/textures/gui/icon/share_clipboard.png,assets/textures/gui,.png,2566,7fbabb5639781b1275cb686bd265cb92e31b88c22ca514b6391d9defd9040350,unverified,,false,Confirm whether each file is covered by upstream code licensing or separate terms.
assets/textures/gui/icon/share_network.png,assets/textures/gui,.png,2655,038356a0b76f58c2bc2d5ee8ca221723558dfbe753423c0c31dce48036b828ec,unverified,,false,Confirm whether each file is covered by upstream code licensing or separate terms.
assets/textures/gui/icon/share_qr.png,assets/textures/gui,.png,2963,9565c4a3c673fe58464165154743357361415c6b4be12747e79769feb35a196b,unverified,,false,Confirm whether each file is covered by upstream code licensing or separate terms.
assets/textures/gui/icon/sort_alphabetical.png,assets/textures/gui,.png,2206,039e36336da5f75367dec4004235f760cf60acc6f389c584b0f99e0acd4eaefd,unverified,,false,Confirm whether each file is covered by upstream code licensing or separate terms.
assets/textures/gui/icon/sort_favorite.png,assets/textures/gui,.png,2065,ff04a7e24d7fa9c3a5182b4d55bde242714a8d6b9df7c15a81dea3544b0f0384,unverified,,false,Confirm whether each file is covered by upstream code licensing or separate terms.
assets/textures/gui/icon/sort_index.png,assets/textures/gui,.png,2103,184a8bc66aac1bd29b10aa72a6b3dc00ae261c7b1e94c9bb055a78508755288c,unverified,,false,Confirm whether each file is covered by upstream code licensing or separate terms.
assets/textures/gui/icon/sort_level.png,assets/textures/gui,.png,1854,bb89302ab1cd4e868090cfa819f2015f582e7efad1874357520f43ab4afefb9b,unverified,,false,Confirm whether each file is covered by upstream code licensing or separate terms.
assets/textures/gui/icon/sort_type.png,assets/textures/gui,.png,4119,66ae818abac8081f4b3d788bcea38c53e8f3ff912386efdcf4f2dd977e70963c,unverified,,false,Confirm whether each file is covered by upstream code licensing or separate terms.
assets/textures/gui/icon/trainer.png,assets/textures/gui,.png,2151,9a7989ce96b6c512c47be78bfb814bc0de3e2f7a02c6923c37195b80befb67c4,unverified,,false,Confirm whether each file is covered by upstream code licensing or separate terms.
assets/textures/gui/male.png,assets/textures/gui,.png,2250,8909da400b7619302aff25f98bf4c6a3dd0d9149a170ef210f3c8444e3338d55,unverified,,false,Confirm whether each file is covered by upstream code licensing or separate terms.
assets/textures/gui/minus.png,assets/textures/gui,.png,1988,c8d629e7ae14f15fd3e5971de166c7eda92fddac725494b6a6b09c3adf2b9d4c,unverified,,false,Confirm whether each file is covered by upstream code licensing or separate terms.
assets/textures/gui/pfx_disc.png,assets/textures/gui,.png,2585,58dce145add6a6691acdbb7e51ec12b22e851ed42e53872cc2051c1794a57ded,unverified,,false,Confirm whether each file is covered by upstream code licensing or separate terms.
assets/textures/gui/pfx_star.png,assets/textures/gui,.png,2485,4bdc464c565f37e4a013caa8bffe02f385ed260b92738ae761dacba9d2a88489,unverified,,false,Confirm whether each file is covered by upstream code licensing or separate terms.
assets/textures/gui/pfx_twinkle.png,assets/textures/gui,.png,2044,b16f8874a75e8e039caab3c5770bce692e8a4dbd0b98d62f6bf5bdca687d080a,unverified,,false,Confirm whether each file is covered by upstream code licensing or separate terms.
assets/textures/gui/plus.png,assets/textures/gui,.png,1980,c329724a72f9bf950ce08178a3a95257ad6f9c80bca50ceb67d48638a4d611eb,unverified,,false,Confirm whether each file is covered by upstream code licensing or separate terms.
assets/textures/gui/scroll_bar.png,assets/textures/gui,.png,1780,53d6826df075af370d84018c998e4281151d286ef169c3a09943bd55826ec81f,unverified,,false,Confirm whether each file is covered by upstream code licensing or separate terms.
assets/textures/gui/scroll_bar_backing.png,assets/textures/gui,.png,2116,c92f9084f14e9a160aacf3f3248bda095e6ad7a41bd980aa3d71442975c6c40c,unverified,,false,Confirm whether each file is covered by upstream code licensing or separate terms.
assets/textures/gui/shadow.png,assets/textures/gui,.png,1701,93f7e38955c0fc18e7ec3e3a7ad1265a006b23beb5b0c0037eb770d0e9e4dd35,unverified,,false,Confirm whether each file is covered by upstream code licensing or separate terms.
assets/textures/gui/shiny_bg.png,assets/textures/gui,.png,3861,b18a4e738bfe8c5f4b827842ce41f261e32ca669a1449f98a095494a2541c112,unverified,,false,Confirm whether each file is covered by upstream code licensing or separate terms.
assets/textures/gui/status/burn_down.png,assets/textures/gui,.png,12528,cd7bd7614793211128e0fc3679c67ab3e23669fab8c6538d42fb99a7bc441786,unverified,,false,Confirm whether each file is covered by upstream code licensing or separate terms.
assets/textures/gui/status/burn_up.png,assets/textures/gui,.png,6656,951775396c3f7fd0d789ff3a0e8b29f249403c015f5097e4674db629f116a553,unverified,,false,Confirm whether each file is covered by upstream code licensing or separate terms.
assets/textures/gui/status/confuse_down.png,assets/textures/gui,.png,13882,362427826e581424431d67298ea95786e349cd03168008c34a78987972ab036c,unverified,,false,Confirm whether each file is covered by upstream code licensing or separate terms.
assets/textures/gui/status/confuse_up.png,assets/textures/gui,.png,5975,5e05fbaf8eb424f50a650ad68d249b87e1f07c57e5438beac194e9c02777f3e5,unverified,,false,Confirm whether each file is covered by upstream code licensing or separate terms.
assets/textures/gui/status/frozen_down.png,assets/textures/gui,.png,13787,e31223f49075173a31a44dbd6eb8d600becf6a1f411e8af76c419d8a80f9b56f,unverified,,false,Confirm whether each file is covered by upstream code licensing or separate terms.
assets/textures/gui/status/frozen_up.png,assets/textures/gui,.png,6994,4221773c8a0a9d029717a58cdb08462dc10d94fc04c14652784d18cc28f72d73,unverified,,false,Confirm whether each file is covered by upstream code licensing or separate terms.
assets/textures/gui/status/paralyze_down.png,assets/textures/gui,.png,12760,91c6fefd853f5004c54da0e987e5c70851eddacf510d531e6d4c16fec1753696,unverified,,false,Confirm whether each file is covered by upstream code licensing or separate terms.
assets/textures/gui/status/paralyze_up.png,assets/textures/gui,.png,5694,496ae64f50a243f0e306a32c4f85fea0e41ac3b76a15611617e2522c6bb3712c,unverified,,false,Confirm whether each file is covered by upstream code licensing or separate terms.
assets/textures/gui/status/poisoned_down.png,assets/textures/gui,.png,14821,cb6c6ed90b6df35daf9422cf5a4ce07278c3fb3fc4d60da630cac8b95181fd99,unverified,,false,Confirm whether each file is covered by upstream code licensing or separate terms.
assets/textures/gui/status/poisoned_up.png,assets/textures/gui,.png,6861,e76558224675036852021759a482f3d753642613bcd3389bd119f16c77e51290,unverified,,false,Confirm whether each file is covered by upstream code licensing or separate terms.
assets/textures/gui/status/sleep_down.png,assets/textures/gui,.png,11438,94ff87be6ff4f09255ef977cdecb8412ed8b33000af07a67dd1e5ae97fc21aa5,unverified,,false,Confirm whether each file is covered by upstream code licensing or separate terms.
assets/textures/gui/status/sleep_up.png,assets/textures/gui,.png,5191,a8e836fa7adf56d08f7cdb015615911c020d7cda88c2b50e6658208e418f34c4,unverified,,false,Confirm whether each file is covered by upstream code licensing or separate terms.
assets/textures/gui/trait_border.png,assets/textures/gui,.png,1784,fcf9e56c563274ce0ce5e2a5daae5c8678895dd5b4f677774580586b5a20f3fa,unverified,,false,Confirm whether each file is covered by upstream code licensing or separate terms.
assets/textures/gui/transparent.png,assets/textures/gui,.png,1611,c5595f360c3a2be1c8cad92dbc8e2f42910fc67789586d100e82d49170229079,unverified,,false,Confirm whether each file is covered by upstream code licensing or separate terms.
assets/textures/pokemons/-1MissingNo.png,assets/textures/pokemons,.png,16070,d8d00d5deaaad2d21fba9f3d95f63f6c35f4766b23df1105e748923fbce61faa,not-cleared,,false,"Replace, exclude, or obtain explicit redistribution permission."
assets/textures/pokemons/-2Pokeball.png,assets/textures/pokemons,.png,4453,4e60b92c5f5dc19ab3afefdd8f7a79ee4c18366d0d0d389d43790819fc9f3a69,not-cleared,,false,"Replace, exclude, or obtain explicit redistribution permission."
assets/textures/pokemons/029Nidoran.png,assets/textures/pokemons,.png,26519,f543818d05a4951bb0bc13a381de3e8ca82420244156cccc9799d46f6e53687d,not-cleared,,false,"Replace, exclude, or obtain explicit redistribution permission."
assets/textures/pokemons/032Nidoran.png,assets/textures/pokemons,.png,26349,b1ed1a6a53895c72f908e31699f83e73efdeda0608e9e47277a0040f655fd3a1,not-cleared,,false,"Replace, exclude, or obtain explicit redistribution permission."
assets/textures/pokemons/100Voltorb.png,assets/textures/pokemons,.png,25592,5e1ada58e812301afefebcac54434a3f52ae25fa207cc798654c5a9bd4835b25,not-cleared,,false,"Replace, exclude, or obtain explicit redistribution permission."
assets/textures/pokemons/101Electrode.png,assets/textures/pokemons,.png,26601,3a30b5d4993c716debeb930701ed34afabd90dbf2565a5b74b563b7aa2f7a406,not-cleared,,false,"Replace, exclude, or obtain explicit redistribution permission."
assets/textures/pokemons/102Exeggcute.png,assets/textures/pokemons,.png,23795,bf5b23684915a0838b29cf01cb2bce6323657547a6cf7de524330cc3361d36e9,not-cleared,,false,"Replace, exclude, or obtain explicit redistribution permission."
assets/textures/pokemons/103Alolan Exeggutor.png,assets/textures/pokemons,.png,11507,0306e26d36012c2a799102c0d69317743a74c16c709510114aaee4dffbf64d2e,not-cleared,,false,"Replace, exclude, or obtain explicit redistribution permission."
assets/textures/pokemons/103Exeggutor.png,assets/textures/pokemons,.png,29675,e30e8f73881a0edb2df28c73728506522b25e6ddad7baa27e40250d52a0b1a79,not-cleared,,false,"Replace, exclude, or obtain explicit redistribution permission."
assets/textures/pokemons/104Cubone.png,assets/textures/pokemons,.png,23794,8d336b493ba842e68c7087a6ca1f6a4fe0954cfd28f1ba4a5e304cad3bcb0a65,not-cleared,,false,"Replace, exclude, or obtain explicit redistribution permission."
assets/textures/pokemons/105Alolan Marowak.png,assets/textures/pokemons,.png,19797,bca7294d80870e08f610ceab59723046fbe3ca4ffbd4d2d61a50fb7ade41b4b7,not-cleared,,false,"Replace, exclude, or obtain explicit redistribution permission."
assets/textures/pokemons/105Marowak.png,assets/textures/pokemons,.png,21257,6baed90a56a2703a830b47799435d9ab646a078c164c219ce89b7098b62acd64,not-cleared,,false,"Replace, exclude, or obtain explicit redistribution permission."
assets/textures/pokemons/106Hitmonlee.png,assets/textures/pokemons,.png,15792,c59f54d7188367eafbc565ade0510bc3cc4b4664912b5d3b5e1cb1450a4a640b,not-cleared,,false,"Replace, exclude, or obtain explicit redistribution permission."
assets/textures/pokemons/107Hitmonchan.png,assets/textures/pokemons,.png,16859,bc3985dfa49349889d179a8ef3a6bb66c591e733d0ee21aa442a207f21d61537,not-cleared,,false,"Replace, exclude, or obtain explicit redistribution permission."
assets/textures/pokemons/108Lickitung.png,assets/textures/pokemons,.png,28214,44b18ae70225895faa900310154ef7f1decf9efbea3d2e70defd03fe337fd553,not-cleared,,false,"Replace, exclude, or obtain explicit redistribution permission."
assets/textures/pokemons/109Koffing.png,assets/textures/pokemons,.png,24856,b8ba6dbc191002615e1579c734788d135dc22f41486fcd7bd755bf3151526326,not-cleared,,false,"Replace, exclude, or obtain explicit redistribution permission."
assets/textures/pokemons/10Caterpie.png,assets/textures/pokemons,.png,26106,e94bc51c8b05e2b3e1f7aba49e369735385e375d30847b6a47827474250db2f5,not-cleared,,false,"Replace, exclude, or obtain explicit redistribution permission."
assets/textures/pokemons/110Weezing.png,assets/textures/pokemons,.png,26809,d1dd8afdf28831c7f85aa5ca63ca5b697d653790c55d39d1aff19c09b0480219,not-cleared,,false,"Replace, exclude, or obtain explicit redistribution permission."
assets/textures/pokemons/111Rhyhorn.png,assets/textures/pokemons,.png,29751,e2419ea42c2c290e12aaf12f701445bf7475d9fd19a427b23cd56dd6482e8d08,not-cleared,,false,"Replace, exclude, or obtain explicit redistribution permission."
assets/textures/pokemons/112Rhydon.png,assets/textures/pokemons,.png,23984,257e13e0add85930d3324b3bf1258b12e6e4a3f18ea03ac7dc110589b4b84a1a,not-cleared,,false,"Replace, exclude, or obtain explicit redistribution permission."
assets/textures/pokemons/113Chansey.png,assets/textures/pokemons,.png,22922,34bb04abb6e8cbbbc9d24dcf81996594f9818c01345ce0726576d00b3a3c7a3e,not-cleared,,false,"Replace, exclude, or obtain explicit redistribution permission."
assets/textures/pokemons/114Tangela.png,assets/textures/pokemons,.png,31849,47920f4ac3695525f98f6a9e218938679c5300a69ba3fc5b8df6fd2565d45641,not-cleared,,false,"Replace, exclude, or obtain explicit redistribution permission."
assets/textures/pokemons/115Kangaskhan.png,assets/textures/pokemons,.png,28241,d785392b0703a0d7b3c40476f70857a97f2df35708e589609835089f7350e221,not-cleared,,false,"Replace, exclude, or obtain explicit redistribution permission."
assets/textures/pokemons/116Horsea.png,assets/textures/pokemons,.png,25152,899a94a4080d6935ba9e82f03118cafd21a4bf07dbfbd0da48af9bfca64f39f5,not-cleared,,false,"Replace, exclude, or obtain explicit redistribution permission."
assets/textures/pokemons/117Seadra.png,assets/textures/pokemons,.png,23350,3a7785405073d8946c2484877c4a65e6c227ced87e2a91040c7e8c1aff76bc49,not-cleared,,false,"Replace, exclude, or obtain explicit redistribution permission."
assets/textures/pokemons/118Goldeen.png,assets/textures/pokemons,.png,18564,38cc355002aa27f3900f45ab69cca435e0fd5c0ba6f5d01d6138b32fc794752e,not-cleared,,false,"Replace, exclude, or obtain explicit redistribution permission."
assets/textures/pokemons/119Seaking.png,assets/textures/pokemons,.png,31621,741ad19491ce7a95c88792eac7293afc60a4ff13e5b47df9397747dbbbc41d24,not-cleared,,false,"Replace, exclude, or obtain explicit redistribution permission."
assets/textures/pokemons/11Metapod.png,assets/textures/pokemons,.png,20459,6e4835cdf57eb59a4df92804bac4704a17ded3bda406587900a014afe3b63a48,not-cleared,,false,"Replace, exclude, or obtain explicit redistribution permission."
assets/textures/pokemons/120Staryu.png,assets/textures/pokemons,.png,24061,02307869088116a6fad596badeb96fa68904da41abd5f997853e875fd83829c1,not-cleared,,false,"Replace, exclude, or obtain explicit redistribution permission."
assets/textures/pokemons/121Starmie.png,assets/textures/pokemons,.png,32618,831fd070e624afe40124a246900945d9f529093f4a3e11b87fe25324233b47e4,not-cleared,,false,"Replace, exclude, or obtain explicit redistribution permission."
assets/textures/pokemons/122Mr. Mime.png,assets/textures/pokemons,.png,27433,c5f896eb302d2cc3591b26993464a8cafe495678b9eb04c0b3d8e4a32d225c1b,not-cleared,,false,"Replace, exclude, or obtain explicit redistribution permission."
assets/textures/pokemons/123Scyther.png,assets/textures/pokemons,.png,21298,404703a0b16f87ac626f252701ad2ab94d35fe36875cdd922e484f002aa08da5,not-cleared,,false,"Replace, exclude, or obtain explicit redistribution permission."
assets/textures/pokemons/124Jynx.png,assets/textures/pokemons,.png,24586,b0222822eb445927e1887a0e9c34996cb409a4d13f5998bfd6088d1924637f31,not-cleared,,false,"Replace, exclude, or obtain explicit redistribution permission."
assets/textures/pokemons/125Electabuzz.png,assets/textures/pokemons,.png,22788,b3847ff9552718931ff58eaa59b3c14c1288d06d8364af7d53f712f5a14af9ec,not-cleared,,false,"Replace, exclude, or obtain explicit redistribution permission."
assets/textures/pokemons/126Magmar.png,assets/textures/pokemons,.png,24931,441a72fd6449c252b4e838908853b11976f7552febf42692d97b507830d842ce,not-cleared,,false,"Replace, exclude, or obtain explicit redistribution permission."
assets/textures/pokemons/127Pinsir.png,assets/textures/pokemons,.png,27532,2be06277401aef870e05d4c9103e18e20a5ca7834fc9baa59e56207a2c5fb9e2,not-cleared,,false,"Replace, exclude, or obtain explicit redistribution permission."
assets/textures/pokemons/128Tauros.png,assets/textures/pokemons,.png,21825,8eb295b92d4ba93977c641a08143ee7fcbbf5f0c36ddf84f1d1a2b12017cb1f6,not-cleared,,false,"Replace, exclude, or obtain explicit redistribution permission."
assets/textures/pokemons/129Magikarp.png,assets/textures/pokemons,.png,25893,9025e15e8380ceaec44da9463d532bc07234950574decce514d04965a850239d,not-cleared,,false,"Replace, exclude, or obtain explicit redistribution permission."
assets/textures/pokemons/12Butterfree.png,assets/textures/pokemons,.png,29878,213804d4c5d20721b72a8af21cf3f89ca34d04ed03d7c9faabf1ff9bb706e827,not-cleared,,false,"Replace, exclude, or obtain explicit redistribution permission."
assets/textures/pokemons/130Gyarados.png,assets/textures/pokemons,.png,26022,56fee847727691eed2aa4a1e68b9dd873c93c2607e0c5fa1b8b05351f94c1c84,not-cleared,,false,"Replace, exclude, or obtain explicit redistribution permission."
assets/textures/pokemons/131Lapras.png,assets/textures/pokemons,.png,23953,ad1fc4db856e491cc2a90cc18b03138c2a2f6ea73b0497f3dcf0f17e05ac7f43,not-cleared,,false,"Replace, exclude, or obtain explicit redistribution permission."
assets/textures/pokemons/132Ditto.png,assets/textures/pokemons,.png,17312,5b04d11a003b4b7c1df7ee4f3f3ab88793c687b5ae4e82def4f4eaf04f1195c7,not-cleared,,false,"Replace, exclude, or obtain explicit redistribution permission."
assets/textures/pokemons/133Eevee.png,assets/textures/pokemons,.png,25150,1d5e7bb0bc9828ae350d45cf48ebee57d085e67faae9d27789ce682791f55cb5,not-cleared,,false,"Replace, exclude, or obtain explicit redistribution permission."
assets/textures/pokemons/134Vaporeon.png,assets/textures/pokemons,.png,27812,15661a3c79bd93810b1d6634e854633342bb3bce751d9df8545ed200f7650c3f,not-cleared,,false,"Replace, exclude, or obtain explicit redistribution permission."
assets/textures/pokemons/135Jolteon.png,assets/textures/pokemons,.png,27657,0692261591a4e76dda382697b29d60d657c5c06a64966e1d6af650abbdc3fcca,not-cleared,,false,"Replace, exclude, or obtain explicit redistribution permission."
assets/textures/pokemons/136Flareon.png,assets/textures/pokemons,.png,23887,63bd1bdd8da3cb91ba3b277faee0d78ebfce4b103122939b74890709ec7ae60e,not-cleared,,false,"Replace, exclude, or obtain explicit redistribution permission."
assets/textures/pokemons/137Porygon.png,assets/textures/pokemons,.png,24212,2153906f54fd2e118c044436e5939b2c821dc97c201c60a93bef3e089c4bb113,not-cleared,,false,"Replace, exclude, or obtain explicit redistribution permission."
assets/textures/pokemons/138Omanyte.png,assets/textures/pokemons,.png,27304,1b3adafcc18f706d536ae03c7609585a7a1e11d1a09bb745b1f4079ed965de38,not-cleared,,false,"Replace, exclude, or obtain explicit redistribution permission."
assets/textures/pokemons/139Omastar.png,assets/textures/pokemons,.png,26810,9171ca1df34c0e145c20c74454d919e77de35429758b2b309633446db1bce4c7,not-cleared,,false,"Replace, exclude, or obtain explicit redistribution permission."
assets/textures/pokemons/13Weedle.png,assets/textures/pokemons,.png,19882,57ec8de8ad99187f7e3b9a2368bc6e4ac19e8b024f8fb94e6a663fbbf2a110ad,not-cleared,,false,"Replace, exclude, or obtain explicit redistribution permission."
assets/textures/pokemons/140Kabuto.png,assets/textures/pokemons,.png,20755,ea59d879418f320fee1b202133bcddb252354ac70a9317ae27867980d97c8cd9,not-cleared,,false,"Replace, exclude, or obtain explicit redistribution permission."
assets/textures/pokemons/141Kabutops.png,assets/textures/pokemons,.png,23870,692588436c38574b066a985ff127405b511ec845a7181899d069d405af68c618,not-cleared,,false,"Replace, exclude, or obtain explicit redistribution permission."
assets/textures/pokemons/142Aerodactyl.png,assets/textures/pokemons,.png,15651,5597ea4ebac161574947b00e55b6d25dfc493cb5cf9e2b9673fcb71b387e1373,not-cleared,,false,"Replace, exclude, or obtain explicit redistribution permission."
assets/textures/pokemons/143Snorlax.png,assets/textures/pokemons,.png,24816,af149c4d90e4df7a09eb2414d32555c145638ae1a98de1f18df071723a533c73,not-cleared,,false,"Replace, exclude, or obtain explicit redistribution permission."
assets/textures/pokemons/144Articuno.png,assets/textures/pokemons,.png,26265,546221752f1183d92d4b3527357dd93bd9b90c7a8ccd140724ffff807df576b7,not-cleared,,false,"Replace, exclude, or obtain explicit redistribution permission."
assets/textures/pokemons/145Zapdos.png,assets/textures/pokemons,.png,18755,0d0afb2a5ac38d3f2a52d0a8c8878d0945dca64ae53df92cb2bfae3c499dcc24,not-cleared,,false,"Replace, exclude, or obtain explicit redistribution permission."
assets/textures/pokemons/146Moltres.png,assets/textures/pokemons,.png,13571,853f3f01c0ae82d4cc99f8134fccea235f98d147a3a74fe5600de351978ea2a1,not-cleared,,false,"Replace, exclude, or obtain explicit redistribution permission."
assets/textures/pokemons/147Dratini.png,assets/textures/pokemons,.png,16506,75053e17a58a19632a042c907833e5cae91f0e383af63de6df524f8be0c3d92f,not-cleared,,false,"Replace, exclude, or obtain explicit redistribution permission."
assets/textures/pokemons/148Dragonair.png,assets/textures/pokemons,.png,17113,729224db852fd65adc2fc73e1007f9d0a5f0cf8cc8ff1156b06259d0d94eac92,not-cleared,,false,"Replace, exclude, or obtain explicit redistribution permission."
assets/textures/pokemons/149Dragonite.png,assets/textures/pokemons,.png,21719,7f904256cd8232ceca05941b111e7fe32070603d49025eaebff33dd68b7e598f,not-cleared,,false,"Replace, exclude, or obtain explicit redistribution permission."
assets/textures/pokemons/14Kakuna.png,assets/textures/pokemons,.png,20498,8689c7bf9eb9e15383e6ad5b1cfc3a30fccf331ffc3d71b019bc2d818c7baa67,not-cleared,,false,"Replace, exclude, or obtain explicit redistribution permission."
assets/textures/pokemons/150Mewtwo.png,assets/textures/pokemons,.png,22014,368e0ec86bca19914cae44e48c48e7715aa21c730ff66d995aaf849ee87c81f9,not-cleared,,false,"Replace, exclude, or obtain explicit redistribution permission."
assets/textures/pokemons/151Mew.png,assets/textures/pokemons,.png,21863,afeb33a45b2bcdaaba157372b9c5d5406dd07c4656303b3c33e5aecd864b6fe0,not-cleared,,false,"Replace, exclude, or obtain explicit redistribution permission."
assets/textures/pokemons/152Chikorita.png,assets/textures/pokemons,.png,19417,7a3db76e5e6cf2998ee6e315dc26beb3092e44811fb62cb7c88ad06ecfc484c1,not-cleared,,false,"Replace, exclude, or obtain explicit redistribution permission."
assets/textures/pokemons/153Bayleef.png,assets/textures/pokemons,.png,19194,8faa357ede22a26ca5dbf2549b0245a85ff19553682d2112b867cb859adba00d,not-cleared,,false,"Replace, exclude, or obtain explicit redistribution permission."
assets/textures/pokemons/154Meganium.png,assets/textures/pokemons,.png,19733,833c407f85d2c207a4a85795c4158660842df7ad57af8811ee07dbfba4854fa0,not-cleared,,false,"Replace, exclude, or obtain explicit redistribution permission."
assets/textures/pokemons/155Cyndaquil.png,assets/textures/pokemons,.png,21278,485f7115c11e6c9fb6ffeda208d194a9957446ef629594588e9ebf72d29af186,not-cleared,,false,"Replace, exclude, or obtain explicit redistribution permission."
assets/textures/pokemons/156Quilava.png,assets/textures/pokemons,.png,19251,6450bd383240751f8dc3ce95a6f19693c894cc3d1f082422e8e1aa53d9ffa38b,not-cleared,,false,"Replace, exclude, or obtain explicit redistribution permission."
assets/textures/pokemons/157Typhlosion.png,assets/textures/pokemons,.png,21612,c360bf14165fcbe43ce58d5f6c4afedf23780e2f7a5be32a66e0e58598dd865f,not-cleared,,false,"Replace, exclude, or obtain explicit redistribution permission."
assets/textures/pokemons/158Totodile.png,assets/textures/pokemons,.png,21273,5a7fd555e7ab32ecad7f9730ddb204cebb7265156130cae3ded42f41219eeaec,not-cleared,,false,"Replace, exclude, or obtain explicit redistribution permission."
assets/textures/pokemons/159Croconaw.png,assets/textures/pokemons,.png,24224,1c7dd56e077b33825b92708999f9b0ec4af5056c1d4f7fcaa77667d531b536b0,not-cleared,,false,"Replace, exclude, or obtain explicit redistribution permission."
assets/textures/pokemons/15Beedrill.png,assets/textures/pokemons,.png,26887,8729e7969c25ec2830ca007bb176e0ccb52a7294a6243a71a2a651bc3a9b72b7,not-cleared,,false,"Replace, exclude, or obtain explicit redistribution permission."
assets/textures/pokemons/160Feraligatr.png,assets/textures/pokemons,.png,26731,c56ff18fb75b83768cb1a6dbaef964e08f3f118c61c0e0e412770e778b611a7f,not-cleared,,false,"Replace, exclude, or obtain explicit redistribution permission."
assets/textures/pokemons/161Sentret.png,assets/textures/pokemons,.png,15424,8d2fb9e2ee919d1cd43f7529cf3615575855bf89f699cc39c93ca69ac0433f5b,not-cleared,,false,"Replace, exclude, or obtain explicit redistribution permission."
assets/textures/pokemons/162Furret.png,assets/textures/pokemons,.png,24003,a0aa098b4cbd3981ff577817f20c6e3565d953631c2b14fa32b2b2dcc215bf19,not-cleared,,false,"Replace, exclude, or obtain explicit redistribution permission."
assets/textures/pokemons/163Hoothoot.png,assets/textures/pokemons,.png,20672,0c4a4ea2577bfcda1a30385035a9b0b8b16a6f995c447995e6aec09edfc17e50,not-cleared,,false,"Replace, exclude, or obtain explicit redistribution permission."
assets/textures/pokemons/164Noctowl.png,assets/textures/pokemons,.png,19737,bb110879b6a485843e77df02caab7e98a11e4061e17dba7dcd7a665605aff621,not-cleared,,false,"Replace, exclude, or obtain explicit redistribution permission."
assets/textures/pokemons/165Ledyba.png,assets/textures/pokemons,.png,24498,afc69c9f3825ccd7213fd8ac219a3a73902ebe6067c51eb02d80f7471f104ed1,not-cleared,,false,"Replace, exclude, or obtain explicit redistribution permission."
assets/textures/pokemons/166Ledian.png,assets/textures/pokemons,.png,21943,a424e9bd770ee49978e0a440d6737767a4159378e957c4bbe34404e3f11010eb,not-cleared,,false,"Replace, exclude, or obtain explicit redistribution permission."
assets/textures/pokemons/167Spinarak.png,assets/textures/pokemons,.png,21639,ef20a7f7f6c037ea04ac043c2b71a275f3f3a70d67b30a1cacb69deffc7abe22,not-cleared,,false,"Replace, exclude, or obtain explicit redistribution permission."
assets/textures/pokemons/168Ariados.png,assets/textures/pokemons,.png,25786,46bfb804f9843b911b72b1ae714d3863d4e86380f286b340e3fa27c8b7c01fbb,not-cleared,,false,"Replace, exclude, or obtain explicit redistribution permission."
assets/textures/pokemons/169Crobat.png,assets/textures/pokemons,.png,15000,8984ac84d07f683b23ac6d76f3e40385e5edcc061407baf8a06c8476bd013007,not-cleared,,false,"Replace, exclude, or obtain explicit redistribution permission."
assets/textures/pokemons/16Pidgey.png,assets/textures/pokemons,.png,25495,72f03079a55f2504c92864e4bbe9dece609b54f2a5022afa4ff30cbd693e40d0,not-cleared,,false,"Replace, exclude, or obtain explicit redistribution permission."
assets/textures/pokemons/170Chinchou.png,assets/textures/pokemons,.png,19808,d367635124f0fcf02e60321a4ce0b24d68fdc7a7b4fecce5b0585e4e4af677fd,not-cleared,,false,"Replace, exclude, or obtain explicit redistribution permission."
assets/textures/pokemons/171Lanturn.png,assets/textures/pokemons,.png,17848,2c48d66f9b7dc953f8f124f37a73384de1db41cd9593c4c1c4cdf5e60e4d5211,not-cleared,,false,"Replace, exclude, or obtain explicit redistribution permission."
assets/textures/pokemons/172Pichu.png,assets/textures/pokemons,.png,20414,aeabb83fbb68e813b4b8171cc32a0a137b7ba04548804310efe55b965db4d8e4,not-cleared,,false,"Replace, exclude, or obtain explicit redistribution permission."
assets/textures/pokemons/173Cleffa.png,assets/textures/pokemons,.png,21205,1c1830578963a009548d94b8f58df7a5bb7844839a497f7669e1a008b02f415b,not-cleared,,false,"Replace, exclude, or obtain explicit redistribution permission."
assets/textures/pokemons/174Igglybuff.png,assets/textures/pokemons,.png,21781,5a3d7281ea84dfd476dfb1c9b62732bbc580d070e744157ad0deb1cfb4f4d9d7,not-cleared,,false,"Replace, exclude, or obtain explicit redistribution permission."
assets/textures/pokemons/175Togepi.png,assets/textures/pokemons,.png,27856,6a5de8e996659bfb7e05d0f74c4b15d8feb0bf1e23176b9b29df3c30910d3014,not-cleared,,false,"Replace, exclude, or obtain explicit redistribution permission."
assets/textures/pokemons/176Togetic.png,assets/textures/pokemons,.png,21797,d52a67c54b163d88d123f9df09f0d0e16202ff2a5da85359fb76093e0b89ecda,not-cleared,,false,"Replace, exclude, or obtain explicit redistribution permission."
assets/textures/pokemons/177Natu.png,assets/textures/pokemons,.png,25191,69810262a848279862385e1e2ccc04c941d8d7aca40f386b07a44a42f3d6da55,not-cleared,,false,"Replace, exclude, or obtain explicit redistribution permission."
assets/textures/pokemons/178Xatu.png,assets/textures/pokemons,.png,22033,9271c33f826740da6be4e81784d2feb9a2e6e37f2655b9dc8971d73820e723c7,not-cleared,,false,"Replace, exclude, or obtain explicit redistribution permission."
assets/textures/pokemons/179Mareep.png,assets/textures/pokemons,.png,27452,a41a3e24b1eb9e3b20ed6215f848c0442df022842b5f4ad3df8ea5dd3d5541cb,not-cleared,,false,"Replace, exclude, or obtain explicit redistribution permission."
assets/textures/pokemons/17Pidgeotto.png,assets/textures/pokemons,.png,24256,f40ff5d600fb1e9b9ea07b9b7fdfa57df2836a293505fec374e2cc8d56845126,not-cleared,,false,"Replace, exclude, or obtain explicit redistribution permission."
assets/textures/pokemons/180Flaaffy.png,assets/textures/pokemons,.png,23107,1a7a95f3d64bbd4dcd3bb970710b79198c649c5c3586929ef7432729b7445b5f,not-cleared,,false,"Replace, exclude, or obtain explicit redistribution permission."
assets/textures/pokemons/181Ampharos.png,assets/textures/pokemons,.png,19373,1005748236ae4d2d5bba0ee02c55388f19dec4f805bb5e6fdfa34be3c29e5217,not-cleared,,false,"Replace, exclude, or obtain explicit redistribution permission."
assets/textures/pokemons/182Bellossom.png,assets/textures/pokemons,.png,25358,a8b10b9c4e11e0afe510d365226b1af886adb4194b5c96656d1f870f20a202ef,not-cleared,,false,"Replace, exclude, or obtain explicit redistribution permission."
assets/textures/pokemons/183Marill.png,assets/textures/pokemons,.png,23765,246ad6f532b7c770846cc19c222e72116d7ce31b386dff617b4a28eeb54d442f,not-cleared,,false,"Replace, exclude, or obtain explicit redistribution permission."
assets/textures/pokemons/184Azumarill.png,assets/textures/pokemons,.png,26241,8d412556bb108bd2365e1801224dd74e127d651a5862b3a63b0ccd8f3cf9efac,not-cleared,,false,"Replace, exclude, or obtain explicit redistribution permission."
assets/textures/pokemons/185Sudowoodo.png,assets/textures/pokemons,.png,20942,b21f255e4b736a618173d56e4e9b8d6d91265c00c69e9518a6651a26ddd4de73,not-cleared,,false,"Replace, exclude, or obtain explicit redistribution permission."
assets/textures/pokemons/186Politoed.png,assets/textures/pokemons,.png,22479,f23811d34c6eeb63c2642895c19e3ac18a96130d8d18b2e646ebe169290022bb,not-cleared,,false,"Replace, exclude, or obtain explicit redistribution permission."
assets/textures/pokemons/187Hoppip.png,assets/textures/pokemons,.png,19760,53dfd1f44a6870dc6895dc5b28d1331c693b7bcd5eecf7765a4d65dbb0ea6ef3,not-cleared,,false,"Replace, exclude, or obtain explicit redistribution permission."
assets/textures/pokemons/188Skiploom.png,assets/textures/pokemons,.png,22475,dea9c3f995531fb0b32f1e1f7abcd91a19d4cf0cd439e6e4e469bc6957f5f784,not-cleared,,false,"Replace, exclude, or obtain explicit redistribution permission."
assets/textures/pokemons/189Jumpluff.png,assets/textures/pokemons,.png,19818,317f2d53c24465ff46b47cb93a8afcf1f16c191abd8e30b7ccafb900ab870cd1,not-cleared,,false,"Replace, exclude, or obtain explicit redistribution permission."
assets/textures/pokemons/18Pidgeot.png,assets/textures/pokemons,.png,25692,b5680ca380187544003397804bf27c2f9384feae5a08aed6a9fc971dd34ea711,not-cleared,,false,"Replace, exclude, or obtain explicit redistribution permission."
assets/textures/pokemons/190Aipom.png,assets/textures/pokemons,.png,24204,74473ba049ae13ba1f0e7cfa60d2a5651d13052e7d91f4225ab0ee5a6f58175f,not-cleared,,false,"Replace, exclude, or obtain explicit redistribution permission."
assets/textures/pokemons/191Sunkern.png,assets/textures/pokemons,.png,26884,d4dc618bca1ced803efdceeda910b9c5cdbf9a9b1841ed70a3b42e2a7ae9ab22,not-cleared,,false,"Replace, exclude, or obtain explicit redistribution permission."
assets/textures/pokemons/192Sunflora.png,assets/textures/pokemons,.png,25568,992b3b6b313ef561926386e40305181be58a96d62d592d04a7f9a853a7cc4bff,not-cleared,,false,"Replace, exclude, or obtain explicit redistribution permission."
assets/textures/pokemons/193Yanma.png,assets/textures/pokemons,.png,17513,1539a9a92123711d26db99576a87bdf9a9118de92c54954496b792feb1df052a,not-cleared,,false,"Replace, exclude, or obtain explicit redistribution permission."
assets/textures/pokemons/194Wooper.png,assets/textures/pokemons,.png,24201,c406ad8392e7b657d5f641ab5244970f51c03cfcf1bba7cf197a644134fd379c,not-cleared,,false,"Replace, exclude, or obtain explicit redistribution permission."
assets/textures/pokemons/195Quagsire.png,assets/textures/pokemons,.png,23713,98021e78ee4643703253df34512924707a62aeceaae561a64389d1ea74ceb2de,not-cleared,,false,"Replace, exclude, or obtain explicit redistribution permission."
assets/textures/pokemons/196Espeon.png,assets/textures/pokemons,.png,21663,0cda6da516654ee265556b2d0b8222fbf428055d41e4b9ffdd4447f9c225ec80,not-cleared,,false,"Replace, exclude, or obtain explicit redistribution permission."
assets/textures/pokemons/197Umbreon.png,assets/textures/pokemons,.png,20636,28c5311348ac4c9cabeaa03b4dad2f11eed972c8e12e078f8fccbceeb999fdd8,not-cleared,,false,"Replace, exclude, or obtain explicit redistribution permission."
assets/textures/pokemons/198Murkrow.png,assets/textures/pokemons,.png,18966,0a02df0cf60441df87f350aba93d974a0f43933ea356672c07c8d6282b4b1584,not-cleared,,false,"Replace, exclude, or obtain explicit redistribution permission."
assets/textures/pokemons/199Slowking.png,assets/textures/pokemons,.png,19954,fe4a66d30cfa0c8c74c5f74544d2e92c50a6efbfcf7ad69e81abc0c3944ec2ba,not-cleared,,false,"Replace, exclude, or obtain explicit redistribution permission."
assets/textures/pokemons/19Alolan Rattata.png,assets/textures/pokemons,.png,17546,54aeaebb168e123b309bb688ba545f388e06d9d3fb2df6a77ba9c858fc4b285f,not-cleared,,false,"Replace, exclude, or obtain explicit redistribution permission."
assets/textures/pokemons/19Rattata.png,assets/textures/pokemons,.png,23896,5f24e8fac3965f48bf0fe64daa2984a179a2433fd9d0d5729b1f9ab10971da5b,not-cleared,,false,"Replace, exclude, or obtain explicit redistribution permission."
assets/textures/pokemons/1Bulbasaur.png,assets/textures/pokemons,.png,28846,29c551c1c102feeb55912091f17c5e828ab049d2b9cdcd22f14a4624beb9174d,not-cleared,,false,"Replace, exclude, or obtain explicit redistribution permission."
assets/textures/pokemons/200Misdreavus.png,assets/textures/pokemons,.png,23239,370e5d6c9bec6a1dfff275249fa5031f1f58f9376158bf52f0a5adf6d8fc0164,not-cleared,,false,"Replace, exclude, or obtain explicit redistribution permission."
assets/textures/pokemons/201Unown.png,assets/textures/pokemons,.png,17063,20c029462615b7869874d1b02ebf90ab83f45b0b7d6783827d47bae5a12e9c73,not-cleared,,false,"Replace, exclude, or obtain explicit redistribution permission."
assets/textures/pokemons/202Wobbuffet.png,assets/textures/pokemons,.png,22263,a25dc3a4f40f47a9dd4e97541938f6c6960180bc93788fa4f7bef6c1f85ba58a,not-cleared,,false,"Replace, exclude, or obtain explicit redistribution permission."
assets/textures/pokemons/203Girafarig.png,assets/textures/pokemons,.png,19199,1e0f91eb5c1dd75bd0cadd09e8192f3e74174778939f4bce74770eef3deb424b,not-cleared,,false,"Replace, exclude, or obtain explicit redistribution permission."
assets/textures/pokemons/204Pineco.png,assets/textures/pokemons,.png,27630,55377840070899f9828cf5d7d522f2e5501e3e68433da4cb2ddc7d6fdc881cc9,not-cleared,,false,"Replace, exclude, or obtain explicit redistribution permission."
assets/textures/pokemons/205Forretress.png,assets/textures/pokemons,.png,26644,700cca4d460d3c826d4a7139897128da43da05799776f7e0134217f65b2070ca,not-cleared,,false,"Replace, exclude, or obtain explicit redistribution permission."
assets/textures/pokemons/206Dunsparce.png,assets/textures/pokemons,.png,22522,4d0ff0dd1d094ccd118756ef1ef091532418b109a6104184832d794fd7f32eb5,not-cleared,,false,"Replace, exclude, or obtain explicit redistribution permission."
assets/textures/pokemons/207Gligar.png,assets/textures/pokemons,.png,30214,a49ef16f6b045ff55517b01fd909c78db54050a5769b08ca976ebe52f3da7bd7,not-cleared,,false,"Replace, exclude, or obtain explicit redistribution permission."
assets/textures/pokemons/208Steelix.png,assets/textures/pokemons,.png,21796,04c2597cb5983555f9fd9ed1d6fca5492e598691350691d8bbd87ccdaae11491,not-cleared,,false,"Replace, exclude, or obtain explicit redistribution permission."
assets/textures/pokemons/209Snubbull.png,assets/textures/pokemons,.png,24923,9d9936f274758425e7e30338120e1dae2348ad444935b0d82a767e886aaae563,not-cleared,,false,"Replace, exclude, or obtain explicit redistribution permission."
assets/textures/pokemons/20Alolan Raticate.png,assets/textures/pokemons,.png,20811,af41ea01269810467b7fe042ef8f1e28b222476d6d4839ca7efeae3f540cdd7a,not-cleared,,false,"Replace, exclude, or obtain explicit redistribution permission."
assets/textures/pokemons/20Raticate.png,assets/textures/pokemons,.png,27932,5d22c9b3113c256355e8a399c1eb834b535792ba6057c0cf44baaecb51ac0e01,not-cleared,,false,"Replace, exclude, or obtain explicit redistribution permission."
assets/textures/pokemons/210Granbull.png,assets/textures/pokemons,.png,23594,30c83c9e6b88c2dea5575b0a7ffb82ce8d446c7ae835dba833fae73218aa08c6,not-cleared,,false,"Replace, exclude, or obtain explicit redistribution permission."
assets/textures/pokemons/211Qwilfish.png,assets/textures/pokemons,.png,23857,96a3551c63e0e60b6961393a19bc7bf47f6caabad026b9f5f8d722ccea15aae9,not-cleared,,false,"Replace, exclude, or obtain explicit redistribution permission."
assets/textures/pokemons/212Scizor.png,assets/textures/pokemons,.png,24263,f7a4354eaa0cbc81aa6a032b7b00fe307134f8a63f56b892db0a8fa5996590f4,not-cleared,,false,"Replace, exclude, or obtain explicit redistribution permission."
assets/textures/pokemons/213Shuckle.png,assets/textures/pokemons,.png,20618,19ddeeda77e44e6c078858e1399dd13ad4b007fa25cdaddf71e80ed3caba6df3,not-cleared,,false,"Replace, exclude, or obtain explicit redistribution permission."
assets/textures/pokemons/214Heracross.png,assets/textures/pokemons,.png,23840,1d4d4194604821b1254d7f3cd8231e9c3b4079b82bcd5fc0ca24505f20d27753,not-cleared,,false,"Replace, exclude, or obtain explicit redistribution permission."
assets/textures/pokemons/215Sneasel.png,assets/textures/pokemons,.png,24567,f0028e21a47b58aa1bfa62d93397e4a691bf1a74b7e310354b51db6be37e34e5,not-cleared,,false,"Replace, exclude, or obtain explicit redistribution permission."
assets/textures/pokemons/216Teddiursa.png,assets/textures/pokemons,.png,23055,673ffdad9b006f2243405823090b26531edc3b39eccefeb492ffced1bec0c345,not-cleared,,false,"Replace, exclude, or obtain explicit redistribution permission."
assets/textures/pokemons/217Ursaring.png,assets/textures/pokemons,.png,23546,c1341ed83d8d9b7ce6a90fa2b39068255f2ec98ffc6769939195a52cb3c81cfd,not-cleared,,false,"Replace, exclude, or obtain explicit redistribution permission."
assets/textures/pokemons/218Slugma.png,assets/textures/pokemons,.png,25102,a5ade187f9bf16db52a95aaebeebe246eb62c328b7082052b31b0c39f2b1c1b5,not-cleared,,false,"Replace, exclude, or obtain explicit redistribution permission."
assets/textures/pokemons/219Magcargo.png,assets/textures/pokemons,.png,28172,279276eed2dfb23f30d1e80ec212ba6b6e057ff3f4bbd09ca76bae62c46c032c,not-cleared,,false,"Replace, exclude, or obtain explicit redistribution permission."
assets/textures/pokemons/21Spearow.png,assets/textures/pokemons,.png,24124,32218820b25a14c128f00b4c03aa5af2dce7acbe2d8cc6189e35fae732a7e52d,not-cleared,,false,"Replace, exclude, or obtain explicit redistribution permission."
assets/textures/pokemons/220Swinub.png,assets/textures/pokemons,.png,16689,78e28e4552b92b3ddd28b782bb37690db96593869186ceebf6203f878a46b0bb,not-cleared,,false,"Replace, exclude, or obtain explicit redistribution permission."
assets/textures/pokemons/221Piloswine.png,assets/textures/pokemons,.png,24944,79f7e2d0616b27ae5eae63152f9029aad6bb7181dcca9d79996f98dfad0ed9b0,not-cleared,,false,"Replace, exclude, or obtain explicit redistribution permission."
assets/textures/pokemons/222Corsola.png,assets/textures/pokemons,.png,23455,2fc6cad2e8044b0e8f5eda61f60dbd55c8dbd1317e3686949ee229232ac1c631,not-cleared,,false,"Replace, exclude, or obtain explicit redistribution permission."
assets/textures/pokemons/223Remoraid.png,assets/textures/pokemons,.png,22044,cd272f75ededa70729055fa758a498a51fa127bc706bf3785439ccfd46085e0d,not-cleared,,false,"Replace, exclude, or obtain explicit redistribution permission."
assets/textures/pokemons/224Octillery.png,assets/textures/pokemons,.png,21889,ef972fa3ffd7bfbb18a0ed7a12dadf356e9fa9d22c28d26b7592a7c3001725f9,not-cleared,,false,"Replace, exclude, or obtain explicit redistribution permission."
assets/textures/pokemons/225Delibird.png,assets/textures/pokemons,.png,24494,c0dcb8220aa735e1052eaacd7a49400a8dd43605f88f56e63883b6e8a307f74f,not-cleared,,false,"Replace, exclude, or obtain explicit redistribution permission."
assets/textures/pokemons/226Mantine.png,assets/textures/pokemons,.png,16263,d22ca0e592b0f0f50c0a8fdaf72de988d9d5bf14d39f95602831ac3eb2ee294f,not-cleared,,false,"Replace, exclude, or obtain explicit redistribution permission."
assets/textures/pokemons/227Skarmory.png,assets/textures/pokemons,.png,21612,d3e6e08ca22c86e3ce63790b9bb50c7529e354b6827dc27752a26c6005721425,not-cleared,,false,"Replace, exclude, or obtain explicit redistribution permission."
assets/textures/pokemons/228Houndour.png,assets/textures/pokemons,.png,20744,e41efbb4893096bb1a1d9e362c5b4f3515d5af8b317a65e66a2633b61ed86537,not-cleared,,false,"Replace, exclude, or obtain explicit redistribution permission."
assets/textures/pokemons/229Houndoom.png,assets/textures/pokemons,.png,22204,bee7e0308e484a5305419d1b082e413e6cd1567e3ccfb741ae62f8f347ffcee0,not-cleared,,false,"Replace, exclude, or obtain explicit redistribution permission."
assets/textures/pokemons/22Fearow.png,assets/textures/pokemons,.png,23825,4c03565cd1b2a92409efc63543ad8cf69e1cca7660aa4ac0f0ca717e30e53d59,not-cleared,,false,"Replace, exclude, or obtain explicit redistribution permission."
assets/textures/pokemons/230Kingdra.png,assets/textures/pokemons,.png,22568,b84287d6109703f51374fcf0bb590f51bff6117bee76064fd42fac134819ac06,not-cleared,,false,"Replace, exclude, or obtain explicit redistribution permission."
assets/textures/pokemons/231Phanpy.png,assets/textures/pokemons,.png,22393,6587d4036d7091d94bd35fb2b912057ae4971b6fb07a558892e4759d4d4f72e5,not-cleared,,false,"Replace, exclude, or obtain explicit redistribution permission."
assets/textures/pokemons/232Donphan.png,assets/textures/pokemons,.png,20347,1bef9cbb49801ea1071b3629e4d6402777106d2b9bb0f9624d6d3d6db21b5fdb,not-cleared,,false,"Replace, exclude, or obtain explicit redistribution permission."
assets/textures/pokemons/233Porygon2.png,assets/textures/pokemons,.png,24590,84b4c1ed003619bd4c11273024072b3137ef24b2cb1f2f13d03c962b4da028e1,not-cleared,,false,"Replace, exclude, or obtain explicit redistribution permission."
assets/textures/pokemons/234Stantler.png,assets/textures/pokemons,.png,21391,51f635d1e41dcaff72bd438abe29c9210e944006b75601e67c998ef625750ad8,not-cleared,,false,"Replace, exclude, or obtain explicit redistribution permission."
assets/textures/pokemons/235Smeargle.png,assets/textures/pokemons,.png,25081,972722c28c7fc466b820a1ce54cd37b22a8040f7ef2e5a74837d2cd9e96089cb,not-cleared,,false,"Replace, exclude, or obtain explicit redistribution permission."
assets/textures/pokemons/236Tyrogue.png,assets/textures/pokemons,.png,26412,6e0cd1cc45d05847017b8c6ecc583216241c2b7dd6e6727323b606684c2325e1,not-cleared,,false,"Replace, exclude, or obtain explicit redistribution permission."
assets/textures/pokemons/237Hitmontop.png,assets/textures/pokemons,.png,27168,0c80e8e4a395d693a6b1b609d6dfff214d550937c4eda539850d9c003deb5105,not-cleared,,false,"Replace, exclude, or obtain explicit redistribution permission."
assets/textures/pokemons/238Smoochum.png,assets/textures/pokemons,.png,23074,0cd07033b3d08596ccdcf80432c07243890882e6e85c7c50d489641095862cf5,not-cleared,,false,"Replace, exclude, or obtain explicit redistribution permission."
assets/textures/pokemons/239Elekid.png,assets/textures/pokemons,.png,14924,b5acfe6786e8469e2bc7adf46faa04f0645631de18bb75e2dd69ac0dcbcb35cd,not-cleared,,false,"Replace, exclude, or obtain explicit redistribution permission."
assets/textures/pokemons/23Ekans.png,assets/textures/pokemons,.png,28090,26cdddc9076cec8e588751d45a2d3393b563890a17a5d89112ecddabf5b3b707,not-cleared,,false,"Replace, exclude, or obtain explicit redistribution permission."
assets/textures/pokemons/240Magby.png,assets/textures/pokemons,.png,21792,05293c833ace28ee2e09af54fd1f4dca06836694f9758337060cfcc802772ecc,not-cleared,,false,"Replace, exclude, or obtain explicit redistribution permission."
assets/textures/pokemons/241Miltank.png,assets/textures/pokemons,.png,25667,9c5c4ab5a19ce69ad81e713cbda693462f39d34dadd01cd995600ba2887af42b,not-cleared,,false,"Replace, exclude, or obtain explicit redistribution permission."
assets/textures/pokemons/242Blissey.png,assets/textures/pokemons,.png,28311,a1a427d71da27f813b73985964fd48cb4304b4d83dd1c315c35f6b2f489953e3,not-cleared,,false,"Replace, exclude, or obtain explicit redistribution permission."
assets/textures/pokemons/243Raikou.png,assets/textures/pokemons,.png,27922,86af32128e4a99a4e2a26f0d7290b3cd3e66728f723329282af8e25e7341670f,not-cleared,,false,"Replace, exclude, or obtain explicit redistribution permission."
assets/textures/pokemons/244Entei.png,assets/textures/pokemons,.png,28765,bd2a928b211284e81b41902ea2ba32c863fd6a72ec737ad7d239e88908801334,not-cleared,,false,"Replace, exclude, or obtain explicit redistribution permission."
assets/textures/pokemons/245Suicune.png,assets/textures/pokemons,.png,32686,92ce54e8e2487ade8015b1ba4b062ebd7af33d394fab24bdd24ac0833463222c,not-cleared,,false,"Replace, exclude, or obtain explicit redistribution permission."
assets/textures/pokemons/246Larvitar.png,assets/textures/pokemons,.png,17176,b5d88c95e1ba7328f5a288f7ccfe5b057896866d2439060f36c96a2b092e3c01,not-cleared,,false,"Replace, exclude, or obtain explicit redistribution permission."
assets/textures/pokemons/247Pupitar.png,assets/textures/pokemons,.png,25573,3a10e9b95d9bdb383d29685b1f7add324abbecf777fec06b8a9e85c73e27ef5e,not-cleared,,false,"Replace, exclude, or obtain explicit redistribution permission."
assets/textures/pokemons/248Tyranitar.png,assets/textures/pokemons,.png,25173,351f7e0ec639ad5763c5eb56529c8b9794dc840172a1423348c19dec19ee7d71,not-cleared,,false,"Replace, exclude, or obtain explicit redistribution permission."
assets/textures/pokemons/249Lugia.png,assets/textures/pokemons,.png,21871,f2ac948ac8cbc495afd1726306fb1c15879ac9649b4270a10991815a3088620b,not-cleared,,false,"Replace, exclude, or obtain explicit redistribution permission."
assets/textures/pokemons/24Arbok.png,assets/textures/pokemons,.png,26297,03010983ccc920dd146be850a0c52bb542e054eb566e956fabddd1a8b4bc563a,not-cleared,,false,"Replace, exclude, or obtain explicit redistribution permission."
assets/textures/pokemons/250Ho-oh.png,assets/textures/pokemons,.png,22516,13fae7dc06daf7d6d7a6768016a3908c91e91b81628d309320c3f2b3bd73216a,not-cleared,,false,"Replace, exclude, or obtain explicit redistribution permission."
assets/textures/pokemons/251Celebi.png,assets/textures/pokemons,.png,22755,f368f5ac7dfd0e0d1dcc582a154bd9af3d613c6c7ceb26d79b15a921f6c6e8ea,not-cleared,,false,"Replace, exclude, or obtain explicit redistribution permission."
assets/textures/pokemons/252Treecko.png,assets/textures/pokemons,.png,21035,71b363502b30932681c27a9a0773e5130cbffff7feb91da3642dd7587da961dc,not-cleared,,false,"Replace, exclude, or obtain explicit redistribution permission."
assets/textures/pokemons/253Grovyle.png,assets/textures/pokemons,.png,23449,31ad54509c27430948645037d833d0e342fcec0d35d031b27b44eded728e0e2c,not-cleared,,false,"Replace, exclude, or obtain explicit redistribution permission."
assets/textures/pokemons/254Sceptile.png,assets/textures/pokemons,.png,24204,fe4ba0378d34f8e29fa4522e6a8f8ded4f5435423a297e08308668fb70630a4a,not-cleared,,false,"Replace, exclude, or obtain explicit redistribution permission."
assets/textures/pokemons/255Torchic.png,assets/textures/pokemons,.png,14991,2f3c00430ebe4adb162392db7715253a3ac5c33c4f136e2234712ad54e633203,not-cleared,,false,"Replace, exclude, or obtain explicit redistribution permission."
assets/textures/pokemons/256Combusken.png,assets/textures/pokemons,.png,22419,88cc45094d6231e3cf7f732ee6ab97ff212c2d65c118b8b7c98cc8f774e1fb52,not-cleared,,false,"Replace, exclude, or obtain explicit redistribution permission."
assets/textures/pokemons/257Blaziken.png,assets/textures/pokemons,.png,20299,fb8a6cdfe9999ccc360c9cb4fd3d2d21e535cea1f51eb26caaa09d89e0ba49c2,not-cleared,,false,"Replace, exclude, or obtain explicit redistribution permission."
assets/textures/pokemons/258Mudkip.png,assets/textures/pokemons,.png,19290,e8996cd36bcb66b6bbc214dbb6a8904835a52d4038e62d94ff6f02ecd3742ffc,not-cleared,,false,"Replace, exclude, or obtain explicit redistribution permission."
assets/textures/pokemons/259Marshtomp.png,assets/textures/pokemons,.png,21971,59227b8f9ff30986c45e89c6ef3774c069525bcfff3406f7726eda204caae7e0,not-cleared,,false,"Replace, exclude, or obtain explicit redistribution permission."
assets/textures/pokemons/25Pikachu.png,assets/textures/pokemons,.png,20365,66dfb39a60cace962e4def19ab64c1bbd8230c607079c2d0d8b8a392d8cfe28f,not-cleared,,false,"Replace, exclude, or obtain explicit redistribution permission."
assets/textures/pokemons/260Swampert.png,assets/textures/pokemons,.png,21755,482464655fd735f683b7e044e13ac4fdd71e7ae854546783a1a9617baf6a24df,not-cleared,,false,"Replace, exclude, or obtain explicit redistribution permission."
assets/textures/pokemons/261Poochyena.png,assets/textures/pokemons,.png,23543,f57bbbdee77ee00ba1cd5e13750a53e56771a2a55693700a25aefa6320bd9fe5,not-cleared,,false,"Replace, exclude, or obtain explicit redistribution permission."
assets/textures/pokemons/262Mightyena.png,assets/textures/pokemons,.png,23438,282cc71b24c09183da74a5ca4563cbcc231e29dee252d42972ebcfb054dfa5b4,not-cleared×®øçÏÊ×¬¢h­µçXMÙNMÌNÎMLÌ™ØÌXÍXNYX™‹›İXÛX\™Y˜[ÙK™\šYHXXÚš\İX[Ù]Üˆ^ÛYH]œ›ÛHHX›XÈZ[‚˜\ÜÙ]Ëİ^\™\Ëİ^\™\×İÙX˜\ÜÚÙ[[Û‹Ü]XYÜÚ\™KÜÜš]Kœ™Ë\ÜÙ]Ëİ^\™\Ëİ^\™\×İÙX˜\ÜÚÙ[[Û‹œ™ËKLÌLLXÙNMØÙLNÌŒXLŒŒØÎ™™LÍÍLYÍLXLÌ™YØÌ™Í™™LÎË›İXÛX\™Y˜[ÙK™\šYHXXÚš\İX[Ù]Üˆ^ÛYH]œ›ÛHHX›XÈZ[‚˜\ÜÙ]Ëİ^\™\Ëİ^\™\×İÙX˜\ÜÚÙ[[Û‹Ü]X\]X]˜[ÛXZ[‹\Ú[KÙXœ\ÜÙ]Ëİ^\™\Ëİ^\™\×İÙX˜\ÜÚÙ[[Û‹ÙXœNNLXLÌŒÌÍMŒYŒÍØÎYØŒ™YXÌÌŒÙXØNYLÍYMÙMLÙYLMLÙË›İXÛX\™Y˜[ÙK™\šYHXXÚš\İX[Ù]Üˆ^ÛYH]œ›ÛHHX›XÈZ[‚˜\ÜÙ]Ëİ^\™\Ëİ^\™\×İÙX˜\ÜÚÙ[[Û‹Ü]X\]X]˜[ÛXZ[‹ÙXœ\ÜÙ]Ëİ^\™\Ëİ^\™\×İÙX˜\ÜÚÙ[[Û‹ÙXœÌÌNLÍ™MMØ˜XÍŒMÙMYÍÌMYÍMXÍÎŒÌÌYNL˜ØXXÌMØØMMMØÌ™™‹›İXÛX\™Y˜[ÙK™\šYHXXÚš\İX[Ù]Üˆ^ÛYH]œ›ÛHHX›XÈZ[‚˜\ÜÙ]Ëİ^\™\Ëİ^\™\×İÙX˜\ÜÚÙ[[Û‹Ü]X\]X]˜[ÜÜš]K\Ú[Kœ™Ë\ÜÙ]Ëİ^\™\Ëİ^\™\×İÙX˜\ÜÚÙ[[Û‹œ™ËÌKMLŒÌ˜ÙXLÎYÎŒÍX™Œ™Œ˜LXÍXMNXŒ™YMÌXNÙLLÍLLK›İXÛX\™Y˜[ÙK™\šYHXXÚš\İX[Ù]Üˆ^ÛYH]œ›ÛHHX›XÈZ[‚˜\ÜÙ]Ëİ^\™\Ëİ^\™\×İÙX˜\ÜÚÙ[[Û‹Ü]X\]X]˜[ÜÜš]Kœ™Ë\ÜÙ]Ëİ^\™\Ëİ^\™\×İÙX˜\ÜÚÙ[[Û‹œ™ËNÍLÌÌ™X˜MŒÌYMNMNXÎNXØŒÙML™LYXM˜ÎÎLØÍÌ˜˜LY™˜MØŒ›İXÛX\™Y˜[ÙK™\šYHXXÚš\İX[Ù]Üˆ^ÛYH]œ›ÛHHX›XÈZ[‚˜\ÜÙ]Ëİ^\™\Ëİ^\™\×İÙX˜\ÜÚÙ[[Û‹Ü]X^KÛXZ[‹\Ú[KÙXœ\ÜÙ]Ëİ^\™\Ëİ^\™\×İÙX˜\ÜÚÙ[[Û‹ÙXœMÌÎ‹YÙNL˜Y˜™NNXŒŒŒ™NM˜MYLLŒŒÌNLÍÍXÙŒLMŒ˜ØM‹›İXÛX\™Y˜[ÙK™\šYHXXÚš\İX[Ù]Üˆ^ÛYH]œ›ÛHHX›XÈZ[‚˜\ÜÙ]Ëİ^\™\Ëİ^\™\×İÙX˜\ÜÚÙ[[Û‹Ü]X^KÛXZ[‹ÙXœ\ÜÙ]Ëİ^\™\Ëİ^\™\×İÙX˜\ÜÚÙ[[Û‹ÙXœMÌ‹ÍXÎLÍMMMLÙYLNNLŒÙMÍ˜ÌÎÌÙÙM™MÌŒÌÌŒMÍØÌ™LÌXŒYXXØXK›İXÛX\™Y˜[ÙK™\šYHXXÚš\İX[Ù]Üˆ^ÛYH]œ›ÛHHX›XÈZ[‚˜\ÜÙ]Ëİ^\™\Ëİ^\™\×İÙX˜\ÜÚÙ[[Û‹Ü]X^KÜÜš]K\Ú[Kœ™Ë\ÜÙ]Ëİ^\™\Ëİ^\™\×İÙX˜\ÜÚÙ[[Û‹œ™ËŒËÙ™™NMNXLÍŒÍŒML™MLXXÙLŒ˜˜ØÙYNNYÍ˜˜LLØŒØXMYŒÎNK›İXÛX\™Y˜[ÙK™\šYHXXÚš\İX[Ù]Üˆ^ÛYH]œ›ÛHHX›XÈZ[‚˜\ÜÙ]Ëİ^\™\Ëİ^\™\×İÙX˜\ÜÚÙ[[Û‹Ü]X^KÜÜš]KÙXœ\ÜÙ]Ëİ^\™\Ëİ^\™\×İÙX˜\ÜÚÙ[[Û‹ÙXœLÙYMÌØÌÎNLÙ˜™ŒMÙXLÌXMÙYY˜™ŒÌÙXLXÍÎŒÙXŒYL™LŒMŒØM˜™YYMÎ›İXÛX\™Y˜[ÙK™\šYHXXÚš\İX[Ù]Üˆ^ÛYH]œ›ÛHHX›XÈZ[‚˜\ÜÙ]Ëİ^\™\Ëİ^\™\×İÙX˜\ÜÚÙ[[Û‹Ü]X^Ù[ÛXZ[‹\Ú[KÙXœ\ÜÙ]Ëİ^\™\Ëİ^\™\×İÙX˜\ÜÚÙ[[Û‹ÙXœÍÎNÎÌŒLŒÍØMŒÌÍ˜M™NXØØXM™XLÌMØLNYŒLÌŒLYÍNL™MLÍ›İXÛX\™Y˜[ÙK™\šYHXXÚš\İX[Ù]Üˆ^ÛYH]œ›ÛHHX›XÈZ[‚˜\ÜÙ]Ëİ^\™\Ëİ^\™\×İÙX˜\ÜÚÙ[[Û‹Ü]X^Ù[ÛXZ[‹ÙXœ\ÜÙ]Ëİ^\™\Ëİ^\™\×İÙX˜\ÜÚÙ[[Û‹ÙXœÍÌY˜ÌÎÌY˜XÍ˜ÎŒLÙXÎÎÍNLÌMYÌŒÌÍŒÙ™YX™Ë›İXÛX\™Y˜[ÙK™\šYHXXÚš\İX[Ù]Üˆ^ÛYH]œ›ÛHHX›XÈZ[‚˜\ÜÙ]Ëİ^\™\Ëİ^\™\×İÙX˜\ÜÚÙ[[Û‹Ü]X^Ù[ÜÜš]K\Ú[Kœ™Ë\ÜÙ]Ëİ^\™\Ëİ^\™\×İÙX˜\ÜÚÙ[[Û‹œ™ËŒŒËØØÍXŒŒÍÌÌÙXØYM™YLÙ™MLLÌ™ÍY™˜˜˜MMÍL™LØË›İXÛX\™Y˜[ÙK™\šYHXXÚš\İX[Ù]Üˆ^ÛYH]œ›ÛHHX›XÈZ[‚˜\ÜÙ]Ëİ^\™\Ëİ^\™\×İÙX˜\ÜÚÙ[[Û‹Ü]X^Ù[ÜÜš]Kœ™Ë\ÜÙ]Ëİ^\™\Ëİ^\™\×İÙX˜\ÜÚÙ[[Û‹œ™ËŒÍKØ˜ÍÎ™NYŒÙYXYÙMÙLLYŒÌŒØMÙ˜MXNLLØY˜LÌÎNLŒMÌ˜K›İXÛX\™Y˜[ÙK™\šYHXXÚš\İX[Ù]Üˆ^ÛYH]œ›ÛHHX›XÈZ[‚˜\ÜÙ]Ëİ^\™\Ëİ^\™\×İÙX˜\ÜÚÙ[[Û‹Ü]Z[]˜KÛXZ[‹\Ú[KÙXœ\ÜÙ]Ëİ^\™\Ëİ^\™\×İÙX˜\ÜÚÙ[[Û‹ÙXœN‹˜ÙLXMØÍY™NÙÍM™YŒÌYMÎYŒMÌL™XŒ™YŒNXLXØØ™X˜YŒË›İXÛX\™Y˜[ÙK™\šYHXXÚš\İX[Ù]Üˆ^ÛYH]œ›ÛHHX›XÈZ[‚˜\ÜÙ]Ëİ^\™\Ëİ^\™\×İÙX˜\ÜÚÙ[[Û‹Ü]Z[]˜KÛXZ[‹ÙXœ\ÜÙ]Ëİ^\™\Ëİ^\™\×İÙX˜\ÜÚÙ[[Û‹ÙXœNL‹YÍØMLŒÌYÍØÌY˜XŒNLLNYŒNÍŒÍŒMÙÍ™YNÙMŒØÍÙM˜LNXLÍYXË›İXÛX\™Y˜[ÙK™\šYHXXÚš\İX[Ù]Üˆ^ÛYH]œ›ÛHHX›XÈZ[‚˜\ÜÙ]Ëİ^\™\Ëİ^\™\×İÙX˜\ÜÚÙ[[Û‹Ü]Z[]˜KÜÜš]K\Ú[Kœ™Ë\ÜÙ]Ëİ^\™\Ëİ^\™\×İÙX˜\ÜÚÙ[[Û‹œ™ËK˜LØ˜Y™™˜LÙŒXXYMŒÙ˜XÌMÌØXM˜ÌNLMLXN™NYYM˜‹›İXÛX\™Y˜[ÙK™\šYHXXÚš\İX[Ù]Üˆ^ÛYH]œ›ÛHHX›XÈZ[‚˜\ÜÙ]Ëİ^\™\Ëİ^\™\×İÙX˜\ÜÚÙ[[Û‹Ü]Z[]˜KÜÜš]Kœ™Ë\ÜÙ]Ëİ^\™\Ëİ^\™\×İÙX˜\ÜÚÙ[[Û‹œ™Ë™LØØ˜XÍ™M˜ŒØÙXÍ˜Í˜Y˜ØŒMÙ™LŒÙLÙMÍYMMK›İXÛX\™Y˜[ÙK™\šYHXXÚš\İX[Ù]Üˆ^ÛYH]œ›ÛHHX›XÈZ[‚˜\ÜÙ]Ëİ^\™\Ëİ^\™\×İÙX˜\ÜÚÙ[[Û‹Ü]Z[Y[‹ÛXZ[‹\Ú[KÙXœ\ÜÙ]Ëİ^\™\Ëİ^\™\×İÙX˜\ÜÚÙ[[Û‹ÙXœLMØÍ˜ÌMNMÙM™MYYLYYXØŒÍÎMYNYMÙ™NX™ŒM˜MØ˜ÌÌŒÌ™XŒ›İXÛX\™Y˜[ÙK™\šYHXXÚš\İX[Ù]Üˆ^ÛYH]œ›ÛHHX›XÈZ[‚˜\ÜÙ]Ëİ^\™\Ëİ^\™\×İÙX˜\ÜÚÙ[[Û‹Ü]Z[Y[‹ÛXZ[‹ÙXœ\ÜÙ]Ëİ^\™\Ëİ^\™\×İÙX˜\ÜÚÙ[[Û‹ÙXœŒÍ‹MÌYŒŒMØY˜ÌLNMYLÎMŒ˜™LŒYYLÎL™™ÎXÌÌXYM˜ŒŒØÌL™˜‹›İXÛX\™Y˜[ÙK™\šYHXXÚš\İX[Ù]Üˆ^ÛYH]œ›ÛHHX›XÈZ[‚˜\ÜÙ]Ëİ^\™\Ëİ^\™\×İÙX˜\ÜÚÙ[[Û‹Ü]Z[Y[‹ÜÜš]K\Ú[Kœ™Ë\ÜÙ]Ëİ^\™\Ëİ^\™\×İÙX˜\ÜÚÙ[[Û‹œ™ËL‹Ì˜™MÌMÌYXY™MLÌLŒNLXÍÙL™ÍØŒYLŒ˜XX˜ÌŒ˜X™NYÍÌØMŒ‹›İXÛX\™Y˜[ÙK™\šYHXXÚš\İX[Ù]Üˆ^ÛYH]œ›ÛHHX›XÈZ[‚˜\ÜÙ]Ëİ^\™\Ëİ^\™\×İÙX˜\ÜÚÙ[[Û‹Ü]Z[Y[‹ÜÜš]Kœ™Ë\ÜÙ]Ëİ^\™\Ëİ^\™\×İÙX˜\ÜÚÙ[[Û‹œ™ËÎLKMŒLŒLNNLNMÌM™˜LXÙL˜ŒXÌÙ™XMÍÎLLL˜LÙLMÙ™ŒØLMM›İXÛX\™Y˜[ÙK™\šYHXXÚš\İX[Ù]Üˆ^ÛYH]œ›ÛHHX›XÈZ[‚˜\ÜÙ]Ëİ^\™\Ëİ^\™\×İÙX˜\ÜÚÙ[[Û‹Ü]Ú[š\ÚZ\İZKÛXZ[‹\Ú[KÙXœ\ÜÙ]Ëİ^\™\Ëİ^\™\×İÙX˜\ÜÚÙ[[Û‹ÙXœÎŒYŒÙ˜ÍMLMNÌÎMÍÙŒØ˜Ø˜MLXŒÎ™˜MLÍÙLNYLLÍ˜XÙ›İXÛX\™Y˜[ÙK™\šYHXXÚš\İX[Ù]Üˆ^ÛYH]œ›ÛHHX›XÈZ[‚˜\ÜÙ]Ëİ^\™\Ëİ^\™\×İÙX˜\ÜÚÙ[[Û‹Ü]Ú[š\ÚZ\İZKÛXZ[‹ÙXœ\ÜÙ]Ëİ^\™\Ëİ^\™\×İÙX˜\ÜÚÙ[[Û‹ÙXœLÎLLÎLL™NLXMŒØÍÌ™™LÙ˜™™˜˜YÌÎLÎÙÍŒŒYXMÌØÎYXYØÍ›İXÛX\™Y˜[ÙK™\šYHXXÚš\İX[Ù]Üˆ^ÛYH]œ›ÛHHX›XÈZ[‚˜\ÜÙ]Ëİ^\™\Ëİ^\™\×İÙX˜\ÜÚÙ[[Û‹Ü]Ú[š\ÚZ\İZKÜÜš]K\Ú[Kœ™Ë\ÜÙ]Ëİ^\™\Ëİ^\™\×İÙX˜\ÜÚÙ[[Û‹œ™ËŒÌË™MYYY™XMÍLŒ˜ÍÙYY™XÍXLŒ˜ÙÍÍ˜MXÙMÍÎNÍM˜ÍX˜ÍŒË›İXÛX\™Y˜[ÙK™\šYHXXÚš\İX[Ù]Üˆ^ÛYH]œ›ÛHHX›XÈZ[‚˜\ÜÙ]Ëİ^\™\Ëİ^\™\×İÙX˜\ÜÚÙ[[Û‹Ü]Ú[š\ÚZ\İZKÜÜš]Kœ™Ë\ÜÙ]Ëİ^\™\Ëİ^\™\×İÙX˜\ÜÚÙ[[Û‹œ™ËŒÌËŒXLLØ™ÎMMMÙXMÎÎLØXÙLÎ˜ØÍÎYØ˜LÍŒÍÍÎ˜™XØÙ™ÎÌ™Œ›İXÛX\™Y˜[ÙK™\šYHXXÚš\İX[Ù]Üˆ^ÛYH]œ›ÛHHX›XÈZ[‚˜\ÜÙ]Ëİ^\™\Ëİ^\™\×İÙX˜\ÜÚÙ[[Û‹Ü]Ú[š\ÚÛXZ[‹\Ú[KÙXœ\ÜÙ]Ëİ^\™\Ëİ^\™\×İÙX˜\ÜÚÙ[[Û‹ÙXœNLÎNMMXLMÎLÙLM˜ŒÙŒÌŒÌ˜ÍLÌÙ˜MMŒØŒLMŒŒYMÍ›İXÛX\™Y˜[ÙK™\šYHXXÚš\İX[Ù]Üˆ^ÛYH]œ›ÛHHX›XÈZ[‚˜\ÜÙ]Ëİ^\™\Ëİ^\™\×İÙX˜\ÜÚÙ[[Û‹Ü]Ú[š\ÚÛXZ[‹ÙXœ\ÜÙ]Ëİ^\™\Ëİ^\™\×İÙX˜\ÜÚÙ[[Û‹ÙXœÍLÌ˜ÌYX˜ØŒYMŒ™LÍMXØÎÙMÌÎYÌØÍŒMÙLYÙ˜LXLM˜Œ›İXÛX\™Y˜[ÙK™\šYHXXÚš\İX[Ù]Üˆ^ÛYH]œ›ÛHHX›XÈZ[‚˜\ÜÙ]Ëİ^\™\Ëİ^\™\×İÙX˜\ÜÚÙ[[Û‹Ü]Ú[š\ÚÜÜš]K\Ú[Kœ™Ë\ÜÙ]Ëİ^\™\Ëİ^\™\×İÙX˜\ÜÚÙ[[Û‹œ™ËMNKMXLLŒØÙMØ™ŒÎLÌMNNNLYXØÙLMMÍÙX™MÎXX˜XMÎ›İXÛX\™Y˜[ÙK™\šYHXXÚš\İX[Ù]Üˆ^ÛYH]œ›ÛHHX›XÈZ[‚˜\ÜÙ]Ëİ^\™\Ëİ^\™\×İÙX˜\ÜÚÙ[[Û‹Ü]Ú[š\ÚÜÜš]Kœ™Ë\ÜÙ]Ëİ^\™\Ëİ^\™\×İÙX˜\ÜÚÙ[[Û‹œ™ËMNKLLŒŒMYNNNNYLÍ˜LNŒMØÙLÙÍÎMYØMÎYMÙMŒNXÌŒŒÙ˜ŒMÙNMLLÙ‹›İXÛX\™Y˜[ÙK™\šYHXXÚš\İX[Ù]Üˆ^ÛYH]œ›ÛHHX›XÈZ[‚˜\ÜÙ]Ëİ^\™\Ëİ^\™\×İÙX˜\ÜÚÙ[[Û‹Ü˜X›ÛİÛXZ[‹\Ú[KÙXœ\ÜÙ]Ëİ^\™\Ëİ^\™\×İÙX˜\ÜÚÙ[[Û‹ÙXœŒÎL‹X˜ÍŒYLÍMÌÌLÌŒÌMØØÍÌØÎXLŒYXÍ™YYMØXNLXY˜MØÎØÍ‹›İXÛX\™Y˜[ÙK™\šYHXXÚš\İX[Ù]Üˆ^ÛYH]œ›ÛHHX›XÈZ[‚˜\ÜÙ]Ëİ^\™\Ëİ^\™\×İÙX˜\ÜÚÙ[[Û‹Ü˜X›ÛİÛXZ[‹ÙXœ\ÜÙ]Ëİ^\™\Ëİ^\™\×İÙX˜\ÜÚÙ[[Û‹ÙXœÌÍÍ‹ŒØXMŒŒ˜ØX™XŒÌ˜ŒYŒLLLÍŒÙNXÌÌØYXÍŒ˜Ø™™L˜ÌÎLLÎLXK›İXÛX\™Y˜[ÙK™\šYHXXÚš\İX[Ù]Üˆ^ÛYH]œ›ÛHHX›XÈZ[‚˜\ÜÙ]Ëİ^\™\Ëİ^\™\×İÙX˜\ÜÚÙ[[Û‹Ü˜X›ÛİÜÜš]K\Ú[Kœ™Ë\ÜÙ]Ëİ^\™\Ëİ^\™\×İÙX˜\ÜÚÙ[[Û‹œ™Ë™ŒŒNXÌYLXMØMXŒØ˜YX˜˜YÌMXÍLÌÎLÎ˜MNYLØLXÌÌÌŒÌ˜ÌYMK›İXÛX\™Y˜[ÙK™\šYHXXÚš\İX[Ù]Üˆ^ÛYH]œ›ÛHHX›XÈZ[‚˜\ÜÙ]Ëİ^\™\Ëİ^\™\×İÙX˜\ÜÚÙ[[Û‹Ü˜X›ÛİÜÜš]Kœ™Ë\ÜÙ]Ëİ^\™\Ëİ^\™\×İÙX˜\ÜÚÙ[[Û‹œ™ËŒ™LNYM˜LMÌÌÎLMNXYL™ÍXØØŒÙ˜L˜MMXMMLÍXL™˜ÎLLLÍÍNË›İXÛX\™Y˜[ÙK™\šYHXXÚš\İX[Ù]Üˆ^ÛYH]œ›ÛHHX›XÈZ[‚˜\ÜÙ]Ëİ^\™\Ëİ^\™\×İÙX˜\ÜÚÙ[[Û‹Ü˜XœØØKÛXZ[‹\Ú[KÙXœ\ÜÙ]Ëİ^\™\Ëİ^\™\×İÙX˜\ÜÚÙ[[Û‹ÙXœLLM‹LMNMÙMLNNLÍ˜Ì˜YNYŒÍMÍLŒŒŒÍLÎYLŒYML˜ŒŒÍÍÙY‹›İXÛX\™Y˜[ÙK™\šYHXXÚš\İX[Ù]Üˆ^ÛYH]œ›ÛHHX›XÈZ[‚˜\ÜÙ]Ëİ^\™\Ëİ^\™\×İÙX˜\ÜÚÙ[[Û‹Ü˜XœØØKÛXZ[‹ÙXœ\ÜÙ]Ëİ^\™\Ëİ^\™\×İÙX˜\ÜÚÙ[[Û‹ÙXœL‹YYŒYMÙÌ˜ØMÍ™MŒÌMYM˜ML™ŒYLX˜™LLŒLÍ™Í˜ÌÙX‹›İXÛX\™Y˜[ÙK™\šYHXXÚš\İX[Ù]Üˆ^ÛYH]œ›ÛHHX›XÈZ[‚˜\ÜÙ]Ëİ^\™\Ëİ^\™\×İÙX˜\ÜÚÙ[[Û‹Ü˜XœØØKÜÜš]K\Ú[Kœ™Ë\ÜÙ]Ëİ^\™\Ëİ^\™\×İÙX˜\ÜÚÙ[[Û‹œ™ËNMË˜™ŒLØÍ™MŒŒLY™LÍÙMLØØYMÍNXY˜ÍXÌØXŒÌXÙ™L˜LMY›İXÛX\™Y˜[ÙK™\šYHXXÚš\İX[Ù]Üˆ^ÛYH]œ›ÛHHX›XÈZ[‚˜\ÜÙ]Ëİ^\™\Ëİ^\™\×İÙX˜\ÜÚÙ[[Û‹Ü˜XœØØKÜÜš]Kœ™Ë\ÜÙ]Ëİ^\™\Ëİ^\™\×İÙX˜\ÜÚÙ[[Û‹œ™ËN‹LØLLŒ˜XN™MNÌLÍŒ™Œ™ÌLÎYLÍ˜™LÍYXXL™™ÙY‹›İXÛX\™Y˜[ÙK™\šYHXXÚš\İX[Ù]Üˆ^ÛYH]œ›ÛHHX›XÈZ[‚˜\ÜÙ]Ëİ^\™\Ëİ^\™\×İÙX˜\ÜÚÙ[[Û‹Ü˜YÚ[™ËX›ÛÛXZ[‹\Ú[KÙXœ\ÜÙ]Ëİ^\™\Ëİ^\™\×İÙX˜\ÜÚÙ[[Û‹ÙXœLMNMŒ™LÙŒÎNYÎLÌ™˜ÌMÙLLŒŒ˜M˜™YÌŒMÎÍÌMÍÌÌLLYŒÌÍØN˜Ë›İXÛX\™Y˜[ÙK™\šYHXXÚš\İX[Ù]Üˆ^ÛYH]œ›ÛHHX›XÈZ[‚˜\ÜÙ]Ëİ^\™\Ëİ^\™\×İÙX˜\ÜÚÙ[[Û‹Ü˜YÚ[™ËX›ÛÛXZ[‹ÙXœ\ÜÙ]Ëİ^\™\Ëİ^\™\×İÙX˜\ÜÚÙ[[Û‹ÙXœÎN‹˜ÎM˜ÎÌXŒŒ˜XÙY™LX˜LLXLLÌÌŒ˜MLŒÙXÙÙXÙ™Œ™˜LMK›İXÛX\™Y˜[ÙK™\šYHXXÚš\İX[Ù]Üˆ^ÛYH]œ›ÛHHX›XÈZ[‚˜\ÜÙ]Ëİ^\™\Ëİ^\™\×İÙX˜\ÜÚÙ[[Û‹Ü˜YÚ[™ËX›ÛÜÜš]K\Ú[Kœ™Ë\ÜÙ]Ëİ^\™\Ëİ^\™\×İÙX˜\ÜÚÙ[[Û‹œ™ËÌÌLKŒLNNXŒŒŒŒYYMX˜ÌX˜ÎXNXXŒNL™NL˜Ù™™ÍNMXÌLÍ˜NXX™™K›İXÛX\™Y˜[ÙK™\šYHXXÚš\İX[Ù]Üˆ^ÛYH]œ›ÛHHX›XÈZ[‚˜\ÜÙ]Ëİ^\™\Ëİ^\™\×İÙX˜\ÜÚÙ[[Û‹Ü˜YÚ[™ËX›ÛÜÜš]Kœ™Ë\ÜÙ]Ëİ^\™\Ëİ^\™\×İÙX˜\ÜÚÙ[[Û‹œ™ËÌÌNMÍYXLLŒYX™YMLÌØ™Œ™ØNLYMLXÙ™LØÌÙ˜YŒ™ÙLÍË›İXÛX\™Y˜[ÙK™\šYHXXÚš\İX[Ù]Üˆ^ÛYH]œ›ÛHHX›XÈZ[‚˜\ÜÙ]Ëİ^\™\Ëİ^\™\×İÙX˜\ÜÚÙ[[Û‹Ü˜ZXÚKÛXZ[‹Y‹\Ú[KÙXœ\ÜÙ]Ëİ^\™\Ëİ^\™\×İÙX˜\ÜÚÙ[[Û‹ÙXœŒŒÍŒŒ‹LYMÌXŒØÍYLÎÌŒMNXÌŒ™MNLÍMNÌÌŒYYMÌØMLMŒÍØMÍYŒÌØË›İXÛX\™Y˜[ÙK™\šYHXXÚš\İX[Ù]Üˆ^ÛYH]œ›ÛHHX›XÈZ[‚˜\ÜÙ]Ëİ^\™\Ëİ^\™\×İÙX˜\ÜÚÙ[[Û‹Ü˜ZXÚKÛXZ[‹Y‹ÙXœ\ÜÙ]Ëİ^\™\Ëİ^\™\×İÙX˜\ÜÚÙ[[Û‹ÙXœŒMÌMML™NÍXLŒÙXŒÌÙYXM˜ÍÎYL™ÍXÙŒMLLXÎMLŒ™LNYMŒŒ›İXÛX\™Y˜[ÙK™\šYHXXÚš\İX[Ù]Üˆ^ÛYH]œ›ÛHHX›XÈZ[‚˜\ÜÙ]Ëİ^\™\Ëİ^\™\×İÙX˜\ÜÚÙ[[Û‹Ü˜ZXÚKÛXZ[‹[K\Ú[KÙXœ\ÜÙ]Ëİ^\™\Ëİ^\™\×İÙX˜\ÜÚÙ[[Û‹ÙXœNMLNM˜LX™M˜ÎLÌØ˜ŒLÙYMØY˜LXÙ˜˜ŒLÍXLÎLNMLMŒYXÌLŒ‹›İXÛX\™Y˜[ÙK™\šYHXXÚš\İX[Ù]Üˆ^ÛYH]œ›ÛHHX›XÈZ[‚˜\ÜÙ]Ëİ^\™\Ëİ^\™\×İÙX˜\ÜÚÙ[[Û‹Ü˜ZXÚKÛXZ[‹[KÙXœ\ÜÙ]Ëİ^\™\Ëİ^\™\×İÙX˜\ÜÚÙ[[Û‹ÙXœMÎMØØX™MYNØÙX˜Ù˜Ø™MÌÎÌŒNNMMÌÎÎÌÙÎY˜˜YŒYŒÍ‹›İXÛX\™Y˜[ÙK™\šYHXXÚš\İX[Ù]Üˆ^ÛYH]œ›ÛHHX›XÈZ[‚˜\ÜÙ]Ëİ^\™\Ëİ^\™\×İÙX˜\ÜÚÙ[[Û‹Ü˜ZXÚKÛXZ[‹\Ú[KÙXœ\ÜÙ]Ëİ^\™\Ëİ^\™\×İÙX˜\ÜÚÙ[[Û‹ÙXœNMLNM˜LX™M˜ÎLÌØ˜ŒLÙYMØY˜LXÙ˜˜ŒLÍXLÎLNMLMŒYXÌLŒ‹›İXÛX\™Y˜[ÙK™\šYHXXÚš\İX[Ù]Üˆ^ÛYH]œ›ÛHHX›XÈZ[‚˜\ÜÙ]Ëİ^\™\Ëİ^\™\×İÙX˜\ÜÚÙ[[Û‹Ü˜ZXÚKÛXZ[‹ÙXœ\ÜÙ]Ëİ^\™\Ëİ^\™\×İÙX˜\ÜÚÙ[[Û‹ÙXœMÎMØØX™MYNØÙX˜Ù˜Ø™MÌÎÌŒNNMMÌÎÎÌÙÎY˜˜YŒYŒÍ‹›İXÛX\™Y˜[ÙK™\šYHXXÚš\İX[Ù]Üˆ^ÛYH]œ›ÛHHX›XÈZ[‚˜\ÜÙ]Ëİ^\™\Ëİ^\™\×İÙX˜\ÜÚÙ[[Û‹Ü˜ZXÚKÜÜš]KY‹\Ú[Kœ™Ë\ÜÙ]Ëİ^\™\Ëİ^\™\×İÙX˜\ÜÚÙ[[Û‹œ™ËLÌ‹MLLLÙXLYM™N˜˜˜ÍLÌXÌXYŒÌM™NXÍYLX™NX™LMLXLÌMM™LÎN›İXÛX\™Y˜[ÙK™\šYHXXÚš\İX[Ù]Üˆ^ÛYH]œ›ÛHHX›XÈZ[‚˜\ÜÙ]Ëİ^\™\Ëİ^\™\×İÙX˜\ÜÚÙ[[Û‹Ü˜ZXÚKÜÜš]KY‹œ™Ë\ÜÙ]Ëİ^\™\Ëİ^\™\×İÙX˜\ÜÚÙ[[Û‹œ™ËLÌ‹NY™NXÙXLXÍYNLNYLÌNMNYMLÎNYNLÎÍXYL™ŒŒÍØŒLM˜ÙK›İXÛX\™Y˜[ÙK™\šYHXXÚš\İX[Ù]Üˆ^ÛYH]œ›ÛHHX›XÈZ[‚˜\ÜÙ]Ëİ^\™\Ëİ^\™\×İÙX˜\ÜÚÙ[[Û‹Ü˜ZXÚKÜÜš]K[K\Ú[Kœ™Ë\ÜÙ]Ëİ^\™\Ëİ^\™\×İÙX˜\ÜÚÙ[[Û‹œ™ËLÍË™YMMLNMÍ˜MLYŒØ˜˜™MÙ˜XÍØÎ˜LNMYÙMÍYXNYNMÎLØË›İXÛX\™Y˜[ÙK™\šYHXXÚš\İX[Ù]Üˆ^ÛYH]œ›ÛHHX›XÈZ[‚˜\ÜÙ]Ëİ^\™\Ëİ^\™\×İÙX˜\ÜÚÙ[[Û‹Ü˜ZXÚKÜÜš]K[Kœ™Ë\ÜÙ]Ëİ^\™\Ëİ^\™\×İÙX˜\ÜÚÙ[[Û‹œ™ËLÎMY˜YÙ™NŒŒ™˜ŒÌŒNÙ˜ØÙÌYÙLMÙXYÍ˜™M™ÍNMMÙXŒŒÍÙM›İXÛX\™Y˜[ÙK™\šYHXXÚš\İX[Ù]Üˆ^ÛYH]œ›ÛHHX›XÈZ[‚˜\ÜÙ]Ëİ^\™\Ëİ^\™\×İÙX˜\ÜÚÙ[[Û‹Ü˜ZXÚKÜÜš]K\Ú[Kœ™Ë\ÜÙ]Ëİ^\™\Ëİ^\™\×İÙX˜\ÜÚÙ[[Û‹œ™ËLÍË™YMMLNMÍ˜MLYŒØ˜˜™MÙ˜XÍØÎ˜LNMYÙMÍYXNYNMÎLØË›İXÛX\™Y˜[ÙK™\šYHXXÚš\İX[Ù]Üˆ^ÛYH]œ›ÛHHX›XÈZ[‚˜\ÜÙ]Ëİ^\™\Ëİ^\™\×İÙX˜\ÜÚÙ[[Û‹Ü˜ZXÚKÜÜš]Kœ™Ë\ÜÙ]Ëİ^\™\Ëİ^\™\×İÙX˜\ÜÚÙ[[Û‹œ™ËLÎMY˜YÙ™NŒŒ™˜ŒÌŒNÙ˜ØÙÌYÙLMÙXYÍ˜™M™ÍNMMÙXŒŒÍÙM›İXÛX\™Y˜[ÙK™\šYHXXÚš\İX[Ù]Üˆ^ÛYH]œ›ÛHHX›XÈZ[‚˜\ÜÙ]Ëİ^\™\Ëİ^\™\×İÙX˜\ÜÚÙ[[Û‹Ü˜ZZÛİKÛXZ[‹\Ú[KÙXœ\ÜÙ]Ëİ^\™\Ëİ^\™\×İÙX˜\ÜÚÙ[[Û‹ÙXœÍ˜LØŒÙ™™ŒNLYLMÍ˜L˜NLŒØNŒXNMÎYLÌX™ŒŒÍŒ›İXÛX\™Y˜[ÙK™\šYHXXÚš\İX[Ù]Üˆ^ÛYH]œ›ÛHHX›XÈZ[‚˜\ÜÙ]Ëİ^\™\Ëİ^\™\×İÙX˜\ÜÚÙ[[Û‹Ü˜ZZÛİKÛXZ[‹ÙXœ\ÜÙ]Ëİ^\™\Ëİ^\™\×İÙX˜\ÜÚÙ[[Û‹ÙXœLMÌ‹MÙŒLÙ˜ÌLMÙLÍŒÌLØYXÙŒL™LØÎM™˜ÌYXMŒŒLÌNMŒØLÙMÍ›İXÛX\™Y˜[ÙK™\šYHXXÚš\İX[Ù]Üˆ^ÛYH]œ›ÛHHX›XÈZ[‚˜\ÜÙ]Ëİ^\™\Ëİ^\™\×İÙX˜\ÜÚÙ[[Û‹Ü˜ZZÛİKÜÜš]K\Ú[Kœ™Ë\ÜÙ]Ëİ^\™\Ëİ^\™\×İÙX˜\ÜÚÙ[[Û‹œ™ËLŒLKLNYNÌ˜˜ÙŒŒXÙ™MYŒMÌÙMÎÙLXÎM™YLØYX˜ÌMXÙYK›İXÛX\™Y˜[ÙK™\šYHXXÚš\İX[Ù]Üˆ^ÛYH]œ›ÛHHX›XÈZ[‚˜\ÜÙ]Ëİ^\™\Ëİ^\™\×İÙX˜\ÜÚÙ[[Û‹Ü˜ZZÛİKÜÜš]Kœ™Ë\ÜÙ]Ëİ^\™\Ëİ^\™\×İÙX˜\ÜÚÙ[[Û‹œ™ËLŒLŒÍÌÍÙLLÍNMÍXLYŒÌ™ŒØYYY˜ØLØÍXYLÙY™YMÌNLXØM‹›İXÛX\™Y˜[ÙK™\šYHXXÚš\İX[Ù]Üˆ^ÛYH]œ›ÛHHX›XÈZ[‚˜\ÜÙ]Ëİ^\™\Ëİ^\™\×İÙX˜\ÜÚÙ[[Û‹Ü˜Z[KXØ\İ›Ü›KÛXZ[‹\Ú[KÙXœ\ÜÙ]Ëİ^\™\Ëİ^\™\×İÙX˜\ÜÚÙ[[Û‹ÙXœÎŒLYXMÍX˜ŒŒ˜ŒL˜ÍLXNÙŒMÌLMÎLÎØMLMÎMM˜ÌMŒÍYNMMŒÙX™˜™MY›İXÛX\™Y˜[ÙK™\šYHXXÚš\İX[Ù]Üˆ^ÛYH]œ›ÛHHX›XÈZ[‚˜\ÜÙ]Ëİ^\™\Ëİ^\™\×İÙX˜\ÜÚÙ[[Û‹Ü˜Z[KXØ\İ›Ü›KÛXZ[‹ÙXœ\ÜÙ]Ëİ^\™\Ëİ^\™\×İÙX˜\ÜÚÙ[[Û‹ÙXœLLLLMNLY™™LÍÎYLÍXØYÍM™NÙLL˜XØÙMYŒLÎMÌØË›İXÛX\™Y˜[ÙK™\šYHXXÚš\İX[Ù]Üˆ^ÛYH]œ›ÛHHX›XÈZ[‚˜\ÜÙ]Ëİ^\™\Ëİ^\™\×İÙX˜\ÜÚÙ[[Û‹Ü˜Z[KXØ\İ›Ü›KÜÜš]K\Ú[Kœ™Ë\ÜÙ]Ëİ^\™\Ëİ^\™\×İÙX˜\ÜÚÙ[[Û‹œ™ËÌË˜™MLÙÍLMM™˜ÙYØ™NNMÍYŒØÙ™ÍLXMÎN˜ÙLNNLÌÎYÍL˜YXÌMË›İXÛX\™Y˜[ÙK™\šYHXXÚš\İX[Ù]Üˆ^ÛYH]œ›ÛHHX›XÈZ[‚˜\ÜÙ]Ëİ^\™\Ëİ^\™\×İÙX˜\ÜÚÙ[[Û‹Ü˜Z[KXØ\İ›Ü›KÜÜš]Kœ™Ë\ÜÙ]Ëİ^\™\Ëİ^\™\×İÙX˜\ÜÚÙ[[Û‹œ™ËMŒKÍ˜˜™NNNMÎ™LXÙ™™MY˜ÍÙMXLØÙ˜NL™Ì™ÌØY™LÍXMË›İXÛX\™Y˜[ÙK™\šYHXXÚš\İX[Ù]Üˆ^ÛYH]œ›ÛHHX›XÈZ[‚˜\ÜÙ]Ëİ^\™\Ëİ^\™\×İÙX˜\ÜÚÙ[[Û‹Ü˜[ËÛXZ[‹\Ú[KÙXœ\ÜÙ]Ëİ^\™\Ëİ^\™\×İÙX˜\ÜÚÙ[[Û‹ÙXœNMN™LÙŒLÍMLÙÍ˜YØNM™M™Ù™MÍÌMNLŒL˜ŒMÙLÌK›İXÛX\™Y˜[ÙK™\šYHXXÚš\İX[Ù]Üˆ^ÛYH]œ›ÛHHX›XÈZ[‚˜\ÜÙ]Ëİ^\™\Ëİ^\™\×İÙX˜\ÜÚÙ[[Û‹Ü˜[ËÛXZ[‹ÙXœ\ÜÙ]Ëİ^\™\Ëİ^\™\×İÙX˜\ÜÚÙ[[Û‹ÙXœŒŒÍÍXÎ™LLØŒÙNYYXMLNÌÙŒŒNLÍŒM˜ÍÌMÙŒØÌMÙ™Î˜Í˜ÎML‹›İXÛX\™Y˜[ÙK™\šYHXXÚš\İX[Ù]Üˆ^ÛYH]œ›ÛHHX›XÈZ[‚˜\ÜÙ]Ëİ^\™\Ëİ^\™\×İÙX˜\ÜÚÙ[[Û‹Ü˜[ËÜÜš]K\Ú[Kœ™Ë\ÜÙ]Ëİ^\™\Ëİ^\™\×İÙX˜\ÜÚÙ[[Û‹œ™ËŒ˜LØMŒXXÎYMNL™™XX™ŒÙXMÍØLMÍŒÍ™ÌÍ™MÌ™LLÙÌ˜XØÌ˜ØË›İXÛX\™Y˜[ÙK™\šYHXXÚš\İX[Ù]Üˆ^ÛYH]œ›ÛHHX›XÈZ[‚˜\ÜÙ]Ëİ^\™\Ëİ^\™\×İÙX˜\ÜÚÙ[[Û‹Ü˜[ËÜÜš]Kœ™Ë\ÜÙ]Ëİ^\™\Ëİ^\™\×İÙX˜\ÜÚÙ[[Û‹œ™ËŒLØÍ™ÙØYŒNXŒÍ™LLÎXLÎM˜YLÌ™ŒŒNNMÌŒÌÍY˜ÙLYMË›İXÛX\™Y˜[ÙK™\šYHXXÚš\İX[Ù]Üˆ^ÛYH]œ›ÛHHX›XÈZ[‚˜\ÜÙ]Ëİ^\™\Ëİ^\™\×İÙX˜\ÜÚÙ[[Û‹Ü˜[\\™ÜËÛXZ[‹\Ú[KÙXœ\ÜÙ]Ëİ^\™\Ëİ^\™\×İÙX˜\ÜÚÙ[[Û‹ÙXœÎL˜ÙMLÎL™™™ÙLŒLMÙÙLØMXÙLÙŒXÌML™NYXÍNLNMMÎK›İXÛX\™Y˜[ÙK™\šYHXXÚš\İX[Ù]Üˆ^ÛYH]œ›ÛHHX›XÈZ[‚˜\ÜÙ]Ëİ^\™\Ëİ^\™\×İÙX˜\ÜÚÙ[[Û‹Ü˜[\\™ÜËÛXZ[‹ÙXœ\ÜÙ]Ëİ^\™\Ëİ^\™\×İÙX˜\ÜÚÙ[[Û‹ÙXœÍÌ‹NNXY˜ÍMMÌYXØÌLŒNY™L™XØÍÎÍXYMÙ˜ŒXY™˜ÍL˜ÌMYLMŒMÍØË›İXÛX\™Y˜[ÙK™\šYHXXÚš\İX[Ù]Üˆ^ÛYH]œ›ÛHHX›XÈZ[‚˜\ÜÙ]Ëİ^\™\Ëİ^\™\×İÙX˜\ÜÚÙ[[Û‹Ü˜[\\™ÜËÜÜš]K\Ú[Kœ™Ë\ÜÙ]Ëİ^\™\Ëİ^\™\×İÙX˜\ÜÚÙ[[Û‹œ™ËLLXMØÌYXŒŒX™MÍÌNÍŒYLÍØLNNMÍNLLXÌÍX™M˜YYØK›İXÛX\™Y˜[ÙK™\šYHXXÚš\İX[Ù]Üˆ^ÛYH]œ›ÛHHX›XÈZ[‚˜\ÜÙ]Ëİ^\™\Ëİ^\™\×İÙX˜\ÜÚÙ[[Û‹Ü˜[\\™ÜËÜÜš]Kœ™Ë\ÜÙ]Ëİ^\™\Ëİ^\™\×İÙX˜\ÜÚÙ[[Û‹œ™ËLLKÌXÙMLŒØLLØÍÙMÌNMÍY™Y˜ØÌ™NLYÙLXX˜XÍXÙNË›İXÛX\™Y˜[ÙK™\šYHXXÚš\İX[Ù]Üˆ^ÛYH]œ›ÛHHX›XÈZ[‚˜\ÜÙ]Ëİ^\™\Ëİ^\™\×İÙX˜\ÜÚÙ[[Û‹Ü˜\Y\ÚÛXZ[‹\Ú[KÙXœ\ÜÙ]Ëİ^\™\Ëİ^\™\×İÙX˜\ÜÚÙ[[Û‹ÙXœMÎMŒ‹ÌMM™ŒÌÍY˜L™MXŒÌXNMŒ™MLLÌÍØØL˜Ì™ÍLMÍØØLŒ›İXÛX\™Y˜[ÙK™\šYHXXÚš\İX[Ù]Üˆ^ÛYH]œ›ÛHHX›XÈZ[‚˜\ÜÙ]Ëİ^\™\Ëİ^\™\×İÙX˜\ÜÚÙ[[Û‹Ü˜\Y\ÚÛXZ[‹ÙXœ\ÜÙ]Ëİ^\™\Ëİ^\™\×İÙX˜\ÜÚÙ[[Û‹ÙXœLŒÍLØÙÙLXØNMLM˜™NLÍØ˜MÍNNXÍÍ™NXØMÌYÍLÌXÎLNM˜L™XÍ™NL›İXÛX\™Y˜[ÙK™\šYHXXÚš\İX[Ù]Üˆ^ÛYH]œ›ÛHHX›XÈZ[‚˜\ÜÙ]Ëİ^\™\Ëİ^\™\×İÙX˜\ÜÚÙ[[Û‹Ü˜\Y\ÚÜÜš]K\Ú[Kœ™Ë\ÜÙ]Ëİ^\™\Ëİ^\™\×İÙX˜\ÜÚÙ[[Û‹œ™ËLŒÍLŒÎXÌMYL˜ŒM˜NYX™ŒŒŒÍXYLXÍ™MLÙŒNMŒYLÙÌYNK›İXÛX\™Y˜[ÙK™\šYHXXÚš\İX[Ù]Üˆ^ÛYH]œ›ÛHHX›XÈZ[‚˜\ÜÙ]Ëİ^\™\Ëİ^\™\×İÙX˜\ÜÚÙ[[Û‹Ü˜\Y\ÚÜÜš]Kœ™Ë\ÜÙ]Ëİ^\™\Ëİ^\™\×İÙX˜\ÜÚÙ[[Û‹œ™ËLŒÌËXXM™LXŒŒÎMØ™™LMŒŒÌLÍLMLÙŒ™NMŒÍÌÙYYYÍYYYLØN™ŒŒŒ˜‹›İXÛX\™Y˜[ÙK™\šYHXXÚš\İX[Ù]Üˆ^ÛYH]œ›ÛHHX›XÈZ[‚˜\ÜÙ]Ëİ^\™\Ëİ^\™\×İÙX˜\ÜÚÙ[[Û‹Ü˜]XØ]KÛXZ[‹\Ú[KÙXœ\ÜÙ]Ëİ^\™\Ëİ^\™\×İÙX˜\ÜÚÙ[[Û‹ÙXœMM‹XLÎÎ˜˜ÎYXÎMXÎÙXÍLYŒ˜Ì™NÎMMÌÌØYYÙÍLË›İXÛX\™Y˜[ÙK™\šYHXXÚš\İX[Ù]Üˆ^ÛYH]œ›ÛHHX›XÈZ[‚˜\ÜÙ]Ëİ^\™\Ëİ^\™\×İÙX˜\ÜÚÙ[[Û‹Ü˜]XØ]KÛXZ[‹ÙXœ\ÜÙ]Ëİ^\™\Ëİ^\™\×İÙX˜\ÜÚÙ[[Û‹ÙXœMÌLMMÌŒÌŒÎYL˜YÌXLLMÎŒŒXÎÎÎMÌÌÌÌX˜ÍYMÙM›İXÛX\™Y˜[ÙK™\šYHXXÚš\İX[Ù]Üˆ^ÛYH]œ›ÛHHX›XÈZ[‚˜\ÜÙ]Ëİ^\™\Ëİ^\™\×İÙX˜\ÜÚÙ[[Û‹Ü˜]XØ]KÜÜš]K\Ú[Kœ™Ë\ÜÙ]Ëİ^\™\Ëİ^\™\×İÙX˜\ÜÚÙ[[Û‹œ™ËMKŒXLNL™˜˜XY™˜Y™ÌMŒÍ™MÍŒŒL™XÙÌMMNXMÍXLÌ™XŒŒË›İXÛX\™Y˜[ÙK™\šYHXXÚš\İX[Ù]Üˆ^ÛYH]œ›ÛHHX›XÈZ[‚˜\ÜÙ]Ëİ^\™\Ëİ^\™\×İÙX˜\ÜÚÙ[[Û‹Ü˜]XØ]KÜÜš]Kœ™Ë\ÜÙ]Ëİ^\™\Ëİ^\™\×İÙX˜\ÜÚÙ[[Û‹œ™ËMÌŒÙYLYLÌNNMÎÙLØÌML™ŒÍÙŒÌŒLÎM™™LÌXLLÌMÙ˜X™™Ì›İXÛX\™Y˜[ÙK™\šYHXXÚš\İX[Ù]Üˆ^ÛYH]œ›ÛHHX›XÈZ[‚˜\ÜÙ]Ëİ^\™\Ëİ^\™\×İÙX˜\ÜÚÙ[[Û‹Ü˜]]KÛXZ[‹\Ú[KÙXœ\ÜÙ]Ëİ^\™\Ëİ^\™\×İÙX˜\ÜÚÙ[[Û‹ÙXœMÍÍÌX™˜˜M™X˜L˜ŒÎNMÙ™MØØÙÌ˜™LØXÍŒ™ÍLÌMYÌMØ™˜™Œ˜‹›İXÛX\™Y˜[ÙK™\šYHXXÚš\İX[Ù]Üˆ^ÛYH]œ›ÛHHX›XÈZ[‚˜\ÜÙ]Ëİ^\™\Ëİ^\™\×İÙX˜\ÜÚÙ[[Û‹Ü˜]]KÛXZ[‹ÙXœ\ÜÙ]Ëİ^\™\Ëİ^\™\×İÙX˜\ÜÚÙ[[Û‹ÙXœÍŒYMXÙŒMØÙMLÙLLÙŒ™YŒXYM™ÙŒMŒŒŒŒ˜MÎYYMÍNYŒ˜Î‹›İXÛX\™Y˜[ÙK™\šYHXXÚš\İX[Ù]Üˆ^ÛYH]œ›ÛHHX›XÈZ[‚˜\ÜÙ]Ëİ^\™\Ëİ^\™\×İÙX˜\ÜÚÙ[[Û‹Ü˜]]KÜÜš]K\Ú[Kœ™Ë\ÜÙ]Ëİ^\™\Ëİ^\™\×İÙX˜\ÜÚÙ[[Û‹œ™ËM‹LLNMLMŒÍÙŒŒŒØNM™ÎM™XXXMÍYÌMÌÎMÙMÙ™™ŒYK›İXÛX\™Y˜[ÙK™\šYHXXÚš\İX[Ù]Üˆ^ÛYH]œ›ÛHHX›XÈZ[‚˜\ÜÙ]Ëİ^\™\Ëİ^\™\×İÙX˜\ÜÚÙ[[Û‹Ü˜]]KÜÜš]Kœ™Ë\ÜÙ]Ëİ^\™\Ëİ^\™\×İÙX˜\ÜÚÙ[[Û‹œ™ËMKYØLX™YŒXL™ŒÙÙL˜Í™™MXNMÍMXÌÙXXÙMÍNØÍX˜LÎMË›İXÛX\™Y˜[ÙK™\šYHXXÚš\İX[Ù]Üˆ^ÛYH]œ›ÛHHX›XÈZ[‚˜\ÜÙ]Ëİ^\™\Ëİ^\™\×İÙX˜\ÜÚÙ[[Û‹Ü˜^\]X^˜KÛXZ[‹\Ú[KÙXœ\ÜÙ]Ëİ^\™\Ëİ^\™\×İÙX˜\ÜÚÙ[[Û‹ÙXœŒ‹Ì˜˜MÌ˜NX˜ØLLMX™MØXÍXY˜MXXÙMMLŒÌŒÌÎX˜ÙLYXNYMMMX‹›İXÛX\™Y˜[ÙK™\šYHXXÚš\İX[Ù]Üˆ^ÛYH]œ›ÛHHX›XÈZ[‚˜\ÜÙ]Ëİ^\™\Ëİ^\™\×İÙX˜\ÜÚÙ[[Û‹Ü˜^\]X^˜KÛXZ[‹ÙXœ\ÜÙ]Ëİ^\™\Ëİ^\™\×İÙX˜\ÜÚÙ[[Û‹ÙXœLÌÌÍÎLNLÙMÌMMYXXYMNMMØÙN˜ŒÌNM˜ÌÎX˜MYLXLNLÎM˜M˜NÍŒÎMNLŒ˜‹›İXÛX\™Y˜[ÙK™\šYHXXÚš\İX[Ù]Üˆ^ÛYH]œ›ÛHHX›XÈZ[‚˜\ÜÙ]Ëİ^\™\Ëİ^\™\×İÙX˜\ÜÚÙ[[Û‹Ü˜^\]X^˜KÜÜš]K\Ú[Kœ™Ë\ÜÙ]Ëİ^\™\Ëİ^\™\×İÙX˜\ÜÚÙ[[Û‹œ™ËMŒ‹ŒÎLÌMNLÙMÍÍ™L™˜XØØØLÎXŒÌLNM˜Œ™LÌXŒÎ˜ÙX™LL›İXÛX\™Y˜[ÙK™\šYHXXÚš\İX[Ù]Üˆ^ÛYH]œ›ÛHHX›XÈZ[‚˜\ÜÙ]Ëİ^\™\Ëİ^\™\×İÙX˜\ÜÚÙ[[Û‹Ü˜^\]X^˜KÜÜš]Kœ™Ë\ÜÙ]Ëİ^\™\Ëİ^\™\×İÙX˜\ÜÚÙ[[Û‹œ™ËMŒËŒÍÍÙØMØ™LŒÙ™L™ŒMYLLLLŒM˜XXMX™ÌØ˜ŒŒÙ™˜ÙØYL˜LŒÍK›İXÛX\™Y˜[ÙK™\šYHXXÚš\İX[Ù]Üˆ^ÛYH]œ›ÛHHX›XÈZ[‚˜\ÜÙ]Ëİ^\™\Ëİ^\™\×İÙX˜\ÜÚÙ[[Û‹Ü™YÚXÙKÛXZ[‹\Ú[KÙXœ\ÜÙ]Ëİ^\™\Ëİ^\™\×İÙX˜\ÜÚÙ[[Û‹ÙXœLŒNÍÌYMYØLMØÎNXMM™M˜ŒŒXÎMØŒLÌÙMÍYNÎLŒØ™™ŒÙXŒ™MÙŒ‹›İXÛX\™Y˜[ÙK™\šYHXXÚš\İX[Ù]Üˆ^ÛYH]œ›ÛHHX›XÈZ[‚˜\ÜÙ]Ëİ^\™\Ëİ^\™\×İÙX˜\ÜÚÙ[[Û‹Ü™YÚXÙKÛXZ[‹ÙXœ\ÜÙ]Ëİ^\™\Ëİ^\™\×İÙX˜\ÜÚÙ[[Û‹ÙXœLLØMXÍYXYYM˜YMÌYŒYÙMŒÎYÍŒÌXÍMÍXØÌÌÍYN™MNMÙ˜›İXÛX\™Y˜[ÙK™\šYHXXÚš\İX[Ù]Üˆ^ÛYH]œ›ÛHHX›XÈZ[‚˜\ÜÙ]Ëİ^\™\Ëİ^\™\×İÙX˜\ÜÚÙ[[Û‹Ü™YÚXÙKÜÜš]K\Ú[Kœ™Ë\ÜÙ]Ëİ^\™\Ëİ^\™\×İÙX˜\ÜÚÙ[[Û‹œ™ËLNKÌŒNLÙLNLÙXÍÌØXN™MØØ˜ÎNXŒØØÎÙ˜ÌŒY™LØÌÙXNNNÍLË›İXÛX\™Y˜[ÙK™\šYHXXÚš\İX[Ù]Üˆ^ÛYH]œ›ÛHHX›XÈZ[‚˜\ÜÙ]Ëİ^\™\Ëİ^\™\×İÙX˜\ÜÚÙ[[Û‹Ü™YÚXÙKÜÜš]Kœ™Ë\ÜÙ]Ëİ^\™\Ëİ^\™\×İÙX˜\ÜÚÙ[[Û‹œ™ËLMËLYMYLÙLÌMYNLMŒX™ŒÍÙYMÌÌYŒÙ™LÌÍMMØØÍ‹›İXÛX\™Y˜[ÙK™\šYHXXÚš\İX[Ù]Üˆ^ÛYH]œ›ÛHHX›XÈZ[‚˜\ÜÙ]Ëİ^\™\Ëİ^\™\×İÙX˜\ÜÚÙ[[Û‹Ü™YÚY˜YÛËÛXZ[‹\Ú[KÙXœ\ÜÙ]Ëİ^\™\Ëİ^\™\×İÙX˜\ÜÚÙ[[Û‹ÙXœLÌÌŒM™™YYMM™LÍØXY˜™L˜Ù˜MYMÌÍLØLXMYYM˜MMMYX™Ë›İXÛX\™Y˜[ÙK™\šYHXXÚš\İX[Ù]Üˆ^ÛYH]œ›ÛHHX›XÈZ[‚˜\ÜÙ]Ëİ^\™\Ëİ^\™\×İÙX˜\ÜÚÙ[[Û‹Ü™YÚY˜YÛËÛXZ[‹ÙXœ\ÜÙ]Ëİ^\™\Ëİ^\™\×İÙX˜\ÜÚÙ[[Û‹ÙXœÍÌ˜Œ˜™MÙŒÍLMŒØÍM˜ÍMÎØÙX™ŒLN™Y™YXÌXNÙLÎÎ›İXÛX\™Y˜[ÙK™\šYHXXÚš\İX[Ù]Üˆ^ÛYH]œ›ÛHHX›XÈZ[‚˜\ÜÙ]Ëİ^\™\Ëİ^\™\×İÙX˜\ÜÚÙ[[Û‹Ü™YÚY˜YÛËÜÜš]K\Ú[Kœ™Ë\ÜÙ]Ëİ^\™\Ëİ^\™\×İÙX˜\ÜÚÙ[[Û‹œ™ËNM‹Œ™XÙÎX˜ØLMÍÌXÙÌ˜ÙØŒŒYYØÙÙLL˜Œ™ŒÙ˜ÎLYXÎXÎNŒNMK›İXÛX\™Y˜[ÙK™\šYHXXÚš\İX[Ù]Üˆ^ÛYH]œ›ÛHHX›XÈZ[‚˜\ÜÙ]Ëİ^\™\Ëİ^\™\×İÙX˜\ÜÚÙ[[Û‹Ü™YÚY˜YÛËÜÜš]Kœ™Ë\ÜÙ]Ëİ^\™\Ëİ^\™\×İÙX˜\ÜÚÙ[[Û‹œ™ËNËMMYMŒÙMÍÎL™L˜˜Ø™ÌŒLNYYŒÌNÍÎ˜™L˜MNÍŒŒØ˜ÍÙMÌ‹›İXÛX\™Y˜[ÙK™\šYHXXÚš\İX[Ù]Üˆ^ÛYH]œ›ÛHHX›XÈZ[‚˜\ÜÙ]Ëİ^\™\Ëİ^\™\×İÙX˜\ÜÚÙ[[Û‹Ü™YÚY[ZÚKÛXZ[‹\Ú[KÙXœ\ÜÙ]Ëİ^\™\Ëİ^\™\×İÙX˜\ÜÚÙ[[Û‹ÙXœÎÌÍ˜ÎM˜ÎL™ÍLÍÍÍLÌ™X˜LÌYÌNY˜ØMY™Y˜ÌXÎÎYÍL›İXÛX\™Y˜[ÙK™\šYHXXÚš\İX[Ù]Üˆ^ÛYH]œ›ÛHHX›XÈZ[‚˜\ÜÙ]Ëİ^\™\Ëİ^\™\×İÙX˜\ÜÚÙ[[Û‹Ü™YÚY[ZÚKÛXZ[‹ÙXœ\ÜÙ]Ëİ^\™\Ëİ^\™\×İÙX˜\ÜÚÙ[[Û‹ÙXœŒXÙ˜Í˜ÍXÙMXÌŒÌLMÍNYØØXMM™LMÍYŒŒLNMLLXÌ™MË›İXÛX\™Y˜[ÙK™\šYHXXÚš\İX[Ù]Üˆ^ÛYH]œ›ÛHHX›XÈZ[‚˜\ÜÙ]Ëİ^\™\Ëİ^\™\×İÙX˜\ÜÚÙ[[Û‹Ü™YÚY[ZÚKÜÜš]K\Ú[Kœ™Ë\ÜÙ]Ëİ^\™\Ëİ^\™\×İÙX˜\ÜÚÙ[[Û‹œ™ËMÍXLXÌMMXÙY˜ÙML™XXØÌMYÌÙ˜LÍXÙYNNM™YMŒØÌÍK›İXÛX\™Y˜[ÙK™\šYHXXÚš\İX[Ù]Üˆ^ÛYH]œ›ÛHHX›XÈZ[‚˜\ÜÙ]Ëİ^\™\Ëİ^\™\×İÙX˜\ÜÚÙ[[Û‹Ü™YÚY[ZÚKÜÜš]Kœ™Ë\ÜÙ]Ëİ^\™\Ëİ^\™\×İÙX˜\ÜÚÙ[[Û‹œ™ËMÍØÍÍ™LÙ™YM˜NLÌXÍY™ÌŒÌÌŒ™MÍXÌMÎMXÍLXMÌÙMØL˜‹›İXÛX\™Y˜[ÙK™\šYHXXÚš\İX[Ù]Üˆ^ÛYH]œ›ÛHHX›XÈZ[‚˜\ÜÙ]Ëİ^\™\Ëİ^\™\×İÙX˜\ÜÚÙ[[Û‹Ü™YÚYÚYØ\ËÛXZ[‹\Ú[KÙXœ\ÜÙ]Ëİ^\™\Ëİ^\™\×İÙX˜\ÜÚÙ[[Û‹ÙXœLNÙXŒNYŒXÌYÍMŒMNŒ˜LÌ™ÌNLÎNNXYNNXLŒMÍ›İXÛX\™Y˜[ÙK™\šYHXXÚš\İX[Ù]Üˆ^ÛYH]œ›ÛHHX›XÈZ[‚˜\ÜÙ]Ëİ^\™\Ëİ^\™\×İÙX˜\ÜÚÙ[[Û‹Ü™YÚYÚYØ\ËÛXZ[‹ÙXœ\ÜÙ]Ëİ^\™\Ëİ^\™\×İÙX˜\ÜÚÙ[[Û‹ÙXœMÎ‹ÎLXLÌÍMLLXÍLØÎMMŒYŒÙŒØŒÌÌŒLNLNÌÍMLNMLŒLY™MŒË›İXÛX\™Y˜[ÙK™\šYHXXÚš\İX[Ù]Üˆ^ÛYH]œ›ÛHHX›XÈZ[‚˜\ÜÙ]Ëİ^\™\Ëİ^\™\×İÙX˜\ÜÚÙ[[Û‹Ü™YÚYÚYØ\ËÜÜš]K\Ú[Kœ™Ë\ÜÙ]Ëİ^\™\Ëİ^\™\×İÙX˜\ÜÚÙ[[Û‹œ™ËMËMŒLÙÌLYYN™ŒÙÍNXÌÍØÙY˜YMÎYÎŒÙYLÌMŒ˜™ÌÍŒ˜‹›İXÛX\™Y˜[ÙK™\šYHXXÚš\İX[Ù]Üˆ^ÛYH]œ›ÛHHX›XÈZ[‚˜\ÜÙ]Ëİ^\™\Ëİ^\™\×İÙX˜\ÜÚÙ[[Û‹Ü™YÚYÚYØ\ËÜÜš]Kœ™Ë\ÜÙ]Ëİ^\™\Ëİ^\™\×İÙX˜\ÜÚÙ[[Û‹œ™ËMLÌXMŒÍNYXÌY™NYY™ÍÍ™ŒYMLÍÌ™™YXY™ŒMÌÙ™ÍÎŒK›İXÛX\™Y˜[ÙK™\šYHXXÚš\İX[Ù]Üˆ^ÛYH]œ›ÛHHX›XÈZ[‚˜\ÜÙ]Ëİ^\™\Ëİ^\™\×İÙX˜\ÜÚÙ[[Û‹Ü™YÚ\›ØÚËÛXZ[‹\Ú[KÙXœ\ÜÙ]Ëİ^\™\Ëİ^\™\×İÙX˜\ÜÚÙ[[Û‹ÙXœLÍLÍŒ‹L˜™™ŒYÍXŒÙÍØ™™™ÌÌ˜YNLÌLŒXNŒÙX˜ÍXÌXXNNL˜M‹›İXÛX\™Y˜[ÙK™\šYHXXÚš\İX[Ù]Üˆ^ÛYH]œ›ÛHHX›XÈZ[‚˜\ÜÙ]Ëİ^\™\Ëİ^\™\×İÙX˜\ÜÚÙ[[Û‹Ü™YÚ\›ØÚËÛXZ[‹ÙXœ\ÜÙ]Ëİ^\™\Ëİ^\™\×İÙX˜\ÜÚÙ[[Û‹ÙXœLÌL‹MMLŒNL˜YLÎXŒØŒØYŒYÍMÌMNNØÍMÌÙXØNY˜ÎMÌÙ™ÎYMØK›İXÛX\™Y˜[ÙK™\šYHXXÚš\İX[Ù]Üˆ^ÛYH]œ›ÛHHX›XÈZ[‚˜\ÜÙ]Ëİ^\™\Ëİ^\™\×İÙX˜\ÜÚÙ[[Û‹Ü™YÚ\›ØÚËÜÜš]K\Ú[Kœ™Ë\ÜÙ]Ëİ^\™\Ëİ^\™\×İÙX˜\ÜÚÙ[[Û‹œ™ËLËXXXÙMMÙLYNØÌM˜™L˜YÙŒÌØÎYLLÌÍŒÍMLÙMÌMNLMË›İXÛX\™Y˜[ÙK™\šYHXXÚš\İX[Ù]Üˆ^ÛYH]œ›ÛHHX›XÈZ[‚˜\ÜÙ]Ëİ^\™\Ëİ^\™\×İÙX˜\ÜÚÙ[[Û‹Ü™YÚ\›ØÚËÜÜš]Kœ™Ë\ÜÙ]Ëİ^\™\Ëİ^\™\×İÙX˜\ÜÚÙ[[Û‹œ™ËL‹YXÌNXYŒÍXÍNMYYXÎØXØ˜ÙÙYXÙÙLÍNLÎMLXNLYØŒ™K›İXÛX\™Y˜[ÙK™\šYHXXÚš\İX[Ù]Üˆ^ÛYH]œ›ÛHHX›XÈZ[‚˜\ÜÙ]Ëİ^\™\Ëİ^\™\×İÙX˜\ÜÚÙ[[Û‹Ü™YÚ\İY[ÛXZ[‹\Ú[KÙXœ\ÜÙ]Ëİ^\™\Ëİ^\™\×İÙX˜\ÜÚÙ[[Û‹ÙXœÎM‹ÎLÌXX˜Ì™™YŒYLMMÎÌLŒ˜ÌÌÍØYM™ŒLÍYMØX˜˜ÌM˜ŒÍÎØLÍÍÍ›İXÛX\™Y˜[ÙK™\šYHXXÚš\İX[Ù]Üˆ^ÛYH]œ›ÛHHX›XÈZ[‚˜\ÜÙ]Ëİ^\™\Ëİ^\™\×İÙX˜\ÜÚÙ[[Û‹Ü™YÚ\İY[ÛXZ[‹ÙXœ\ÜÙ]Ëİ^\™\Ëİ^\™\×İÙX˜\ÜÚÙ[[Û‹ÙXœÍMNM‹MŒÙMŒNŒ™XÍM˜LÍYMNMLL˜LÙ˜™™MÌYNNŒ˜˜ÙÙYÙ˜˜Í˜Œ‹›İXÛX\™Y˜[ÙK™\šYHXXÚš\İX[Ù]Üˆ^ÛYH]œ›ÛHHX›XÈZ[‚˜\ÜÙ]Ëİ^\™\Ëİ^\™\×İÙX˜\ÜÚÙ[[Û‹Ü™YÚ\İY[ÜÜš]K\Ú[Kœ™Ë\ÜÙ]Ëİ^\™\Ëİ^\™\×İÙX˜\ÜÚÙ[[Û‹œ™ËLÌËXÍ˜ŒY˜NLŒY˜ÍLÍ˜ÎLXLÌYNXÍLØŒMMYXLŒŒLÌNK›İXÛX\™Y˜[ÙK™\šYHXXÚš\İX[Ù]Üˆ^ÛYH]œ›ÛHHX›XÈZ[‚˜\ÜÙ]Ëİ^\™\Ëİ^\™\×İÙX˜\ÜÚÙ[[Û‹Ü™YÚ\İY[ÜÜš]Kœ™Ë\ÜÙ]Ëİ^\™\Ëİ^\™\×İÙX˜\ÜÚÙ[[Û‹œ™ËLÌË˜ÌÙLLMÍMLXL˜NMÙXMYÙY˜LÍLXÎNXÙY˜ÎMLMÍMY‹›İXÛX\™Y˜[ÙK™\šYHXXÚš\İX[Ù]Üˆ^ÛYH]œ›ÛHHX›XÈZ[‚˜\ÜÙ]Ëİ^\™\Ëİ^\™\×İÙX˜\ÜÚÙ[[Û‹Ü™[XØ[ÛXZ[‹\Ú[KÙXœ\ÜÙ]Ëİ^\™\Ëİ^\™\×İÙX˜\ÜÚÙ[[Û‹ÙXœLŒŒŒÙY˜Y˜ÙMÍÌÙY™YMXŒÙŒÙXYÙLNLØÎMLŒØÙYYMÍË›İXÛX\™Y˜[ÙK™\šYHXXÚš\İX[Ù]Üˆ^ÛYH]œ›ÛHHX›XÈZ[‚˜\ÜÙ]Ëİ^\™\Ëİ^\™\×İÙX˜\ÜÚÙ[[Û‹Ü™[XØ[ÛXZ[‹ÙXœ\ÜÙ]Ëİ^\™\Ëİ^\™\×İÙX˜\ÜÚÙ[[Û‹ÙXœMÍÎMLMXŒ˜ÙŒÍYMLŒŒÌ™ŒXXØÍÍLÌLŒÍN˜LØLYŒLÌ˜YŒLK›İXÛX\™Y˜[ÙK™\šYHXXÚš\İX[Ù]Üˆ^ÛYH]œ›ÛHHX›XÈZ[‚˜\ÜÙ]Ëİ^\™\Ëİ^\™\×İÙX˜\ÜÚÙ[[Û‹Ü™[XØ[ÜÜš]K\Ú[Kœ™Ë\ÜÙ]Ëİ^\™\Ëİ^\™\×İÙX˜\ÜÚÙ[[Û‹œ™ËÍŒË˜ØÍ™M™MŒØÌØØ™YÍMŒNÙŒÙÍŒÎÌM™˜MLŒLŒÙÙLŒM˜ÍÌMØÍXN‹›İXÛX\™Y˜[ÙK™\šYHXXÚš\İX[Ù]Üˆ^ÛYH]œ›ÛHHX›XÈZ[‚˜\ÜÙ]Ëİ^\™\Ëİ^\™\×İÙX˜\ÜÚÙ[[Û‹Ü™[XØ[ÜÜš]Kœ™Ë\ÜÙ]Ëİ^\™\Ëİ^\™\×İÙX˜\ÜÚÙ[[Û‹œ™ËÍMØMYMMÙÍÙ˜LMÎNLNYYNMLYLLYMÙMLÍÍYLLÙXÍŒNMØÎLŒØXMK›İXÛX\™Y˜[ÙK™\šYHXXÚš\İX[Ù]Üˆ^ÛYH]œ›ÛHHX›XÈZ[‚˜\ÜÙ]Ëİ^\™\Ëİ^\™\×İÙX˜\ÜÚÙ[[Û‹Ü™[Ü‹ÛXZ[‹\Ú[KÙXœ\ÜÙ]Ëİ^\™\Ëİ^\™\×İÙX˜\ÜÚÙ[[Û‹ÙXœŒÌMLMLYMMMÎÌLŒ˜ÎXØYŒYLYNYÎLXØÌŒÙÙMMLX™X‹›İXÛX\™Y˜[ÙK™\šYHXXÚš\İX[Ù]Üˆ^ÛYH]œ›ÛHHX›XÈZ[‚˜\ÜÙ]Ëİ^\™\Ëİ^\™\×İÙX˜\ÜÚÙ[[Û‹Ü™[Ü‹ÛXZ[‹ÙXœ\ÜÙ]Ëİ^\™\Ëİ^\™\×İÙX˜\ÜÚÙ[[Û‹ÙXœNMÌÍ‹ŒÌYYØ˜˜MØÙLŒ˜XŒŒLØÌÌX˜ÎYXÙ˜ØNMYÙLÌÌYLNL‹›İXÛX\™Y˜[ÙK™\šYHXXÚš\İX[Ù]Üˆ^ÛYH]œ›ÛHHX›XÈZ[‚˜\ÜÙ]Ëİ^\™\Ëİ^\™\×İÙX˜\ÜÚÙ[[Û‹Ü™[Ü‹ÜÜš]K\Ú[Kœ™Ë\ÜÙ]Ëİ^\™\Ëİ^\™\×İÙX˜\ÜÚÙ[[Û‹œ™ËMMËXLŒŒYØÍMLMNYLÎ˜YNŒYÍNŒÍ™MLÎMÌÌÍ˜NYXØË›İXÛX\™Y˜[ÙK™\šYHXXÚš\İX[Ù]Üˆ^ÛYH]œ›ÛHHX›XÈZ[‚˜\ÜÙ]Ëİ^\™\Ëİ^\™\×İÙX˜\ÜÚÙ[[Û‹Ü™[Ü‹ÜÜš]Kœ™Ë\ÜÙ]Ëİ^\™\Ëİ^\™\×İÙX˜\ÜÚÙ[[Û‹œ™ËÌØ˜NLNYLÌ™LÌÌMÍ™NØØÌØ™XMÍYMMŒ˜MÌM™ÌÍØ™ÙK›İXÛX\™Y˜[ÙK™\šYHXXÚš\İX[Ù]Üˆ^ÛYH]œ›ÛHHX›XÈZ[‚˜\ÜÙ]Ëİ^\™\Ëİ^\™\×İÙX˜\ÜÚÙ[[Û‹Ü™[[Ü˜ZYÛXZ[‹\Ú[KÙXœ\ÜÙ]Ëİ^\™\Ëİ^\™\×İÙX˜\ÜÚÙ[[Û‹ÙXœMÌÌMÍYÌX˜LÌÍÍMÍYL™˜NLMØYMÍŒÍØÙ˜XL™YŒÎÍ™Y™L™Î™YK›İXÛX\™Y˜[ÙK™\šYHXXÚš\İX[Ù]Üˆ^ÛYH]œ›ÛHHX›XÈZ[‚˜\ÜÙ]Ëİ^\™\Ëİ^\™\×İÙX˜\ÜÚÙ[[Û‹Ü™[[Ü˜ZYÛXZ[‹ÙXœ\ÜÙ]Ëİ^\™\Ëİ^\™\×İÙX˜\ÜÚÙ[[Û‹ÙXœÌNM‹™X™XÙÙ™˜ŒNXÌL™™MMYØÍ˜ÍNLØÙ™YXYLÌÎM™ØYXÌØŒL™‹›İXÛX\™Y˜[ÙK™\šYHXXÚš\İX[Ù]Üˆ^ÛYH]œ›ÛHHX›XÈZ[‚˜\ÜÙ]Ëİ^\™\Ëİ^\™\×İÙX˜\ÜÚÙ[[Û‹Ü™[[Ü˜ZYÜÜš]K\Ú[Kœ™Ë\ÜÙ]Ëİ^\™\Ëİ^\™\×İÙX˜\ÜÚÙ[[Û‹œ™ËL‹ÎLÍXÌÍŒXŒNMŒÙMÍÍ˜ŒYØ™L˜Î˜ÌNYLÍ™ŒMÙ™XÙ˜˜MLM‹›İXÛX\™Y˜[ÙK™\šYHXXÚš\İX[Ù]Üˆ^ÛYH]œ›ÛHHX›XÈZ[‚˜\ÜÙ]Ëİ^\™\Ëİ^\™\×İÙX˜\ÜÚÙ[[Û‹Ü™[[Ü˜ZYÜÜš]Kœ™Ë\ÜÙ]Ëİ^\™\Ëİ^\™\×İÙX˜\ÜÚÙ[[Û‹œ™ËLKÙNNØMÎNL˜ÌØMÎYMÌÍŒLLŒÙYMÌLX˜ÎX™ŒØXYXL˜˜LÎYMMÌMË›İXÛX\™Y˜[ÙK™\šYHXXÚš\İX[Ù]Üˆ^ÛYH]œ›ÛHHX›XÈZ[‚˜\ÜÙ]Ëİ^\™\Ëİ^\™\×İÙX˜\ÜÚÙ[[Û‹Ü™\Ú\˜[KÛXZ[‹\Ú[KÙXœ\ÜÙ]Ëİ^\™\Ëİ^\™\×İÙX˜\ÜÚÙ[[Û‹ÙXœLLÍÙÍ™YÌLÌNÍ™™™NMXÌÍXØÌØXNYLXÌÎNLMLŒÌ˜ØŒ™›İXÛX\™Y˜[ÙK™\šYHXXÚš\İX[Ù]Üˆ^ÛYH]œ›ÛHHX›XÈZ[‚˜\ÜÙ]Ëİ^\™\Ëİ^\™\×İÙX˜\ÜÚÙ[[Û‹Ü™\Ú\˜[KÛXZ[‹ÙXœ\ÜÙ]Ëİ^\™\Ëİ^\™\×İÙX˜\ÜÚÙ[[Û‹ÙXœLŒÎMLÍ™™MNNYNMÌNLLÍŒÌØY™MØÙY™ŒÙMÌ˜LXØ™YMÍØXYXX˜K›İXÛX\™Y˜[ÙK™\šYHXXÚš\İX[Ù]Üˆ^ÛYH]œ›ÛHHX›XÈZ[‚˜\ÜÙ]Ëİ^\™\Ëİ^\™\×İÙX˜\ÜÚÙ[[Û‹Ü™\Ú\˜[KÜÜš]K\Ú[Kœ™Ë\ÜÙ]Ëİ^\™\Ëİ^\™\×İÙX˜\ÜÚÙ[[Û‹œ™ËMŒÌYMLYMMMÌÌŒ™NLÌÍÌÍÌXNYLMYNMNYY™MLÙŒŒ˜ÍLŒMXÍK›İXÛX\™Y˜[ÙK™\šYHXXÚš\İX[Ù]Üˆ^ÛYH]œ›ÛHHX›XÈZ[‚˜\ÜÙ]Ëİ^\™\Ëİ^\™\×İÙX˜\ÜÚÙ[[Û‹Ü™\Ú\˜[KÜÜš]Kœ™Ë\ÜÙ]Ëİ^\™\Ëİ^\™\×İÙX˜\ÜÚÙ[[Û‹œ™ËMMÍYLMÙÍÙLMXØNMŒŒL˜ÌÍLLYMÎXYLÍÎMŒ™XÍÌLX˜ÍË›İXÛX\™Y˜[ÙK™\šYHXXÚš\İX[Ù]Üˆ^ÛYH]œ›ÛHHX›XÈZ[‚˜\ÜÙ]Ëİ^\™\Ëİ^\™\×İÙX˜\ÜÚÙ[[Û‹Ü™][šXÛ\ËÛXZ[‹\Ú[KÙXœ\ÜÙ]Ëİ^\™\Ëİ^\™\×İÙX˜\ÜÚÙ[[Û‹ÙXœMÌ‹ÍLŒLÎÙY™MŒNLØXÍMÌLLMNNXYXÙ˜˜ÍMY™YYXÌÍØÍØŒLË›İXÛX\™Y˜[ÙK™\šYHXXÚš\İX[Ù]Üˆ^ÛYH]œ›ÛHHX›XÈZ[‚˜\ÜÙ]Ëİ^\™\Ëİ^\™\×İÙX˜\ÜÚÙ[[Û‹Ü™][šXÛ\ËÛXZ[‹ÙXœ\ÜÙ]Ëİ^\™\Ëİ^\™\×İÙX˜\ÜÚÙ[[Û‹ÙXœM™YXNYŒ™NXÌÍØÙ™ÍÙ˜L˜˜ÌÌÍYLØLØÍÎYŒÙÙXÎ˜Í˜LLNLÌK›İXÛX\™Y˜[ÙK™\šYHXXÚš\İX[Ù]Üˆ^ÛYH]œ›ÛHHX›XÈZ[‚˜\ÜÙ]Ëİ^\™\Ëİ^\™\×İÙX˜\ÜÚÙ[[Û‹Ü™][šXÛ\ËÜÜš]K\Ú[Kœ™Ë\ÜÙ]Ëİ^\™\Ëİ^\™\×İÙX˜\ÜÚÙ[[Û‹œ™ËMLMÙ™˜YXXØLÙÙNYXLXLNÍX™Ù˜˜ÍMX™XÍ™˜ŒÙ™ÍÍMÙŒYŒK›İXÛX\™Y˜[ÙK™\šYHXXÚš\İX[Ù]Üˆ^ÛYH]œ›ÛHHX›XÈZ[‚˜\ÜÙ]Ëİ^\™\Ëİ^\™\×İÙX˜\ÜÚÙ[[Û‹Ü™][šXÛ\ËÜÜš]Kœ™Ë\ÜÙ]Ëİ^\™\Ëİ^\™\×İÙX˜\ÜÚÙ[[Û‹œ™ËMLLMXÌÍ™MLØŒYX˜Í˜ŒŒŒLL˜ÍÎYŒL™MMLŒÌ™L˜ÍLNML›İXÛX\™Y˜[ÙK™\šYHXXÚš\İX[Ù]Üˆ^ÛYH]œ›ÛHHX›XÈZ[‚˜\ÜÙ]Ëİ^\™\Ëİ^\™\×İÙX˜\ÜÚÙ[[Û‹Ü™]˜]œ›ÛÛKÛXZ[‹\Ú[KÙXœ\ÜÙ]Ëİ^\™\Ëİ^\™\×İÙX˜\ÜÚÙ[[Û‹ÙXœLMÌØXØÎXŒÙÙÌÍØÙ˜ÍYLMNŒØXMLŒ™Ù™ÍNLŒMÍYYYMÍŒXMË›İXÛX\™Y˜[ÙK™\šYHXXÚš\İX[Ù]Üˆ^ÛYH]œ›ÛHHX›XÈZ[‚˜\ÜÙ]Ëİ^\™\Ëİ^\™\×İÙX˜\ÜÚÙ[[Û‹Ü™]˜]œ›ÛÛKÛXZ[‹ÙXœ\ÜÙ]Ëİ^\™\Ëİ^\™\×İÙX˜\ÜÚÙ[[Û‹ÙXœLLNÙLÍÍLYNXYXØÌÌÙYL™Í˜XNÌÎMŒX˜MMØX˜ÌÙLÙMÙXÌ˜™K›İXÛX\™Y˜[ÙK™\šYHXXÚš\İX[Ù]Üˆ^ÛYH]œ›ÛHHX›XÈZ[‚˜\ÜÙ]Ëİ^\™\Ëİ^\™\×İÙX˜\ÜÚÙ[[Û‹Ü™]˜]œ›ÛÛKÜÜš]K\Ú[Kœ™Ë\ÜÙ]Ëİ^\™\Ëİ^\™\×İÙX˜\ÜÚÙ[[Û‹œ™ËŒŒ‹MÙ˜YMLYMÍÎXŒLÎNXÍLY™YXYLNL™˜NLŒ™YL™M˜LÌXØYŒLXLK›İXÛX\™Y˜[ÙK™\šYHXXÚš\İX[Ù]Üˆ^ÛYH]œ›ÛHHX›XÈZ[‚˜\ÜÙ]Ëİ^\™\Ëİ^\™\×İÙX˜\ÜÚÙ[[Û‹Ü™]˜]œ›ÛÛKÜÜš]Kœ™Ë\ÜÙ]Ëİ^\™\Ëİ^\™\×İÙX˜\ÜÚÙ[[Û‹œ™ËKYNÌŒYÎNXŒNMNÍYÎMŒXYMÌÙYMXLÍL™NŒYY‹›İXÛX\™Y˜[ÙK™\šYHXXÚš\İX[Ù]Üˆ^ÛYH]œ›ÛHHX›XÈZ[‚˜\ÜÙ]Ëİ^\™\Ëİ^\™\×İÙX˜\ÜÚÙ[[Û‹ÜšYÛ‹ÛXZ[‹\Ú[KÙXœ\ÜÙ]Ëİ^\™\Ëİ^\™\×İÙX˜\ÜÚÙ[[Û‹ÙXœMÍMMNM˜YXÍŒ˜Ø™ÌMØÍXÌÙYÌ™LL™ÍÙYLMÍŒÍNØŒXM˜˜™™™ÍM›İXÛX\™Y˜[ÙK™\šYHXXÚš\İX[Ù]Üˆ^ÛYH]œ›ÛHHX›XÈZ[‚˜\ÜÙ]Ëİ^\™\Ëİ^\™\×İÙX˜\ÜÚÙ[[Û‹ÜšYÛ‹ÛXZ[‹ÙXœ\ÜÙ]Ëİ^\™\Ëİ^\™\×İÙX˜\ÜÚÙ[[Û‹ÙXœŒLÌ˜Œ˜LLŒÍØÍ™LØ™MÎ™XYLMXXÎM™XLLNM™YŒÎLÎLØØ™ŒXÎXŒL‹›İXÛX\™Y˜[ÙK™\šYHXXÚš\İX[Ù]Üˆ^ÛYH]œ›ÛHHX›XÈZ[‚˜\ÜÙ]Ëİ^\™\Ëİ^\™\×İÙX˜\ÜÚÙ[[Û‹ÜšYÛ‹ÜÜš]K\Ú[Kœ™Ë\ÜÙ]Ëİ^\™\Ëİ^\™\×İÙX˜\ÜÚÙ[[Û‹œ™ËLM‹LMŒ™LÍ˜ÙÙLÙ˜ÙM™Y˜LYMÎY™ÎNNÍLLYNYMÙY™‹›İXÛX\™Y˜[ÙK™\šYHXXÚš\İX[Ù]Üˆ^ÛYH]œ›ÛHHX›XÈZ[‚˜\ÜÙ]Ëİ^\™\Ëİ^\™\×İÙX˜\ÜÚÙ[[Û‹ÜšYÛ‹ÜÜš]Kœ™Ë\ÜÙ]Ëİ^\™\Ëİ^\™\×İÙX˜\ÜÚÙ[[Û‹œ™ËLMKŒNY™YLŒ™MNNYŒLØLŒŒNMYX˜LÙMÌM˜X˜ŒÌØÙNL˜Œ˜MYMÙXÌŒ˜Î‹›İXÛX\™Y˜[ÙK™\šYHXXÚš\İX[Ù]Üˆ^ÛYH]œ›ÛHHX›XÈZ[‚˜\ÜÙ]Ëİ^\™\Ëİ^\™\×İÙX˜\ÜÚÙ[[Û‹ÜšZÜ›‹ÛXZ[‹\Ú[KÙXœ\ÜÙ]Ëİ^\™\Ëİ^\™\×İÙX˜\ÜÚÙ[[Û‹ÙXœLMM‹ŒYXØY˜LYŒÙ™˜L™Y™ŒÎMXÍMLXÙÍYŒM˜˜ŒM˜ÌÎXÌNMØLŒK›İXÛX\™Y˜[ÙK™\šYHXXÚš\İX[Ù]Üˆ^ÛYH]œ›ÛHHX›XÈZ[‚˜\ÜÙ]Ëİ^\™\Ëİ^\™\×İÙX˜\ÜÚÙ[[Û‹ÜšZÜ›‹ÛXZ[‹ÙXœ\ÜÙ]Ëİ^\™\Ëİ^\™\×İÙX˜\ÜÚÙ[[Û‹ÙXœLLNL‹ÍMØÌMMÍŒŒM˜™™™YMŒŒMNNLÍXL™LÌMXÌÌYÍŒŒ™XLÍÎ›İXÛX\™Y˜[ÙK™\šYHXXÚš\İX[Ù]Üˆ^ÛYH]œ›ÛHHX›XÈZ[‚˜\ÜÙ]Ëİ^\™\Ëİ^\™\×İÙX˜\ÜÚÙ[[Û‹ÜšZÜ›‹ÜÜš]K\Ú[Kœ™Ë\ÜÙ]Ëİ^\™\Ëİ^\™\×İÙX˜\ÜÚÙ[[Û‹œ™ËLKÙ˜˜Œ™NLLŒŒYLŒNY˜ÍÍNÌXÌØÎLÍÙXLØLØÎLÍ˜YLØMY˜M™ÌŒË›İXÛX\™Y˜[ÙK™\šYHXXÚš\İX[Ù]Üˆ^ÛYH]œ›ÛHHX›XÈZ[‚˜\ÜÙ]Ëİ^\™\Ëİ^\™\×İÙX˜\ÜÚÙ[[Û‹ÜšZÜ›‹ÜÜš]Kœ™Ë\ÜÙ]Ëİ^\™\Ëİ^\™\×İÙX˜\ÜÚÙ[[Û‹œ™ËLKNLYŒYÍ˜ØŒXÍXYL˜Œ™NÎLLÎLÌÙŒÎNY™M˜MYŒMMXÙMË›İXÛX\™Y˜[ÙK™\šYHXXÚš\İX[Ù]Üˆ^ÛYH]œ›ÛHHX›XÈZ[‚˜\ÜÙ]Ëİ^\™\Ëİ^\™\×İÙX˜\ÜÚÙ[[Û‹Üš\\š[Ü‹ÛXZ[‹\Ú[KÙXœ\ÜÙ]Ëİ^\™\Ëİ^\™\×İÙX˜\ÜÚÙ[[Û‹ÙXœLÌN‹X™˜LÍ™™™LÌÙMØÌ˜MÙYLÎMØØÎYÙMYLNMÙ˜Ì˜NŒNK›İXÛX\™Y˜[ÙK™\šYHXXÚš\İX[Ù]Üˆ^ÛYH]œ›ÛHHX›XÈZ[‚˜\ÜÙ]Ëİ^\™\Ëİ^\™\×İÙX˜\ÜÚÙ[[Û‹Üš\\š[Ü‹ÛXZ[‹ÙXœ\ÜÙ]Ëİ^\™\Ëİ^\™\×İÙX˜\ÜÚÙ[[Û‹ÙXœLLØY™LMŒÙMÎXYXÌÌÎXM˜ØÌYXNÍNÙXYMÌ˜™Í˜ÌØÙØ˜LYK›İXÛX\™Y˜[ÙK™\šYHXXÚš\İX[Ù]Üˆ^ÛYH]œ›ÛHHX›XÈZ[‚˜\ÜÙ]Ëİ^\™\Ëİ^\™\×İÙX˜\ÜÚÙ[[Û‹Üš\\š[Ü‹ÜÜš]K\Ú[Kœ™Ë\ÜÙ]Ëİ^\™\Ëİ^\™\×İÙX˜\ÜÚÙ[[Û‹œ™ËM‹ÌXÍÍ˜YÍØÍXÌÙLÍLÎNMLLÎMÙÍŒÍMŒLØÙYŒÙMÎX™L›İXÛX\™Y˜[ÙK™\šYHXXÚš\İX[Ù]Üˆ^ÛYH]œ›ÛHHX›XÈZ[‚˜\ÜÙ]Ëİ^\™\Ëİ^\™\×İÙX˜\ÜÚÙ[[Û‹Üš\\š[Ü‹ÜÜš]Kœ™Ë\ÜÙ]Ëİ^\™\Ëİ^\™\×İÙX˜\ÜÚÙ[[Û‹œ™ËM‹XÍLNXÍÙYLÎLLÌLÍØÙNMY™˜™XÍ˜MÌLNŒŒMÍ™˜M™NNXË›İXÛX\™Y˜[ÙK™\šYHXXÚš\İX[Ù]Üˆ^ÛYH]œ›ÛHHX›XÈZ[‚˜\ÜÙ]Ëİ^\™\Ëİ^\™\×İÙX˜\ÜÚÙ[[Û‹ÜšX›ÛX™YKÛXZ[‹\Ú[KÙXœ\ÜÙ]Ëİ^\™\Ëİ^\™\×İÙX˜\ÜÚÙ[[Û‹ÙXœŒÌÍ™™YŒ˜ÍÎXÙŒMYNXØ™XXMMXÌLNM™NÌÍŒMØÍÙŒÎM˜NLÍŒN›İXÛX\™Y˜[ÙK™\šYHXXÚš\İX[Ù]Üˆ^ÛYH]œ›ÛHHX›XÈZ[‚˜\ÜÙ]Ëİ^\™\Ëİ^\™\×İÙX˜\ÜÚÙ[[Û‹ÜšX›ÛX™YKÛXZ[‹ÙXœ\ÜÙ]Ëİ^\™\Ëİ^\™\×İÙX˜\ÜÚÙ[[Û‹ÙXœMLLLL™MÌMÙLÙXÍLÍØÌ™M™ÌÙMMYŒMÙYÎLŒÎÌN›İXÛX\™Y˜[ÙK™\šYHXXÚš\İX[Ù]Üˆ^ÛYH]œ›ÛHHX›XÈZ[‚˜\ÜÙ]Ëİ^\™\Ëİ^\™\×İÙX˜\ÜÚÙ[[Û‹ÜšX›ÛX™YKÜÜš]K\Ú[Kœ™Ë\ÜÙ]Ëİ^\™\Ëİ^\™\×İÙX˜\ÜÚÙ[[Û‹œ™ËLÎKNMÍÍM˜Œ™˜ÌÌÌÎNÌ™XL™™LØLMŒLM˜Y˜Ù™ÍMÍÍÎMLYXŒ›İXÛX\™Y˜[ÙK™\šYHXXÚš\İX[Ù]Üˆ^ÛYH]œ›ÛHHX›XÈZ[‚˜\ÜÙ]Ëİ^\™\Ëİ^\™\×İÙX˜\ÜÚÙ[[Û‹ÜšX›ÛX™YKÜÜš]Kœ™Ë\ÜÙ]Ëİ^\™\Ëİ^\™\×İÙX˜\ÜÚÙ[[Û‹œ™ËLÎKLY˜ŒŒLLÌXŒÌÌYY˜Œ™˜NXÌMMÍL˜LÙYLÍYŒŒÍÎLÍXÍ˜‹›İXÛX\™Y˜[ÙK™\šYHXXÚš\İX[Ù]Üˆ^ÛYH]œ›ÛHHX›XÈZ[‚˜\ÜÙ]Ëİ^\™\Ëİ^\™\×İÙX˜\ÜÚÙ[[Û‹Üš[X›ÛÛKÛXZ[‹\Ú[KÙXœ\ÜÙ]Ëİ^\™\Ëİ^\™\×İÙX˜\ÜÚÙ[[Û‹ÙXœL‹ÎŒŒØLLNÌLÙMŒ˜ÙNMNNMLLÍØLYLLŒ™ÍYNŒŒÎY™Y›İXÛX\™Y˜[ÙK™\šYHXXÚš\İX[Ù]Üˆ^ÛYH]œ›ÛHHX›XÈZ[‚˜\ÜÙ]Ëİ^\™\Ëİ^\™\×İÙX˜\ÜÚÙ[[Û‹Üš[X›ÛÛKÛXZ[‹ÙXœ\ÜÙ]Ëİ^\™\Ëİ^\™\×İÙX˜\ÜÚÙ[[Û‹ÙXœÍŒ‹YLLÌYLYXŒ˜Ù™NÙŒXXŒÎYNØÌ˜ÌÍXMLXÙL™M›İXÛX\™Y˜[ÙK™\šYHXXÚš\İX[Ù]Üˆ^ÛYH]œ›ÛHHX›XÈZ[‚˜\ÜÙ]Ëİ^\™\Ëİ^\™\×İÙX˜\ÜÚÙ[[Û‹Üš[X›ÛÛKÜÜš]K\Ú[Kœ™Ë\ÜÙ]Ëİ^\™\Ëİ^\™\×İÙX˜\ÜÚÙ[[Û‹œ™ËMÍKYM˜™ÌLÎXÌÎNÍ™YL™LMØXMÍØÍ™ŒÎÙØØNYXÍNNL›İXÛX\™Y˜[ÙK™\šYHXXÚš\İX[Ù]Üˆ^ÛYH]œ›ÛHHX›XÈZ[‚˜\ÜÙ]Ëİ^\™\Ëİ^\™\×İÙX˜\ÜÚÙ[[Û‹Üš[X›ÛÛKÜÜš]Kœ™Ë\ÜÙ]Ëİ^\™\Ëİ^\™\×İÙX˜\ÜÚÙ[[Û‹œ™ËMÍX™™LLMNMŒYÙYY˜N˜Ù™ŒYÙLXÙLXØLM™™MXYNØXË›İXÛX\™Y˜[ÙK™\šYHXXÚš\İX[Ù]Üˆ^ÛYH]œ›ÛHHX›XÈZ[‚˜\ÜÙ]Ëİ^\™\Ëİ^\™\×İÙX˜\ÜÚÙ[[Û‹Üš[ÛKÛXZ[‹\Ú[KÙXœ\ÜÙ]Ëİ^\™\Ëİ^\™\×İÙX˜\ÜÚÙ[[Û‹ÙXœŒÍÌXØØÎLMÍØYYÙM˜M™™LØÍÌÙÎLØXŒÍØÌÎXŒMÌ˜ŒØ™ØŒÌM™‹›İXÛX\™Y˜[ÙK™\šYHXXÚš\İX[Ù]Üˆ^ÛYH]œ›ÛHHX›XÈZ[‚˜\ÜÙ]Ëİ^\™\Ëİ^\™\×İÙX˜\ÜÚÙ[[Û‹Üš[ÛKÛXZ[‹ÙXœ\ÜÙ]Ëİ^\™\Ëİ^\™\×İÙX˜\ÜÚÙ[[Û‹ÙXœÎLÌ™˜™˜X™ØÙMÌLLN˜ÌØNÌØMXØY˜ØYL˜XÍLÌ™MÙYMN›İXÛX\™Y˜[ÙK™\šYHXXÚš\İX[Ù]Üˆ^ÛYH]œ›ÛHHX›XÈZ[‚˜\ÜÙ]Ëİ^\™\Ëİ^\™\×İÙX˜\ÜÚÙ[[Û‹Üš[ÛKÜÜš]K\Ú[Kœ™Ë\ÜÙ]Ëİ^\™\Ëİ^\™\×İÙX˜\ÜÚÙ[[Û‹œ™ËMÎKÌMXYL˜ÍÎMXXŒ™ŒNLLŒMÌØŒMŒMLÍÍÎNYY™›İXÛX\™Y˜[ÙK™\šYHXXÚš\İX[Ù]Üˆ^ÛYH]œ›ÛHHX›XÈZ[‚˜\ÜÙ]Ëİ^\™\Ëİ^\™\×İÙX˜\ÜÚÙ[[Û‹Üš[ÛKÜÜš]Kœ™Ë\ÜÙ]Ëİ^\™\Ëİ^\™\×İÙX˜\ÜÚÙ[[Û‹œ™ËMÍ‹˜ÍŒÍXYÍYŒNLYŒŒMLYXÌLÍ˜LLÍØÍLLÙ˜ÌMLØŒXK›İXÛX\™Y˜[ÙK™\šYHXXÚš\İX[Ù]Üˆ^ÛYH]œ›ÛHHX›XÈZ[‚˜\ÜÙ]Ëİ^\™\Ëİ^\™\×İÙX˜\ÜÚÙ[[Û‹Ü›Ø\š[™Ë[[ÛÛ‹ÛXZ[‹\Ú[KÙXœ\ÜÙ]Ëİ^\™\Ëİ^\™\×İÙX˜\ÜÚÙ[[Û‹ÙXœMŒL‹ØÙL™ÌÙ™M˜ÌÙLÍ˜LLÌÎXLMØÙXÙŒÙNMÌÌŒÙNÌÍY˜MLË›İXÛX\™Y˜[ÙK™\šYHXXÚš\İX[Ù]Üˆ^ÛYH]œ›ÛHHX›XÈZ[‚˜\ÜÙ]Ëİ^\™\Ëİ^\™\×İÙX˜\ÜÚÙ[[Û‹Ü›Ø\š[™Ë[[ÛÛ‹ÛXZ[‹ÙXœ\ÜÙ]Ëİ^\™\Ëİ^\™\×İÙX˜\ÜÚÙ[[Û‹ÙXœLX˜™™X™ÙŒ˜ŒLLNXMÍLÎÎLLÙMXÎNLÎÌMYNLX˜ÙYLÍLÎLË›İXÛX\™Y˜[ÙK™\šYHXXÚš\İX[Ù]Üˆ^ÛYH]œ›ÛHHX›XÈZ[‚˜\ÜÙ]Ëİ^\™\Ëİ^\™\×İÙX˜\ÜÚÙ[[Û‹Ü›Ø\š[™Ë[[ÛÛ‹ÜÜš]K\Ú[Kœ™Ë\ÜÙ]Ëİ^\™\Ëİ^\™\×İÙX˜\ÜÚÙ[[Û‹œ™ËÎKŒÙÙY˜NNNXØŒLM™LÍÎMNXÌ™Œ˜ŒÍÙYÌÍXMX™XYMŒØXYŒŒÍÌÙŒK›İXÛX\™Y˜[ÙK™\šYHXXÚš\İX[Ù]Üˆ^ÛYH]œ›ÛHHX›XÈZ[‚˜\ÜÙ]Ëİ^\™\Ëİ^\™\×İÙX˜\ÜÚÙ[[Û‹Ü›Ø\š[™Ë[[ÛÛ‹ÜÜš]Kœ™Ë\ÜÙ]Ëİ^\™\Ëİ^\™\×İÙX˜\ÜÚÙ[[Û‹œ™ËMKÍYÌ™X™MML™ÙÙYY™Í™YXÙLYLXX˜ØYXŒÌLŒ™ÙN™MLYŒ›İXÛX\™Y˜[ÙK™\šYHXXÚš\İX[Ù]Üˆ^ÛYH]œ›ÛHHX›XÈZ[‚˜\ÜÙ]Ëİ^\™\Ëİ^\™\×İÙX˜\ÜÚÙ[[Û‹Ü›ØÚÜY™‹ÛXZ[‹\Ú[KÙXœ\ÜÙ]Ëİ^\™\Ëİ^\™\×İÙX˜\ÜÚÙ[[Û‹ÙXœM‹LØÍYØMŒXX™NÌÙNNLŒÙLŒX™ÎXLYMY™YŒMMÍMŒ™MÌLÙXÌY‹›İXÛX\™Y˜[ÙK™\šYHXXÚš\İX[Ù]Üˆ^ÛYH]œ›ÛHHX›XÈZ[‚˜\ÜÙ]Ëİ^\™\Ëİ^\™\×İÙX˜\ÜÚÙ[[Û‹Ü›ØÚÜY™‹ÛXZ[‹ÙXœ\ÜÙ]Ëİ^\™\Ëİ^\™\×İÙX˜\ÜÚÙ[[Û‹ÙXœÌŒMŒ˜ÍŒLŒÙXÌ˜YXYNLÎØ™ÍY™LÌXN™ÌÌ™MNY™›İXÛX\™Y˜[ÙK™\šYHXXÚš\İX[Ù]Üˆ^ÛYH]œ›ÛHHX›XÈZ[‚˜\ÜÙ]Ëİ^\™\Ëİ^\™\×İÙX˜\ÜÚÙ[[Û‹Ü›ØÚÜY™‹ÜÜš]K\Ú[Kœ™Ë\ÜÙ]Ëİ^\™\Ëİ^\™\×İÙX˜\ÜÚÙ[[Û‹œ™ËŒËLMŒMÌLYNXÍ˜YM˜MXŒÙLÎYLÌØLŒYŒŒÎXLØØÌÎY™XŒŒ˜ØLLÍYYK›İXÛX\™Y˜[ÙK™\šYHXXÚš\İX[Ù]Üˆ^ÛYH]œ›ÛHHX›XÈZ[‚˜\ÜÙ]Ëİ^\™\Ëİ^\™\×İÙX˜\ÜÚÙ[[Û‹Ü›ØÚÜY™‹ÜÜš]Kœ™Ë\ÜÙ]Ëİ^\™\Ëİ^\™\×İÙX˜\ÜÚÙ[[Û‹œ™ËŒËÍÙ™MÍMMLØXMØÌ˜M˜ÌŒX˜ŒNLXX™™YÌÎLXØÙMXØLÌK›İXÛX\™Y˜[ÙK™\šYHXXÚš\İX[Ù]Üˆ^ÛYH]œ›ÛHHX›XÈZ[‚˜\ÜÙ]Ëİ^\™\Ëİ^\™\×İÙX˜\ÜÚÙ[[Û‹Ü›ÙÙÙ[œ›ÛKÛXZ[‹\Ú[KÙXœ\ÜÙ]Ëİ^\™\Ëİ^\™\×İÙX˜\ÜÚÙ[[Û‹ÙXœÌÌ˜MNM˜ÙŒMMÙMXÌXLÙMLLYŒÙMÍXÎLØØØ™NXMMLNX™ŒÌXÍK›İXÛX\™Y˜[ÙK™\šYHXXÚš\İX[Ù]Üˆ^ÛYH]œ›ÛHHX›XÈZ[‚˜\ÜÙ]Ëİ^\™\Ëİ^\™\×İÙX˜\ÜÚÙ[[Û‹Ü›ÙÙÙ[œ›ÛKÛXZ[‹ÙXœ\ÜÙ]Ëİ^\™\Ëİ^\™\×İÙX˜\ÜÚÙ[[Û‹ÙXœÎMNMNLØ™YL™XYLMÍL˜ÌXXMXÙX˜ÍXŒXØÍÍŒÍMÎÍLK›İXÛX\™Y˜[ÙK™\šYHXXÚš\İX[Ù]Üˆ^ÛYH]œ›ÛHHX›XÈZ[‚˜\ÜÙ]Ëİ^\™\Ëİ^\™\×İÙX˜\ÜÚÙ[[Û‹Ü›ÙÙÙ[œ›ÛKÜÜš]K\Ú[Kœ™Ë\ÜÙ]Ëİ^\™\Ëİ^\™\×İÙX˜\ÜÚÙ[[Û‹œ™ËÎMËÍYNØØXØÍY˜ÍÌ™Œ˜ŒÙXØ™Y™LŒLÍMX™NLXŒÙÍM›İXÛX\™Y˜[ÙK™\šYHXXÚš\İX[Ù]Üˆ^ÛYH]œ›ÛHHX›XÈZ[‚˜\ÜÙ]Ëİ^\™\Ëİ^\™\×İÙX˜\ÜÚÙ[[Û‹Ü›ÙÙÙ[œ›ÛKÜÜš]Kœ™Ë\ÜÙ]Ëİ^\™\Ëİ^\™\×İÙX˜\ÜÚÙ[[Û‹œ™ËÎNMXÎÌ˜™XÎMÌÌXXÌXMMXÌMÎMÍÎY™ÌMØÍ˜ÌÎÍMÍÎYXÙX™›İXÛX\™Y˜[ÙK™\šYHXXÚš\İX[Ù]Üˆ^ÛYH]œ›ÛHHX›XÈZ[‚˜\ÜÙ]Ëİ^\™\Ëİ^\™\×İÙX˜\ÜÚÙ[[Û‹Ü›ÛXÛÛKÛXZ[‹\Ú[KÙXœ\ÜÙ]Ëİ^\™\Ëİ^\™\×İÙX˜\ÜÚÙ[[Û‹ÙXœŒÍL‹YLYMÌMÎMLNÙY™NY™NÙY™LÎXMÙ™XXY™Y˜ÎNMØXYNK›İXÛX\™Y˜[ÙK™\šYHXXÚš\İX[Ù]Üˆ^ÛYH]œ›ÛHHX›XÈZ[‚˜\ÜÙ]Ëİ^\™\Ëİ^\™\×İÙX˜\ÜÚÙ[[Û‹Ü›ÛXÛÛKÛXZ[‹ÙXœ\ÜÙ]Ëİ^\™\Ëİ^\™\×İÙX˜\ÜÚÙ[[Û‹ÙXœÎMÍØŒMØLŒ™LM™˜ÍMYŒÙLÍÍ™YLÙŒMLYMNXYX˜˜˜ŒÌNYØ™ŒŒÌK›İXÛX\™Y˜[ÙK™\šYHXXÚš\İX[Ù]Üˆ^ÛYH]œ›ÛHHX›XÈZ[‚˜\ÜÙ]Ëİ^\™\Ëİ^\™\×İÙX˜\ÜÚÙ[[Û‹Ü›ÛXÛÛKÜÜš]K\Ú[Kœ™Ë\ÜÙ]Ëİ^\™\Ëİ^\™\×İÙX˜\ÜÚÙ[[Û‹œ™ËMÎKÌYY™NL™ÎL™Y˜Î™M˜™LYŒÌMÍÙY™XŒ˜ÎYMŒÌXÙ˜YÍNN›İXÛX\™Y˜[ÙK™\šYHXXÚš\İX[Ù]Üˆ^ÛYH]œ›ÛHHX›XÈZ[‚˜\ÜÙ]Ëİ^\™\Ëİ^\™\×İÙX˜\ÜÚÙ[[Û‹Ü›ÛXÛÛKÜÜš]Kœ™Ë\ÜÙ]Ëİ^\™\Ëİ^\™\×İÙX˜\ÜÚÙ[[Û‹œ™ËMÎK™™MLÙLØNÎLLÙMNÙX™L˜Y˜ŒLÎYŒÎNÙLÍY˜MØYLY‹›İXÛX\™Y˜[ÙK™\šYHXXÚš\İX[Ù]Üˆ^ÛYH]œ›ÛHHX›XÈZ[‚˜\ÜÙ]Ëİ^\™\Ëİ^\™\×İÙX˜\ÜÚÙ[[Û‹Ü›ÛÚÚYYKÛXZ[‹\Ú[KÙXœ\ÜÙ]Ëİ^\™\Ëİ^\™\×İÙX˜\ÜÚÙ[[Û‹ÙXœÌLMMÌMMÍMXMX˜YXLMÌ˜LLÎYÌ™™MLŒXØÙ™LLÎY˜NX™LØX˜™™Ø‹›İXÛX\™Y˜[ÙK™\šYHXXÚš\İX[Ù]Üˆ^ÛYH]œ›ÛHHX›XÈZ[‚˜\ÜÙ]Ëİ^\™\Ëİ^\™\×İÙX˜\ÜÚÙ[[Û‹Ü›ÛÚÚYYKÛXZ[‹ÙXœ\ÜÙ]Ëİ^\™\Ëİ^\™\×İÙX˜\ÜÚÙ[[Û‹ÙXœLM™ŒYYXŒÙY™YÎXÍŒ˜XŒÌŒYMÍØÍYÎÌYNØX˜NYLŒXŒ™Î›İXÛX\™Y˜[ÙK™\šYHXXÚš\İX[Ù]Üˆ^ÛYH]œ›ÛHHX›XÈZ[‚˜\ÜÙ]Ëİ^\™\Ëİ^\™\×İÙX˜\ÜÚÙ[[Û‹Ü›ÛÚÚYYKÜÜš]K\Ú[Kœ™Ë\ÜÙ]Ëİ^\™\Ëİ^\™\×İÙX˜\ÜÚÙ[[Û‹œ™ËLMKÍØÙ˜Ì™YX˜ÙŒØYM™LX™™XMM˜Ì˜LXØ˜MÎMMNŒÍŒ™NK›İXÛX\™Y˜[ÙK™\šYHXXÚš\İX[Ù]Üˆ^ÛYH]œ›ÛHHX›XÈZ[‚˜\ÜÙ]Ëİ^\™\Ëİ^\™\×İÙX˜\ÜÚÙ[[Û‹Ü›ÛÚÚYYKÜÜš]Kœ™Ë\ÜÙ]Ëİ^\™\Ëİ^\™\×İÙX˜\ÜÚÙ[[Û‹œ™ËLMKXLÌMÌNM˜ØXXXXÍLMÍ™ŒNÌÙØLLMXNMYLŒÍ˜ŒNØLÌÌÌLÌ›İXÛX\™Y˜[ÙK™\šYHXXÚš\İX[Ù]Üˆ^ÛYH]œ›ÛHHX›XÈZ[‚˜\ÜÙ]Ëİ^\™\Ëİ^\™\×İÙX˜\ÜÚÙ[[Û‹Ü›ÜÙ[XKÛXZ[‹\Ú[KÙXœ\ÜÙ]Ëİ^\™\Ëİ^\™\×İÙX˜\ÜÚÙ[[Û‹ÙXœ‹LNØÎLÍLÌŒ™MNMØÌÙMNXÌÍYY˜YNXNXYLØŒYMÌ™LY˜™ÙNK›İXÛX\™Y˜[ÙK™\šYHXXÚš\İX[Ù]Üˆ^ÛYH]œ›ÛHHX›XÈZ[‚˜\ÜÙ]Ëİ^\™\Ëİ^\™\×İÙX˜\ÜÚÙ[[Û‹Ü›ÜÙ[XKÛXZ[‹ÙXœ\ÜÙ]Ëİ^\™\Ëİ^\™\×İÙX˜\ÜÚÙ[[Û‹ÙXœÍNYLXÙŒØŒØÌÍ™NÎÎ™XØLÍ™X™LØŒYMÎLL™M™MŒÌÌÍÎLÙNLXÍMÙ‹›İXÛX\™Y˜[ÙK™\šYHXXÚš\İX[Ù]Üˆ^ÛYH]œ›ÛHHX›XÈZ[‚˜\ÜÙ]Ëİ^\™\Ëİ^\™\×İÙX˜\ÜÚÙ[[Û‹Ü›ÜÙ[XKÜÜš]K\Ú[Kœ™Ë\ÜÙ]Ëİ^\™\Ëİ^\™\×İÙX˜\ÜÚÙ[[Û‹œ™ËÌMÙNNMÙÍÎØM™XÍLYM™™˜Ø™YYMØ™LMØÍLÍÙXM™LŒL˜Í›İXÛX\™Y˜[ÙK™\šYHXXÚš\İX[Ù]Üˆ^ÛYH]œ›ÛHHX›XÈZ[‚˜\ÜÙ]Ëİ^\™\Ëİ^\™\×İÙX˜\ÜÚÙ[[Û‹Ü›ÜÙ[XKÜÜš]Kœ™Ë\ÜÙ]Ëİ^\™\Ëİ^\™\×İÙX˜\ÜÚÙ[[Û‹œ™ËÌKMNYXÍÍLNXNÍNL˜ÙMMLY™˜ÎLŒŒ™˜YXÍYLK›İXÛX\™Y˜[ÙK™\šYHXXÚš\İX[Ù]Üˆ^ÛYH]œ›ÛHHX›XÈZ[‚˜\ÜÙ]Ëİ^\™\Ëİ^\™\×İÙX˜\ÜÚÙ[[Û‹Ü›ÜÙ\˜YKÛXZ[‹\Ú[KÙXœ\ÜÙ]Ëİ^\™\Ëİ^\™\×İÙX˜\ÜÚÙ[[Û‹ÙXœÌŒÌŒÙMÌŒYŒLLÙXMÙÙLÙŒXŒYYXŒLXØÍ˜˜ÙYMÙNMÙMÌMLXË›İXÛX\™Y˜[ÙK™\šYHXXÚš\İX[Ù]Üˆ^ÛYH]œ›ÛHHX›XÈZ[‚˜\ÜÙ]Ëİ^\™\Ëİ^\™\×İÙX˜\ÜÚÙ[[Û‹Ü›ÜÙ\˜YKÛXZ[‹ÙXœ\ÜÙ]Ëİ^\™\Ëİ^\™\×İÙX˜\ÜÚÙ[[Û‹ÙXœŒNYX™LLŒÌÎLŒY˜XMŒŒYÎNNM˜ÌXÍÌÌŒ˜ÌÙMŒNÌÙ™ØXLLYL™‹›İXÛX\™Y˜[ÙK™\šYHXXÚš\İX[Ù]Üˆ^ÛYH]œ›ÛHHX›XÈZ[‚˜\ÜÙ]Ëİ^\™\Ëİ^\™\×İÙX˜\ÜÚÙ[[Û‹Ü›ÜÙ\˜YKÜÜš]K\Ú[Kœ™Ë\ÜÙ]Ëİ^\™\Ëİ^\™\×İÙX˜\ÜÚÙ[[Û‹œ™ËLKÍØØMY˜MMÍØMY˜X˜LMÌ™™N˜ÙX˜MØ™YNYMÎM™XMLÍÌNK›İXÛX\™Y˜[ÙK™\šYHXXÚš\İX[Ù]Üˆ^ÛYH]œ›ÛHHX›XÈZ[‚˜\ÜÙ]Ëİ^\™\Ëİ^\™\×İÙX˜\ÜÚÙ[[Û‹Ü›ÜÙ\˜YKÜÜš]Kœ™Ë\ÜÙ]Ëİ^\™\Ëİ^\™\×İÙX˜\ÜÚÙ[[Û‹œ™ËLËLŒYNNNÍXÎÎÍX™XÌLMÎX˜˜™YŒÎN™XLMŒÌÌYNÌÍK›İXÛX\™Y˜[ÙK™\šYHXXÚš\İX[Ù]Üˆ^ÛYH]œ›ÛHHX›XÈZ[‚˜\ÜÙ]Ëİ^\™\Ëİ^\™\×İÙX˜\ÜÚÙ[[Û‹Ü›İÛKY˜[‹ÛXZ[‹\Ú[KÙXœ\ÜÙ]Ëİ^\™\Ëİ^\™\×İÙX˜\ÜÚÙ[[Û‹ÙXœÎØNXNXŒÌLLÎYLŒ™ŒÌÍMÍ™ØØMYYXLØÌMY˜XÌÙXYLÌØMÌY‹›İXÛX\™Y˜[ÙK™\šYHXXÚš\İX[Ù]Üˆ^ÛYH]œ›ÛHHX›XÈZ[‚˜\ÜÙ]Ëİ^\™\Ëİ^\™\×İÙX˜\ÜÚÙ[[Û‹Ü›İÛKY˜[‹ÛXZ[‹ÙXœ\ÜÙ]Ëİ^\™\Ëİ^\™\×İÙX˜\ÜÚÙ[[Û‹ÙXœÍMÍÌÍNXÎNMÌYLŒ˜ÌÙLMÍŒÌØMÍ™LŒ˜NLLLYØÎYŒLÍMÌL˜MX™XË›İXÛX\™Y˜[ÙK™\šYHXXÚš\İX[Ù]Üˆ^ÛYH]œ›ÛHHX›XÈZ[‚˜\ÜÙ]Ëİ^\™\Ëİ^\™\×İÙX˜\ÜÚÙ[[Û‹Ü›İÛKY˜[‹ÜÜš]Kœ™Ë\ÜÙ]Ëİ^\™\Ëİ^\™\×İÙX˜\ÜÚÙ[[Û‹œ™ËM‹LMÎNLLÙNØL˜™YLÍÌMÙ™NMÌÌ™YMLMÍÙŒÍMŒLLLNŒÎMÍLŒ™Œ›İXÛX\™Y˜[ÙK™\šYHXXÚš\İX[Ù]Üˆ^ÛYH]œ›ÛHHX›XÈZ[‚˜\ÜÙ]Ëİ^\™\Ëİ^\™\×İÙX˜\ÜÚÙ[[Û‹Ü›İÛKYœ›ÜİÛXZ[‹\Ú[KÙXœ\ÜÙ]Ëİ^\™\Ëİ^\™\×İÙX˜\ÜÚÙ[[Û‹ÙXœÌL‹LMŒ™MÍYŒØLMXÍÌÌLŒMXÌÍYŒLN˜™LLXØ˜X˜XYMNYYNNÍLÙ˜NYŒLË›İXÛX\™Y˜[ÙK™\šYHXXÚš\İX[Ù]Üˆ^ÛYH]œ›ÛHHX›XÈZ[‚˜\ÜÙ]Ëİ^\™\Ëİ^\™\×İÙX˜\ÜÚÙ[[Û‹Ü›İÛKYœ›ÜİÛXZ[‹ÙXœ\ÜÙ]Ëİ^\™\Ëİ^\™\×İÙX˜\ÜÚÙ[[Û‹ÙXœÍÌMŒMÍMXÎYÎYY˜ØMY™ÙXLÙÍXÙÙN˜Ì˜LMÌ™NMŒÍ™˜LØÌLNN‹›İXÛX\™Y˜[ÙK™\šYHXXÚš\İX[Ù]Üˆ^ÛYH]œ›ÛHHX›XÈZ[‚˜\ÜÙ]Ëİ^\™\Ëİ^\™\×İÙX˜\ÜÚÙ[[Û‹Ü›İÛKYœ›ÜİÜÜš]Kœ™Ë\ÜÙ]Ëİ^\™\Ëİ^\™\×İÙX˜\ÜÚÙ[[Û‹œ™ËK™MÙŒ™MØYÙ™ÍÎØLÌXÎNLØØØLYMNMÍMØMÌŒŒÍ™MNK›İXÛX\™Y˜[ÙK™\šYHXXÚš\İX[Ù]Üˆ^ÛYH]œ›ÛHHX›XÈZ[‚˜\ÜÙ]Ëİ^\™\Ëİ^\™\×İÙX˜\ÜÚÙ[[Û‹Ü›İÛKZX]ÛXZ[‹\Ú[KÙXœ\ÜÙ]Ëİ^\™\Ëİ^\™\×İÙX˜\ÜÚÙ[[Û‹ÙXœLÎÎYMÌ˜ÎMØNMLÍMYMLÍLŒÎXMX™™LŒMÍÍÌØM˜™ŒØMXK›İXÛX\™Y˜[ÙK™\šYHXXÚš\İX[Ù]Üˆ^ÛYH]œ›ÛHHX›XÈZ[‚˜\ÜÙ]Ëİ^\™\Ëİ^\™\×İÙX˜\ÜÚÙ[[Û‹Ü›İÛKZX]ÛXZ[‹ÙXœ\ÜÙ]Ëİ^\™\Ëİ^\™\×İÙX˜\ÜÚÙ[[Û‹ÙXœÍÌ˜MNØŒYXŒMMXLM˜ŒŒ™YLMX˜ÌÎY˜XÙÍYM™NNÎMMMK›İXÛX\™Y˜[ÙK™\šYHXXÚš\İX[Ù]Üˆ^ÛYH]œ›ÛHHX›XÈZ[‚˜\ÜÙ]Ëİ^\™\Ëİ^\™\×İÙX˜\ÜÚÙ[[Û‹Ü›İÛKZX]ÜÜš]Kœ™Ë\ÜÙ]Ëİ^\™\Ëİ^\™\×İÙX˜\ÜÚÙ[[Û‹œ™ËÍNKXL™™™XÎLÍÌØNLÎNLM™ÍÙŒÌLÍYXX™ŒXLLMXLXŒM˜Í›İXÛX\™Y˜[ÙK™\šYHXXÚš\İX[Ù]Üˆ^ÛYH]œ›ÛHHX›XÈZ[‚˜\ÜÙ]Ëİ^\™\Ëİ^\™\×İÙX˜\ÜÚÙ[[Û‹Ü›İÛK[[İËÛXZ[‹\Ú[KÙXœ\ÜÙ]Ëİ^\™\Ëİ^\™\×İÙX˜\ÜÚÙ[[Û‹ÙXœÌ‹MM™˜ÍLØØMÍLØ˜XLŒÙMÍXØMŒXÌMÍ™LYŒÙYMØM˜MYXYÍ˜ÍK›İXÛX\™Y˜[ÙK™\šYHXXÚš\İX[Ù]Üˆ^ÛYH]œ›ÛHHX›XÈZ[‚˜\ÜÙ]Ëİ^\™\Ëİ^\™\×İÙX˜\ÜÚÙ[[Û‹Ü›İÛK[[İËÛXZ[‹ÙXœ\ÜÙ]Ëİ^\™\Ëİ^\™\×İÙX˜\ÜÚÙ[[Û‹ÙXœÌL‹ÎXÍXY™L™MÙMXNLÌLÌ˜XÙXÙLÙ™ØL™ŒÙYLXÍNMŒYŒË›İXÛX\™Y˜[ÙK™\šYHXXÚš\İX[Ù]Üˆ^ÛYH]œ›ÛHHX›XÈZ[‚˜\ÜÙ]Ëİ^\™\Ëİ^\™\×İÙX˜\ÜÚÙ[[Û‹Ü›İÛK[[İËÜÜš]Kœ™Ë\ÜÙ]Ëİ^\™\Ëİ^\™\×İÙX˜\ÜÚÙ[[Û‹œ™ËŒMØ˜Œ˜LÎNLÙLŒÙYMYLY™XÍÌYXŒYŒÌØÙYXYNMŒÍ˜XLŒ‹›İXÛX\™Y˜[ÙK™\šYHXXÚš\İX[Ù]Üˆ^ÛYH]œ›ÛHHX›XÈZ[‚˜\ÜÙ]Ëİ^\™\Ëİ^\™\×İÙX˜\ÜÚÙ[[Û‹Ü›İÛK]Ø\ÚÛXZ[‹\Ú[KÙXœ\ÜÙ]Ëİ^\™\Ëİ^\™\×İÙX˜\ÜÚÙ[[Û‹ÙXœML™ŒLØÌYNXÎYXM™YYÍLŒŒ™M˜LŒL™˜Í˜˜ÍÙMÌ˜ŒÎK›İXÛX\™Y˜[ÙK™\šYHXXÚš\İX[Ù]Üˆ^ÛYH]œ›ÛHHX›XÈZ[‚˜\ÜÙ]Ëİ^\™\Ëİ^\™\×İÙX˜\ÜÚÙ[[Û‹Ü›İÛK]Ø\ÚÛXZ[‹ÙXœ\ÜÙ]Ëİ^\™\Ëİ^\™\×İÙX˜\ÜÚÙ[[Û‹ÙXœÎMÌLMNLÎLŒŒLØNYÍMNMÎYYÙ˜Ù˜ÍLØNXLÍ™ŒXØÙÌXÌŒÍÍL™MYLÍË›İXÛX\™Y˜[ÙK™\šYHXXÚš\İX[Ù]Üˆ^ÛYH]œ›ÛHHX›XÈZ[‚˜\ÜÙ]Ëİ^\™\Ëİ^\™\×İÙX˜\ÜÚÙ[[Û‹Ü›İÛK]Ø\ÚÜÜš]Kœ™Ë\ÜÙ]Ëİ^\™\Ëİ^\™\×İÙX˜\ÜÚÙ[[Û‹œ™ËLÎXXÌŒLÌÍÌÍLXÌŒÍYŒ™ŒMNY˜ØØØÌŒ™™MY™LŒŒXÍ›İXÛX\™Y˜[ÙK™\šYHXXÚš\İX[Ù]Üˆ^ÛYH]œ›ÛHHX›XÈZ[‚˜\ÜÙ]Ëİ^\™\Ëİ^\™\×İÙX˜\ÜÚÙ[[Û‹Ü›İÛKÛXZ[‹\Ú[KÙXœ\ÜÙ]Ëİ^\™\Ëİ^\™\×İÙX˜\ÜÚÙ[[Û‹ÙXœLÍLL™XÌÌYMLMNNŒ™ÍLÍØM™ŒMLXÍLÎÙ™™XÎÍÙ˜ŒÍ›İXÛX\™Y˜[ÙK™\šYHXXÚš\İX[Ù]Üˆ^ÛYH]œ›ÛHHX›XÈZ[‚˜\ÜÙ]Ëİ^\™\Ëİ^\™\×İÙX˜\ÜÚÙ[[Û‹Ü›İÛKÛXZ[‹ÙXœ\ÜÙ]Ëİ^\™\Ëİ^\™\×İÙX˜\ÜÚÙ[[Û‹ÙXœLLN‹M˜MÌXM˜L˜M˜™XXMÙYŒYŒÍLXÙMM˜NNYMŒLØYXN˜XË›İXÛX\™Y˜[ÙK™\šYHXXÚš\İX[Ù]Üˆ^ÛYH]œ›ÛHHX›XÈZ[‚˜\ÜÙ]Ëİ^\™\Ëİ^\™\×İÙX˜\ÜÚÙ[[Û‹Ü›İÛKÜÜš]K\Ú[Kœ™Ë\ÜÙ]Ëİ^\™\Ëİ^\™\×İÙX˜\ÜÚÙ[[Û‹œ™ËM‹N˜ÙÙ™XÙ™˜MLÍÍÙ™XŒØÌÌXMNX˜YYYŒ™XØMLMX™Í˜K›İXÛX\™Y˜[ÙK™\šYHXXÚš\İX[Ù]Üˆ^ÛYH]œ›ÛHHX›XÈZ[‚˜\ÜÙ]Ëİ^\™\Ëİ^\™\×İÙX˜\ÜÚÙ[[Û‹Ü›İÛKÜÜš]Kœ™Ë\ÜÙ]Ëİ^\™\Ëİ^\™\×İÙX˜\ÜÚÙ[[Û‹œ™ËMÙLŒLÍÌØYXY˜YŒNNMŒYNXÙNY˜MÍÌLMÍÌ™Œ˜LNN˜K›İXÛX\™Y˜[ÙK™\šYHXXÚš\İX[Ù]Üˆ^ÛYH]œ›ÛHHX›XÈZ[‚˜\ÜÙ]Ëİ^\™\Ëİ^\™\×İÙX˜\ÜÚÙ[[Û‹Ü›İÛ]ÛXZ[‹\Ú[KÙXœ\ÜÙ]Ëİ^\™\Ëİ^\™\×İÙX˜\ÜÚÙ[[Û‹ÙXœÍNMXÙØY™˜ÍYŒ™ÌÍLÙ˜™LØÙYNYMÙ™ÌNMYÍMLÙLË›İXÛX\™Y˜[ÙK™\šYHXXÚš\İX[Ù]Üˆ^ÛYH]œ›ÛHHX›XÈZ[‚˜\ÜÙ]Ëİ^\™\Ëİ^\™\×İÙX˜\ÜÚÙ[[Û‹Ü›İÛ]ÛXZ[‹ÙXœ\ÜÙ]Ëİ^\™\Ëİ^\™\×İÙX˜\ÜÚÙ[[Û‹ÙXœLŒ‹NÙXŒMLÎMØLYLMŒYLMXØ˜M™ŒNMXØÌŒÍŒYYLË›İXÛX\™Y˜[ÙK™\šYHXXÚš\İX[Ù]Üˆ^ÛYH]œ›ÛHHX›XÈZ[‚˜\ÜÙ]Ëİ^\™\Ëİ^\™\×İÙX˜\ÜÚÙ[[Û‹Ü›İÛ]ÜÜš]K\Ú[Kœ™Ë\ÜÙ]Ëİ^\™\Ëİ^\™\×İÙX˜\ÜÚÙ[[Û‹œ™ËLÌÍÎÌYŒXMÎNXØ˜ÙNXÍÍ™™LÍÎMÍÍX™ÎXÌØMŒ™YXÎNXÍÌMÙYMK›İXÛX\™Y˜[ÙK™\šYHXXÚš\İX[Ù]Üˆ^ÛYH]œ›ÛHHX›XÈZ[‚˜\ÜÙ]Ëİ^\™\Ëİ^\™\×İÙX˜\ÜÚÙ[[Û‹Ü›İÛ]ÜÜš]Kœ™Ë\ÜÙ]Ëİ^\™\Ëİ^\™\×İÙX˜\ÜÚÙ[[Û‹œ™ËLKÌYŒ˜ÙNŒÙNŒMŒXNLXLL™L™YMØŒMÎÍX˜ŒÙLÎÍ™ÍÙ˜™YNMË›İXÛX\™Y˜[ÙK™\šYHXXÚš\İX[Ù]Üˆ^ÛYH]œ›ÛHHX›XÈZ[‚˜\ÜÙ]Ëİ^\™\Ëİ^\™\×İÙX˜\ÜÚÙ[[Û‹ÜY™›]ÛXZ[‹\Ú[KÙXœ\ÜÙ]Ëİ^\™\Ëİ^\™\×İÙX˜\ÜÚÙ[[Û‹ÙXœLNLL‹ØMÙNL™M˜NÌÙLYNLŒÎN™MLÌLØ˜ÌÌÙLÌØØMY™Y‹›İXÛX\™Y˜[ÙK™\šYHXXÚš\İX[Ù]Üˆ^ÛYH]œ›ÛHHX›XÈZ[‚˜\ÜÙ]Ëİ^\™\Ëİ^\™\×İÙX˜\ÜÚÙ[[Û‹ÜY™›]ÛXZ[‹ÙXœ\ÜÙ]Ëİ^\™\Ëİ^\™\×İÙX˜\ÜÚÙ[[Û‹ÙXœMŒÍ‹ŒÎMÍ™Y™NY™LNNNXÌL™MÍÌ™YLLYY™YMYLŒÌMÍLÌÙL˜YXNY‹›İXÛX\™Y˜[ÙK™\šYHXXÚš\İX[Ù]Üˆ^ÛYH]œ›ÛHHX›XÈZ[‚˜\ÜÙ]Ëİ^\™\Ëİ^\™\×İÙX˜\ÜÚÙ[[Û‹ÜY™›]ÜÜš]K\Ú[Kœ™Ë\ÜÙ]Ëİ^\™\Ëİ^\™\×İÙX˜\ÜÚÙ[[Û‹œ™ËÍËÙ™X™˜ØÎYN™XŒMMŒ˜X™Œ˜LÎÌ˜ÎMNNMŒŒ˜MÌ‹›İXÛX\™Y˜[ÙK™\šYHXXÚš\İX[Ù]Üˆ^ÛYH]œ›ÛHHX›XÈZ[‚˜\ÜÙ]Ëİ^\™\Ëİ^\™\×İÙX˜\ÜÚÙ[[Û‹ÜY™›]ÜÜš]Kœ™Ë\ÜÙ]Ëİ^\™\Ëİ^\™\×İÙX˜\ÜÚÙ[[Û‹œ™ËÎY˜LYLYMNM˜ÍÙŒLØYŒŒNX™LÌÌØÌ˜Ø˜ÍLÍØÙLÙMX™LŒÌ˜ÙL›İXÛX\™Y˜[ÙK™\šYHXXÚš\İX[Ù]Üˆ^ÛYH]œ›ÛHHX›XÈZ[‚˜\ÜÙ]Ëİ^\™\Ëİ^\™\×İÙX˜\ÜÚÙ[[Û‹Ü[™\šYİ\ËÛXZ[‹\Ú[KÙXœ\ÜÙ]Ëİ^\™\Ëİ^\™\×İÙX˜\ÜÚÙ[[Û‹ÙXœMNL‹MÍÙMÎY˜YŒMÙŒÌØÙŒÍYYLØ™NMÍLMXŒ™ŒÌM˜ÍMØ™‹›İXÛX\™Y˜[ÙK™\šYHXXÚš\İX[Ù]Üˆ^ÛYH]œ›ÛHHX›XÈZ[‚˜\ÜÙ]Ëİ^\™\Ëİ^\™\×İÙX˜\ÜÚÙ[[Û‹Ü[™\šYİ\ËÛXZ[‹ÙXœ\ÜÙ]Ëİ^\™\Ëİ^\™\×İÙX˜\ÜÚÙ[[Û‹ÙXœLÎŒLØÌMÌŒMÙLÙX˜ÙLYŒØÙY™MÍ˜˜XNXL˜™˜ŒØYMLÌÌÍX˜ÌÌ›İXÛX\™Y˜[ÙK™\šYHXXÚš\İX[Ù]Üˆ^ÛYH]œ›ÛHHX›XÈZ[‚˜\ÜÙ]Ëİ^\™\Ëİ^\™\×İÙX˜\ÜÚÙ[[Û‹Ü[™\šYİ\ËÜÜš]K\Ú[Kœ™Ë\ÜÙ]Ëİ^\™\Ëİ^\™\×İÙX˜\ÜÚÙ[[Û‹œ™ËLÌËM™Y˜XYLMYXNM˜LÙ™˜NLÎNLXÌŒM˜ÍÎMÙNMÎYX™LX˜Î™LMX‹›İXÛX\™Y˜[ÙK™\šYHXXÚš\İX[Ù]Üˆ^ÛYH]œ›ÛHHX›XÈZ[‚˜\ÜÙ]Ëİ^\™\Ëİ^\™\×İÙX˜\ÜÚÙ[[Û‹Ü[™\šYİ\ËÜÜš]Kœ™Ë\ÜÙ]Ëİ^\™\Ëİ^\™\×İÙX˜\ÜÚÙ[[Û‹œ™ËNNKXÌØÍØ™MNMÍXXÍÙYŒŒ™˜ŒYŒLMNYMÌÙ˜ÍŒŒŒLMLŒÌÍ˜ØXØ›İXÛX\™Y˜[ÙK™\šYHXXÚš\İX[Ù]Üˆ^ÛYH]œ›ÛHHX›XÈZ[‚˜\ÜÙ]Ëİ^\™\Ëİ^\™\×İÙX˜\ÜÚÙ[[Û‹ÜØX›^YKÛXZ[‹\Ú[KÙXœ\ÜÙ]Ëİ^\™\Ëİ^\™\×İÙX˜\ÜÚÙ[[Û‹ÙXœMNL‹ÙLÙXMÎYYLX˜ŒLXÌMÌÌØÍNM™Y˜™˜˜ØL™Ì™XÍÙNXXLYXK›İXÛX\™Y˜[ÙK™\šYHXXÚš\İX[Ù]Üˆ^ÛYH]œ›ÛHHX›XÈZ[‚˜\ÜÙ]Ëİ^\™\Ëİ^\™\×İÙX˜\ÜÚÙ[[Û‹ÜØX›^YKÛXZ[‹ÙXœ\ÜÙ]Ëİ^\™\Ëİ^\™\×İÙX˜\ÜÚÙ[[Û‹ÙXœÍ™YÙŒXYYŒYN˜Ì˜ŒMÌØÙNXLMÙÍYŒÍ˜ÙXØY˜NYLŒK›İXÛX\™Y˜[ÙK™\šYHXXÚš\İX[Ù]Üˆ^ÛYH]œ›ÛHHX›XÈZ[‚˜\ÜÙ]Ëİ^\™\Ëİ^\™\×İÙX˜\ÜÚÙ[[Û‹ÜØX›^YKÜÜš]K\Ú[Kœ™Ë\ÜÙ]Ëİ^\™\Ëİ^\™\×İÙX˜\ÜÚÙ[[Û‹œ™ËŒÌKŒÌ˜LÎŒ˜LÌXÍ˜M˜™˜ØMÌÍYÍ™˜MØØÙLŒÙ™ÙÍ˜ÌMŒMŒÌMÍXÍØK›İXÛX\™Y˜[ÙK™\šYHXXÚš\İX[Ù]Üˆ^ÛYH]œ›ÛHHX›XÈZ[‚˜\ÜÙ]Ëİ^\™\Ëİ^\™\×İÙX˜\ÜÚÙ[[Û‹ÜØX›^YKÜÜš]Kœ™Ë\ÜÙ]Ëİ^\™\Ëİ^\™\×İÙX˜\ÜÚÙ[[Û‹œ™ËŒNLÌYÎ˜™LÎ™MÙYLÙMMŒXXL™XŒÌNÌŒØÌX˜ŒÍM›İXÛX\™Y˜[ÙK™\šYHXXÚš\İX[Ù]Üˆ^ÛYH]œ›ÛHHX›XÈZ[‚˜\ÜÙ]Ëİ^\™\Ëİ^\™\×İÙX˜\ÜÚÙ[[Û‹ÜØ[[Y[˜ÙKÛXZ[‹\Ú[KÙXœ\ÜÙ]Ëİ^\™\Ëİ^\™\×İÙX˜\ÜÚÙ[[Û‹ÙXœÌLŒ‹LYY™™XÌ™MMÌÍ™NYLÎÙMÌŒÌYYLLMÍŒØMØXYË›İXÛX\™Y˜[ÙK™\šYHXXÚš\İX[Ù]Üˆ^ÛYH]œ›ÛHHX›XÈZ[‚˜\ÜÙ]Ëİ^\™\Ëİ^\™\×İÙX˜\ÜÚÙ[[Û‹ÜØ[[Y[˜ÙKÛXZ[‹ÙXœ\ÜÙ]Ëİ^\™\Ëİ^\™\×İÙX˜\ÜÚÙ[[Û‹ÙXœLÌŒ‹˜XNMÙŒLØY˜LLÍÌŒŒÌMÙ˜ÌÙÎYXÍ˜L™˜XŒÎYM˜Œ™LYLMÍY›İXÛX\™Y˜[ÙK™\šYHXXÚš\İX[Ù]Üˆ^ÛYH]œ›ÛHHX›XÈZ[‚˜\ÜÙ]Ëİ^\™\Ëİ^\™\×İÙX˜\ÜÚÙ[[Û‹ÜØ[[Y[˜ÙKÜÜš]K\Ú[Kœ™Ë\ÜÙ]Ëİ^\™\Ëİ^\™\×İÙX˜\ÜÚÙ[[Û‹œ™ËLŒ™XLÌÙŒMÎ˜Í™L˜ÍXY™YLÍ˜LÙMÌ™LÎMÍÍŒ˜ŒYNXØØXÍË›İXÛX\™Y˜[ÙK™\šYHXXÚš\İX[Ù]Üˆ^ÛYH]œ›ÛHHX›XÈZ[‚˜\ÜÙ]Ëİ^\™\Ëİ^\™\×İÙX˜\ÜÚÙ[[Û‹ÜØ[[Y[˜ÙKÜÜš]Kœ™Ë\ÜÙ]Ëİ^\™\Ëİ^\™\×İÙX˜\ÜÚÙ[[Û‹œ™ËLŒMMYXMM˜ŒØŒŒÌ˜ÙXÌŒLÌŒÎMŒYYXØYÍÌL˜ÍX˜™ŒY™ŒŒ™ÙYLÍ˜Ø‹›İXÛX\™Y˜[ÙK™\šYHXXÚš\İX[Ù]Üˆ^ÛYH]œ›ÛHHX›XÈZ[‚˜\ÜÙ]Ëİ^\™\Ëİ^\™\×İÙX˜\ÜÚÙ[[Û‹ÜØ[[™]ÛXZ[‹\Ú[KÙXœ\ÜÙ]Ëİ^\™\Ëİ^\™\×İÙX˜\ÜÚÙ[[Û‹ÙXœÎMMXYYLLŒÙXØXMÍÎØÌÍYYNÌŒÎNNYXÙXYŒXLŒŒNÙM‹›İXÛX\™Y˜[ÙK™\šYHXXÚš\İX[Ù]Üˆ^ÛYH]œ›ÛHHX›XÈZ[‚˜\ÜÙ]Ëİ^\™\Ëİ^\™\×İÙX˜\ÜÚÙ[[Û‹ÜØ[[™]ÛXZ[‹ÙXœ\ÜÙ]Ëİ^\™\Ëİ^\™\×İÙX˜\ÜÚÙ[[Û‹ÙXœÌMM‹˜M™ŒLXÎLX™ŒÎLLÙÎØÌYÎXMØLN˜YÍÍ˜™™MNØMM™Í˜Ø˜K›İXÛX\™Y˜[ÙK™\šYHXXÚš\İX[Ù]Üˆ^ÛYH]œ›ÛHHX›XÈZ[‚˜\ÜÙ]Ëİ^\™\Ëİ^\™\×İÙX˜\ÜÚÙ[[Û‹ÜØ[[™]ÜÜš]K\Ú[Kœ™Ë\ÜÙ]Ëİ^\™\Ëİ^\™\×İÙX˜\ÜÚÙ[[Û‹œ™ËŒÍ™NMMÍÎŒÍŒÙXLÍØÙÍÍÙLNÍMÌLMØXŒ˜NNLÍÍYÌLÌYMNXMÌ™‹›İXÛX\™Y˜[ÙK™\šYHXXÚš\İX[Ù]Üˆ^ÛYH]œ›ÛHHX›XÈZ[‚˜\ÜÙ]Ëİ^\™\Ëİ^\™\×İÙX˜\ÜÚÙ[[Û‹ÜØ[[™]ÜÜš]Kœ™Ë\ÜÙ]Ëİ^\™\Ëİ^\™\×İÙX˜\ÜÚÙ[[Û‹œ™ËŒÍXÙMLYØ˜YL™™ÌMÎŒLÌÌLXXØ™ÌLÎÌXŒXÌÌLÌ˜Œ™LØÌ™ŒÍ›İXÛX\™Y˜[ÙK™\šYHXXÚš\İX[Ù]Üˆ^ÛYH]œ›ÛHHX›XÈZ[‚˜\ÜÙ]Ëİ^\™\Ëİ^\™\×İÙX˜\ÜÚÙ[[Û‹ÜØ[^›KÛXZ[‹\Ú[KÙXœ\ÜÙ]Ëİ^\™\Ëİ^\™\×İÙX˜\ÜÚÙ[[Û‹ÙXœŒŒŒŒØØ™LÍXŒYX˜ÌÙMMÍYÍLL™N™™LMNLŒLÙ™Y˜ÍÎXXY™MXÍ˜ØÙM›İXÛX\™Y˜[ÙK™\šYHXXÚš\İX[Ù]Üˆ^ÛYH]œ›ÛHHX›XÈZ[‚˜\ÜÙ]Ëİ^\™\Ëİ^\™\×İÙX˜\ÜÚÙ[[Û‹ÜØ[^›KÛXZ[‹ÙXœ\ÜÙ]Ëİ^\™\Ëİ^\™\×İÙX˜\ÜÚÙ[[Û‹ÙXœMÍÍ‹MÍÎ™MØNMÎ™ŒÌYŒMÍÍÍÍŒÙMNXYY™NXÙLMMXØ˜ŒŒŒK›İXÛX\™Y˜[ÙK™\šYHXXÚš\İX[Ù]Üˆ^ÛYH]œ›ÛHHX›XÈZ[‚˜\ÜÙ]Ëİ^\™\Ëİ^\™\×İÙX˜\ÜÚÙ[[Û‹ÜØ[^›KÜÜš]K\Ú[Kœ™Ë\ÜÙ]Ëİ^\™\Ëİ^\™\×İÙX˜\ÜÚÙ[[Û‹œ™ËÎNKXYNŒX˜M˜XLL™YŒÙŒ™LXÍŒY˜ÍŒŒMŒØÍNYMNLØÍË›İXÛX\™Y˜[ÙK™\šYHXXÚš\İX[Ù]Üˆ^ÛYH]œ›ÛHHX›XÈZ[‚˜\ÜÙ]Ëİ^\™\Ëİ^\™\×İÙX˜\ÜÚÙ[[Û‹ÜØ[^›KÜÜš]Kœ™Ë\ÜÙ]Ëİ^\™\Ëİ^\™\×İÙX˜\ÜÚÙ[[Û‹œ™ËÎNKLÙMÌÌ™NYLØMŒNÙXÍÎÎMÍMÌØ™˜˜ŒŒÍŒXÍÌÍNMÌLË›İXÛX\™Y˜[ÙK™\šYHXXÚš\İX[Ù]Üˆ^ÛYH]œ›ÛHHX›XÈZ[‚˜\ÜÙ]Ëİ^\™\Ëİ^\™\×İÙX˜\ÜÚÙ[[Û‹ÜØ[]\›İZ\İZKÛXZ[‹\Ú[KÙXœ\ÜÙ]Ëİ^\™\Ëİ^\™\×İÙX˜\ÜÚÙ[[Û‹ÙXœŒ‹ØÎMNMÌ˜MLØXÙLL˜ØÎLÍYLYŒÍLMÍØ™ØŒ™M˜MMY˜ÌŒ™™M™˜™Œ‹›İXÛX\™Y˜[ÙK™\šYHXXÚš\İX[Ù]Üˆ^ÛYH]œ›ÛHHX›XÈZ[‚˜\ÜÙ]Ëİ^\™\Ëİ^\™\×İÙX˜\ÜÚÙ[[Û‹ÜØ[]\›İZ\İZKÛXZ[‹ÙXœ\ÜÙ]Ëİ^\™\Ëİ^\™\×İÙX˜\ÜÚÙ[[Û‹ÙXœÌÌŒMMÌØØNLXÌØÍ™YMŒLÌLXYLYN˜ŒŒŒYÙŒŒ™˜X™ML˜NXŒÎLÙYŒ›İXÛX\™Y˜[ÙK™\šYHXXÚš\İX[Ù]Üˆ^ÛYH]œ›ÛHHX›XÈZ[‚˜\ÜÙ]Ëİ^\™\Ëİ^\™\×İÙX˜\ÜÚÙ[[Û‹ÜØ[]\›İZ\İZKÜÜš]K\Ú[Kœ™Ë\ÜÙ]Ëİ^\™\Ëİ^\™\×İÙX˜\ÜÚÙ[[Û‹œ™ËMKMÌXLYÍÙŒMÍŒÍ˜Y™ŒÍÍMÙŒX™LMNY™XLÍ˜Ù™™ŒÙŒLM˜LÍL˜Ë›İXÛX\™Y˜[ÙK™\šYHXXÚš\İX[Ù]Üˆ^ÛYH]œ›ÛHHX›XÈZ[‚˜\ÜÙ]Ëİ^\™\Ëİ^\™\×İÙX˜\ÜÚÙ[[Û‹ÜØ[]\›İZ\İZKÜÜš]Kœ™Ë\ÜÙ]Ëİ^\™\Ëİ^\™\×İÙX˜\ÜÚÙ[[Û‹œ™ËLÎLËMŒMŒYYLÍLXÍÙÌØÌMMLŒÌÙXMMMMØMLLØÎLY˜ØÙ›İXÛX\™Y˜[ÙK™\šYHXXÚš\İX[Ù]Üˆ^ÛYH]œ›ÛHHX›XÈZ[‚˜\ÜÙ]Ëİ^\™\Ëİ^\™\×İÙX˜\ÜÚÙ[[Û‹ÜØ[]\›İÛXZ[‹\Ú[KÙXœ\ÜÙ]Ëİ^\™\Ëİ^\™\×İÙX˜\ÜÚÙ[[Û‹ÙXœÍLÎNÍLMXX˜ØÌÍÍLÌLØÙ™MÍØØÎYŒXMÙXYŒŒMLXMÌÌYÍ˜XÌMXX‹›İXÛX\™Y˜[ÙK™\šYHXXÚš\İX[Ù]Üˆ^ÛYH]œ›ÛHHX›XÈZ[‚˜\ÜÙ]Ëİ^\™\Ëİ^\™\×İÙX˜\ÜÚÙ[[Û‹ÜØ[]\›İÛXZ[‹ÙXœ\ÜÙ]Ëİ^\™\Ëİ^\™\×İÙX˜\ÜÚÙ[[Û‹ÙXœMMNNNÎMÍXMŒXŒXÍÙ™MØŒÙ™ŒÎ™ÌY™NMØXØYŒYLNLÌMŒYNLYK›İXÛX\™Y˜[ÙK™\šYHXXÚš\İX[Ù]Üˆ^ÛYH]œ›ÛHHX›XÈZ[‚˜\ÜÙ]Ëİ^\™\Ëİ^\™\×İÙX˜\ÜÚÙ[[Û‹ÜØ[]\›İÜÜš]K\Ú[Kœ™Ë\ÜÙ]Ëİ^\™\Ëİ^\™\×İÙX˜\ÜÚÙ[[Û‹œ™ËLNÙ™YÌYYŒXXÍ˜ÙLYLXÙLÙÍLØÎLŒLÌLXÍLYXØØ™NXMÍMŒË›İXÛX\™Y˜[ÙK™\šYHXXÚš\İX[Ù]Üˆ^ÛYH]œ›ÛHHX›XÈZ[‚˜\ÜÙ]Ëİ^\™\Ëİ^\™\×İÙX˜\ÜÚÙ[[Û‹ÜØ[]\›İÜÜš]Kœ™Ë\ÜÙ]Ëİ^\™\Ëİ^\™\×İÙX˜\ÜÚÙ[[Û‹œ™ËLNË™NYXMØNÙŒÍÙÍXYMXLŒÎNLØLÙMYLØMØMLÌÎMÌNXŒLŒ›İXÛX\™Y˜[ÙK™\šYHXXÚš\İX[Ù]Üˆ^ÛYH]œ›ÛHHX›XÈZ[‚˜\ÜÙ]Ëİ^\™\Ëİ^\™\×İÙX˜\ÜÚÙ[[Û‹ÜØ[™XÛÛ™KÛXZ[‹\Ú[KÙXœ\ÜÙ]Ëİ^\™\Ëİ^\™\×İÙX˜\ÜÚÙ[[Û‹ÙXœŒÍ‹XÌX™XÙÎLMÍÌÍÍX˜LÌ™LXXÍM™ŒYŒLŒMYYL˜LMLÌŒŒ™YYLË›İXÛX\™Y˜[ÙK™\šYHXXÚš\İX[Ù]Üˆ^ÛYH]œ›ÛHHX›XÈZ[‚˜\ÜÙ]Ëİ^\™\Ëİ^\™\×İÙX˜\ÜÚÙ[[Û‹ÜØ[™XÛÛ™KÛXZ[‹ÙXœ\ÜÙ]Ëİ^\™\Ëİ^\™\×İÙX˜\ÜÚÙ[[Û‹ÙXœŒÌ˜LÌÎX™NMÍÌLÍXYXLLÌÍMÙLÌ˜˜Ù™ÌLNYL™MÍY˜ÌØLMŒMLK›İXÛX\™Y˜[ÙK™\šYHXXÚš\İX[Ù]Üˆ^ÛYH]œ›ÛHHX›XÈZ[‚˜\ÜÙ]Ëİ^\™\Ëİ^\™\×İÙX˜\ÜÚÙ[[Û‹ÜØ[™XÛÛ™KÜÜš]K\Ú[Kœ™Ë\ÜÙ]Ëİ^\™\Ëİ^\™\×İÙX˜\ÜÚÙ[[Û‹œ™ËL‹YŒYLMYŒ˜ØXY˜ŒÍÍLÙŒÌÎNLL˜ÌÌXYMÙY˜ŒØÙMXYË›İXÛX\™Y˜[ÙK™\šYHXXÚš\İX[Ù]Üˆ^ÛYH]œ›ÛHHX›XÈZ[‚˜\ÜÙ]Ëİ^\™\Ëİ^\™\×İÙX˜\ÜÚÙ[[Û‹ÜØ[™XÛÛ™KÜÜš]Kœ™Ë\ÜÙ]Ëİ^\™\Ëİ^\™\×İÙX˜\ÜÚÙ[[Û‹œ™ËL‹MÌLNLÌÙÌ˜ÙLÎXÍLÌ˜ÙLYL˜ØŒMX™™˜XÙÙXYMK›İXÛX\™Y˜[ÙK™\šYHXXÚš\İX[Ù]Üˆ^ÛYH]œ›ÛHHX›XÈZ[‚˜\ÜÙ]Ëİ^\™\Ëİ^\™\×İÙX˜\ÜÚÙ[[Û‹ÜØ[™[KÛXZ[‹\Ú[KÙXœ\ÜÙ]Ëİ^\™\Ëİ^\™\×İÙX˜\ÜÚÙ[[Û‹ÙXœÎMŒÌ‹ØŒØÙ˜NLMÍL™˜X˜LLŒÙNXMXLNMŒMÌXÍMŒLMØÍXMXŒM˜ÌŒK›İXÛX\™Y˜[ÙK™\šYHXXÚš\İX[Ù]Üˆ^ÛYH]œ›ÛHHX›XÈZ[‚˜\ÜÙ]Ëİ^\™\Ëİ^\™\×İÙX˜\ÜÚÙ[[Û‹ÜØ[™[KÛXZ[‹ÙXœ\ÜÙ]Ëİ^\™\Ëİ^\™\×İÙX˜\ÜÚÙ[[Û‹ÙXœMŒ‹MØNLXÍL˜ÍŒXXÍØÍÍÎÌXMÍÌX˜YŒŒŒÍ˜ŒÙ˜ØÙNLYXØÍÍØÍË›İXÛX\™Y˜[ÙK™\šYHXXÚš\İX[Ù]Üˆ^ÛYH]œ›ÛHHX›XÈZ[‚˜\ÜÙ]Ëİ^\™\Ëİ^\™\×İÙX˜\ÜÚÙ[[Û‹ÜØ[™[KÜÜš]K\Ú[Kœ™Ë\ÜÙ]Ëİ^\™\Ëİ^\™\×İÙX˜\ÜÚÙ[[Û‹œ™ËLL™LÙŒYLX˜ÙLÌŒŒNMŒ˜˜™ÙLÙL˜Y˜ØØŒNÎXÍ˜ŒMLMÎMNK›İXÛX\™Y˜[ÙK™\šYHXXÚš\İX[Ù]Üˆ^ÛYH]œ›ÛHHX›XÈZ[‚˜\ÜÙ]Ëİ^\™\Ëİ^\™\×İÙX˜\ÜÚÙ[[Û‹ÜØ[™[KÜÜš]Kœ™Ë\ÜÙ]Ëİ^\™\Ëİ^\™\×İÙX˜\ÜÚÙ[[Û‹œ™ËLMYL˜™NYMÍÌŒLMYY™ØØ™™YLXÌNÌÙ™LYLÌŒÍŒML›İXÛX\™Y˜[ÙK™\šYHXXÚš\İX[Ù]Üˆ^ÛYH]œ›ÛHHX›XÈZ[‚˜\ÜÙ]Ëİ^\™\Ëİ^\™\×İÙX˜\ÜÚÙ[[Û‹ÜØ[™Ú™]ËÛXZ[‹\Ú[KÙXœ\ÜÙ]Ëİ^\™\Ëİ^\™\×İÙX˜\ÜÚÙ[[Û‹ÙXœLMNNÌ˜™XÙÌØXMLÍÙÎÙŒÌL˜Œ™LÍÎXLXŒXŒ™YŒ˜LXÌŒØË›İXÛX\™Y˜[ÙK™\šYHXXÚš\İX[Ù]Üˆ^ÛYH]œ›ÛHHX›XÈZ[‚˜\ÜÙ]Ëİ^\™\Ëİ^\™\×İÙX˜\ÜÚÙ[[Û‹ÜØ[™Ú™]ËÛXZ[‹ÙXœ\ÜÙ]Ëİ^\™\Ëİ^\™\×İÙX˜\ÜÚÙ[[Û‹ÙXœLÍÎMYÙ™™MYNLYLŒ˜ØÙXÌŒLLMLØMÌÌ˜ÍŒ˜˜ÍMMÍYMÌY›İXÛX\™Y˜[ÙK™\šYHXXÚš\İX[Ù]Üˆ^ÛYH]œ›ÛHHX›XÈZ[‚˜\ÜÙ]Ëİ^\™\Ëİ^\™\×İÙX˜\ÜÚÙ[[Û‹ÜØ[™Ú™]ËÜÜš]K\Ú[Kœ™Ë\ÜÙ]Ëİ^\™\Ëİ^\™\×İÙX˜\ÜÚÙ[[Û‹œ™ËN‹MML˜ÌŒ™ŒMÍÎMÙ˜MXLLLØMŒLŒMMØLÍÙŒMXØÙ™XÍÎL™M™‹›İXÛX\™Y˜[ÙK™\šYHXXÚš\İX[Ù]Üˆ^ÛYH]œ›ÛHHX›XÈZ[‚˜\ÜÙ]Ëİ^\™\Ëİ^\™\×İÙX˜\ÜÚÙ[[Û‹ÜØ[™Ú™]ËÜÜš]Kœ™Ë\ÜÙ]Ëİ^\™\Ëİ^\™\×İÙX˜\ÜÚÙ[[Û‹œ™ËN‹XL™Í™XÍÙŒYÍLMMNY˜XÙÍÙÙŒÌÌMMŒY™˜ÎXYŒMY‹›İXÛX\™Y˜[ÙK™\šYHXXÚš\İX[Ù]Üˆ^ÛYH]œ›ÛHHX›XÈZ[‚˜\ÜÙ]Ëİ^\™\Ëİ^\™\×İÙX˜\ÜÚÙ[[Û‹ÜØ[™Û\ÚÛXZ[‹\Ú[KÙXœ\ÜÙ]Ëİ^\™\Ëİ^\™\×İÙX˜\ÜÚÙ[[Û‹ÙXœLŒN‹Y˜˜ÌL™™™XLØMÙM™ÍÌXÍÙLML˜XMÍMMŒXŒÌNMNÍÙYXØ›İXÛX\™Y˜[ÙK™\šYHXXÚš\İX[Ù]Üˆ^ÛYH]œ›ÛHHX›XÈZ[‚˜\ÜÙ]Ëİ^\™\Ëİ^\™\×İÙX˜\ÜÚÙ[[Û‹ÜØ[™Û\ÚÛXZ[‹ÙXœ\ÜÙ]Ëİ^\™\Ëİ^\™\×İÙX˜\ÜÚÙ[[Û‹ÙXœLLÌ‹ÌYMÙXXÎL˜ŒÙNLMØNNLLÍMÍ™ÌÌYNNÌXLÌMMÙXNLÎ˜ÎLÍXÍ‹›İXÛX\™Y˜[ÙK™\šYHXXÚš\İX[Ù]Üˆ^ÛYH]œ›ÛHHX›XÈZ[‚˜\ÜÙ]Ëİ^\™\Ëİ^\™\×İÙX˜\ÜÚÙ[[Û‹ÜØ[™Û\ÚÜÜš]K\Ú[Kœ™Ë\ÜÙ]Ëİ^\™\Ëİ^\™\×İÙX˜\ÜÚÙ[[Û‹œ™ËÌ‹MLØ™YŒL™ŒLŒ™NLYXX˜XÙÌ™ŒMÎYXLLMLNMÌXØØÎXË›İXÛX\™Y˜[ÙK™\šYHXXÚš\İX[Ù]Üˆ^ÛYH]œ›ÛHHX›XÈZ[‚˜\ÜÙ]Ëİ^\™\Ëİ^\™\×İÙX˜\ÜÚÙ[[Û‹ÜØ[™Û\ÚÜÜš]Kœ™Ë\ÜÙ]Ëİ^\™\Ëİ^\™\×İÙX˜\ÜÚÙ[[Û‹œ™ËÌKNÍ˜ÙLMÍÍÍM˜LMŒŒÌLXYÎŒØŒ™LÌÍY™LLXLYLM™ÙŒ™NLK›İXÛX\™Y˜[ÙK™\šYHXXÚš\İX[Ù]Üˆ^ÛYH]œ›ÛHHX›XÈZ[‚˜\ÜÙ]Ëİ^\™\Ëİ^\™\×İÙX˜\ÜÚÙ[[Û‹ÜØ[™K\ÚØÚÜËÛXZ[‹\Ú[KÙXœ\ÜÙ]Ëİ^\™\Ëİ^\™\×İÙX˜\ÜÚÙ[[Û‹ÙXœMLNÍ™ŒYŒXYŒŒL™ŒŒÙÌØNX˜ÌÌ˜™ŒM™M˜NMŒMÎÎNMÌLÎN›İXÛX\™Y˜[ÙK™\šYHXXÚš\İX[Ù]Üˆ^ÛYH]œ›ÛHHX›XÈZ[‚˜\ÜÙ]Ëİ^\™\Ëİ^\™\×İÙX˜\ÜÚÙ[[Û‹ÜØ[™K\ÚØÚÜËÛXZ[‹ÙXœ\ÜÙ]Ëİ^\™\Ëİ^\™\×İÙX˜\ÜÚÙ[[Û‹ÙXœMŒM‹YÙLØØØŒ˜NÍŒYŒLXÍLÙMXÙM™™™˜MÎÌÌÍÍY˜ØYMNM˜MÍXË›İXÛX\™Y˜[ÙK™\šYHXXÚš\İX[Ù]Üˆ^ÛYH]œ›ÛHHX›XÈZ[‚˜\ÜÙ]Ëİ^\™\Ëİ^\™\×İÙX˜\ÜÚÙ[[Û‹ÜØ[™K\ÚØÚÜËÜÜš]K\Ú[Kœ™Ë\ÜÙ]Ëİ^\™\Ëİ^\™\×İÙX˜\ÜÚÙ[[Û‹œ™ËÌMKÍMÙMYÙŒ˜NLÌÌŒLX˜MÍYYYLYÌÍØML™˜LÎLŒ˜ŒYLMË›İXÛX\™Y˜[ÙK™\šYHXXÚš\İX[Ù]Üˆ^ÛYH]œ›ÛHHX›XÈZ[‚˜\ÜÙ]Ëİ^\™\Ëİ^\™\×İÙX˜\ÜÚÙ[[Û‹ÜØ[™K\ÚØÚÜËÜÜš]Kœ™Ë\ÜÙ]Ëİ^\™\Ëİ^\™\×İÙX˜\ÜÚÙ[[Û‹œ™ËÌŒËØYÍNYMNYÎYMYLÙÙLNXY™Í™˜LXŒÎÍÙMLLLMN›İXÛX\™Y˜[ÙK™\šYHXXÚš\İX[Ù]Üˆ^ÛYH]œ›ÛHHX›XÈZ[‚˜\ÜÙ]Ëİ^\™\Ëİ^\™\×İÙX˜\ÜÚÙ[[Û‹ÜØ[™YØ\İÛXZ[‹\Ú[KÙXœ\ÜÙ]Ëİ^\™\Ëİ^\™\×İÙX˜\ÜÚÙ[[Û‹ÙXœÌÌÎM‹LN˜NY™XÌÌ™ÍXÎYNXMŒØ˜M˜ÍÍL˜ÍMŒYØXØÍYÍXYY˜LLÍLÙ˜˜M‹›İXÛX\™Y˜[ÙK™\šYHXXÚš\İX[Ù]Üˆ^ÛYH]œ›ÛHHX›XÈZ[‚˜\ÜÙ]Ëİ^\™\Ëİ^\™\×İÙX˜\ÜÚÙ[[Û‹ÜØ[™YØ\İÛXZ[‹ÙXœ\ÜÙ]Ëİ^\™\Ëİ^\™\×İÙX˜\ÜÚÙ[[Û‹ÙXœLMNYÌ™MÍŒÙYŒ™LÍŒMNXŒYØØÙ™ØÎYŒXXMX˜NØ˜M™™˜MNÍÌÌØÌÌÌ™K›İXÛX\™Y˜[ÙK™\šYHXXÚš\İX[Ù]Üˆ^ÛYH]œ›ÛHHX›XÈZ[‚˜\ÜÙ]Ëİ^\™\Ëİ^\™\×İÙX˜\ÜÚÙ[[Û‹ÜØ[™YØ\İÜÜš]K\Ú[Kœ™Ë\ÜÙ]Ëİ^\™\Ëİ^\™\×İÙX˜\ÜÚÙ[[Û‹œ™ËËYØÌY™YŒLØY™˜YŒ™MŒXÌXÌÍMÍÙŒÙŒMÍXLÌÌÍŒÍK›İXÛX\™Y˜[ÙK™\šYHXXÚš\İX[Ù]Üˆ^ÛYH]œ›ÛHHX›XÈZ[‚˜\ÜÙ]Ëİ^\™\Ëİ^\™\×İÙX˜\ÜÚÙ[[Û‹ÜØ[™YØ\İÜÜš]Kœ™Ë\ÜÙ]Ëİ^\™\Ëİ^\™\×İÙX˜\ÜÚÙ[[Û‹œ™Ë‹˜˜LÎXÍÎXÍLÍYXÎLXYXÌ™˜ÎÙŒŒÌŒØÍNXÎÍLÍLÌ™ŒL˜ØÌÎ›İXÛX\™Y˜[ÙK™\šYHXXÚš\İX[Ù]Üˆ^ÛYH]œ›ÛHHX›XÈZ[‚˜\ÜÙ]Ëİ^\™\Ëİ^\™\×İÙX˜\ÜÚÙ[[Û‹ÜØ]ÚËÛXZ[‹\Ú[KÙXœ\ÜÙ]Ëİ^\™\Ëİ^\™\×İÙX˜\ÜÚÙ[[Û‹ÙXœLÌMÎLÌM™™™XMNLŒÍÌ˜™Œ™ŒNLLMÎMMÙ˜˜ÌMÍÌYXÌÙNNML˜YYYXLË›İXÛX\™Y˜[ÙK™\šYHXXÚš\İX[Ù]Üˆ^ÛYH]œ›ÛHHX›XÈZ[‚˜\ÜÙ]Ëİ^\™\Ëİ^\™\×İÙX˜\ÜÚÙ[[Û‹ÜØ]ÚËÛXZ[‹ÙXœ\ÜÙ]Ëİ^\™\Ëİ^\™\×İÙX˜\ÜÚÙ[[Û‹ÙXœNÌLYXÍY™ŒÌŒ˜MŒŒLÙMLÌÎYŒXMÙMŒ˜ÙXÌÌNMÙ™L™K›İXÛX\™Y˜[ÙK™\šYHXXÚš\İX[Ù]Üˆ^ÛYH]œ›ÛHHX›XÈZ[‚˜\ÜÙ]Ëİ^\™\Ëİ^\™\×İÙX˜\ÜÚÙ[[Û‹ÜØ]ÚËÜÜš]K\Ú[Kœ™Ë\ÜÙ]Ëİ^\™\Ëİ^\™\×İÙX˜\ÜÚÙ[[Û‹œ™ËMMXY˜MŒÌMÙNYY˜™ŒMÍLØLL™L˜MÙX™ÌLÌ˜ÎLŒXXØM™ŒY˜ŒÍLŒË›İXÛX\™Y˜[ÙK™\šYHXXÚš\İX[Ù]Üˆ^ÛYH]œ›ÛHHX›XÈZ[‚˜\ÜÙ]Ëİ^\™\Ëİ^\™\×İÙX˜\ÜÚÙ[[Û‹ÜØ]ÚËÜÜš]Kœ™Ë\ÜÙ]Ëİ^\™\Ëİ^\™\×İÙX˜\ÜÚÙ[[Û‹œ™ËMLË™˜ÌXYŒ™LLÌNMÙYYŒXMX˜MÌLLŒLLNMŒÌYL™ŒÎŒŒÌŒM˜ÌÎÌYŒ‹›İXÛX\™Y˜[ÙK™\šYHXXÚš\İX[Ù]Üˆ^ÛYH]œ›ÛHHX›XÈZ[‚˜\ÜÙ]Ëİ^\™\Ëİ^\™\×İÙX˜\ÜÚÙ[[Û‹ÜØ]ÜØXÚËÛXZ[‹\Ú[KÙXœ\ÜÙ]Ëİ^\™\Ëİ^\™\×İÙX˜\ÜÚÙ[[Û‹ÙXœNL‹ÍMØLŒY˜Í˜˜ÍØN™LXLM™ŒÌŒÌLŒYØÍYNXŒ˜ØÎYLXÌLØXÌL˜NŒ˜‹›İXÛX\™Y˜[ÙK™\šYHXXÚš\İX[Ù]Üˆ^ÛYH]œ›ÛHHX›XÈZ[‚˜\ÜÙ]Ëİ^\™\Ëİ^\™\×İÙX˜\ÜÚÙ[[Û‹ÜØ]ÜØXÚËÛXZ[‹ÙXœ\ÜÙ]Ëİ^\™\Ëİ^\™\×İÙX˜\ÜÚÙ[[Û‹ÙXœ‹XÍÎXÍŒŒÍLÍ˜LÌ™YŒY˜LYMXYXL™XYXÙYL˜ÌY™ÍLØ‹›İXÛX\™Y˜[ÙK™\šYHXXÚš\İX[Ù]Üˆ^ÛYH]œ›ÛHHX›XÈZ[‚˜\ÜÙ]Ëİ^\™\Ëİ^\™\×İÙX˜\ÜÚÙ[[Û‹ÜØ]ÜØXÚËÜÜš]K\Ú[Kœ™Ë\ÜÙ]Ëİ^\™\Ëİ^\™\×İÙX˜\ÜÚÙ[[Û‹œ™ËLKŒŒYXMØŒÌÍXMXØŒ™ŒÙ™YLYŒMÎNYÙMÌ™™˜ŒLŒŒXYŒMML›İXÛX\™Y˜[ÙK™\šYHXXÚš\İX[Ù]Üˆ^ÛYH]œ›ÛHHX›XÈZ[‚˜\ÜÙ]Ëİ^\™\Ëİ^\™\×İÙX˜\ÜÚÙ[[Û‹ÜØ]ÜØXÚËÜÜš]Kœ™Ë\ÜÙ]Ëİ^\™\Ëİ^\™\×İÙX˜\ÜÚÙ[[Û‹œ™ËËLMYNYMŒ™YŒMÌØÎLØ˜ÌLÎÍÍÍŒLŒÍÍÍ™N™YŒÙ™L˜LÎK›İXÛX\™Y˜[ÙK™\šYHXXÚš\İX[Ù]Üˆ^ÛYH]œ›ÛHHX›XÈZ[‚˜\ÜÙ]Ëİ^\™\Ëİ^\™\×İÙX˜\ÜÚÙ[[Û‹ÜØØ]\˜YËÛXZ[‹\Ú[KÙXœ\ÜÙ]Ëİ^\™\Ëİ^\™\×İÙX˜\ÜÚÙ[[Û‹ÙXœÍMLŒÍMÌNMLMLYYMÌMY™ŒXN™LÍXÎÍXÌYYYL˜LMÌÎNMÌNNXYLË›İXÛX\™Y˜[ÙK™\šYHXXÚš\İX[Ù]Üˆ^ÛYH]œ›ÛHHX›XÈZ[‚˜\ÜÙ]Ëİ^\™\Ëİ^\™\×İÙX˜\ÜÚÙ[[Û‹ÜØØ]\˜YËÛXZ[‹ÙXœ\ÜÙ]Ëİ^\™\Ëİ^\™\×İÙX˜\ÜÚÙ[[Û‹ÙXœLÌÌÙ˜ÙYLŒ˜™ŒXYXŒNØYMÙ™LXNMYMLL˜ÎÍØ˜Ù˜MYYŒØLLË›İXÛX\™Y˜[ÙK™\šYHXXÚš\İX[Ù]Üˆ^ÛYH]œ›ÛHHX›XÈZ[‚˜\ÜÙ]Ëİ^\™\Ëİ^\™\×İÙX˜\ÜÚÙ[[Û‹ÜØØ]\˜YËÜÜš]K\Ú[Kœ™Ë\ÜÙ]Ëİ^\™\Ëİ^\™\×İÙX˜\ÜÚÙ[[Û‹œ™ËËYMX™ŒŒÌÌM˜XXNØYMLXMÙŒÌÌŒYXŒNNYYYYÙLŒÍNMMÌMMM›İXÛX\™Y˜[ÙK™\šYHXXÚš\İX[Ù]Üˆ^ÛYH]œ›ÛHHX›XÈZ[‚˜\ÜÙ]Ëİ^\™\Ëİ^\™\×İÙX˜\ÜÚÙ[[Û‹ÜØØ]\˜YËÜÜš]Kœ™Ë\ÜÙ]Ëİ^\™\Ëİ^\™\×İÙX˜\ÜÚÙ[[Û‹œ™ËËMÙMØ™ŒŒXŒNMÌMÌÎXÙXŒŒYÌLMMÎ™˜MŒY˜L™™YŒ™LMK›İXÛX\™Y˜[ÙK™\šYHXXÚš\İX[Ù]Üˆ^ÛYH]œ›ÛHHX›XÈZ[‚˜\ÜÙ]Ëİ^\™\Ëİ^\™\×İÙX˜\ÜÚÙ[[Û‹ÜØÙ\[KÛXZ[‹\Ú[KÙXœ\ÜÙ]Ëİ^\™\Ëİ^\™\×İÙX˜\ÜÚÙ[[Û‹ÙXœLLÍ‹ÎÍŒØÍÍ™˜ÎY˜MM™˜LLØLMÍÌŒ˜ØMÌYÌMÍÌNMÍÍÌÌMÎMÙ˜ÎL˜Ë›İXÛX\™Y˜[ÙK™\šYHXXÚš\İX[Ù]Üˆ^ÛYH]œ›ÛHHX›XÈZ[‚˜\ÜÙ]Ëİ^\™\Ëİ^\™\×İÙX˜\ÜÚÙ[[Û‹ÜØÙ\[KÛXZ[‹ÙXœ\ÜÙ]Ëİ^\™\Ëİ^\™\×İÙX˜\ÜÚÙ[[Û‹ÙXœMÎMLLÎXXÌÌXØYLLÙLÌMYØNNŒLMX˜ÍÎYŒYMMLL˜ÎL™LØLXLÎ›İXÛX\™Y˜[ÙK™\šYHXXÚš\İX[Ù]Üˆ^ÛYH]œ›ÛHHX›XÈZ[‚˜\ÜÙ]Ëİ^\™\Ëİ^\™\×İÙX˜\ÜÚÙ[[Û‹ÜØÙ\[KÜÜš]K\Ú[Kœ™Ë\ÜÙ]Ëİ^\™\Ëİ^\™\×İÙX˜\ÜÚÙ[[Û‹œ™ËLKNNYMÌNMYLYŒØMLÍXØÙ™LMX˜YÍ™YØŒY˜ØYL™ML˜ŒYŒ‹›İXÛX\™Y˜[ÙK™\šYHXXÚš\İX[Ù]Üˆ^ÛYH]œ›ÛHHX›XÈZ[‚˜\ÜÙ]Ëİ^\™\Ëİ^\™\×İÙX˜\ÜÚÙ[[Û‹ÜØÙ\[KÜÜš]Kœ™Ë\ÜÙ]Ëİ^\™\Ëİ^\™\×İÙX˜\ÜÚÙ[[Û‹œ™ËLL‹˜L˜LÙLLÌ™MMÍŒÎMÍ˜Ø˜ÌXXYÍÍMX˜MÍÙMNŒÍ‹›İXÛX\™Y˜[ÙK™\šYHXXÚš\İX[Ù]Üˆ^ÛYH]œ›ÛHHX›XÈZ[‚˜\ÜÙ]Ëİ^\™\Ëİ^\™\×İÙX˜\ÜÚÙ[[Û‹ÜØÚ^›Ü‹ÛXZ[‹\Ú[KÙXœ\ÜÙ]Ëİ^\™\Ëİ^\™\×İÙX˜\ÜÚÙ[[Û‹ÙXœXÍXX™YMÍ™ÌNÙŒXÙŒØŒMXØÍL˜ÍMMLÌXNLÙÎY™ÌŒY™YM˜ŒØK›İXÛX\™Y˜[ÙK™\šYHXXÚš\İX[Ù]Üˆ^ÛYH]œ›ÛHHX›XÈZ[‚˜\ÜÙ]Ëİ^\™\Ëİ^\™\×İÙX˜\ÜÚÙ[[Û‹ÜØÚ^›Ü‹ÛXZ[‹ÙXœ\ÜÙ]Ëİ^\™\Ëİ^\™\×İÙX˜\ÜÚÙ[[Û‹ÙXœMM˜YÍYXM™˜ŒY˜™ÍXŒNY˜Œ˜MLÙXÙÍŒÌ˜MMØÙ™XŒ™™Œ‹›İXÛX\™Y˜[ÙK™\šYHXXÚš\İX[Ù]Üˆ^ÛYH]œ›ÛHHX›XÈZ[‚˜\ÜÙ]Ëİ^\™\Ëİ^\™\×İÙX˜\ÜÚÙ[[Û‹ÜØÚ^›Ü‹ÜÜš]K\Ú[Kœ™Ë\ÜÙ]Ëİ^\™\Ëİ^\™\×İÙX˜\ÜÚÙ[[Û‹œ™ËL‹Í™M˜Y˜˜YLNNL™NM™XNYLÙL™MÌX™LMXÌŒŒÍNMÍMXØŒÎÙ‹›İXÛX\™Y˜[ÙK™\šYHXXÚš\İX[Ù]Üˆ^ÛYH]œ›ÛHHX›XÈZ[‚˜\ÜÙ]Ëİ^\™\Ëİ^\™\×İÙX˜\ÜÚÙ[[Û‹ÜØÚ^›Ü‹ÜÜš]Kœ™Ë\ÜÙ]Ëİ^\™\Ëİ^\™\×İÙX˜\ÜÚÙ[[Û‹œ™ËL‹LLXLŒYMLÍÌÍ˜ŒÎLXÍYM˜NYL˜NYŒLY™XÌÙÌLMLÍYXN™K›İXÛX\™Y˜[ÙK™\šYHXXÚš\İX[Ù]Üˆ^ÛYH]œ›ÛHHX›XÈZ[‚˜\ÜÙ]Ëİ^\™\Ëİ^\™\×İÙX˜\ÜÚÙ[[Û‹ÜØÛÛ\YKÛXZ[‹\Ú[KÙXœ\ÜÙ]Ëİ^\™\Ëİ^\™\×İÙX˜\ÜÚÙ[[Û‹ÙXœLLM˜M˜ÙÌÌŒ™ÍØÙXY™MÌ˜M™YNYÎŒYLYM˜ØÌYLÍ™YYMMŒ˜X‹›İXÛX\™Y˜[ÙK™\šYHXXÚš\İX[Ù]Üˆ^ÛYH]œ›ÛHHX›XÈZ[‚˜\ÜÙ]Ëİ^\™\Ëİ^\™\×İÙX˜\ÜÚÙ[[Û‹ÜØÛÛ\YKÛXZ[‹ÙXœ\ÜÙ]Ëİ^\™\Ëİ^\™\×İÙX˜\ÜÚÙ[[Û‹ÙXœ‹Ù™˜™NM™ŒN˜ÍMŒMYÌXÍMXÌÙXÙLÎXY™MØ™YMYYMMØØ™LK›İXÛX\™Y˜[ÙK™\šYHXXÚš\İX[Ù]Üˆ^ÛYH]œ›ÛHHX›XÈZ[‚˜\ÜÙ]Ëİ^\™\Ëİ^\™\×İÙX˜\ÜÚÙ[[Û‹ÜØÛÛ\YKÜÜš]K\Ú[Kœ™Ë\ÜÙ]Ëİ^\™\Ëİ^\™\×İÙX˜\ÜÚÙ[[Û‹œ™ËLLËNLÌL™™YM™ŒÙM™XÌLLÌMÎ™ØØLXÍXMNŒMØŒØØÌLŒ™XŒXØ‹›İXÛX\™Y˜[ÙK™\šYHXXÚš\İX[Ù]Üˆ^ÛYH]œ›ÛHHX›XÈZ[‚˜\ÜÙ]Ëİ^\™\Ëİ^\™\×İÙX˜\ÜÚÙ[[Û‹ÜØÛÛ\YKÜÜš]Kœ™Ë\ÜÙ]Ëİ^\™\Ëİ^\™\×İÙX˜\ÜÚÙ[[Û‹œ™ËLËÎLMÍLÌÎYXLØL™X™LØÍ˜YŒÍ™LÙL™MÍÙXXØÙ™YÍ‹›İXÛX\™Y˜[ÙK™\šYHXXÚš\İX[Ù]Üˆ^ÛYH]œ›ÛHHX›XÈZ[‚˜\ÜÙ]Ëİ^\™\Ëİ^\™\×İÙX˜\ÜÚÙ[[Û‹ÜØÛÜ˜[›KÛXZ[‹\Ú[KÙXœ\ÜÙ]Ëİ^\™\Ëİ^\™\×İÙX˜\ÜÚÙ[[Û‹ÙXœÍMÍÍMÎNMÍŒÌX˜ŒL™NXXY™Y™˜NYNM˜Ì™˜ÌÍÍLNMÌLÌŒMXÌÌXYMXK›İXÛX\™Y˜[ÙK™\šYHXXÚš\İX[Ù]Üˆ^ÛYH]œ›ÛHHX›XÈZ[‚˜\ÜÙ]Ëİ^\™\Ëİ^\™\×İÙX˜\ÜÚÙ[[Û‹ÜØÛÜ˜[›KÛXZ[‹ÙXœ\ÜÙ]Ëİ^\™\Ëİ^\™\×İÙX˜\ÜÚÙ[[Û‹ÙXœÍÍYYŒÍÍÙÎL˜MYLMMNNMÌŒNÙMÌÙL˜ŒÍLMYYŒ™ŒØYXÌÌLÍL˜MÌÍ›İXÛX\™Y˜[ÙK™\šYHXXÚš\İX[Ù]Üˆ^ÛYH]œ›ÛHHX›XÈZ[‚˜\ÜÙ]Ëİ^\™\Ëİ^\™\×İÙX˜\ÜÚÙ[[Û‹ÜØÛÜ˜[›KÜÜš]K\Ú[Kœ™Ë\ÜÙ]Ëİ^\™\Ëİ^\™\×İÙX˜\ÜÚÙ[[Û‹œ™ËLÍ‹™Y˜Y˜MXYNØÌ™XØØ™X™Y˜LÍXÌMÍÌMXÌYŒLØ˜˜ØÙMM˜ÍØÎ›İXÛX\™Y˜[ÙK™\šYHXXÚš\İX[Ù]Üˆ^ÛYH]œ›ÛHHX›XÈZ[‚˜\ÜÙ]Ëİ^\™\Ëİ^\™\×İÙX˜\ÜÚÙ[[Û‹ÜØÛÜ˜[›KÜÜš]Kœ™Ë\ÜÙ]Ëİ^\™\Ëİ^\™\×İÙX˜\ÜÚÙ[[Û‹œ™ËLÍ‹YXÌÎMŒNÌ˜Í™L˜ÙN™YŒÍÌXŒŒÍNÍYNXLYNÌŒYMNYLÌYY›İXÛX\™Y˜[ÙK™\šYHXXÚš\İX[Ù]Üˆ^ÛYH]œ›ÛHHX›XÈZ[‚˜\ÜÙ]Ëİ^\™\Ëİ^\™\×İÙX˜\ÜÚÙ[[Û‹ÜØÛİš[Z[‹ÛXZ[‹\Ú[KÙXœ\ÜÙ]Ëİ^\™\Ëİ^\™\×İÙX˜\ÜÚÙ[[Û‹ÙXœMLNØÎMÙÌLÌŒLLLŒŒX˜MÌLŒŒÙMØÌÙ™ŒÍLŒNLM˜ŒÍÍYLYŒÙXLØÍ™Ë›İXÛX\™Y˜[ÙK™\šYHXXÚš\İX[Ù]Üˆ^ÛYH]œ›ÛHHX›XÈZ[‚˜\ÜÙ]Ëİ^\™\Ëİ^\™\×İÙX˜\ÜÚÙ[[Û‹ÜØÛİš[Z[‹ÛXZ[‹ÙXœ\ÜÙ]Ëİ^\™\Ëİ^\™\×İÙX˜\ÜÚÙ[[Û‹ÙXœMLŒYŒY˜LML™˜Í™ŒÙX™ŒLØLØÙYYÌÙMLØÌÎY˜ÍXMLÙL™˜ŒÍ‹›İXÛX\™Y˜[ÙK™\šYHXXÚš\İX[Ù]Üˆ^ÛYH]œ›ÛHHX›XÈZ[‚˜\ÜÙ]Ëİ^\™\Ëİ^\™\×İÙX˜\ÜÚÙ[[Û‹ÜØÛİš[Z[‹ÜÜš]K\Ú[Kœ™Ë\ÜÙ]Ëİ^\™\Ëİ^\™\×İÙX˜\ÜÚÙ[[Û‹œ™ËNNN˜ÌMMÙÌLMŒ™ÙLYXŒŒÍ™XÎÙMØÌÙMNNÍYX˜ÌYË›İXÛX\™Y˜[ÙK™\šYHXXÚš\İX[Ù]Üˆ^ÛYH]œ›ÛHHX›XÈZ[‚˜\ÜÙ]Ëİ^\™\Ëİ^\™\×İÙX˜\ÜÚÙ[[Û‹ÜØÛİš[Z[‹ÜÜš]Kœ™Ë\ÜÙ]Ëİ^\™\Ëİ^\™\×İÙX˜\ÜÚÙ[[Û‹œ™ËNNNXXXMÌÍMÌÎNŒÌXYLÙNLÍÌLØ˜Y™˜Ù˜YMYXŒØYŒŒÍNŒÌŒMË›İXÛX\™Y˜[ÙK™\šYHXXÚš\İX[Ù]Üˆ^ÛYH]œ›ÛHHX›XÈZ[‚˜\ÜÙ]Ëİ^\™\Ëİ^\™\×İÙX˜\ÜÚÙ[[Û‹ÜØÜ˜YKÛXZ[‹\Ú[KÙXœ\ÜÙ]Ëİ^\™\Ëİ^\™\×İÙX˜\ÜÚÙ[[Û‹ÙXœÌÎMÙÌØÙX˜Í™™ŒÎXNLLØM™LÙ˜YXÍLYŒYLMLÎXXŒ™ŒÌY™NLLM‹›İXÛX\™Y˜[ÙK™\šYHXXÚš\İX[Ù]Üˆ^ÛYH]œ›ÛHHX›XÈZ[‚˜\ÜÙ]Ëİ^\™\Ëİ^\™\×İÙX˜\ÜÚÙ[[Û‹ÜØÜ˜YKÛXZ[‹ÙXœ\ÜÙ]Ëİ^\™\Ëİ^\™\×İÙX˜\ÜÚÙ[[Û‹ÙXœÍÌLMÎLÍNÍÌMYÎ˜ÍYÍÍÍ™˜MLŒLMÎMLÙŒ˜ÎN™YX˜ÙË›İXÛX\™Y˜[ÙK™\šYHXXÚš\İX[Ù]Üˆ^ÛYH]œ›ÛHHX›XÈZ[‚˜\ÜÙ]Ëİ^\™\Ëİ^\™\×İÙX˜\ÜÚÙ[[Û‹ÜØÜ˜YKÜÜš]K\Ú[Kœ™Ë\ÜÙ]Ëİ^\™\Ëİ^\™\×İÙX˜\ÜÚÙ[[Û‹œ™ËÍÎÍM˜XÌÌMX™™L™™MÌÎXŒMÙMŒYŒMMY™NYXXÌYMNY™X˜X›İXÛX\™Y˜[ÙK™\šYHXXÚš\İX[Ù]Üˆ^ÛYH]œ›ÛHHX›XÈZ[‚˜\ÜÙ]Ëİ^\™\Ëİ^\™\×İÙX˜\ÜÚÙ[[Û‹ÜØÜ˜YKÜÜš]Kœ™Ë\ÜÙ]Ëİ^\™\Ëİ^\™\×İÙX˜\ÜÚÙ[[Û‹œ™ËÍÎ™Œ˜NØXY™NYMMLMMLYÙ™LXYMLŒMY˜NXÌLXØÍXK›İXÛX\™Y˜[ÙK™\šYHXXÚš\İX[Ù]Üˆ^ÛYH]œ›ÛHHX›XÈZ[‚˜\ÜÙ]Ëİ^\™\Ëİ^\™\×İÙX˜\ÜÚÙ[[Û‹ÜØÜ˜YÙŞKÛXZ[‹\Ú[KÙXœ\ÜÙ]Ëİ^\™\Ëİ^\™\×İÙX˜\ÜÚÙ[[Û‹ÙXœÍNML˜LÍXØŒÍL™™˜˜LÍ™˜L˜ÌÎXÍÌ˜MÌŒLX™™MMÎLŒYLŒØÎÍL›İXÛX\™Y˜[ÙK™\šYHXXÚš\İX[Ù]Üˆ^ÛYH]œ›ÛHHX›XÈZ[‚˜\ÜÙ]Ëİ^\™\Ëİ^\™\×İÙX˜\ÜÚÙ[[Û‹ÜØÜ˜YÙŞKÛXZ[‹ÙXœ\ÜÙ]Ëİ^\™\Ëİ^\™\×İÙX˜\ÜÚÙ[[Û‹ÙXœÌŒŒLXLŒYØŒNLL™ŒMLMNLM™™˜ÌNX™M˜˜YLÙŒÍ™ŒL˜™˜ÌXÙ™›İXÛX\™Y˜[ÙK™\šYHXXÚš\İX[Ù]Üˆ^ÛYH]œ›ÛHHX›XÈZ[‚˜\ÜÙ]Ëİ^\™\Ëİ^\™\×İÙX˜\ÜÚÙ[[Û‹ÜØÜ˜YÙŞKÜÜš]K\Ú[Kœ™Ë\ÜÙ]Ëİ^\™\Ëİ^\™\×İÙX˜\ÜÚÙ[[Û‹œ™ËLKL™™™ŒNLNXYNLY™ŒYYMMLÌMNX™˜ÌØÙXL˜˜ÍMÙŒØ™YMÌŒ›İXÛX\™Y˜[ÙK™\šYHXXÚš\İX[Ù]Üˆ^ÛYH]œ›ÛHHX›XÈZ[‚˜\ÜÙ]Ëİ^\™\Ëİ^\™\×İÙX˜\ÜÚÙ[[Û‹ÜØÜ˜YÙŞKÜÜš]Kœ™Ë\ÜÙ]Ëİ^\™\Ëİ^\™\×İÙX˜\ÜÚÙ[[Û‹œ™ËLÌNMÌŒX˜˜NÎ˜ÙLYÍÙØ˜NNL™YLLÙYMÎXÎÎYYÍ˜Ù˜ÍXÍË›İXÛX\™Y˜[ÙK™\šYHXXÚš\İX[Ù]Üˆ^ÛYH]œ›ÛHHX›XÈZ[‚˜\ÜÙ]Ëİ^\™\Ëİ^\™\×İÙX˜\ÜÚÙ[[Û‹ÜØÜ™X[K]Z[ÛXZ[‹\Ú[KÙXœ\ÜÙ]Ëİ^\™\Ëİ^\™\×İÙX˜\ÜÚÙ[[Û‹ÙXœÌLYÍX˜™XÌÙ˜ØÙLØLŒXM˜ØÎMYÍ˜LÍÌÍNLÌ˜Œ™YNYÍMYŒNÌLË›İXÛX\™Y˜[ÙK™\šYHXXÚš\İX[Ù]Üˆ^ÛYH]œ›ÛHHX›XÈZ[‚˜\ÜÙ]Ëİ^\™\Ëİ^\™\×İÙX˜\ÜÚÙ[[Û‹ÜØÜ™X[K]Z[ÛXZ[‹ÙXœ\ÜÙ]Ëİ^\™\Ëİ^\™\×İÙX˜\ÜÚÙ[[Û‹ÙXœÍÍMM‹LLØØØLLX™LÍM˜Ù˜ØØNLÌÌŒ˜NXMLÙX˜˜ŒØ™Œ˜XYŒLÙM˜Ì˜Œ‹›İXÛX\™Y˜[ÙK™\šYHXXÚš\İX[Ù]Üˆ^ÛYH]œ›ÛHHX›XÈZ[‚˜\ÜÙ]Ëİ^\™\Ëİ^\™\×İÙX˜\ÜÚÙ[[Û‹ÜØÜ™X[K]Z[ÜÜš]K\Ú[Kœ™Ë\ÜÙ]Ëİ^\™\Ëİ^\™\×İÙX˜\ÜÚÙ[[Û‹œ™ËŒÌËŒMYNLYNMXMÌ™XŒ˜˜MØYX™ÙNNYMM˜MYMXÌ™ÎMXÎXLŒÌ›İXÛX\™Y˜[ÙK™\šYHXXÚš\İX[Ù]Üˆ^ÛYH]œ›ÛHHX›XÈZ[‚˜\ÜÙ]Ëİ^\™\Ëİ^\™\×İÙX˜\ÜÚÙ[[Û‹ÜØÜ™X[K]Z[ÜÜš]Kœ™Ë\ÜÙ]Ëİ^\™\Ëİ^\™\×İÙX˜\ÜÚÙ[[Û‹œ™ËŒÎKNM™LMNMMNMLÎMÎÙÌ˜ÙXNŒMLÌÍ˜XMØMNM™L˜X‹›İXÛX\™Y˜[ÙK™\šYHXXÚš\İX[Ù]Üˆ^ÛYH]œ›ÛHHX›XÈZ[‚˜\ÜÙ]Ëİ^\™\Ëİ^\™\×İÙX˜\ÜÚÙ[[Û‹ÜØŞ]\‹ÛXZ[‹\Ú[KÙXœ\ÜÙ]Ëİ^\™\Ëİ^\™\×İÙX˜\ÜÚÙ[[Û‹ÙXœMMÍÎXYLNŒÍŒXLÙLÎNYLXLŒYMY˜Ù˜Ì™ØLÌÍLYNLYMÌŒ˜K›İXÛX\™Y˜[ÙK™\šYHXXÚš\İX[Ù]Üˆ^ÛYH]œ›ÛHHX›XÈZ[‚˜\ÜÙ]Ëİ^\™\Ëİ^\™\×İÙX˜\ÜÚÙ[[Û‹ÜØŞ]\‹ÛXZ[‹ÙXœ\ÜÙ]Ëİ^\™\Ëİ^\™\×İÙX˜\ÜÚÙ[[Û‹ÙXœÍ˜Ù™LÙXXŒ˜™YYLXÌXŒÌYX™ÍÙ™NMÌNM˜MÍØ™XŒNYMNYNXLØÌŒK›İXÛX\™Y˜[ÙK™\šYHXXÚš\İX[Ù]Üˆ^ÛYH]œ›ÛHHX›XÈZ[‚˜\ÜÙ]Ëİ^\™\Ëİ^\™\×İÙX˜\ÜÚÙ[[Û‹ÜØŞ]\‹ÜÜš]K\Ú[Kœ™Ë\ÜÙ]Ëİ^\™\Ëİ^\™\×İÙX˜\ÜÚÙ[[Û‹œ™ËÌKØ™XŒÍÎYXÙ˜ØX˜L˜YYŒ˜™ML˜˜ÍYYN™ÌMM˜YYL˜ÍÌÌÍÌÌM‹›İXÛX\™Y˜[ÙK™\šYHXXÚš\İX[Ù]Üˆ^ÛYH]œ›ÛHHX›XÈZ[‚˜\ÜÙ]Ëİ^\™\Ëİ^\™\×İÙX˜\ÜÚÙ[[Û‹ÜØŞ]\‹ÜÜš]Kœ™Ë\ÜÙ]Ëİ^\™\Ëİ^\™\×İÙX˜\ÜÚÙ[[Û‹œ™ËŒ‹™LØŒÌLÍÙNŒLÙŒ˜Ì˜MYNXÎLŒÎÌLYMMYŒYNLMØÍ™™XÎN™XMMÍË›İXÛX\™Y˜[ÙK™\šYHXXÚš\İX[Ù]Üˆ^ÛYH]œ›ÛHHX›XÈZ[‚˜\ÜÙ]Ëİ^\™\Ëİ^\™\×İÙX˜\ÜÚÙ[[Û‹ÜÙXY˜KÛXZ[‹\Ú[KÙXœ\ÜÙ]Ëİ^\™\Ëİ^\™\×İÙX˜\ÜÚÙ[[Û‹ÙXœŒ‹ØNYMØŒLØL™XNÎ˜˜XÌ™ØŒÙ™˜MÎLMYLLX˜LYÙXMÌË›İXÛX\™Y˜[ÙK™\šYHXXÚš\İX[Ù]Üˆ^ÛYH]œ›ÛHHX›XÈZ[‚˜\ÜÙ]Ëİ^\™\Ëİ^\™\×İÙX˜\ÜÚÙ[[Û‹ÜÙXY˜KÛXZ[‹ÙXœ\ÜÙ]Ëİ^\™\Ëİ^\™\×İÙX˜\ÜÚÙ[[Û‹ÙXœŒLÍMÙ˜MXÍNLÍŒÌŒŒNÙÍÌ™NÌØXY™ŒYLLXÍN™˜Y˜ÌMÎK›İXÛX\™Y˜[ÙK™\šYHXXÚš\İX[Ù]Üˆ^ÛYH]œ›ÛHHX›XÈZ[‚˜\ÜÙ]Ëİ^\™\Ëİ^\™\×İÙX˜\ÜÚÙ[[Û‹ÜÙXY˜KÜÜš]K\Ú[Kœ™Ë\ÜÙ]Ëİ^\™\Ëİ^\™\×İÙX˜\ÜÚÙ[[Û‹œ™ËÌNÍN˜ŒNLÍY˜Ù˜NM™ØN˜˜ØXŒ™˜ÎX™ŒMÙXŒÙ™YÙLM˜ÍK›İXÛX\™Y˜[ÙK™\šYHXXÚš\İX[Ù]Üˆ^ÛYH]œ›ÛHHX›XÈZ[‚˜\ÜÙ]Ëİ^\™\Ëİ^\™\×İÙX˜\ÜÚÙ[[Û‹ÜÙXY˜KÜÜš]Kœ™Ë\ÜÙ]Ëİ^\™\Ëİ^\™\×İÙX˜\ÜÚÙ[[Û‹œ™ËÌNKÎMØLŒ™Œ™LÙXŒŒŒM™NLML˜ÌL˜ÍMLÙÍÌMØØXŒYYË›İXÛX\™Y˜[ÙK™\šYHXXÚš\İX[Ù]Üˆ^ÛYH]œ›ÛHHX›XÈZ[‚˜\ÜÙ]Ëİ^\™\Ëİ^\™\×İÙX˜\ÜÚÙ[[Û‹ÜÙXZÚ[™ËÛXZ[‹\Ú[KÙXœ\ÜÙ]Ëİ^\™\Ëİ^\™\×İÙX˜\ÜÚÙ[[Û‹ÙXœLLÍ‹YYØMÍYMLYYLMŒ˜Ù˜™YNMLNMØX™NML™NMXXNMÌLM˜MK›İXÛX\™Y˜[ÙK™\šYHXXÚš\İX[Ù]Üˆ^ÛYH]œ›ÛHHX›XÈZ[‚˜\ÜÙ]Ëİ^\™\Ëİ^\™\×İÙX˜\ÜÚÙ[[Û‹ÜÙXZÚ[™ËÛXZ[‹ÙXœ\ÜÙ]Ëİ^\™\Ëİ^\™\×İÙX˜\ÜÚÙ[[Û‹ÙXœL‹MØØÙLÍÍY™ŒÌÍÙNŒÍ˜MLÍLMMÙØYML˜ÌÎŒÍMÎÎMK›İXÛX\™Y˜[ÙK™\šYHXXÚš\İX[Ù]Üˆ^ÛYH]œ›ÛHHX›XÈZ[‚˜\ÜÙ]Ëİ^\™\Ëİ^\™\×İÙX˜\ÜÚÙ[[Û‹ÜÙXZÚ[™ËÜÜš]K\Ú[Kœ™Ë\ÜÙ]Ëİ^\™\Ëİ^\™\×İÙX˜\ÜÚÙ[[Û‹œ™ËLŒKÍY™ŒMLØŒÍÙ™MMYÙXÙYŒLYXÙM™L˜YŒÍNM™LMØLŒXÎŒË›İXÛX\™Y˜[ÙK™\šYHXXÚš\İX[Ù]Üˆ^ÛYH]œ›ÛHHX›XÈZ[‚˜\ÜÙ]Ëİ^\™\Ëİ^\™\×İÙX˜\ÜÚÙ[[Û‹ÜÙXZÚ[™ËÜÜš]Kœ™Ë\ÜÙ]Ëİ^\™\Ëİ^\™\×İÙX˜\ÜÚÙ[[Û‹œ™ËLŒKXYÌÎÍNLMŒMYMÎ˜ÙX™ÙY˜ÍXXYŒMØÌÙ™YNNLÙXÌMXMMØÙK›İXÛX\™Y˜[ÙK™\šYHXXÚš\İX[Ù]Üˆ^ÛYH]œ›ÛHHX›XÈZ[‚˜\ÜÙ]Ëİ^\™\Ëİ^\™\×İÙX˜\ÜÚÙ[[Û‹ÜÙX[[ËÛXZ[‹\Ú[KÙXœ\ÜÙ]Ëİ^\™\Ëİ^\™\×İÙX˜\ÜÚÙ[[Û‹ÙXœMÌÍ‹YMŒMÌŒMXÍ™NYYL™˜ÌØNXXMÌNLLÎNX™™™˜™XŒX˜™ÌXË›İXÛX\™Y˜[ÙK™\šYHXXÚš\İX[Ù]Üˆ^ÛYH]œ›ÛHHX›XÈZ[‚˜\ÜÙ]Ëİ^\™\Ëİ^\™\×İÙX˜\ÜÚÙ[[Û‹ÜÙX[[ËÛXZ[‹ÙXœ\ÜÙ]Ëİ^\™\Ëİ^\™\×İÙX˜\ÜÚÙ[[Û‹ÙXœÌLNNÌLŒY˜™ŒLÎNLMM˜MÎMLYÙÌÍÎÍXXØÙØ˜ØÍLÙMLÎMYÙ›İXÛX\™Y˜[ÙK™\šYHXXÚš\İX[Ù]Üˆ^ÛYH]œ›ÛHHX›XÈZ[‚˜\ÜÙ]Ëİ^\™\Ëİ^\™\×İÙX˜\ÜÚÙ[[Û‹ÜÙX[[ËÜÜš]K\Ú[Kœ™Ë\ÜÙ]Ëİ^\™\Ëİ^\™\×İÙX˜\ÜÚÙ[[Û‹œ™ËKØMØ˜ØÎYMØÎNLMLLML˜YMØÌŒÍLŒNLŒŒŒYXYMÍÍØÙNŒXÍ‹›İXÛX\™Y˜[ÙK™\šYHXXÚš\İX[Ù]Üˆ^ÛYH]œ›ÛHHX›XÈZ[‚˜\ÜÙ]Ëİ^\™\Ëİ^\™\×İÙX˜\ÜÚÙ[[Û‹ÜÙX[[ËÜÜš]Kœ™Ë\ÜÙ]Ëİ^\™\Ëİ^\™\×İÙX˜\ÜÚÙ[[Û‹œ™Ë‹NMLÙM˜ÙL˜˜ØXÍL™L™NØØØYM™™MÎÙÌXYMÌXXŒYNL‹›İXÛX\™Y˜[ÙK™\šYHXXÚš\İX[Ù]Üˆ^ÛYH]œ›ÛHHX›XÈZ[‚˜\ÜÙ]Ëİ^\™\Ëİ^\™\×İÙX˜\ÜÚÙ[[Û‹ÜÙYYİÛXZ[‹\Ú[KÙXœ\ÜÙ]Ëİ^\™\Ëİ^\™\×İÙX˜\ÜÚÙ[[Û‹ÙXœLŒÎÌŒÙXÍMMØLXÙÍLØÙLYÎNYŒNLMXÙ˜ÎYYYŒÎLÍXÎMMMMÌMË›İXÛX\™Y˜[ÙK™\šYHXXÚš\İX[Ù]Üˆ^ÛYH]œ›ÛHHX›XÈZ[‚˜\ÜÙ]Ëİ^\™\Ëİ^\™\×İÙX˜\ÜÚÙ[[Û‹ÜÙYYİÛXZ[‹ÙXœ\ÜÙ]Ëİ^\™\Ëİ^\™\×İÙX˜\ÜÚÙ[[Û‹ÙXœÍ‹ŒMÌLŒÌLÎLÍMNMMÙXNLÍŒY™LÙØMŒ˜™MÌL˜™NM˜ÌLYMÍ‹›İXÛX\™Y˜[ÙK™\šYHXXÚš\İX[Ù]Üˆ^ÛYH]œ›ÛHHX›XÈZ[‚˜\ÜÙ]Ëİ^\™\Ëİ^\™\×İÙX˜\ÜÚÙ[[Û‹ÜÙYYİÜÜš]K\Ú[Kœ™Ë\ÜÙ]Ëİ^\™\Ëİ^\™\×İÙX˜\ÜÚÙ[[Û‹œ™ËÌ‹ŒŒÍXLYÙYÌØLÌYÎLÌLÙXX™˜L˜NXÍØÍ˜ÎNÌ˜MNN˜Ë›İXÛX\™Y˜[ÙK™\šYHXXÚš\İX[Ù]Üˆ^ÛYH]œ›ÛHHX›XÈZ[‚˜\ÜÙ]Ëİ^\™\Ëİ^\™\×İÙX˜\ÜÚÙ[[Û‹ÜÙYYİÜÜš]Kœ™Ë\ÜÙ]Ëİ^\™\Ëİ^\™\×İÙX˜\ÜÚÙ[[Û‹œ™ËÍYLYNY˜™Y˜™˜XNY˜ŒÍÍMŒXŒÎX˜ÍX™MÎŒXMÍYLLØ™˜MŒNË›İXÛX\™Y˜[ÙK™\šYHXXÚš\İX[Ù]Üˆ^ÛYH]œ›ÛHHX›XÈZ[‚˜\ÜÙ]Ëİ^\™\Ëİ^\™\×İÙX˜\ÜÚÙ[[Û‹ÜÙY[ÛXZ[‹\Ú[KÙXœ\ÜÙ]Ëİ^\™\Ëİ^\™\×İÙX˜\ÜÚÙ[[Û‹ÙXœMMŒNÎÙÌ˜™ØÌ˜LŒÎMÌ˜ÍÍÙŒXLÌÙ™XØÌMLLÎXMÌLL˜ŒN›İXÛX\™Y˜[ÙK™\šYHXXÚš\İX[Ù]Üˆ^ÛYH]œ›ÛHHX›XÈZ[‚˜\ÜÙ]Ëİ^\™\Ëİ^\™\×İÙX˜\ÜÚÙ[[Û‹ÜÙY[ÛXZ[‹ÙXœ\ÜÙ]Ëİ^\™\Ëİ^\™\×İÙX˜\ÜÚÙ[[Û‹ÙXœNM‹ÍØXÌÎÍØYMÙLØNMYŒ˜ÙŒYLYÎLL˜ÍÍMM˜XYXYŒÙ™MÙMMØ™X‹›İXÛX\™Y˜[ÙK™\šYHXXÚš\İX[Ù]Üˆ^ÛYH]œ›ÛHHX›XÈZ[‚˜\ÜÙ]Ëİ^\™\Ëİ^\™\×İÙX˜\ÜÚÙ[[Û‹ÜÙY[ÜÜš]K\Ú[Kœ™Ë\ÜÙ]Ëİ^\™\Ëİ^\™\×İÙX˜\ÜÚÙ[[Û‹œ™ËÍ‹ÌYY˜ŒMÙMLNN˜LM˜Ø™™YYLLØLNYYMÎYMMXÍÍNYK›İXÛX\™Y˜[ÙK™\šYHXXÚš\İX[Ù]Üˆ^ÛYH]œ›ÛHHX›XÈZ[‚˜\ÜÙ]Ëİ^\™\Ëİ^\™\×İÙX˜\ÜÚÙ[[Û‹ÜÙY[ÜÜš]Kœ™Ë\ÜÙ]Ëİ^\™\Ëİ^\™\×İÙX˜\ÜÚÙ[[Û‹œ™ËÍ‹™MXÌNNXŒŒ™˜ÍÙŒX™ŒYXLØÍÎMŒÍMN™ŒL™˜ØÍ˜YY›İXÛX\™Y˜[ÙK™\šYHXXÚš\İX[Ù]Üˆ^ÛYH]œ›ÛHHX›XÈZ[‚˜\ÜÙ]Ëİ^\™\Ëİ^\™\×İÙX˜\ÜÚÙ[[Û‹ÜÙZ\ÛZ]ØYÛXZ[‹\Ú[KÙXœ\ÜÙ]Ëİ^\™\Ëİ^\™\×İÙX˜\ÜÚÙ[[Û‹ÙXœLLLLÌŒLÎNŒXÌ™XLŒÌLM™ØLŒLÎYXYÎÍŒYXXLXŒ˜ÎLLMK›İXÛX\™Y˜[ÙK™\šYHXXÚš\İX[Ù]Üˆ^ÛYH]œ›ÛHHX›XÈZ[‚˜\ÜÙ]Ëİ^\™\Ëİ^\™\×İÙX˜\ÜÚÙ[[Û‹ÜÙZ\ÛZ]ØYÛXZ[‹ÙXœ\ÜÙ]Ëİ^\™\Ëİ^\™\×İÙX˜\ÜÚÙ[[Û‹ÙXœLÎY˜YYYLÎ™M˜NMÌÍÌÎXŒXØØÍŒ˜ØÍLØŒMXÍÌYÙ™™ŒMLMLÍÍØM‹›İXÛX\™Y˜[ÙK™\šYHXXÚš\İX[Ù]Üˆ^ÛYH]œ›ÛHHX›XÈZ[‚˜\ÜÙ]Ëİ^\™\Ëİ^\™\×İÙX˜\ÜÚÙ[[Û‹ÜÙZ\ÛZ]ØYÜÜš]K\Ú[Kœ™Ë\ÜÙ]Ëİ^\™\Ëİ^\™\×İÙX˜\ÜÚÙ[[Û‹œ™ËLLÌ‹NLMXLYYLLLXÌMMÍÙÍMYÍ˜Í˜MÙLÙLY™LNYMLÌØÌØ™ÙÌ›İXÛX\™Y˜[ÙK™\šYHXXÚš\İX[Ù]Üˆ^ÛYH]œ›ÛHHX›XÈZ[‚˜\ÜÙ]Ëİ^\™\Ëİ^\™\×İÙX˜\ÜÚÙ[[Û‹ÜÙZ\ÛZ]ØYÜÜš]Kœ™Ë\ÜÙ]Ëİ^\™\Ëİ^\™\×İÙX˜\ÜÚÙ[[Û‹œ™ËLLÌKM™MŒÌÍLLXMÍLŒXMŒÙML™YYÙMMNØLMÍÍÙMXØYLK›İXÛX\™Y˜[ÙK™\šYHXXÚš\İX[Ù]Üˆ^ÛYH]œ›ÛHHX›XÈZ[‚˜\ÜÙ]Ëİ^\™\Ëİ^\™\×İÙX˜\ÜÚÙ[[Û‹ÜÙ[™]ÛXZ[‹\Ú[KÙXœ\ÜÙ]Ëİ^\™\Ëİ^\™\×İÙX˜\ÜÚÙ[[Û‹ÙXœLLNÍNY˜XYLŒYXÌÙMM™ØYM˜LLØ™LYLÌŒ™MÌÍMŒ™XŒÌÎ›İXÛX\™Y˜[ÙK™\šYHXXÚš\İX[Ù]Üˆ^ÛYH]œ›ÛHHX›XÈZ[‚˜\ÜÙ]Ëİ^\™\Ëİ^\™\×İÙX˜\ÜÚÙ[[Û‹ÜÙ[™]ÛXZ[‹ÙXœ\ÜÙ]Ëİ^\™\Ëİ^\™\×İÙX˜\ÜÚÙ[[Û‹ÙXœNMŒ‹ŒÙLX™MYLNYXLŒYMLÍMÌMLÎYMÌMÌXXÌMXŒÎMXYŒMÙÎMLÍYK›İXÛX\™Y˜[ÙK™\šYHXXÚš\İX[Ù]Üˆ^ÛYH]œ›ÛHHX›XÈZ[‚˜\ÜÙ]Ëİ^\™\Ëİ^\™\×İÙX˜\ÜÚÙ[[Û‹ÜÙ[™]ÜÜš]K\Ú[Kœ™Ë\ÜÙ]Ëİ^\™\Ëİ^\™\×İÙX˜\ÜÚÙ[[Û‹œ™ËŒN˜ŒÙŒÍÍM˜ÎM™Y˜™˜Ø™ØØØMŒXXÌMMY™XÙMM˜LŒØ‹›İXÛX\™Y˜[ÙK™\šYHXXÚš\İX[Ù]Üˆ^ÛYH]œ›ÛHHX›XÈZ[‚˜\ÜÙ]Ëİ^\™\Ëİ^\™\×İÙX˜\ÜÚÙ[[Û‹ÜÙ[™]ÜÜš]Kœ™Ë\ÜÙ]Ëİ^\™\Ëİ^\™\×İÙX˜\ÜÚÙ[[Û‹œ™ËŒYÍ™YYŒŒÌÙXØŒMÍÌŒ˜ML™ÎØÌ˜ØYNXÙMMÍÍ™ÍLLNLM™‹›İXÛX\™Y˜[ÙK™\šYHXXÚš\İX[Ù]Üˆ^ÛYH]œ›ÛHHX›XÈZ[‚˜\ÜÙ]Ëİ^\™\Ëİ^\™\×İÙX˜\ÜÚÙ[[Û‹ÜÙ\œ\š[Ü‹ÛXZ[‹\Ú[KÙXœ\ÜÙ]Ëİ^\™\Ëİ^\™\×İÙX˜\ÜÚÙ[[Û‹ÙXœMŒMMÌLŒ™MXÌŒŒÍŒŒÌŒŒÍÍØ™XXÌMŒNMLÌÎLMMÌ™XÎYLÎXÍN˜LË›İXÛX\™Y˜[ÙK™\šYHXXÚš\İX[Ù]Üˆ^ÛYH]œ›ÛHHX›XÈZ[‚˜\ÜÙ]Ëİ^\™\Ëİ^\™\×İÙX˜\ÜÚÙ[[Û‹ÜÙ\œ\š[Ü‹ÛXZ[‹ÙXœ\ÜÙ]Ëİ^\™\Ëİ^\™\×İÙX˜\ÜÚÙ[[Û‹ÙXœÍÌŒ‹™LLNŒÎLXÙÎMXÍXØM™™ÍXŒNØ™ŒŒXŒ™LMYXÎK›İXÛX\™Y˜[ÙK™\šYHXXÚš\İX[Ù]Üˆ^ÛYH]œ›ÛHHX›XÈZ[‚˜\ÜÙ]Ëİ^\™\Ëİ^\™\×İÙX˜\ÜÚÙ[[Û‹ÜÙ\œ\š[Ü‹ÜÜš]K\Ú[Kœ™Ë\ÜÙ]Ëİ^\™\Ëİ^\™\×İÙX˜\ÜÚÙ[[Û‹œ™ËLLÌLÌM™™LMŒYÎMM˜LÌXŒX™LÙNXYMŒNMÍY™ÍYXMNYØÍMYM›İXÛX\™Y˜[ÙK™\šYHXXÚš\İX[Ù]Üˆ^ÛYH]œ›ÛHHX›XÈZ[‚˜\ÜÙ]Ëİ^\™\Ëİ^\™\×İÙX˜\ÜÚÙ[[Û‹ÜÙ\œ\š[Ü‹ÜÜš]Kœ™Ë\ÜÙ]Ëİ^\™\Ëİ^\™\×İÙX˜\ÜÚÙ[[Û‹œ™ËLLÌKŒYXŒÍNYŒMÍ˜ÎLŒŒXXŒ™ŒL™LNØLNMNY™NYXLØLXÌ˜˜ÌØÍÌØŒK›İXÛX\™Y˜[ÙK™\šYHXXÚš\İX[Ù]Üˆ^ÛYH]œ›ÛHHX›XÈZ[‚˜\ÜÙ]Ëİ^\™\Ëİ^\™\×İÙX˜\ÜÚÙ[[Û‹ÜÙ\š[™KÛXZ[‹\Ú[KÙXœ\ÜÙ]Ëİ^\™\Ëİ^\™\×İÙX˜\ÜÚÙ[[Û‹ÙXœNNMNMLØMÌÌYØNYŒ™ŒXÍÙ™˜XLLŒÍÍLYMÙŒMXXØ™XÙYÙLÍXŒÙYK›İXÛX\™Y˜[ÙK™\šYHXXÚš\İX[Ù]Üˆ^ÛYH]œ›ÛHHX›XÈZ[‚˜\ÜÙ]Ëİ^\™\Ëİ^\™\×İÙX˜\ÜÚÙ[[Û‹ÜÙ\š[™KÛXZ[‹ÙXœ\ÜÙ]Ëİ^\™\Ëİ^\™\×İÙX˜\ÜÚÙ[[Û‹ÙXœÌML˜ÎXŒXNMÎLLMYMÙŒØ˜XMÌN™X˜ŒXYYXÎXÙ˜ŒMLYMÍÙMÍMMÌ‹›İXÛX\™Y˜[ÙK™\šYHXXÚš\İX[Ù]Üˆ^ÛYH]œ›ÛHHX›XÈZ[‚˜\ÜÙ]Ëİ^\™\Ëİ^\™\×İÙX˜\ÜÚÙ[[Û‹ÜÙ\š[™KÜÜš]K\Ú[Kœ™Ë\ÜÙ]Ëİ^\™\Ëİ^\™\×İÙX˜\ÜÚÙ[[Û‹œ™ËŒKXÍŒÍŒØ™XNXXÌÌ™MYXÙŒLØLÍ™ŒLÍÍLYYØMÍ™ÍXYML˜˜LË›İXÛX\™Y˜[ÙK™\šYHXXÚš\İX[Ù]Üˆ^ÛYH]œ›ÛHHX›XÈZ[‚˜\ÜÙ]Ëİ^\™\Ëİ^\™\×İÙX˜\ÜÚÙ[[Û‹ÜÙ\š[™KÜÜš]Kœ™Ë\ÜÙ]Ëİ^\™\Ëİ^\™\×İÙX˜\ÜÚÙ[[Û‹œ™ËŒ‹ÌMNÌÌÍX˜ÍNÙXXÌÙXŒLÎNLÙ˜XXÍYNYL™NMÍLLYË›İXÛX\™Y˜[ÙK™\šYHXXÚš\İX[Ù]Üˆ^ÛYH]œ›ÛHHX›XÈZ[‚˜\ÜÙ]Ëİ^\™\Ëİ^\™\×İÙX˜\ÜÚÙ[[Û‹ÜÙ]š\\‹ÛXZ[‹\Ú[KÙXœ\ÜÙ]Ëİ^\™\Ëİ^\™\×İÙX˜\ÜÚÙ[[Û‹ÙXœLÌLÌÙLÌMÍYÌY˜˜YÍ˜˜ÍØÍY˜ÌØXÌL˜M˜˜ØÌØYLÙŒÙ˜˜˜™™˜ÍM‹›İXÛX\™Y˜[ÙK™\šYHXXÚš\İX[Ù]Üˆ^ÛYH]œ›ÛHHX›XÈZ[‚˜\ÜÙ]Ëİ^\™\Ëİ^\™\×İÙX˜\ÜÚÙ[[Û‹ÜÙ]š\\‹ÛXZ[‹ÙXœ\ÜÙ]Ëİ^\™\Ëİ^\™\×İÙX˜\ÜÚÙ[[Û‹ÙXœLŒŒÍYNXÍMMXL˜ÌŒX˜ØXŒÍXÙÙM™MÍM™LÍ˜ÍMYNNXLYLÎ‹›İXÛX\™Y˜[ÙK™\šYHXXÚš\İX[Ù]Üˆ^ÛYH]œ›ÛHHX›XÈZ[‚˜\ÜÙ]Ëİ^\™\Ëİ^\™\×İÙX˜\ÜÚÙ[[Û‹ÜÙ]š\\‹ÜÜš]K\Ú[Kœ™Ë\ÜÙ]Ëİ^\™\Ëİ^\™\×İÙX˜\ÜÚÙ[[Û‹œ™ËNL˜NNMLLÙXYÌÍØÙLLL˜M™ŒŒYMÍY™ŒMLØÙŒÍÌXØXÍÙÌLÍÙ›İXÛX\™Y˜[ÙK™\šYHXXÚš\İX[Ù]Üˆ^ÛYH]œ›ÛHHX›XÈZ[‚˜\ÜÙ]Ëİ^\™\Ëİ^\™\×İÙX˜\ÜÚÙ[[Û‹ÜÙ]š\\‹ÜÜš]Kœ™Ë\ÜÙ]Ëİ^\™\Ëİ^\™\×İÙX˜\ÜÚÙ[[Û‹œ™ËNLKØLÙXØÌL™MÎMÍLNN™™™MLN˜ÍXMXÌL˜™YNX™XLÙM˜˜ÍNK›İXÛX\™Y˜[ÙK™\šYHXXÚš\İX[Ù]Üˆ^ÛYH]œ›ÛHHX›XÈZ[‚˜\ÜÙ]Ëİ^\™\Ëİ^\™\×İÙX˜\ÜÚÙ[[Û‹ÜÙ]ØYKÛXZ[‹\Ú[KÙXœ\ÜÙ]Ëİ^\™\Ëİ^\™\×İÙX˜\ÜÚÙ[[Û‹ÙXœMÌÎXNLY™NMØÎŒXÌLNNŒNXLNX˜ØŒÎÙ™LLYMŒM˜˜LYÍÎLLX‹›İXÛX\™Y˜[ÙK™\šYHXXÚš\İX[Ù]Üˆ^ÛYH]œ›ÛHHX›XÈZ[‚˜\ÜÙ]Ëİ^\™\Ëİ^\™\×İÙX˜\ÜÚÙ[[Û‹ÜÙ]ØYKÛXZ[‹ÙXœ\ÜÙ]Ëİ^\™\Ëİ^\™\×İÙX˜\ÜÚÙ[[Û‹ÙXœLLÌYLÙ™LXXÌ˜ÙYLMÌÍLMLÙM˜MXM™LØØNMX™YMØŒLØÙ˜Ë›İXÛX\™Y˜[ÙK™\šYHXXÚš\İX[Ù]Üˆ^ÛYH]œ›ÛHHX›XÈZ[‚˜\ÜÙ]Ëİ^\™\Ëİ^\™\×İÙX˜\ÜÚÙ[[Û‹ÜÙ]ØYKÜÜš]K\Ú[Kœ™Ë\ÜÙ]Ëİ^\™\Ëİ^\™\×İÙX˜\ÜÚÙ[[Û‹œ™ËLKXXÍÌXŒ˜ÍMÎLØ˜ØÎÎÍYY™˜MÎÌ˜˜YXNL˜˜™ÌLLMXŒ˜YK›İXÛX\™Y˜[ÙK™\šYHXXÚš\İX[Ù]Üˆ^ÛYH]œ›ÛHHX›XÈZ[‚˜\ÜÙ]Ëİ^\™\Ëİ^\™\×İÙX˜\ÜÚÙ[[Û‹ÜÙ]ØYKÜÜš]Kœ™Ë\ÜÙ]Ëİ^\™\Ëİ^\™\×İÙX˜\ÜÚÙ[[Û‹œ™ËNKÎNMNMÙŒL™Y˜MŒØM˜ÙŒMLÌYLÍ˜™LXØ™MÌLLMÍNMK›İXÛX\™Y˜[ÙK™\šYHXXÚš\İX[Ù]Üˆ^ÛYH]œ›ÛHHX›XÈZ[‚˜\ÜÙ]Ëİ^\™\Ëİ^\™\×İÙX˜\ÜÚÙ[[Û‹ÜÚ\œYËÛXZ[‹\Ú[KÙXœ\ÜÙ]Ëİ^\™\Ëİ^\™\×İÙX˜\ÜÚÙ[[Û‹ÙXœLÍÍÌ‹YMLŒYÙŒÎMMM™Œ™LÌMÎMLYMYMŒ˜MÙ™LXÙNXÌL™YMXK›İXÛX\™Y˜[ÙK™\šYHXXÚš\İX[Ù]Üˆ^ÛYH]œ›ÛHHX›XÈZ[‚˜\ÜÙ]Ëİ^\™\Ëİ^\™\×İÙX˜\ÜÚÙ[[Û‹ÜÚ\œYËÛXZ[‹ÙXœ\ÜÙ]Ëİ^\™\Ëİ^\™\×İÙX˜\ÜÚÙ[[Û‹ÙXœÌN‹™˜Í™ÍÍYÍÍØ˜™LÌMLÍ™Y™MMLÙNNLMMÌLYLÎMYXÌ›İXÛX\™Y˜[ÙK™\šYHXXÚš\İX[Ù]Üˆ^ÛYH]œ›ÛHHX›XÈZ[‚˜\ÜÙ]Ëİ^\™\Ëİ^\™\×İÙX˜\ÜÚÙ[[Û‹ÜÚ\œYËÜÜš]K\Ú[Kœ™Ë\ÜÙ]Ëİ^\™\Ëİ^\™\×İÙX˜\ÜÚÙ[[Û‹œ™ËÍÍËLØŒYMMMXMÌYNMŒÙYXL™ÍYN˜™M˜ØŒÌ˜LÙ˜LMÍŒ˜™˜K›İXÛX\™Y˜[ÙK™\šYHXXÚš\İX[Ù]Üˆ^ÛYH]œ›ÛHHX›XÈZ[‚˜\ÜÙ]Ëİ^\™\Ëİ^\™\×İÙX˜\ÜÚÙ[[Û‹ÜÚ\œYËÜÜš]Kœ™Ë\ÜÙ]Ëİ^\™\Ëİ^\™\×İÙX˜\ÜÚÙ[[Û‹œ™ËÍÍËØYMÌLÙLXÍÍNN™ÍÍØ™Ì˜˜NXLÍYYM˜MÌÍŒMÌ˜ÙYLÎML‹›İXÛX\™Y˜[ÙK™\šYHXXÚš\İX[Ù]Üˆ^ÛYH]œ›ÛHHX›XÈZ[‚˜\ÜÙ]Ëİ^\™\Ëİ^\™\×İÙX˜\ÜÚÙ[[Û‹ÜÚ^[Z[‹[[™ÛXZ[‹\Ú[KÙXœ\ÜÙ]Ëİ^\™\Ëİ^\™\×İÙX˜\ÜÚÙ[[Û‹ÙXœLLM‹NY˜NLMYXMLXN˜Ì˜ÙMM˜LŒYYNÙMÌXÎLÌŒÍÍŒK›İXÛX\™Y˜[ÙK™\šYHXXÚš\İX[Ù]Üˆ^ÛYH]œ›ÛHHX›XÈZ[‚˜\ÜÙ]Ëİ^\™\Ëİ^\™\×İÙX˜\ÜÚÙ[[Û‹ÜÚ^[Z[‹[[™ÛXZ[‹ÙXœ\ÜÙ]Ëİ^\™\Ëİ^\™\×İÙX˜\ÜÚÙ[[Û‹ÙXœMLŒ‹LÌÍØØMMÌXÌLÙŒXXÌ˜ÌŒNMMÌMØLYX˜XÍÍŒÍÌNLŒÍÌL™YK›İXÛX\™Y˜[ÙK™\šYHXXÚš\İX[Ù]Üˆ^ÛYH]œ›ÛHHX›XÈZ[‚˜\ÜÙ]Ëİ^\™\Ëİ^\™\×İÙX˜\ÜÚÙ[[Û‹ÜÚ^[Z[‹[[™ÜÜš]K\Ú[Kœ™Ë\ÜÙ]Ëİ^\™\Ëİ^\™\×İÙX˜\ÜÚÙ[[Û‹œ™ËLËŒØÍÌ™MÍXØÙÌÍÌÌXMYŒLMLYNYŒ™™LÎYNXÎÌÍYXÙMÙŒYŒ‹›İXÛX\™Y˜[ÙK™\šYHXXÚš\İX[Ù]Üˆ^ÛYH]œ›ÛHHX›XÈZ[‚˜\ÜÙ]Ëİ^\™\Ëİ^\™\×İÙX˜\ÜÚÙ[[Û‹ÜÚ^[Z[‹[[™ÜÜš]Kœ™Ë\ÜÙ]Ëİ^\™\Ëİ^\™\×İÙX˜\ÜÚÙ[[Û‹œ™ËLËLØXÌNÍÙÙÍYL™MØ˜XÌŒ˜ÍÌLŒ˜ŒYX™˜XÌŒYMMLNMMÍYMY™Œ˜Ë›İXÛX\™Y˜[ÙK™\šYHXXÚš\İX[Ù]Üˆ^ÛYH]œ›ÛHHX›XÈZ[‚˜\ÜÙ]Ëİ^\™\Ëİ^\™\×İÙX˜\ÜÚÙ[[Û‹ÜÚ^[Z[‹\ÚŞKÛXZ[‹\Ú[KÙXœ\ÜÙ]Ëİ^\™\Ëİ^\™\×İÙX˜\ÜÚÙ[[Û‹ÙXœÌŒÌLXXÙMÍÙXMŒXÍLX˜YMŒÌØÍŒLÎNŒY™ÎLÌÎÌŒÙXM™YK›İXÛX\™Y˜[ÙK™\šYHXXÚš\İX[Ù]Üˆ^ÛYH]œ›ÛHHX›XÈZ[‚˜\ÜÙ]Ëİ^\™\Ëİ^\™\×İÙX˜\ÜÚÙ[[Û‹ÜÚ^[Z[‹\ÚŞKÛXZ[‹ÙXœ\ÜÙ]Ëİ^\™\Ëİ^\™\×İÙX˜\ÜÚÙ[[Û‹ÙXœÍM‹YÌÌÙŒMXŒŒÙÌŒÍÌÙ˜XÎÌLXÙMØØÎNŒLŒLMNX™˜X˜™YLMX˜NK›İXÛX\™Y˜[ÙK™\šYHXXÚš\İX[Ù]Üˆ^ÛYH]œ›ÛHHX›XÈZ[‚˜\ÜÙ]Ëİ^\™\Ëİ^\™\×İÙX˜\ÜÚÙ[[Û‹ÜÚ^[Z[‹\ÚŞKÜÜš]Kœ™Ë\ÜÙ]Ëİ^\™\Ëİ^\™\×İÙX˜\ÜÚÙ[[Û‹œ™ËÍŒË˜ÙM™™LÍÌŒ˜XMØLÎÌÎ™LÙÙÌ™M™MÙ˜™™˜MLNL‹›İXÛX\™Y˜[ÙK™\šYHXXÚš\İX[Ù]Üˆ^ÛYH]œ›ÛHHX›XÈZ[‚˜\ÜÙ]Ëİ^\™\Ëİ^\™\×İÙX˜\ÜÚÙ[[Û‹ÜÚY[š˜KÛXZ[‹\Ú[KÙXœ\ÜÙ]Ëİ^\™\Ëİ^\™\×İÙX˜\ÜÚÙ[[Û‹ÙXœLMLM™LŒÍŒLÎLNXXLŒMØ™XMNYXŒÎXL™XYXXŒXÙŒØMÙY˜LXÌØK›İXÛX\™Y˜[ÙK™\šYHXXÚš\İX[Ù]Üˆ^ÛYH]œ›ÛHHX›XÈZ[‚˜\ÜÙ]Ëİ^\™\Ëİ^\™\×İÙX˜\ÜÚÙ[[Û‹ÜÚY[š˜KÛXZ[‹ÙXœ\ÜÙ]Ëİ^\™\Ëİ^\™\×İÙX˜\ÜÚÙ[[Û‹ÙXœN‹˜ÌMMØLMMÌÎŒLNYŒNÌŒŒÎXÌÙ™YLNMŒXÌÌÍYYNMNY˜‹›İXÛX\™Y˜[ÙK™\šYHXXÚš\İX[Ù]Üˆ^ÛYH]œ›ÛHHX›XÈZ[‚˜\ÜÙ]Ëİ^\™\Ëİ^\™\×İÙX˜\ÜÚÙ[[Û‹ÜÚY[š˜KÜÜš]K\Ú[Kœ™Ë\ÜÙ]Ëİ^\™\Ëİ^\™\×İÙX˜\ÜÚÙ[[Û‹œ™ËM™YÌÍY™M™MŒÎMY˜ÍXŒØLÙ™YLØM˜ØÙLØŒNNXNLYLNMÍŒN›İXÛX\™Y˜[ÙK™\šYHXXÚš\İX[Ù]Üˆ^ÛYH]œ›ÛHHX›XÈZ[‚˜\ÜÙ]Ëİ^\™\Ëİ^\™\×İÙX˜\ÜÚÙ[[Û‹ÜÚY[š˜KÜÜš]Kœ™Ë\ÜÙ]Ëİ^\™\Ëİ^\™\×İÙX˜\ÜÚÙ[[Û‹œ™ËM˜YLÌNMÍØMY˜LÍÌÌÙXÌÙ™ŒØÎLLÍM™XÌXML™ŒÍØ˜NLNMMM™MYK›İXÛX\™Y˜[ÙK™\šYHXXÚš\İX[Ù]Üˆ^ÛYH]œ›ÛHHX›XÈZ[‚˜\ÜÙ]Ëİ^\™\Ëİ^\™\×İÙX˜\ÜÚÙ[[Û‹ÜÚ[ÛÛ‹ÛXZ[‹\Ú[KÙXœ\ÜÙ]Ëİ^\™\Ëİ^\™\×İÙX˜\ÜÚÙ[[Û‹ÙXœLLÎNMÍØL™NÍYÙØ™XŒÌMŒNØÌÌL˜˜™˜NMØNNÌY˜Ë›İXÛX\™Y˜[ÙK™\šYHXXÚš\İX[Ù]Üˆ^ÛYH]œ›ÛHHX›XÈZ[‚˜\ÜÙ]Ëİ^\™\Ëİ^\™\×İÙX˜\ÜÚÙ[[Û‹ÜÚ[ÛÛ‹ÛXZ[‹ÙXœ\ÜÙ]Ëİ^\™\Ëİ^\™\×İÙX˜\ÜÚÙ[[Û‹ÙXœLÌÎNLÍŒY™˜XLÙY˜XÙ™LXMŒŒÙŒYNMLÎMÙ™MÌXMLLMË›İXÛX\™Y˜[ÙK™\šYHXXÚš\İX[Ù]Üˆ^ÛYH]œ›ÛHHX›XÈZ[‚˜\ÜÙ]Ëİ^\™\Ëİ^\™\×İÙX˜\ÜÚÙ[[Û‹ÜÚ[ÛÛ‹ÜÜš]K\Ú[Kœ™Ë\ÜÙ]Ëİ^\™\Ëİ^\™\×İÙX˜\ÜÚÙ[[Û‹œ™ËÍKÍŒLXYÌ™N™NXÌŒØØØX˜MLŒYMÙÙLÌ™XMXM™™LXŒÌMYŒLXK›İXÛX\™Y˜[ÙK™\šYHXXÚš\İX[Ù]Üˆ^ÛYH]œ›ÛHHX›XÈZ[‚˜\ÜÙ]Ëİ^\™\Ëİ^\™\×İÙX˜\ÜÚÙ[[Û‹ÜÚ[ÛÛ‹ÜÜš]Kœ™Ë\ÜÙ]Ëİ^\™\Ëİ^\™\×İÙX˜\ÜÚÙ[[Û‹œ™ËÍKM˜™ŒÙ˜XXØŒÌMMŒLŒ™ŒÌÎL™™M™ŒMXNXÌ˜MŒLLŒÙML™ŒÍØÙ›İXÛX\™Y˜[ÙK™\šYHXXÚš\İX[Ù]Üˆ^ÛYH]œ›ÛHHX›XÈZ[‚˜\ÜÙ]Ëİ^\™\Ëİ^\™\×İÙX˜\ÜÚÙ[[Û‹ÜÚ[\‹ÛXZ[‹\Ú[KÙXœ\ÜÙ]Ëİ^\™\Ëİ^\™\×İÙX˜\ÜÚÙ[[Û‹ÙXœLNÎŒYXŒŒLY™˜YÌLÌÌŒ˜ØÎMŒMY˜YLŒ˜XXÍŒØ™ØØÌÙ˜˜MŒÌ˜MY›İXÛX\™Y˜[ÙK™\šYHXXÚš\İX[Ù]Üˆ^ÛYH]œ›ÛHHX›XÈZ[‚˜\ÜÙ]Ëİ^\™\Ëİ^\™\×İÙX˜\ÜÚÙ[[Û‹ÜÚ[\‹ÛXZ[‹ÙXœ\ÜÙ]Ëİ^\™\Ëİ^\™\×İÙX˜\ÜÚÙ[[Û‹ÙXœLÍŒLLXÍY˜YYXÙ˜Í˜ŒNMŒYML™ÙŒÌYL™™XÙXÌLØMMYMÙÙNMÙXŒK›İXÛX\™Y˜[ÙK™\šYHXXÚš\İX[Ù]Üˆ^ÛYH]œ›ÛHHX›XÈZ[‚˜\ÜÙ]Ëİ^\™\Ëİ^\™\×İÙX˜\ÜÚÙ[[Û‹ÜÚ[\‹ÜÜš]K\Ú[Kœ™Ë\ÜÙ]Ëİ^\™\Ëİ^\™\×İÙX˜\ÜÚÙ[[Û‹œ™ËLÌ‹ÎX˜™YLÍ˜ÍNY™YY˜YMXÍÍÙMMNNYMØLMÍ˜ÌŒX˜NMNY™Y™K›İXÛX\™Y˜[ÙK™\šYHXXÚš\İX[Ù]Üˆ^ÛYH]œ›ÛHHX›XÈZ[‚˜\ÜÙ]Ëİ^\™\Ëİ^\™\×İÙX˜\ÜÚÙ[[Û‹ÜÚ[\‹ÜÜš]Kœ™Ë\ÜÙ]Ëİ^\™\Ëİ^\™\×İÙX˜\ÜÚÙ[[Û‹œ™ËLÌ‹M˜ÌMMNÌØNÙL˜ØMÌXØŒMŒŒÌYX˜ÌMŒLÎLÌÍMM™›İXÛX\™Y˜[ÙK™\šYHXXÚš\İX[Ù]Üˆ^ÛYH]œ›ÛHHX›XÈZ[‚˜\ÜÙ]Ëİ^\™\Ëİ^\™\×İÙX˜\ÜÚÙ[[Û‹ÜÚ[ÜËÛXZ[‹\Ú[KÙXœ\ÜÙ]Ëİ^\™\Ëİ^\™\×İÙX˜\ÜÚÙ[[Û‹ÙXœÍÍÙNXÙ˜ØLLÌÎYYMÎÌÙ™MÌNMNØÎÍÌ™ŒÙXÙ™ŒÎØLÍ˜ÍK›İXÛX\™Y˜[ÙK™\šYHXXÚš\İX[Ù]Üˆ^ÛYH]œ›ÛHHX›XÈZ[‚˜\ÜÙ]Ëİ^\™\Ëİ^\™\×İÙX˜\ÜÚÙ[[Û‹ÜÚ[ÜËÛXZ[‹ÙXœ\ÜÙ]Ëİ^\™\Ëİ^\™\×İÙX˜\ÜÚÙ[[Û‹ÙXœÎMÍM‹ÙLMXMÍXÙ™LLLLY™MYLLXÍÎLLÍÌMY˜Y™ÎM˜˜LLYNLÍLÎÙŒŒXË›İXÛX\™Y˜[ÙK™\šYHXXÚš\İX[Ù]Üˆ^ÛYH]œ›ÛHHX›XÈZ[‚˜\ÜÙ]Ëİ^\™\Ëİ^\™\×İÙX˜\ÜÚÙ[[Û‹ÜÚ[ÜËÜÜš]K\Ú[Kœ™Ë\ÜÙ]Ëİ^\™\Ëİ^\™\×İÙX˜\ÜÚÙ[[Û‹œ™ËL‹YMLXÍŒMNYLMYŒÍNÙŒ˜ÎØÌXÎÍÙXXÌ™YMÍNXÌÌXÍYXÎYK›İXÛX\™Y˜[ÙK™\šYHXXÚš\İX[Ù]Üˆ^ÛYH]œ›ÛHHX›XÈZ[‚˜\ÜÙ]Ëİ^\™\Ëİ^\™\×İÙX˜\ÜÚÙ[[Û‹ÜÚ[ÜËÜÜš]Kœ™Ë\ÜÙ]Ëİ^\™\Ëİ^\™\×İÙX˜\ÜÚÙ[[Û‹œ™ËL‹NÙMY˜ØÍÙYŒMŒŒŒÌÙ˜M™ÍML™ŒLXÌLÌXÎLLYŒÌØYM™MÙ›İXÛX\™Y˜[ÙK™\šYHXXÚš\İX[Ù]Üˆ^ÛYH]œ›ÛHHX›XÈZ[‚˜\ÜÙ]Ëİ^\™\Ëİ^\™\×İÙX˜\ÜÚÙ[[Û‹ÜÚ[Y]ÛXZ[‹\Ú[KÙXœ\ÜÙ]Ëİ^\™\Ëİ^\™\×İÙX˜\ÜÚÙ[[Û‹ÙXœLŒÍÌYŒŒLÌØ˜ÍŒX˜MLÎMÌØLØMLÎM˜MÍXÙLÍLÌ˜™MML›İXÛX\™Y˜[ÙK™\šYHXXÚš\İX[Ù]Üˆ^ÛYH]œ›ÛHHX›XÈZ[‚˜\ÜÙ]Ëİ^\™\Ëİ^\™\×İÙX˜\ÜÚÙ[[Û‹ÜÚ[Y]ÛXZ[‹ÙXœ\ÜÙ]Ëİ^\™\Ëİ^\™\×İÙX˜\ÜÚÙ[[Û‹ÙXœNLÎXXLØÙLYLM™ŒŒ™LMÙM™XNYXLLŒÌLÍØ˜ØNYYÍ™Œ‹›İXÛX\™Y˜[ÙK™\šYHXXÚš\İX[Ù]Üˆ^ÛYH]œ›ÛHHX›XÈZ[‚˜\ÜÙ]Ëİ^\™\Ëİ^\™\×İÙX˜\ÜÚÙ[[Û‹ÜÚ[Y]ÜÜš]K\Ú[Kœ™Ë\ÜÙ]Ëİ^\™\Ëİ^\™\×İÙX˜\ÜÚÙ[[Û‹œ™ËMËXÌM™XÍÍÙØÌÙMMMØŒÌ˜ÍMÍLØÌLMÍYŒNMMXÌNXÙNMK›İXÛX\™Y˜[ÙK™\šYHXXÚš\İX[Ù]Üˆ^ÛYH]œ›ÛHHX›XÈZ[‚˜\ÜÙ]Ëİ^\™\Ëİ^\™\×İÙX˜\ÜÚÙ[[Û‹ÜÚ[Y]ÜÜš]Kœ™Ë\ÜÙ]Ëİ^\™\Ëİ^\™\×İÙX˜\ÜÚÙ[[Û‹œ™ËMLLNXLÙØÍØÌÌNLLNÌŒÍLMŒØL™™NNLÍML™LÎNYLMYNNMÌY‹›İXÛX\™Y˜[ÙK™\šYHXXÚš\İX[Ù]Üˆ^ÛYH]œ›ÛHHX›XÈZ[‚˜\ÜÙ]Ëİ^\™\Ëİ^\™\×İÙX˜\ÜÚÙ[[Û‹ÜÚY[Û‹ÛXZ[‹\Ú[KÙXœ\ÜÙ]Ëİ^\™\Ëİ^\™\×İÙX˜\ÜÚÙ[[Û‹ÙXœMLNLØŒØÙYŒØÍ˜Ø™ÌNÍÙMLØÍMØÎX˜ÍÙLXŒMØ˜NYŒÍMLØÌ‹›İXÛX\™Y˜[ÙK™\šYHXXÚš\İX[Ù]Üˆ^ÛYH]œ›ÛHHX›XÈZ[‚˜\ÜÙ]Ëİ^\™\Ëİ^\™\×İÙX˜\ÜÚÙ[[Û‹ÜÚY[Û‹ÛXZ[‹ÙXœ\ÜÙ]Ëİ^\™\Ëİ^\™\×İÙX˜\ÜÚÙ[[Û‹ÙXœNML‹N™LÌÍMYØMLØÎLÍ˜MÍÌ™MŒÎŒØ™MM˜™™MÙŒÌM‹›İXÛX\™Y˜[ÙK™\šYHXXÚš\İX[Ù]Üˆ^ÛYH]œ›ÛHHX›XÈZ[‚˜\ÜÙ]Ëİ^\™\Ëİ^\™\×İÙX˜\ÜÚÙ[[Û‹ÜÚY[Û‹ÜÜš]K\Ú[Kœ™Ë\ÜÙ]Ëİ^\™\Ëİ^\™\×İÙX˜\ÜÚÙ[[Û‹œ™ËLÍ™ŒXÌŒM™ŒŒÙMÎLNLÙM˜Í™˜ÍÙLLØŒ˜NNLYYMÌÙXK›İXÛX\™Y˜[ÙK™\šYHXXÚš\İX[Ù]Üˆ^ÛYH]œ›ÛHHX›XÈZ[‚˜\ÜÙ]Ëİ^\™\Ëİ^\™\×İÙX˜\ÜÚÙ[[Û‹ÜÚY[Û‹ÜÜš]Kœ™Ë\ÜÙ]Ëİ^\™\Ëİ^\™\×İÙX˜\ÜÚÙ[[Û‹œ™ËLÍØMØØ™MXÎNYX™ÙLÙ˜ŒŒX™XXØLM˜ÌØ™˜L˜Í™ŒÌML˜Œ˜˜Œ™MXË›İXÛX\™Y˜[ÙK™\šYHXXÚš\İX[Ù]Üˆ^ÛYH]œ›ÛHHX›XÈZ[‚˜\ÜÙ]Ëİ^\™\Ëİ^\™\×İÙX˜\ÜÚÙ[[Û‹ÜÚYKÛXZ[‹\Ú[KÙXœ\ÜÙ]Ëİ^\™\Ëİ^\™\×İÙX˜\ÜÚÙ[[Û‹ÙXœLLŒ‹XMYŒNNNÙ™ÍÍ˜ŒLMÎ˜˜ÙÙÍÍÍXÌ™XÍXYYXØMMŒŒØNM˜™L˜N›İXÛX\™Y˜[ÙK™\šYHXXÚš\İX[Ù]Üˆ^ÛYH]œ›ÛHHX›XÈZ[‚˜\ÜÙ]Ëİ^\™\Ëİ^\™\×İÙX˜\ÜÚÙ[[Û‹ÜÚYKÛXZ[‹ÙXœ\ÜÙ]Ëİ^\™\Ëİ^\™\×İÙX˜\ÜÚÙ[[Û‹ÙXœMMM‹ÙLÍÍX™ÎNLØÌÌÍMÌ˜YŒMLMÙŒŒ™NMÌÙX˜˜ÌØØL™XMYXÙK›İXÛX\™Y˜[ÙK™\šYHXXÚš\İX[Ù]Üˆ^ÛYH]œ›ÛHHX›XÈZ[‚˜\ÜÙ]Ëİ^\™\Ëİ^\™\×İÙX˜\ÜÚÙ[[Û‹ÜÚYKÜÜš]K\Ú[Kœ™Ë\ÜÙ]Ëİ^\™\Ëİ^\™\×İÙX˜\ÜÚÙ[[Û‹œ™ËLNL‹NLÙMNXÙM™ÍŒMØMÙXÍÌNLÍÍXÌØØÎXÙÌŒÌ™˜ÍÌLM‹›İXÛX\™Y˜[ÙK™\šYHXXÚš\İX[Ù]Üˆ^ÛYH]œ›ÛHHX›XÈZ[‚˜\ÜÙ]Ëİ^\™\Ëİ^\™\×İÙX˜\ÜÚÙ[[Û‹ÜÚYKÜÜš]Kœ™Ë\ÜÙ]Ëİ^\™\Ëİ^\™\×İÙX˜\ÜÚÙ[[Û‹œ™ËLNLKÌX˜Œ˜ÎY˜YXNYØLÙÍŒLÍ˜XŒÍMŒÎ˜XL™™XXXÎÍØŒLŒ›İXÛX\™Y˜[ÙK™\šYHXXÚš\İX[Ù]Üˆ^ÛYH]œ›ÛHHX›XÈZ[‚˜\ÜÙ]Ëİ^\™\Ëİ^\™\×İÙX˜\ÜÚÙ[[Û‹ÜÚZ[›İXËÛXZ[‹\Ú[KÙXœ\ÜÙ]Ëİ^\™\Ëİ^\™\×İÙX˜\ÜÚÙ[[Û‹ÙXœÍLŒŒØ™NMLØÙ˜ÎÌX™X™˜Ì˜ÍXLÍYYLŒÎYŒYXØ˜ØÎNLÌLXŒØXXØXÌÙ˜ÌMÙNK›İXÛX\™Y˜[ÙK™\šYHXXÚš\İX[Ù]Üˆ^ÛYH]œ›ÛHHX›XÈZ[‚˜\ÜÙ]Ëİ^\™\Ëİ^\™\×İÙX˜\ÜÚÙ[[Û‹ÜÚZ[›İXËÛXZ[‹ÙXœ\ÜÙ]Ëİ^\™\Ëİ^\™\×İÙX˜\ÜÚÙ[[Û‹ÙXœÍLM™™ŒÍ˜ŒÎYYMMLLMY˜MNÙYXLÙ˜YŒLLNLM˜ÍŒXÍÍÎNMØ˜M‹›İXÛX\™Y˜[ÙK™\šYHXXÚš\İX[Ù]Üˆ^ÛYH]œ›ÛHHX›XÈZ[‚˜\ÜÙ]Ëİ^\™\Ëİ^\™\×İÙX˜\ÜÚÙ[[Û‹ÜÚZ[›İXËÜÜš]K\Ú[Kœ™Ë\ÜÙ]Ëİ^\™\Ëİ^\™\×İÙX˜\ÜÚÙ[[Û‹œ™ËLÍ‹MÌ™MYXÍÙŒM˜XŒ˜ÌLLMØMÙLXØLNNNØÌŒNXÍŒÙXÌÙÙÙ›İXÛX\™Y˜[ÙK™\šYHXXÚš\İX[Ù]Üˆ^ÛYH]œ›ÛHHX›XÈZ[‚˜\ÜÙ]Ëİ^\™\Ëİ^\™\×İÙX˜\ÜÚÙ[[Û‹ÜÚZ[›İXËÜÜš]Kœ™Ë\ÜÙ]Ëİ^\™\Ëİ^\™\×İÙX˜\ÜÚÙ[[Û‹œ™ËLÍ‹Y™™YX˜ÙYXŒ˜Í˜ÍŒŒØÍÎYŒÙM™MÎÍŒÌNXM™ŒÌÍÌŒYXÌØM˜L›İXÛX\™Y˜[ÙK™\šYHXXÚš\İX[Ù]Üˆ^ÛYH]œ›ÛHHX›XÈZ[‚˜\ÜÙ]Ëİ^\™\Ëİ^\™\×İÙX˜\ÜÚÙ[[Û‹ÜÚ[ÛXZ[‹\Ú[KÙXœ\ÜÙ]Ëİ^\™\Ëİ^\™\×İÙX˜\ÜÚÙ[[Û‹ÙXœÌÎÌLÙ™LLÌLŒY™Ø™LMY˜LŒ˜XÌXÌÌ˜M™ØØÌMXYYÎYMXY˜NM›İXÛX\™Y˜[ÙK™\šYHXXÚš\İX[Ù]Üˆ^ÛYH]œ›ÛHHX›XÈZ[‚˜\ÜÙ]Ëİ^\™\Ëİ^\™\×İÙX˜\ÜÚÙ[[Û‹ÜÚ[ÛXZ[‹ÙXœ\ÜÙ]Ëİ^\™\Ëİ^\™\×İÙX˜\ÜÚÙ[[Û‹ÙXœÍMNN™MYM˜˜LMÌ™ÍLMÌŒ˜˜ÍÍ™ÌM˜ÍMØ˜ŒXNXØ˜ØÌ›İXÛX\™Y˜[ÙK™\šYHXXÚš\İX[Ù]Üˆ^ÛYH]œ›ÛHHX›XÈZ[‚˜\ÜÙ]Ëİ^\™\Ëİ^\™\×İÙX˜\ÜÚÙ[[Û‹ÜÚ[ÜÜš]K\Ú[Kœ™Ë\ÜÙ]Ëİ^\™\Ëİ^\™\×İÙX˜\ÜÚÙ[[Û‹œ™ËNL‹ÍÌM™™™YYNÎMÍ™ØŒØØYYMŒÌÌÙŒMLŒÌÌÌNXYLØÌMÙYÍÌY‹›İXÛX\™Y˜[ÙK™\šYHXXÚš\İX[Ù]Üˆ^ÛYH]œ›ÛHHX›XÈZ[‚˜\ÜÙ]Ëİ^\™\Ëİ^\™\×İÙX˜\ÜÚÙ[[Û‹ÜÚ[ÜÜš]Kœ™Ë\ÜÙ]Ëİ^\™\Ëİ^\™\×İÙX˜\ÜÚÙ[[Û‹œ™ËNLYMMMLX˜Ø™ÎÙNYŒÙLLYMÍMÌLNM˜ÍÌ™ŒYMLMÎX˜YLLYL˜M™MÍŒK›İXÛX\™Y˜[ÙK™\šYHXXÚš\İX[Ù]Üˆ^ÛYH]œ›ÛHHX›XÈZ[‚˜\ÜÙ]Ëİ^\™\Ëİ^\™\×İÙX˜\ÜÚÙ[[Û‹ÜÚ›ÛÙKÛXZ[‹\Ú[KÙXœ\ÜÙ]Ëİ^\™\Ëİ^\™\×İÙX˜\ÜÚÙ[[Û‹ÙXœMŒM‹NY™M˜YXYŒX™YNNNMMX™LNMŒMMLÍÌÙMÌNXÌNNMXÙXŒYM™‹›İXÛX\™Y˜[ÙK™\šYHXXÚš\İX[Ù]Üˆ^ÛYH]œ›ÛHHX›XÈZ[‚˜\ÜÙ]Ëİ^\™\Ëİ^\™\×İÙX˜\ÜÚÙ[[Û‹ÜÚ›ÛÙKÛXZ[‹ÙXœ\ÜÙ]Ëİ^\™\Ëİ^\™\×İÙX˜\ÜÚÙ[[Û‹ÙXœÎMÌNŒLØ˜˜ÙÙ˜ÍLLMMXN˜™MNÍL™ÙMÍM˜ØØÌMÙLŒË›İXÛX\™Y˜[ÙK™\šYHXXÚš\İX[Ù]Üˆ^ÛYH]œ›ÛHHX›XÈZ[‚˜\ÜÙ]Ëİ^\™\Ëİ^\™\×İÙX˜\ÜÚÙ[[Û‹ÜÚ›ÛÙKÜÜš]K\Ú[Kœ™Ë\ÜÙ]Ëİ^\™\Ëİ^\™\×İÙX˜\ÜÚÙ[[Û‹œ™ËMËYXÎN™™NÍØØ˜Ì™LNLÎMXÍÌMMÍŒMNYXYNMÙLØLØØÌÎXÎ‹›İXÛX\™Y˜[ÙK™\šYHXXÚš\İX[Ù]Üˆ^ÛYH]œ›ÛHHX›XÈZ[‚˜\ÜÙ]Ëİ^\™\Ëİ^\™\×İÙX˜\ÜÚÙ[[Û‹ÜÚ›ÛÙKÜÜš]Kœ™Ë\ÜÙ]Ëİ^\™\Ëİ^\™\×İÙX˜\ÜÚÙ[[Û‹œ™ËÙ™XŒYŒÍ˜ÙMX™M™˜ÍXÙLNØ™N˜˜ÙÙX™MÙØLYŒYŒÍÍNŒË›İXÛX\™Y˜[ÙK™\šYHXXÚš\İX[Ù]Üˆ^ÛYH]œ›ÛHHX›XÈZ[‚˜\ÜÙ]Ëİ^\™\Ëİ^\™\×İÙX˜\ÜÚÙ[[Û‹ÜÚ›ÛÛZ\ÚÛXZ[‹\Ú[KÙXœ\ÜÙ]Ëİ^\™\Ëİ^\™\×İÙX˜\ÜÚÙ[[Û‹ÙXœÎL‹YXY˜ÙLÙ™Y™XØÙXÌNMMÙ˜ØÍNMÌYNXŒÌÌXÎYL˜Œ›İXÛX\™Y˜[ÙK™\šYHXXÚš\İX[Ù]Üˆ^ÛYH]œ›ÛHHX›XÈZ[‚˜\ÜÙ]Ëİ^\™\Ëİ^\™\×İÙX˜\ÜÚÙ[[Û‹ÜÚ›ÛÛZ\ÚÛXZ[‹ÙXœ\ÜÙ]Ëİ^\™\Ëİ^\™\×İÙX˜\ÜÚÙ[[Û‹ÙXœÍÌÍÍM˜YLÌY™™MÌŒŒÌŒMX™LX˜ŒMÙ˜Ø˜ÌL˜YŒÍYX˜ÎXØÍË›İXÛX\™Y˜[ÙK™\šYHXXÚš\İX[Ù]Üˆ^ÛYH]œ›ÛHHX›XÈZ[‚˜\ÜÙ]Ëİ^\™\Ëİ^\™\×İÙX˜\ÜÚÙ[[Û‹ÜÚ›ÛÛZ\ÚÜÜš]K\Ú[Kœ™Ë\ÜÙ]Ëİ^\™\Ëİ^\™\×İÙX˜\ÜÚÙ[[Û‹œ™ËMËMMÎXÍÌMMŒLŒØÙ˜NNYÍØÙNMŒÌNMÎXÍMYMÍŒ›İXÛX\™Y˜[ÙK™\šYHXXÚš\İX[Ù]Üˆ^ÛYH]œ›ÛHHX›XÈZ[‚˜\ÜÙ]Ëİ^\™\Ëİ^\™\×İÙX˜\ÜÚÙ[[Û‹ÜÚ›ÛÛZ\ÚÜÜš]Kœ™Ë\ÜÙ]Ëİ^\™\Ëİ^\™\×İÙX˜\ÜÚÙ[[Û‹œ™ËMËXMÙLMØNMÍL™NMŒLYMÌÌL˜Í™XØL˜Í˜M™MYNY˜Œ˜ÎMÌXÙŒXLYX‹›İXÛX\™Y˜[ÙK™\šYHXXÚš\İX[Ù]Üˆ^ÛYH]œ›ÛHHX›XÈZ[‚˜\ÜÙ]Ëİ^\™\Ëİ^\™\×İÙX˜\ÜÚÙ[[Û‹ÜÚXÚÛKÛXZ[‹\Ú[KÙXœ\ÜÙ]Ëİ^\™\Ëİ^\™\×İÙX˜\ÜÚÙ[[Û‹ÙXœÌMY™XY˜LY˜ÙÎÌ˜NYLÍXÍÍÙŒ™LMNØM˜Ù˜ØÙ˜YŒ‹›İXÛX\™Y˜[ÙK™\šYHXXÚš\İX[Ù]Üˆ^ÛYH]œ›ÛHHX›XÈZ[‚˜\ÜÙ]Ëİ^\™\Ëİ^\™\×İÙX˜\ÜÚÙ[[Û‹ÜÚXÚÛKÛXZ[‹ÙXœ\ÜÙ]Ëİ^\™\Ëİ^\™\×İÙX˜\ÜÚÙ[[Û‹ÙXœÌÍÌ‹NLØMÌÎNXÍ˜LŒLLÌXÍ˜YØŒÌMXMØMX™ŒNÙMLÙMÍŒX™™M›İXÛX\™Y˜[ÙK™\šYHXXÚš\İX[Ù]Üˆ^ÛYH]œ›ÛHHX›XÈZ[‚˜\ÜÙ]Ëİ^\™\Ëİ^\™\×İÙX˜\ÜÚÙ[[Û‹ÜÚXÚÛKÜÜš]K\Ú[Kœ™Ë\ÜÙ]Ëİ^\™\Ëİ^\™\×İÙX˜\ÜÚÙ[[Û‹œ™ËŒLX˜˜MMÙ™XŒ™˜X™ÌXÎXYYLÙM™ŒYYØÙØÌØMÍÌÌYMŒØË›İXÛX\™Y˜[ÙK™\šYHXXÚš\İX[Ù]Üˆ^ÛYH]œ›ÛHHX›XÈZ[‚˜\ÜÙ]Ëİ^\™\Ëİ^\™\×İÙX˜\ÜÚÙ[[Û‹ÜÚXÚÛKÜÜš]Kœ™Ë\ÜÙ]Ëİ^\™\Ëİ^\™\×İÙX˜\ÜÚÙ[[Û‹œ™ËŒLNÍLMØ™ÌÌYM˜LÍMØ˜Ì˜Ì™ÍMLLLÍLMŒXYLÌMMÌÍNL‹›İXÛX\™Y˜[ÙK™\šYHXXÚš\İX[Ù]Üˆ^ÛYH]œ›ÛHHX›XÈZ[‚˜\ÜÙ]Ëİ^\™\Ëİ^\™\×İÙX˜\ÜÚÙ[[Û‹ÜÚ\]ÛXZ[‹\Ú[KÙXœ\ÜÙ]Ëİ^\™\Ëİ^\™\×İÙX˜\ÜÚÙ[[Û‹ÙXœÎMNŒLLØMŒXÌÌXMÌXŒÙ˜XÍÌMXÙŒÌLÎLÌNØYLL˜™MLŒY™ŒŒM‹›İXÛX\™Y˜[ÙK™\šYHXXÚš\İX[Ù]Üˆ^ÛYH]œ›ÛHHX›XÈZ[‚˜\ÜÙ]Ëİ^\™\Ëİ^\™\×İÙX˜\ÜÚÙ[[Û‹ÜÚ\]ÛXZ[‹ÙXœ\ÜÙ]Ëİ^\™\Ëİ^\™\×İÙX˜\ÜÚÙ[[Û‹ÙXœÍXNÌŒ™NYØMMÎ™YÙŒÍ™LÌL™NMŒÙMY˜ÍXÍNXYLNN™LK›İXÛX\™Y˜[ÙK™\šYHXXÚš\İX[Ù]Üˆ^ÛYH]œ›ÛHHX›XÈZ[‚˜\ÜÙ]Ëİ^\™\Ëİ^\™\×İÙX˜\ÜÚÙ[[Û‹ÜÚ\]ÜÜš]K\Ú[Kœ™Ë\ÜÙ]Ëİ^\™\Ëİ^\™\×İÙX˜\ÜÚÙ[[Û‹œ™ËÍKÌYNYŒLÍÙXMYMÎÌXMØYXÍYNLLY™MÙŒ˜XYMNLÍØ™™YXK›İXÛX\™Y˜[ÙK™\šYHXXÚš\İX[Ù]Üˆ^ÛYH]œ›ÛHHX›XÈZ[‚˜\ÜÙ]Ëİ^\™\Ëİ^\™\×İÙX˜\ÜÚÙ[[Û‹ÜÚ\]ÜÜš]Kœ™Ë\ÜÙ]Ëİ^\™\Ëİ^\™\×İÙX˜\ÜÚÙ[[Û‹œ™ËÎYŒMLMX˜ØØÍÎ™˜ØLXLXÎXMÎÙLLÙ˜ÍLNMÎNLXØL™MK›İXÛX\™Y˜[ÙK™\šYHXXÚš\İX[Ù]Üˆ^ÛYH]œ›ÛHHX›XÈZ[‚˜\ÜÙ]Ëİ^\™\Ëİ^\™\×İÙX˜\ÜÚÙ[[Û‹ÜÚYÚ[\ÛXZ[‹\Ú[KÙXœ\ÜÙ]Ëİ^\™\Ëİ^\™\×İÙX˜\ÜÚÙ[[Û‹ÙXœÎLNÙM˜ÙŒLL™ML™LMYÍ˜ØÍ˜Y˜ÌXÙLNMÙØÙØK›İXÛX\™Y˜[ÙK™\šYHXXÚš\İX[Ù]Üˆ^ÛYH]œ›ÛHHX›XÈZ[‚˜\ÜÙ]Ëİ^\™\Ëİ^\™\×İÙX˜\ÜÚÙ[[Û‹ÜÚYÚ[\ÛXZ[‹ÙXœ\ÜÙ]Ëİ^\™\Ëİ^\™\×İÙX˜\ÜÚÙ[[Û‹ÙXœÍLLXÙMÍÍ˜ÍØÌ˜L™LXÍÌ˜XÎ˜ŒYØÍXØ˜MMXYLÎYŒŒŒŒNMË›İXÛX\™Y˜[ÙK™\šYHXXÚš\İX[Ù]Üˆ^ÛYH]œ›ÛHHX›XÈZ[‚˜\ÜÙ]Ëİ^\™\Ëİ^\™\×İÙX˜\ÜÚÙ[[Û‹ÜÚYÚ[\ÜÜš]K\Ú[Kœ™Ë\ÜÙ]Ëİ^\™\Ëİ^\™\×İÙX˜\ÜÚÙ[[Û‹œ™ËLNNKYÙNLÌÙ™MØÎLÌLÌMMXÎNXÙYŒŒÎLY˜˜XÍYM‹›İXÛX\™Y˜[ÙK™\šYHXXÚš\İX[Ù]Üˆ^ÛYH]œ›ÛHHX›XÈZ[‚˜\ÜÙ]Ëİ^\™\Ëİ^\™\×İÙX˜\ÜÚÙ[[Û‹ÜÚYÚ[\ÜÜš]Kœ™Ë\ÜÙ]Ëİ^\™\Ëİ^\™\×İÙX˜\ÜÚÙ[[Û‹œ™ËLŒKXÍØLŒÙLYYŒM™LÙ™LÍÎM™M™˜Œ˜ŒYYMYXÎYNMØ™ŒÎMMLXÍY˜Ë›İXÛX\™Y˜[ÙK™\šYHXXÚš\İX[Ù]Üˆ^ÛYH]œ›ÛHHX›XÈZ[‚˜\ÜÙ]Ëİ^\™\Ëİ^\™\×İÙX˜\ÜÚÙ[[Û‹ÜÚ[ÛÛÛ‹ÛXZ[‹\Ú[KÙXœ\ÜÙ]Ëİ^\™\Ëİ^\™\×İÙX˜\ÜÚÙ[[Û‹ÙXœÍMŒÎÍ˜NNXØXÎMMYYŒ™ÙLNMŒÌLŒÙÌLMŒYŒNLLMÍ™Y™Œ˜MØ™ŒK›İXÛX\™Y˜[ÙK™\šYHXXÚš\İX[Ù]Üˆ^ÛYH]œ›ÛHHX›XÈZ[‚˜\ÜÙ]Ëİ^\™\Ëİ^\™\×İÙX˜\ÜÚÙ[[Û‹ÜÚ[ÛÛÛ‹ÛXZ[‹ÙXœ\ÜÙ]Ëİ^\™\Ëİ^\™\×İÙX˜\ÜÚÙ[[Û‹ÙXœŒŒŒ‹˜Í˜XÌÍØXØNLN™ÍÍÙMÌLX˜ÍYXÍX™XŒÍÍNLÍNXÙ˜MÌLNL‹›İXÛX\™Y˜[ÙK™\šYHXXÚš\İX[Ù]Üˆ^ÛYH]œ›ÛHHX›XÈZ[‚˜\ÜÙ]Ëİ^\™\Ëİ^\™\×İÙX˜\ÜÚÙ[[Û‹ÜÚ[ÛÛÛ‹ÜÜš]K\Ú[Kœ™Ë\ÜÙ]Ëİ^\™\Ëİ^\™\×İÙX˜\ÜÚÙ[[Û‹œ™ËLL‹ŒÍŒÎLÌ˜™™MØYXŒÙMÌÍL˜LLŒŒLØ™˜ŒMŒŒØYXK›İXÛX\™Y˜[ÙK™\šYHXXÚš\İX[Ù]Üˆ^ÛYH]œ›ÛHHX›XÈZ[‚˜\ÜÙ]Ëİ^\™\Ëİ^\™\×İÙX˜\ÜÚÙ[[Û‹ÜÚ[ÛÛÛ‹ÜÜš]Kœ™Ë\ÜÙ]Ëİ^\™\Ëİ^\™\×İÙX˜\ÜÚÙ[[Û‹œ™ËLLYYX˜M™LMY™ŒLÙ˜NNYM™LMLMLØNL˜ŒYŒÙYY˜LÌX˜˜ÙN›İXÛX\™Y˜[ÙK™\šYHXXÚš\İX[Ù]Üˆ^ÛYH]œ›ÛHHX›XÈZ[‚˜\ÜÙ]Ëİ^\™\Ëİ^\™\×İÙX˜\ÜÚÙ[[Û‹ÜÚ[XÛØœ˜KÛXZ[‹\Ú[KÙXœ\ÜÙ]Ëİ^\™\Ëİ^\™\×İÙX˜\ÜÚÙ[[Û‹ÙXœÍÎ˜˜LÍMLŒLYŒYNYNX™ÍØXÌ˜ÙMÍÌ™ÌÎ™™˜MXY˜ÍXXŒYË›İXÛX\™Y˜[ÙK™\šYHXXÚš\İX[Ù]Üˆ^ÛYH]œ›ÛHHX›XÈZ[‚˜\ÜÙ]Ëİ^\™\Ëİ^\™\×İÙX˜\ÜÚÙ[[Û‹ÜÚ[XÛØœ˜KÛXZ[‹ÙXœ\ÜÙ]Ëİ^\™\Ëİ^\™\×İÙX˜\ÜÚÙ[[Û‹ÙXœŒŒÙØXYŒØLÌÎMÌÙLØÍL™Ø™™YNM™˜™™XÌ˜ŒMM™LXLÍLLY‹›İXÛX\™Y˜[ÙK™\šYHXXÚš\İX[Ù]Üˆ^ÛYH]œ›ÛHHX›XÈZ[‚˜\ÜÙ]Ëİ^\™\Ëİ^\™\×İÙX˜\ÜÚÙ[[Û‹ÜÚ[XÛØœ˜KÜÜš]K\Ú[Kœ™Ë\ÜÙ]Ëİ^\™\Ëİ^\™\×İÙX˜\ÜÚÙ[[Û‹œ™ËML‹ØŒÙL™NM˜ÌØÍLXÌŒ™M™ŒÙYØMYMŒÍLLØ˜Ì˜Ø™™™MYXØY›İXÛX\™Y˜[ÙK™\šYHXXÚš\İX[Ù]Üˆ^ÛYH]œ›ÛHHX›XÈZ[‚˜\ÜÙ]Ëİ^\™\Ëİ^\™\×İÙX˜\ÜÚÙ[[Û‹ÜÚ[XÛØœ˜KÜÜš]Kœ™Ë\ÜÙ]Ëİ^\™\Ëİ^\™\×İÙX˜\ÜÚÙ[[Û‹œ™ËML‹ØÌØÙM™LŒMYŒ˜L™Œ˜ØØMNMMŒÙMÌMMXŒŒNXMŒXYXØ™˜Ì‹›İXÛX\™Y˜[ÙK™\šYHXXÚš\İX[Ù]Üˆ^ÛYH]œ›ÛHHX›XÈZ[‚˜\ÜÙ]Ëİ^\™\Ëİ^\™\×İÙX˜\ÜÚÙ[[Û‹ÜÚ[˜[KÛXZ[‹\Ú[KÙXœ\ÜÙ]Ëİ^\™\Ëİ^\™\×İÙX˜\ÜÚÙ[[Û‹ÙXœMÌ‹YMÎYNYŒ™MMŒLÌ™L˜Ì™ÎXYL˜MŒÍÎLÍXŒÍÙMÌ™ŒÙXË›İXÛX\™Y˜[ÙK™\šYHXXÚš\İX[Ù]Üˆ^ÛYH]œ›ÛHHX›XÈZ[‚˜\ÜÙ]Ëİ^\™\Ëİ^\™\×İÙX˜\ÜÚÙ[[Û‹ÜÚ[˜[KÛXZ[‹ÙXœ\ÜÙ]Ëİ^\™\Ëİ^\™\×İÙX˜\ÜÚÙ[[Û‹ÙXœŒŒÍ‹XŒÍÎMÌNXÌ™XÌNLÎL™LLØ˜Y˜X™LYLL™™M™ØLXÌNYYNYM‹›İXÛX\™Y˜[ÙK™\šYHXXÚš\İX[Ù]Üˆ^ÛYH]œ›ÛHHX›XÈZ[‚˜\ÜÙ]Ëİ^\™\Ëİ^\™\×İÙX˜\ÜÚÙ[[Û‹ÜÚ[˜[KÜÜš]K\Ú[Kœ™Ë\ÜÙ]Ëİ^\™\Ëİ^\™\×İÙX˜\ÜÚÙ[[Û‹œ™ËNNNMLLÎØ™YŒÙMMLÙY™NLXLNYŒØL˜ÌXÙ˜™YLÌ˜X‹›İXÛX\™Y˜[ÙK™\šYHXXÚš\İX[Ù]Üˆ^ÛYH]œ›ÛHHX›XÈZ[‚˜\ÜÙ]Ëİ^\™\Ëİ^\™\×İÙX˜\ÜÚÙ[[Û‹ÜÚ[˜[KÜÜš]Kœ™Ë\ÜÙ]Ëİ^\™\Ëİ^\™\×İÙX˜\ÜÚÙ[[Û‹œ™ËNNMØØXÍÌÙÎLŒLØY™LMÍYYXLNØØMLÌ˜Y™Ø™˜YŒ˜ŒÙ™™XØÎ›İXÛX\™Y˜[ÙK™\šYHXXÚš\İX[Ù]Üˆ^ÛYH]œ›ÛHHX›XÈZ[‚˜\ÜÙ]Ëİ^\™\Ëİ^\™\×İÙX˜\ÜÚÙ[[Û‹ÜÚ[Z\İ\‹ÛXZ[‹\Ú[KÙXœ\ÜÙ]Ëİ^\™\Ëİ^\™\×İÙX˜\ÜÚÙ[[Û‹ÙXœLLLÌÍ‹Ì™YMÌÌÌYYYNØŒ˜™MLYXÍMØMÍMÙÙLYM˜N™ÌÌL™ŒMØÍK›İXÛX\™Y˜[ÙK™\šYHXXÚš\İX[Ù]Üˆ^ÛYH]œ›ÛHHX›XÈZ[‚˜\ÜÙ]Ëİ^\™\Ëİ^\™\×İÙX˜\ÜÚÙ[[Û‹ÜÚ[Z\İ\‹ÛXZ[‹ÙXœ\ÜÙ]Ëİ^\™\Ëİ^\™\×İÙX˜\ÜÚÙ[[Û‹ÙXœLL‹ÍYYLÎMÙÌXŒMMÍLØMYŒÌÙYŒLŒØÎYYÙLÎ˜Î˜LNYX˜ØÍNMK›İXÛX\™Y˜[ÙK™\šYHXXÚš\İX[Ù]Üˆ^ÛYH]œ›ÛHHX›XÈZ[‚˜\ÜÙ]Ëİ^\™\Ëİ^\™\×İÙX˜\ÜÚÙ[[Û‹ÜÚ[Z\İ\‹ÜÜš]K\Ú[Kœ™Ë\ÜÙ]Ëİ^\™\Ëİ^\™\×İÙX˜\ÜÚÙ[[Û‹œ™ËLÌËLŒÙLÙMØXŒNLŒNYMXMŒLŒÙÎ™LLNXLY™MÌLØÍÎLM˜K›İXÛX\™Y˜[ÙK™\šYHXXÚš\İX[Ù]Üˆ^ÛYH]œ›ÛHHX›XÈZ[‚˜\ÜÙ]Ëİ^\™\Ëİ^\™\×İÙX˜\ÜÚÙ[[Û‹ÜÚ[Z\İ\‹ÜÜš]Kœ™Ë\ÜÙ]Ëİ^\™\Ëİ^\™\×İÙX˜\ÜÚÙ[[Û‹œ™ËLÍÍ™™XÙMÎØXNXY˜XÌLXŒÍ™˜Œ˜X™ŒN˜YØŒÙ™˜ØXX˜ŒYMÍMË›İXÛX\™Y˜[ÙK™\šYHXXÚš\İX[Ù]Üˆ^ÛYH]œ›ÛHHX›XÈZ[‚˜\ÜÙ]Ëİ^\™\Ëİ^\™\×İÙX˜\ÜÚÙ[[Û‹ÜÚ[Z\ØYÙKÛXZ[‹\Ú[KÙXœ\ÜÙ]Ëİ^\™\Ëİ^\™\×İÙX˜\ÜÚÙ[[Û‹ÙXœÌNN™ÍØ™YYÎMMÎŒÎØXÌØŒM˜MÌØXŒ™ÌÎXŒLŒŒLÎNM˜MŒLÙLØ˜XX‹›İXÛX\™Y˜[ÙK™\šYHXXÚš\İX[Ù]Üˆ^ÛYH]œ›ÛHHX›XÈZ[‚˜\ÜÙ]Ëİ^\™\Ëİ^\™\×İÙX˜\ÜÚÙ[[Û‹ÜÚ[Z\ØYÙKÛXZ[‹ÙXœ\ÜÙ]Ëİ^\™\Ëİ^\™\×İÙX˜\ÜÚÙ[[Û‹ÙXœMŒMLYLÙN™Í˜NLØŒNMÎ™LMÙY˜ØMMŒYŒLYŒÌMMMLÙ™LÌÍK›İXÛX\™Y˜[ÙK™\šYHXXÚš\İX[Ù]Üˆ^ÛYH]œ›ÛHHX›XÈZ[‚˜\ÜÙ]Ëİ^\™\Ëİ^\™\×İÙX˜\ÜÚÙ[[Û‹ÜÚ[Z\ØYÙKÜÜš]K\Ú[Kœ™Ë\ÜÙ]Ëİ^\™\Ëİ^\™\×İÙX˜\ÜÚÙ[[Û‹œ™ËLÍXÙŒÌ™˜Y™˜ØLÍLYÌNŒÌYM˜ŒØ˜Œ™YLLØÙŒÙYNMM™˜XÌÌÌ›İXÛX\™Y˜[ÙK™\šYHXXÚš\İX[Ù]Üˆ^ÛYH]œ›ÛHHX›XÈZ[‚˜\ÜÙ]Ëİ^\™\Ëİ^\™\×İÙX˜\ÜÚÙ[[Û‹ÜÚ[Z\ØYÙKÜÜš]Kœ™Ë\ÜÙ]Ëİ^\™\Ëİ^\™\×İÙX˜\ÜÚÙ[[Û‹œ™ËLÍKLÙMMÙŒÌXMXŒÍXMØXYÙÙ˜ŒŒ™ML™M˜XÍØŒÍML™M‹›İXÛX\™Y˜[ÙK™\šYHXXÚš\İX[Ù]Üˆ^ÛYH]œ›ÛHHX›XÈZ[‚˜\ÜÙ]Ëİ^\™\Ëİ^\™\×İÙX˜\ÜÚÙ[[Û‹ÜÚ[Z\ÙX\‹ÛXZ[‹\Ú[KÙXœ\ÜÙ]Ëİ^\™\Ëİ^\™\×İÙX˜\ÜÚÙ[[Û‹ÙXœLLÎMYÌØMXMÎMMŒLMXLŒ™ÌMŒŒÌLMMLÌMMLLY›İXÛX\™Y˜[ÙK™\šYHXXÚš\İX[Ù]Üˆ^ÛYH]œ›ÛHHX›XÈZ[‚˜\ÜÙ]Ëİ^\™\Ëİ^\™\×İÙX˜\ÜÚÙ[[Û‹ÜÚ[Z\ÙX\‹ÛXZ[‹ÙXœ\ÜÙ]Ëİ^\™\Ëİ^\™\×İÙX˜\ÜÚÙ[[Û‹ÙXœLNÎM‹ŒL™ŒLÍÍMMØX™™YLLMYÌXÎÙŒØYLÙ˜ÎXÍX˜NM˜ÍÍXLÙ™ŒØ˜‹›İXÛX\™Y˜[ÙK™\šYHXXÚš\İX[Ù]Üˆ^ÛYH]œ›ÛHHX›XÈZ[‚˜\ÜÙ]Ëİ^\™\Ëİ^\™\×İÙX˜\ÜÚÙ[[Û‹ÜÚ[Z\ÙX\‹ÜÜš]K\Ú[Kœ™Ë\ÜÙ]Ëİ^\™\Ëİ^\™\×İÙX˜\ÜÚÙ[[Û‹œ™ËNMM˜LØÎŒLNNÌŒÙMÍØMMÙL˜™ŒŒXM™MÙN™XXÌNYLÌ˜L›İXÛX\™Y˜[ÙK™\šYHXXÚš\İX[Ù]Üˆ^ÛYH]œ›ÛHHX›XÈZ[‚˜\ÜÙ]Ëİ^\™\Ëİ^\™\×İÙX˜\ÜÚÙ[[Û‹ÜÚ[Z\ÙX\‹ÜÜš]Kœ™Ë\ÜÙ]Ëİ^\™\Ëİ^\™\×İÙX˜\ÜÚÙ[[Û‹œ™ËNMKLLY˜ÎYL˜LÙ™YYYLX™XNMÌ˜MŒYN™L˜ŒØØÍXÙLÍÌ›İXÛX\™Y˜[ÙK™\šYHXXÚš\İX[Ù]Üˆ^ÛYH]œ›ÛHHX›XÈZ[‚˜\ÜÙ]Ëİ^\™\Ëİ^\™\×İÙX˜\ÜÚÙ[[Û‹ÜÚ[š\İÚKÛXZ[‹\Ú[KÙXœ\ÜÙ]Ëİ^\™\Ëİ^\™\×İÙX˜\ÜÚÙ[[Û‹ÙXœLÎNM‹MÌ˜ŒMLNXÙÌŒLÍMÌLMØÎM˜ÌØŒYM˜LØÎØXÌXMÌÌ˜MNYYYM‹›İXÛX\™Y˜[ÙK™\šYHXXÚš\İX[Ù]Üˆ^ÛYH]œ›ÛHHX›XÈZ[‚˜\ÜÙ]Ëİ^\™\Ëİ^\™\×İÙX˜\ÜÚÙ[[Û‹ÜÚ[š\İÚKÛXZ[‹ÙXœ\ÜÙ]Ëİ^\™\Ëİ^\™\×İÙX˜\ÜÚÙ[[Û‹ÙXœLŒM˜MÎMYXM™LXŒØ˜NM™ŒNMMYØXÌYŒŒŒØÎX˜ÎYŒNLXÌNLÙ›İXÛX\™Y˜[ÙK™\šYHXXÚš\İX[Ù]Üˆ^ÛYH]œ›ÛHHX›XÈZ[‚˜\ÜÙ]Ëİ^\™\Ëİ^\™\×İÙX˜\ÜÚÙ[[Û‹ÜÚ[š\İÚKÜÜš]K\Ú[Kœ™Ë\ÜÙ]Ëİ^\™\Ëİ^\™\×İÙX˜\ÜÚÙ[[Û‹œ™ËŒMKŒÌØ™MXØMÌÙNMMNXMÍÌMÍMÌŒÙLM™ŒMÌ˜LXY˜ÌÍÌYLË›İXÛX\™Y˜[ÙK™\šYHXXÚš\İX[Ù]Üˆ^ÛYH]œ›ÛHHX›XÈZ[‚˜\ÜÙ]Ëİ^\™\Ëİ^\™\×İÙX˜\ÜÚÙ[[Û‹ÜÚ[š\İÚKÜÜš]Kœ™Ë\ÜÙ]Ëİ^\™\Ëİ^\™\×İÙX˜\ÜÚÙ[[Û‹œ™ËŒMYŒŒÌ™LY™XL™XL˜MŒY˜˜ÍØ™XŒ™XÌÌYXÙL˜ÙLNX˜Ë›İXÛX\™Y˜[ÙK™\šYHXXÚš\İX[Ù]Üˆ^ÛYH]œ›ÛHHX›XÈZ[‚˜\ÜÙ]Ëİ^\™\Ëİ^\™\×İÙX˜\ÜÚÙ[[Û‹ÜÚ[š\İXKÛXZ[‹\Ú[KÙXœ\ÜÙ]Ëİ^\™\Ëİ^\™\×İÙX˜\ÜÚÙ[[Û‹ÙXœÍŒÌ™Ù™X™ÌXÌLÌNNN™™NÙNØYXMMÌÌÍ˜XØ˜LÍŒXÎYN˜NX™Œ‹›İXÛX\™Y˜[ÙK™\šYHXXÚš\İX[Ù]Üˆ^ÛYH]œ›ÛHHX›XÈZ[‚˜\ÜÙ]Ëİ^\™\Ëİ^\™\×İÙX˜\ÜÚÙ[[Û‹ÜÚ[š\İXKÛXZ[‹ÙXœ\ÜÙ]Ëİ^\™\Ëİ^\™\×İÙX˜\ÜÚÙ[[Û‹ÙXœÍMŒ‹ÍMLXŒÎY™NML™YNLX™XXŒÌÍÙXLÌMŒÍMLLÎÌYÙ˜XŒMŒM˜ÍŒ‹›İXÛX\™Y˜[ÙK™\šYHXXÚš\İX[Ù]Üˆ^ÛYH]œ›ÛHHX›XÈZ[‚˜\ÜÙ]Ëİ^\™\Ëİ^\™\×İÙX˜\ÜÚÙ[[Û‹ÜÚ[š\İXKÜÜš]K\Ú[Kœ™Ë\ÜÙ]Ëİ^\™\Ëİ^\™\×İÙX˜\ÜÚÙ[[Û‹œ™ËLŒËYÎÌŒMN˜MÙ˜L™LÍ™NNMLÌMYLNM˜XŒNÎL™ÍX˜ÍÎK›İXÛX\™Y˜[ÙK™\šYHXXÚš\İX[Ù]Üˆ^ÛYH]œ›ÛHHX›XÈZ[‚˜\ÜÙ]Ëİ^\™\Ëİ^\™\×İÙX˜\ÜÚÙ[[Û‹ÜÚ[š\İXKÜÜš]Kœ™Ë\ÜÙ]Ëİ^\™\Ëİ^\™\×İÙX˜\ÜÚÙ[[Û‹œ™ËLŒËYYLØ™˜ÌXY™MLNLØÍÌÙNLY˜ÌÎLYÙÍÙMÌMLNX™NX™˜MXŒÌ›İXÛX\™Y˜[ÙK™\šYHXXÚš\İX[Ù]Üˆ^ÛYH]œ›ÛHHX›XÈZ[‚˜\ÜÙ]Ëİ^\™\Ëİ^\™\×İÙX˜\ÜÚÙ[[Û‹ÜÚ\™™]ÚÛXZ[‹\Ú[KÙXœ\ÜÙ]Ëİ^\™\Ëİ^\™\×İÙX˜\ÜÚÙ[[Û‹ÙXœYLYÙŒMÙŒØLMÍÌM™LYYYÍÌŒLŒÌLÍÌÍÍØ™LÍNY›İXÛX\™Y˜[ÙK™\šYHXXÚš\İX[Ù]Üˆ^ÛYH]œ›ÛHHX›XÈZ[‚˜\ÜÙ]Ëİ^\™\Ëİ^\™\×İÙX˜\ÜÚÙ[[Û‹ÜÚ\™™]ÚÛXZ[‹ÙXœ\ÜÙ]Ëİ^\™\Ëİ^\™\×İÙX˜\ÜÚÙ[[Û‹ÙXœLÌMYLÍÍ˜YMØØMNMØ˜ÙŒŒÍMØ˜YÍMÍLÍÍ™˜MYÌÌMÎYŒMXÍXÙMXK›İXÛX\™Y˜[ÙK™\šYHXXÚš\İX[Ù]Üˆ^ÛYH]œ›ÛHHX›XÈZ[‚˜\ÜÙ]Ëİ^\™\Ëİ^\™\×İÙX˜\ÜÚÙ[[Û‹ÜÚ\™™]ÚÜÜš]K\Ú[Kœ™Ë\ÜÙ]Ëİ^\™\Ëİ^\™\×İÙX˜\ÜÚÙ[[Û‹œ™ËMÌKLX˜ÙML˜ÎMNLLÙ˜˜ÙMÍXÍÍLNYŒML™˜™YY˜ÙLÍX˜˜XYY‹›İXÛX\™Y˜[ÙK™\šYHXXÚš\İX[Ù]Üˆ^ÛYH]œ›ÛHHX›XÈZ[‚˜\ÜÙ]Ëİ^\™\Ëİ^\™\×İÙX˜\ÜÚÙ[[Û‹ÜÚ\™™]ÚÜÜš]Kœ™Ë\ÜÙ]Ëİ^\™\Ëİ^\™\×İÙX˜\ÜÚÙ[[Û‹œ™ËMÌKL˜ÎX˜X˜NNYLÌLÎYYNMÍÌØNMÎLØÎY™™LXŒÌØŒÎMŒLM™YÌ‹›İXÛX\™Y˜[ÙK™\šYHXXÚš\İX[Ù]Üˆ^ÛYH]œ›ÛHHX›XÈZ[‚˜\ÜÙ]Ëİ^\™\Ëİ^\™\×İÙX˜\ÜÚÙ[[Û‹ÜÚ^›\YKÛXZ[‹\Ú[KÙXœ\ÜÙ]Ëİ^\™\Ëİ^\™\×İÙX˜\ÜÚÙ[[Û‹ÙXœÍLŒÙØYLMLXMÍÎ™ÌÎYLÌÍÙ˜M˜ÎLMÌM™M™ÌLMÙLÌÌMNYÎ›İXÛX\™Y˜[ÙK™\šYHXXÚš\İX[Ù]Üˆ^ÛYH]œ›ÛHHX›XÈZ[‚˜\ÜÙ]Ëİ^\™\Ëİ^\™\×İÙX˜\ÜÚÙ[[Û‹ÜÚ^›\YKÛXZ[‹ÙXœ\ÜÙ]Ëİ^\™\Ëİ^\™\×İÙX˜\ÜÚÙ[[Û‹ÙXœÍLLÌØMYÌÎLXØLŒÍLŒMØŒLÌÙ™˜ÙŒ™™LØM˜ÍÍØXMLMÌXL™LK›İXÛX\™Y˜[ÙK™\šYHXXÚš\İX[Ù]Üˆ^ÛYH]œ›ÛHHX›XÈZ[‚˜\ÜÙ]Ëİ^\™\Ëİ^\™\×İÙX˜\ÜÚÙ[[Û‹ÜÚ^›\YKÜÜš]K\Ú[Kœ™Ë\ÜÙ]Ëİ^\™\Ëİ^\™\×İÙX˜\ÜÚÙ[[Û‹œ™Ë‹LÍ˜ŒÌNÍMX™ŒYXLM˜LL˜ŒMÎYŒYYLÍŒÌ˜Ø™MÍØØYLÌÍLÙØK›İXÛX\™Y˜[ÙK™\šYHXXÚš\İX[Ù]Üˆ^ÛYH]œ›ÛHHX›XÈZ[‚˜\ÜÙ]Ëİ^\™\Ëİ^\™\×İÙX˜\ÜÚÙ[[Û‹ÜÚ^›\YKÜÜš]Kœ™Ë\ÜÙ]Ëİ^\™\Ëİ^\™\×İÙX˜\ÜÚÙ[[Û‹œ™Ë‹ÌÎMMLYLÌÌÌ™NMÍÙØÙŒMYL˜YŒYNLŒŒMŒLÎLØMÍYÍXÍYLN›İXÛX\™Y˜[ÙK™\šYHXXÚš\İX[Ù]Üˆ^ÛYH]œ›ÛHHX›XÈZ[‚˜\ÜÙ]Ëİ^\™\Ëİ^\™\×İÙX˜\ÜÚÙ[[Û‹ÜÚØ\›[ÜKÛXZ[‹\Ú[KÙXœ\ÜÙ]Ëİ^\™\Ëİ^\™\×İÙX˜\ÜÚÙ[[Û‹ÙXœŒLÙXNŒÎMMŒÌÙ˜Í™™™Ì˜Ù˜ØÍÌL˜NYLŒ™ŒYMÙLM˜Ì˜Y™˜MÎK›İXÛX\™Y˜[ÙK™\šYHXXÚš\İX[Ù]Üˆ^ÛYH]œ›ÛHHX›XÈZ[‚˜\ÜÙ]Ëİ^\™\Ëİ^\™\×İÙX˜\ÜÚÙ[[Û‹ÜÚØ\›[ÜKÛXZ[‹ÙXœ\ÜÙ]Ëİ^\™\Ëİ^\™\×İÙX˜\ÜÚÙ[[Û‹ÙXœÌLNŒÍŒYX™NX™Y™™LXÙMMLÙŒMÍX˜LŒ˜YNNMLLÍØ˜XYMÌ˜ØXŒXË›İXÛX\™Y˜[ÙK™\šYHXXÚš\İX[Ù]Üˆ^ÛYH]œ›ÛHHX›XÈZ[‚˜\ÜÙ]Ëİ^\™\Ëİ^\™\×İÙX˜\ÜÚÙ[[Û‹ÜÚØ\›[ÜKÜÜš]K\Ú[Kœ™Ë\ÜÙ]Ëİ^\™\Ëİ^\™\×İÙX˜\ÜÚÙ[[Û‹œ™ËLÍŒLM˜™˜ÌÍÌNLXNLLÙLNŒŒXÎÍXÌXNMY˜ÌY™™XÎK›İXÛX\™Y˜[ÙK™\šYHXXÚš\İX[Ù]Üˆ^ÛYH]œ›ÛHHX›XÈZ[‚˜\ÜÙ]Ëİ^\™\Ëİ^\™\×İÙX˜\ÜÚÙ[[Û‹ÜÚØ\›[ÜKÜÜš]Kœ™Ë\ÜÙ]Ëİ^\™\Ëİ^\™\×İÙX˜\ÜÚÙ[[Û‹œ™ËLÍ‹™LMMÍÎ˜ÙNMÍŒ™NÌ™M˜ÎLLNMXMŒMYL™˜ÍMŒÌ˜LXÌË›İXÛX\™Y˜[ÙK™\šYHXXÚš\İX[Ù]Üˆ^ÛYH]œ›ÛHHX›XÈZ[‚˜\ÜÙ]Ëİ^\™\Ëİ^\™\×İÙX˜\ÜÚÙ[[Û‹ÜÚÙ[Y\™ÙKÛXZ[‹\Ú[KÙXœ\ÜÙ]Ëİ^\™\Ëİ^\™\×İÙX˜\ÜÚÙ[[Û‹ÙXœNMXLMYŒNNLÌØN˜ÍŒLMØÌMØÙLØXŒÎNNNÌŒ˜Y˜ÍØÍÎÎLL‹›İXÛX\™Y˜[ÙK™\šYHXXÚš\İX[Ù]Üˆ^ÛYH]œ›ÛHHX›XÈZ[‚˜\ÜÙ]Ëİ^\™\Ëİ^\™\×İÙX˜\ÜÚÙ[[Û‹ÜÚÙ[Y\™ÙKÛXZ[‹ÙXœ\ÜÙ]Ëİ^\™\Ëİ^\™\×İÙX˜\ÜÚÙ[[Û‹ÙXœLMM‹NNÌŒÌLÌMMÌMMNMŒÍM™ŒŒÌÌÍXYYÙYNŒØÙLŒX˜ÙŒÍŒÙMY™ÌML›İXÛX\™Y˜[ÙK™\šYHXXÚš\İX[Ù]Üˆ^ÛYH]œ›ÛHHX›XÈZ[‚˜\ÜÙ]Ëİ^\™\Ëİ^\™\×İÙX˜\ÜÚÙ[[Û‹ÜÚÙ[Y\™ÙKÜÜš]K\Ú[Kœ™Ë\ÜÙ]Ëİ^\™\Ëİ^\™\×İÙX˜\ÜÚÙ[[Û‹œ™ËÌÌÍ‹ÎYLŒØXÌÎYXXÍŒØŒ˜ÍNŒMØŒXYNYYMMÙXLŒØMNL™XŒÍYØŒXÎØÌ™™Ù›İXÛX\™Y˜[ÙK™\šYHXXÚš\İX[Ù]Üˆ^ÛYH]œ›ÛHHX›XÈZ[‚˜\ÜÙ]Ëİ^\™\Ëİ^\™\×İÙX˜\ÜÚÙ[[Û‹ÜÚÙ[Y\™ÙKÜÜš]KÙXœ\ÜÙ]Ëİ^\™\Ëİ^\™\×İÙX˜\ÜÚÙ[[Û‹ÙXœLŒ‹ŒŒÍMLÍNNY˜™ŒLMÌ™ŒÎLÙLNL™XÍYÌ˜™YNMNLÙNXÍNM™NK›İXÛX\™Y˜[ÙK™\šYHXXÚš\İX[Ù]Üˆ^ÛYH]œ›ÛHHX›XÈZ[‚˜\ÜÙ]Ëİ^\™\Ëİ^\™\×İÙX˜\ÜÚÙ[[Û‹ÜÚÚYËÛXZ[‹\Ú[KÙXœ\ÜÙ]Ëİ^\™\Ëİ^\™\×İÙX˜\ÜÚÙ[[Û‹ÙXœNNÍ™™LÎXÍŒÍ™ŒŒLØÍÙØÍ™™MÍŒÍŒÎXÌØŒMMLLM˜XMÍNNŒÎXË›İXÛX\™Y˜[ÙK™\šYHXXÚš\İX[Ù]Üˆ^ÛYH]œ›ÛHHX›XÈZ[‚˜\ÜÙ]Ëİ^\™\Ëİ^\™\×İÙX˜\ÜÚÙ[[Û‹ÜÚÚYËÛXZ[‹ÙXœ\ÜÙ]Ëİ^\™\Ëİ^\™\×İÙX˜\ÜÚÙ[[Û‹ÙXœLÌL˜ÍXYMŒÙXÌMÎÙL˜˜ÙM™ÙÌNLÎMÍÍLNXÎY™X˜ÙYX˜™K›İXÛX\™Y˜[ÙK™\šYHXXÚš\İX[Ù]Üˆ^ÛYH]œ›ÛHHX›XÈZ[‚˜\ÜÙ]Ëİ^\™\Ëİ^\™\×İÙX˜\ÜÚÙ[[Û‹ÜÚÚYËÜÜš]K\Ú[Kœ™Ë\ÜÙ]Ëİ^\™\Ëİ^\™\×İÙX˜\ÜÚÙ[[Û‹œ™ËLMLKŒÍÌÌÌYLÌÍÍÎYXMLÎXMØYYÌÙŒX˜XŒ™M™™YØŒ˜LŒŒK›İXÛX\™Y˜[ÙK™\šYHXXÚš\İX[Ù]Üˆ^ÛYH]œ›ÛHHX›XÈZ[‚˜\ÜÙ]Ëİ^\™\Ëİ^\™\×İÙX˜\ÜÚÙ[[Û‹ÜÚÚYËÜÜš]Kœ™Ë\ÜÙ]Ëİ^\™\Ëİ^\™\×İÙX˜\ÜÚÙ[[Û‹œ™ËM‹XLYMXMM˜ÍÍØXÌXMLNNM™XÍÙ™MÍÙLØÙYÍÍNX˜XÙN‹›İXÛX\™Y˜[ÙK™\šYHXXÚš\İX[Ù]Üˆ^ÛYH]œ›ÛHHX›XÈZ[‚˜\ÜÙ]Ëİ^\™\Ëİ^\™\×İÙX˜\ÜÚÙ[[Û‹ÜÚÚ\ÛÛKÛXZ[‹\Ú[KÙXœ\ÜÙ]Ëİ^\™\Ëİ^\™\×İÙX˜\ÜÚÙ[[Û‹ÙXœLLÍ‹XŒÌŒÍÌÍŒÍÎXÍMÍM™MŒNŒLMÌ˜ML™Î˜ÌÙLXŒMNN‹›İXÛX\™Y˜[ÙK™\šYHXXÚš\İX[Ù]Üˆ^ÛYH]œ›ÛHHX›XÈZ[‚˜\ÜÙ]Ëİ^\™\Ëİ^\™\×İÙX˜\ÜÚÙ[[Û‹ÜÚÚ\ÛÛKÛXZ[‹ÙXœ\ÜÙ]Ëİ^\™\Ëİ^\™\×İÙX˜\ÜÚÙ[[Û‹ÙXœNMŒ‹LNXÍÌÙYXØÎYÙXLÙŒÍØMMXXMXŒY˜ÍÌØŒM˜MÌLÌM›İXÛX\™Y˜[ÙK™\šYHXXÚš\İX[Ù]Üˆ^ÛYH]œ›ÛHHX›XÈZ[‚˜\ÜÙ]Ëİ^\™\Ëİ^\™\×İÙX˜\ÜÚÙ[[Û‹ÜÚÚ\ÛÛKÜÜš]K\Ú[Kœ™Ë\ÜÙ]Ëİ^\™\Ëİ^\™\×İÙX˜\ÜÚÙ[[Û‹œ™ËÍKMLNÌL˜ÎMØÌMXMÙY˜YÌMŒYYXY™XYÌLÍØŒŒLÍLÙXÌÎØMØK›İXÛX\™Y˜[ÙK™\šYHXXÚš\İX[Ù]Üˆ^ÛYH]œ›ÛHHX›XÈZ[‚˜\ÜÙ]Ëİ^\™\Ëİ^\™\×İÙX˜\ÜÚÙ[[Û‹ÜÚÚ\ÛÛKÜÜš]Kœ™Ë\ÜÙ]Ëİ^\™\Ëİ^\™\×İÙX˜\ÜÚÙ[[Û‹œ™ËÍË˜Ì˜ÍŒÍYL™MYYMÙNLØXMŒŒ˜MÍMXYÍØÍXXY™MNMK›İXÛX\™Y˜[ÙK™\šYHXXÚš\İX[Ù]Üˆ^ÛYH]œ›ÛHHX›XÈZ[‚˜\ÜÙ]Ëİ^\™\Ëİ^\™\×İÙX˜\ÜÚÙ[[Û‹ÜÚÚ]KÛXZ[‹\Ú[KÙXœ\ÜÙ]Ëİ^\™\Ëİ^\™\×İÙX˜\ÜÚÙ[[Û‹ÙXœÌL‹MXÍÍMÙXÌXXY™ÍNNMXÙ˜M™XLLX™NYXÌ˜˜ØLMŒ˜Ë›İXÛX\™Y˜[ÙK™\šYHXXÚš\İX[Ù]Üˆ^ÛYH]œ›ÛHHX›XÈZ[‚˜\ÜÙ]Ëİ^\™\Ëİ^\™\×İÙX˜\ÜÚÙ[[Û‹ÜÚÚ]KÛXZ[‹ÙXœ\ÜÙ]Ëİ^\™\Ëİ^\™\×İÙX˜\ÜÚÙ[[Û‹ÙXœÌLÙLMXÎLNY˜ÎLÍXNYNXLXŒÍ˜ÍÎLYÙ™MLŒÍMÌ™LXYÙ˜ØÌÎY›İXÛX\™Y˜[ÙK™\šYHXXÚš\İX[Ù]Üˆ^ÛYH]œ›ÛHHX›XÈZ[‚˜\ÜÙ]Ëİ^\™\Ëİ^\™\×İÙX˜\ÜÚÙ[[Û‹ÜÚÚ]KÜÜš]K\Ú[Kœ™Ë\ÜÙ]Ëİ^\™\Ëİ^\™\×İÙX˜\ÜÚÙ[[Û‹œ™ËŒŒË˜ØÎŒNXŒÍÎ™NMXÙŒÎYMLXÌÙŒ˜ŒŒN˜ÍMMLXMNYØNMØXÎ›İXÛX\™Y˜[ÙK™\šYHXXÚš\İX[Ù]Üˆ^ÛYH]œ›ÛHHX›XÈZ[‚˜\ÜÙ]Ëİ^\™\Ëİ^\™\×İÙX˜\ÜÚÙ[[Û‹ÜÚÚ]KÜÜš]Kœ™Ë\ÜÙ]Ëİ^\™\Ëİ^\™\×İÙX˜\ÜÚÙ[[Û‹œ™ËŒMÙŒNYŒMYMNXŒŒ˜Ì™MMMMMLXØLÙMLNXNM˜™XYM˜ÍŒ™™K›İXÛX\™Y˜[ÙK™\šYHXXÚš\İX[Ù]Üˆ^ÛYH]œ›ÛHHX›XÈZ[‚˜\ÜÙ]Ëİ^\™\Ëİ^\™\×İÙX˜\ÜÚÙ[[Û‹ÜÚÛÜ\KÛXZ[‹\Ú[KÙXœ\ÜÙ]Ëİ^\™\Ëİ^\™\×İÙX˜\ÜÚÙ[[Û‹ÙXœÍÍÌ‹Œ˜Y˜ŒLMYMY™MLŒÌLØŒÍXM˜ØŒØMM˜Ì˜Ì™LÍÌMY™XNLL™˜Ë›İXÛX\™Y˜[ÙK™\šYHXXÚš\İX[Ù]Üˆ^ÛYH]œ›ÛHHX›XÈZ[‚˜\ÜÙ]Ëİ^\™\Ëİ^\™\×İÙX˜\ÜÚÙ[[Û‹ÜÚÛÜ\KÛXZ[‹ÙXœ\ÜÙ]Ëİ^\™\Ëİ^\™\×İÙX˜\ÜÚÙ[[Û‹ÙXœNŒ‹Œ™XNMØX™NM™™L˜LNM˜ŒÍ˜™˜˜ÌMØXŒŒÍÌ˜ÎŒMØMÌØÍY™›İXÛX\™Y˜[ÙK™\šYHXXÚš\İX[Ù]Üˆ^ÛYH]œ›ÛHHX›XÈZ[‚˜\ÜÙ]Ëİ^\™\Ëİ^\™\×İÙX˜\ÜÚÙ[[Û‹ÜÚÛÜ\KÜÜš]K\Ú[Kœ™Ë\ÜÙ]Ëİ^\™\Ëİ^\™\×İÙX˜\ÜÚÙ[[Û‹œ™ËÎØÍ™ÌÎXÌÌŒMÌLXÌ™LXÍMÎXXÎMMŒMŒÍÎ˜XLÌÌÎYXLYŒÙXØYY‹›İXÛX\™Y˜[ÙK™\šYHXXÚš\İX[Ù]Üˆ^ÛYH]œ›ÛHHX›XÈZ[‚˜\ÜÙ]Ëİ^\™\Ëİ^\™\×İÙX˜\ÜÚÙ[[Û‹ÜÚÛÜ\KÜÜš]Kœ™Ë\ÜÙ]Ëİ^\™\Ëİ^\™\×İÙX˜\ÜÚÙ[[Û‹œ™ËÍÍËØÙŒLLÌ˜XXNMÎLÙ˜XØXNY˜LŒÎMNÎMŒ˜LNXMNYÎLÍÌMYX˜ÍÌÌ›İXÛX\™Y˜[ÙK™\šYHXXÚš\İX[Ù]Üˆ^ÛYH]œ›ÛHHX›XÈZ[‚˜\ÜÙ]Ëİ^\™\Ëİ^\™\×İÙX˜\ÜÚÙ[[Û‹ÜÚÜ™[ÛXZ[‹\Ú[KÙXœ\ÜÙ]Ëİ^\™\Ëİ^\™\×İÙX˜\ÜÚÙ[[Û‹ÙXœNL‹YŒÌMX˜˜ØÌÌÌ™ÌØÍXŒÍØNX˜Œ˜˜NYYYYL™ŒLMÎNNLŒYMË›İXÛX\™Y˜[ÙK™\šYHXXÚš\İX[Ù]Üˆ^ÛYH]œ›ÛHHX›XÈZ[‚˜\ÜÙ]Ëİ^\™\Ëİ^\™\×İÙX˜\ÜÚÙ[[Û‹ÜÚÜ™[ÛXZ[‹ÙXœ\ÜÙ]Ëİ^\™\Ëİ^\™\×İÙX˜\ÜÚÙ[[Û‹ÙXœÌMÍ‹XÎ™MØMMÌXØÌNN˜˜ŒLÍÍMMYYLÙLŒŒÙXY™MXŒÌX˜LXØŒK›İXÛX\™Y˜[ÙK™\šYHXXÚš\İX[Ù]Üˆ^ÛYH]œ›ÛHHX›XÈZ[‚˜\ÜÙ]Ëİ^\™\Ëİ^\™\×İÙX˜\ÜÚÙ[[Û‹ÜÚÜ™[ÜÜš]K\Ú[Kœ™Ë\ÜÙ]Ëİ^\™\Ëİ^\™\×İÙX˜\ÜÚÙ[[Û‹œ™ËMK˜NLÎYÌM™M˜LÌYLMLÌØÍÍ˜ÙŒÌÌMXŒMÌÌÎŒ‹›İXÛX\™Y˜[ÙK™\šYHXXÚš\İX[Ù]Üˆ^ÛYH]œ›ÛHHX›XÈZ[‚˜\ÜÙ]Ëİ^\™\Ëİ^\™\×İÙX˜\ÜÚÙ[[Û‹ÜÚÜ™[ÜÜš]Kœ™Ë\ÜÙ]Ëİ^\™\Ëİ^\™\×İÙX˜\ÜÚÙ[[Û‹œ™ËMKXÍMŒ˜ŒÌXMMMØMŒXŒNLÙYMMÍL™MYŒMØŒMØ˜L˜LM˜˜‹›İXÛX\™Y˜[ÙK™\šYHXXÚš\İX[Ù]Üˆ^ÛYH]œ›ÛHHX›XÈZ[‚˜\ÜÙ]Ëİ^\™\Ëİ^\™\×İÙX˜\ÜÚÙ[[Û‹ÜÚİ[[šËÛXZ[‹\Ú[KÙXœ\ÜÙ]Ëİ^\™\Ëİ^\™\×İÙX˜\ÜÚÙ[[Û‹ÙXœMŒØYXÌŒY™ŒNYM™MŒÌX˜LL™NYMYŒ™XŒÌLÍŒÎLX˜™XXÎXÍÌYM‹›İXÛX\™Y˜[ÙK™\šYHXXÚš\İX[Ù]Üˆ^ÛYH]œ›ÛHHX›XÈZ[‚˜\ÜÙ]Ëİ^\™\Ëİ^\™\×İÙX˜\ÜÚÙ[[Û‹ÜÚİ[[šËÛXZ[‹ÙXœ\ÜÙ]Ëİ^\™\Ëİ^\™\×İÙX˜\ÜÚÙ[[Û‹ÙXœÎÌ‹YLY˜ØØN˜ÙÙ™XLÌÌÎXMXÌŒÌØMY™LŒMÌÍXŒ™LÌMYLK›İXÛX\™Y˜[ÙK™\šYHXXÚš\İX[Ù]Üˆ^ÛYH]œ›ÛHHX›XÈZ[‚˜\ÜÙ]Ëİ^\™\Ëİ^\™\×İÙX˜\ÜÚÙ[[Û‹ÜÚİ[[šËÜÜš]K\Ú[Kœ™Ë\ÜÙ]Ëİ^\™\Ëİ^\™\×İÙX˜\ÜÚÙ[[Û‹œ™ËLŒ‹ÌXL™ÎLÍÍØØ™™™Œ˜ŒÙM˜ØÎŒNXÍL˜ÌÎÌ˜ÍMÍMLN›İXÛX\™Y˜[ÙK™\šYHXXÚš\İX[Ù]Üˆ^ÛYH]œ›ÛHHX›XÈZ[‚˜\ÜÙ]Ëİ^\™\Ëİ^\™\×İÙX˜\ÜÚÙ[[Û‹ÜÚİ[[šËÜÜš]Kœ™Ë\ÜÙ]Ëİ^\™\Ëİ^\™\×İÙX˜\ÜÚÙ[[Û‹œ™ËLŒKY˜XNX™YNMÍÍXÌXŒMLÙNMŒY˜YŒYMØÎM˜LÌŒØLŒLXÍØNK›İXÛX\™Y˜[ÙK™\šYHXXÚš\İX[Ù]Üˆ^ÛYH]œ›ÛHHX›XÈZ[‚˜\ÜÙ]Ëİ^\™\Ëİ^\™\×İÙX˜\ÜÚÙ[[Û‹ÜÚİÛİ™]ÛXZ[‹\Ú[KÙXœ\ÜÙ]Ëİ^\™\Ëİ^\™\×İÙX˜\ÜÚÙ[[Û‹ÙXœLNL™˜™™LŒŒNYY™YŒMNØ˜M™MÍÎMLŒLLXÎNLŒŒNYNLŒÍLÍÙY˜Ë›İXÛX\™Y˜[ÙK™\šYHXXÚš\İX[Ù]Üˆ^ÛYH]œ›ÛHHX›XÈZ[‚˜\ÜÙ]Ëİ^\™\Ëİ^\™\×İÙX˜\ÜÚÙ[[Û‹ÜÚİÛİ™]ÛXZ[‹ÙXœ\ÜÙ]Ëİ^\™\Ëİ^\™\×İÙX˜\ÜÚÙ[[Û‹ÙXœLŒM‹ŒÙ™MMYÌXLŒŒMXX˜X˜ØØL™ÍÍMÌØÍMYŒYMŒX˜ŒYNMÎLNLN›İXÛX\™Y˜[ÙK™\šYHXXÚš\İX[Ù]Üˆ^ÛYH]œ›ÛHHX›XÈZ[‚˜\ÜÙ]Ëİ^\™\Ëİ^\™\×İÙX˜\ÜÚÙ[[Û‹ÜÚİÛİ™]ÜÜš]K\Ú[Kœ™Ë\ÜÙ]Ëİ^\™\Ëİ^\™\×İÙX˜\ÜÚÙ[[Û‹œ™ËMÎKL˜ŒÍŒLŒÌÙØÌÙØNXÌLYLÙŒÌLL™˜MŒŒLMÌÌ˜YÎYXÍMLØ™ÌÌÌK›İXÛX\™Y˜[ÙK™\šYHXXÚš\İX[Ù]Üˆ^ÛYH]œ›ÛHHX›XÈZ[‚˜\ÜÙ]Ëİ^\™\Ëİ^\™\×İÙX˜\ÜÚÙ[[Û‹ÜÚİÛİ™]ÜÜš]Kœ™Ë\ÜÙ]Ëİ^\™\Ëİ^\™\×İÙX˜\ÜÚÙ[[Û‹œ™ËŒM‹M˜YXYÌMÍMYXXNÍŒØXÙYŒÍ˜ØXŒÌMÍMNXÍLL˜™˜™™XÍLXŒÍ˜™MMNXÙ‹›İXÛX\™Y˜[ÙK™\šYHXXÚš\İX[Ù]Üˆ^ÛYH]œ›ÛHHX›XÈZ[‚˜\ÜÙ]Ëİ^\™\Ëİ^\™\×İÙX˜\ÜÚÙ[[Û‹ÜÛZÚ[™ËÛXZ[‹\Ú[KÙXœ\ÜÙ]Ëİ^\™\Ëİ^\™\×İÙX˜\ÜÚÙ[[Û‹ÙXœLÌÍLØÎÍYŒÌ˜ÙLL˜MLMÌØÌÙMŒMXÍÙŒ™NLXNM™XØ™ŒXË›İXÛX\™Y˜[ÙK™\šYHXXÚš\İX[Ù]Üˆ^ÛYH]œ›ÛHHX›XÈZ[‚˜\ÜÙ]Ëİ^\™\Ëİ^\™\×İÙX˜\ÜÚÙ[[Û‹ÜÛZÚ[™ËÛXZ[‹ÙXœ\ÜÙ]Ëİ^\™\Ëİ^\™\×İÙX˜\ÜÚÙ[[Û‹ÙXœLÎL‹LÎXXÍLNŒÎMY™ÌŒÎXÙXÍMN™LŒØÍMÌŒÍ˜ŒØØÍ˜ÙYK›İXÛX\™Y˜[ÙK™\šYHXXÚš\İX[Ù]Üˆ^ÛYH]œ›ÛHHX›XÈZ[‚˜\ÜÙ]Ëİ^\™\Ëİ^\™\×İÙX˜\ÜÚÙ[[Û‹ÜÛZÚ[™ËÜÜš]K\Ú[Kœ™Ë\ÜÙ]Ëİ^\™\Ëİ^\™\×İÙX˜\ÜÚÙ[[Û‹œ™ËLML‹ÙŒLYLMLX˜YYÍY™L™ÍÙYMÌYYØÎÍXNØLÎXÌM˜ÍK›İXÛX\™Y˜[ÙK™\šYHXXÚš\İX[Ù]Üˆ^ÛYH]œ›ÛHHX›XÈZ[‚˜\ÜÙ]Ëİ^\™\Ëİ^\™\×İÙX˜\ÜÚÙ[[Û‹ÜÛZÚ[™ËÜÜš]Kœ™Ë\ÜÙ]Ëİ^\™\Ëİ^\™\×İÙX˜\ÜÚÙ[[Û‹œ™ËLMMËXŒ™Y˜ÍÎY˜ÍLYLÙNXØŒŒØŒL˜ŒÌXNNM˜˜ŒX™NÌØÙNLYMÙLYÍM›İXÛX\™Y˜[ÙK™\šYHXXÚš\İX[Ù]Üˆ^ÛYH]œ›ÛHHX›XÈZ[‚˜\ÜÙ]Ëİ^\™\Ëİ^\™\×İÙX˜\ÜÚÙ[[Û‹ÜÛZÛİÛXZ[‹\Ú[KÙXœ\ÜÙ]Ëİ^\™\Ëİ^\™\×İÙX˜\ÜÚÙ[[Û‹ÙXœÌŒL™XLŒMØM™ÎLÎLÍYMÎXŒŒXNXX™ŒLLŒX™LNLLN™ÎØÎMK›İXÛX\™Y˜[ÙK™\šYHXXÚš\İX[Ù]Üˆ^ÛYH]œ›ÛHHX›XÈZ[‚˜\ÜÙ]Ëİ^\™\Ëİ^\™\×İÙX˜\ÜÚÙ[[Û‹ÜÛZÛİÛXZ[‹ÙXœ\ÜÙ]Ëİ^\™\Ëİ^\™\×İÙX˜\ÜÚÙ[[Û‹ÙXœŒÍÎÌŒÎLÙXŒØMØ™YŒ˜MÌNØÍÎYÍ™™™X™ÌÍMÍØMLMÍLÎMÌÌLË›İXÛX\™Y˜[ÙK™\šYHXXÚš\İX[Ù]Üˆ^ÛYH]œ›ÛHHX›XÈZ[‚˜\ÜÙ]Ëİ^\™\Ëİ^\™\×İÙX˜\ÜÚÙ[[Û‹ÜÛZÛİÜÜš]K\Ú[Kœ™Ë\ÜÙ]Ëİ^\™\Ëİ^\™\×İÙX˜\ÜÚÙ[[Û‹œ™ËŒK™˜M˜Ì™X™NMÌXNLM™LLMMŒLÌÍÙMLÌÎMM™™NÙÍMMMMŒ™K›İXÛX\™Y˜[ÙK™\šYHXXÚš\İX[Ù]Üˆ^ÛYH]œ›ÛHHX›XÈZ[‚˜\ÜÙ]Ëİ^\™\Ëİ^\™\×İÙX˜\ÜÚÙ[[Û‹ÜÛZÛİÜÜš]Kœ™Ë\ÜÙ]Ëİ^\™\Ëİ^\™\×İÙX˜\ÜÚÙ[[Û‹œ™ËŒŒÎXŒÌÍÍMXM™˜ØÍ™X˜Í™LÍMÙLÎYX˜L™YŒØNÌÍYNXØË›İXÛX\™Y˜[ÙK™\šYHXXÚš\İX[Ù]Üˆ^ÛYH]œ›ÛHHX›XÈZ[‚˜\ÜÙ]Ëİ^\™\Ëİ^\™\×İÙX˜\ÜÚÙ[[Û‹ÜÛYÙÛÛËZ\İZKÛXZ[‹\Ú[KÙXœ\ÜÙ]Ëİ^\™\Ëİ^\™\×İÙX˜\ÜÚÙ[[Û‹ÙXœŒNNM‹ÎMNØÍÌÍLØŒ˜™NLL˜ŒMÍXY˜MÎ˜˜˜ÎY™LM˜ÎMLÌK›İXÛX\™Y˜[ÙK™\šYHXXÚš\İX[Ù]Üˆ^ÛYH]œ›ÛHHX›XÈZ[‚˜\ÜÙ]Ëİ^\™\Ëİ^\™\×İÙX˜\ÜÚÙ[[Û‹ÜÛYÙÛÛËZ\İZKÛXZ[‹ÙXœ\ÜÙ]Ëİ^\™\Ëİ^\™\×İÙX˜\ÜÚÙ[[Û‹ÙXœLÍÎLYÙŒÙŒŒŒÍÌM™M˜™LNMÌLLMÌÍØÌLXLŒÌŒÍLØÌÎY™™™ŒÍŒŒŒŒÎË›İXÛX\™Y˜[ÙK™\šYHXXÚš\İX[Ù]Üˆ^ÛYH]œ›ÛHHX›XÈZ[‚˜\ÜÙ]Ëİ^\™\Ëİ^\™\×İÙX˜\ÜÚÙ[[Û‹ÜÛYÙÛÛËZ\İZKÜÜš]K\Ú[Kœ™Ë\ÜÙ]Ëİ^\™\Ëİ^\™\×İÙX˜\ÜÚÙ[[Û‹œ™ËÍMKŒÙMLNMLMXÍL™˜ÌYLNXXMÌ˜ÌMYYY˜XŒŒŒNÎXÙMØ™˜K›İXÛX\™Y˜[ÙK™\šYHXXÚš\İX[Ù]Üˆ^ÛYH]œ›ÛHHX›XÈZ[‚˜\ÜÙ]Ëİ^\™\Ëİ^\™\×İÙX˜\ÜÚÙ[[Û‹ÜÛYÙÛÛËZ\İZKÜÜš]Kœ™Ë\ÜÙ]Ëİ^\™\Ëİ^\™\×İÙX˜\ÜÚÙ[[Û‹œ™ËÍMËŒMMNÍMNÌYXÌYŒYLŒX˜L˜LLÙ™ÌY˜NØÙYMLŒNNLÌŒK›İXÛX\™Y˜[ÙK™\šYHXXÚš\İX[Ù]Üˆ^ÛYH]œ›ÛHHX›XÈZ[‚˜\ÜÙ]Ëİ^\™\Ëİ^\™\×İÙX˜\ÜÚÙ[[Û‹ÜÛYÙÛÛËÛXZ[‹\Ú[KÙXœ\ÜÙ]Ëİ^\™\Ëİ^\™\×İÙX˜\ÜÚÙ[[Û‹ÙXœŒLÌ‹MMYŒŒLMYÍ™LLYLÍMXÍÎLMXØXX™ÌØMÙYNLÙLLM˜M›İXÛX\™Y˜[ÙK™\šYHXXÚš\İX[Ù]Üˆ^ÛYH]œ›ÛHHX›XÈZ[‚˜\ÜÙ]Ëİ^\™\Ëİ^\™\×İÙX˜\ÜÚÙ[[Û‹ÜÛYÙÛÛËÛXZ[‹ÙXœ\ÜÙ]Ëİ^\™\Ëİ^\™\×İÙX˜\ÜÚÙ[[Û‹ÙXœNM‹˜ÎXÍÌ˜MXX˜ŒØNMNYL˜ÎMNXMÌLÎMÙ™LMØÍM™Y™L˜Ø™YMYÌNÍNLM›İXÛX\™Y˜[ÙK™\šYHXXÚš\İX[Ù]Üˆ^ÛYH]œ›ÛHHX›XÈZ[‚˜\ÜÙ]Ëİ^\™\Ëİ^\™\×İÙX˜\ÜÚÙ[[Û‹ÜÛYÙÛÛËÜÜš]K\Ú[Kœ™Ë\ÜÙ]Ëİ^\™\Ëİ^\™\×İÙX˜\ÜÚÙ[[Û‹œ™ËMMKMNMÌÌNLXÙLLÍLŒØ˜ŒLLÎNMM™NLÌXYNYY˜XNXNLŒ˜XXØŒXÌ›İXÛX\™Y˜[ÙK™\šYHXXÚš\İX[Ù]Üˆ^ÛYH]œ›ÛHHX›XÈZ[‚˜\ÜÙ]Ëİ^\™\Ëİ^\™\×İÙX˜\ÜÚÙ[[Û‹ÜÛYÙÛÛËÜÜš]Kœ™Ë\ÜÙ]Ëİ^\™\Ëİ^\™\×İÙX˜\ÜÚÙ[[Û‹œ™ËŒËLXMÌNŒÍÌ˜MØØ™XNÙMÙMŒNÍMØ˜Ø™ŒNMŒYNL™NNXÍØ™MYMØM˜K›İXÛX\™Y˜[ÙK™\šYHXXÚš\İX[Ù]Üˆ^ÛYH]œ›ÛHHX›XÈZ[‚˜\ÜÙ]Ëİ^\™\Ëİ^\™\×İÙX˜\ÜÚÙ[[Û‹ÜÛ]\‹]Ú[™ËÛXZ[‹\Ú[KÙXœ\ÜÙ]Ëİ^\™\Ëİ^\™\×İÙX˜\ÜÚÙ[[Û‹ÙXœLÍÍŒŒÙ˜ÙÙ˜Œ˜Í™ÙÎLÌÌÙMXMXÙMØ˜Œ˜ÍN˜Ù™ŒÌMØXNN˜ÍYY™‹›İXÛX\™Y˜[ÙK™\šYHXXÚš\İX[Ù]Üˆ^ÛYH]œ›ÛHHX›XÈZ[‚˜\ÜÙ]Ëİ^\™\Ëİ^\™\×İÙX˜\ÜÚÙ[[Û‹ÜÛ]\‹]Ú[™ËÛXZ[‹ÙXœ\ÜÙ]Ëİ^\™\Ëİ^\™\×İÙX˜\ÜÚÙ[[Û‹ÙXœÌŒLMÙ™NLÎŒŒÌNXŒØŒ˜YMY™˜YM˜™ÌÍØXŒLÙXÌYÌ˜XŒYØM™™‹›İXÛX\™Y˜[ÙK™\šYHXXÚš\İX[Ù]Üˆ^ÛYH]œ›ÛHHX›XÈZ[‚˜\ÜÙ]Ëİ^\™\Ëİ^\™\×İÙX˜\ÜÚÙ[[Û‹ÜÛ]\‹]Ú[™ËÜÜš]K\Ú[Kœ™Ë\ÜÙ]Ëİ^\™\Ëİ^\™\×İÙX˜\ÜÚÙ[[Û‹œ™ËŒÌMXYNÙ˜MLÌÙ™MÍYLLÙY™Œ˜ŒÙÍYÙNYŒØÌØMÍØ˜XŒ™MŒK›İXÛX\™Y˜[ÙK™\šYHXXÚš\İX[Ù]Üˆ^ÛYH]œ›ÛHHX›XÈZ[‚˜\ÜÙ]Ëİ^\™\Ëİ^\™\×İÙX˜\ÜÚÙ[[Û‹ÜÛ]\‹]Ú[™ËÜÜš]Kœ™Ë\ÜÙ]Ëİ^\™\Ëİ^\™\×İÙX˜\ÜÚÙ[[Û‹œ™ËMK™XXÌÍYMÍNLÙ˜N˜Y™™MŒŒÍŒXŒØ˜™MÍLŒYYY™MŒÙXM™˜NLÍ™›İXÛX\™Y˜[ÙK™\šYHXXÚš\İX[Ù]Üˆ^ÛYH]œ›ÛHHX›XÈZ[‚˜\ÜÙ]Ëİ^\™\Ëİ^\™\×İÙX˜\ÜÚÙ[[Û‹ÜÛİØœ›ËÛXZ[‹\Ú[KÙXœ\ÜÙ]Ëİ^\™\Ëİ^\™\×İÙX˜\ÜÚÙ[[Û‹ÙXœLLÍNÍNLLÙ˜ÌY™ÌXMÍYL˜X˜LŒØÎXMŒYŒ˜YXLLXŒNMMÌØ˜Ì›İXÛX\™Y˜[ÙK™\šYHXXÚš\İX[Ù]Üˆ^ÛYH]œ›ÛHHX›XÈZ[‚˜\ÜÙ]Ëİ^\™\Ëİ^\™\×İÙX˜\ÜÚÙ[[Û‹ÜÛİØœ›ËÛXZ[‹ÙXœ\ÜÙ]Ëİ^\™\Ëİ^\™\×İÙX˜\ÜÚÙ[[Û‹ÙXœLLÌMÍÙX™˜™YÎNŒXLLNÙŒXŒŒXNNNX™M˜ÍÍ™MŒLMXMÎXÍYØNŒLYK›İXÛX\™Y˜[ÙK™\šYHXXÚš\İX[Ù]Üˆ^ÛYH]œ›ÛHHX›XÈZ[‚˜\ÜÙ]Ëİ^\™\Ëİ^\™\×İÙX˜\ÜÚÙ[[Û‹ÜÛİØœ›ËÜÜš]K\Ú[Kœ™Ë\ÜÙ]Ëİ^\™\Ëİ^\™\×İÙX˜\ÜÚÙ[[Û‹œ™ËLK™LM˜MØL˜ÍLÙXÍLÍŒNMNMÌLXØÍ˜˜MÍLŒMLÌÌË›İXÛX\™Y˜[ÙK™\šYHXXÚš\İX[Ù]Üˆ^ÛYH]œ›ÛHHX›XÈZ[‚˜\ÜÙ]Ëİ^\™\Ëİ^\™\×İÙX˜\ÜÚÙ[[Û‹ÜÛİØœ›ËÜÜš]Kœ™Ë\ÜÙ]Ëİ^\™\Ëİ^\™\×İÙX˜\ÜÚÙ[[Û‹œ™ËLLLM˜L™NNLÍ˜ÌØÍLXNXŒØL˜YÍÌÎNNŒL™™ÌNL™Y™LÍÍ˜˜LØÍŒXM›İXÛX\™Y˜[ÙK™\šYHXXÚš\İX[Ù]Üˆ^ÛYH]œ›ÛHHX›XÈZ[‚˜\ÜÙ]Ëİ^\™\Ëİ^\™\×İÙX˜\ÜÚÙ[[Û‹ÜÛİÚÚ[™ËÛXZ[‹\Ú[KÙXœ\ÜÙ]Ëİ^\™\Ëİ^\™\×İÙX˜\ÜÚÙ[[Û‹ÙXœÎŒŒ‹ÙŒÍMNMXÌ™ØYYNN˜X˜M™ÍÙ™˜XÍÌŒÎ˜ŒYMÙ™Y˜LMÍÌÎK›İXÛX\™Y˜[ÙK™\šYHXXÚš\İX[Ù]Üˆ^ÛYH]œ›ÛHHX›XÈZ[‚˜\ÜÙ]Ëİ^\™\Ëİ^\™\×İÙX˜\ÜÚÙ[[Û‹ÜÛİÚÚ[™ËÛXZ[‹ÙXœ\ÜÙ]Ëİ^\™\Ëİ^\™\×İÙX˜\ÜÚÙ[[Û‹ÙXœÍMM‹˜ÍÍŒNNLØÍNLØØÌYNLMÍXØLŒÌ˜ÌM™ÙNXLÌN˜MŒ˜ŒLYYLM˜Ø™›İXÛX\™Y˜[ÙK™\šYHXXÚš\İX[Ù]Üˆ^ÛYH]œ›ÛHHX›XÈZ[‚˜\ÜÙ]Ëİ^\™\Ëİ^\™\×İÙX˜\ÜÚÙ[[Û‹ÜÛİÚÚ[™ËÜÜš]K\Ú[Kœ™Ë\ÜÙ]Ëİ^\™\Ëİ^\™\×İÙX˜\ÜÚÙ[[Û‹œ™ËMËLNXÍLŒNYŒXÌNLY˜Í™L™L˜ŒMNM˜LØMNYM™MNYX™LÍŒØLLMÍK›İXÛX\™Y˜[ÙK™\šYHXXÚš\İX[Ù]Üˆ^ÛYH]œ›ÛHHX›XÈZ[‚˜\ÜÙ]Ëİ^\™\Ëİ^\™\×İÙX˜\ÜÚÙ[[Û‹ÜÛİÚÚ[™ËÜÜš]Kœ™Ë\ÜÙ]Ëİ^\™\Ëİ^\™\×İÙX˜\ÜÚÙ[[Û‹œ™ËM‹™˜NLÎXLÙNY˜ŒLŒYMYYLXØØ™MŒÙ˜NÍMŒŒ˜ÙNMÍÌMXÍK›İXÛX\™Y˜[ÙK™\šYHXXÚš\İX[Ù]Üˆ^ÛYH]œ›ÛHHX›XÈZ[‚˜\ÜÙ]Ëİ^\™\Ëİ^\™\×İÙX˜\ÜÚÙ[[Û‹ÜÛİÜÚÙKÛXZ[‹\Ú[KÙXœ\ÜÙ]Ëİ^\™\Ëİ^\™\×İÙX˜\ÜÚÙ[[Û‹ÙXœÍÎL‹LŒXØ˜LØ™˜NMÌØŒLÎYÌÌÙŒÎMÍÙ˜ÙŒŒMLYŒ™Œ™LMM˜˜L›İXÛX\™Y˜[ÙK™\šYHXXÚš\İX[Ù]Üˆ^ÛYH]œ›ÛHHX›XÈZ[‚˜\ÜÙ]Ëİ^\™\Ëİ^\™\×İÙX˜\ÜÚÙ[[Û‹ÜÛİÜÚÙKÛXZ[‹ÙXœ\ÜÙ]Ëİ^\™\Ëİ^\™\×İÙX˜\ÜÚÙ[[Û‹ÙXœYL˜Y™NŒØYŒYŒMÌÌ™˜XØXÍÍYØŒ˜™˜YÍYY™ŒNÌMŒL™NK›İXÛX\™Y˜[ÙK™\šYHXXÚš\İX[Ù]Üˆ^ÛYH]œ›ÛHHX›XÈZ[‚˜\ÜÙ]Ëİ^\™\Ëİ^\™\×İÙX˜\ÜÚÙ[[Û‹ÜÛİÜÚÙKÜÜš]K\Ú[Kœ™Ë\ÜÙ]Ëİ^\™\Ëİ^\™\×İÙX˜\ÜÚÙ[[Û‹œ™ËÌËLMMXNÍÙMMÎ˜˜MÍ˜™NMÍÎŒŒÎŒY˜Y˜ÍMÌMNMNØXÙŒØ‹›İXÛX\™Y˜[ÙK™\šYHXXÚš\İX[Ù]Üˆ^ÛYH]œ›ÛHHX›XÈZ[‚˜\ÜÙ]Ëİ^\™\Ëİ^\™\×İÙX˜\ÜÚÙ[[Û‹ÜÛİÜÚÙKÜÜš]Kœ™Ë\ÜÙ]Ëİ^\™\Ëİ^\™\×İÙX˜\ÜÚÙ[[Û‹œ™ËÌËÙYŒ˜ÎLNÙYŒXYLLXY™M™˜ÍÎMŒXML™MLLØMXŒÎLØMK›İXÛX\™Y˜[ÙK™\šYHXXÚš\İX[Ù]Üˆ^ÛYH]œ›ÛHHX›XÈZ[‚˜\ÜÙ]Ëİ^\™\Ëİ^\™\×İÙX˜\ÜÚÙ[[Û‹ÜÛYÛXKÛXZ[‹\Ú[KÙXœ\ÜÙ]Ëİ^\™\Ëİ^\™\×İÙX˜\ÜÚÙ[[Û‹ÙXœŒLÎŒÍÙÍL™™NLXNXÌ™˜ÎLÌ˜ÎYÙM˜ÌYŒÍY™YÍMÙ‹›İXÛX\™Y˜[ÙK™\šYHXXÚš\İX[Ù]Üˆ^ÛYH]œ›ÛHHX›XÈZ[‚˜\ÜÙ]Ëİ^\™\Ëİ^\™\×İÙX˜\ÜÚÙ[[Û‹ÜÛYÛXKÛXZ[‹ÙXœ\ÜÙ]Ëİ^\™\Ëİ^\™\×İÙX˜\ÜÚÙ[[Û‹ÙXœMÎMÌL˜ÍØNM˜ÌÙXŒÙL™ŒÌLYŒLXXLŒLXÌÍ™MŒ™ÎYØNNXXØLŒÍÌLK›İXÛX\™Y˜[ÙK™\šYHXXÚš\İX[Ù]Üˆ^ÛYH]œ›ÛHHX›XÈZ[‚˜\ÜÙ]Ëİ^\™\Ëİ^\™\×İÙX˜\ÜÚÙ[[Û‹ÜÛYÛXKÜÜš]K\Ú[Kœ™Ë\ÜÙ]Ëİ^\™\Ëİ^\™\×İÙX˜\ÜÚÙ[[Û‹œ™ËK™™ŒXNÌYLÙLÍÙLMNÌØÍÌXØÎMÌX™NLÍØÎN‹›İXÛX\™Y˜[ÙK™\šYHXXÚš\İX[Ù]Üˆ^ÛYH]œ›ÛHHX›XÈZ[‚˜\ÜÙ]Ëİ^\™\Ëİ^\™\×İÙX˜\ÜÚÙ[[Û‹ÜÛYÛXKÜÜš]Kœ™Ë\ÜÙ]Ëİ^\™\Ëİ^\™\×İÙX˜\ÜÚÙ[[Û‹œ™Ë‹ÍYÍÍ˜™M™˜ÎMÎMŒ™ÍYYLNNXÍŒNŒMLNY˜XLMYXLNØË›İXÛX\™Y˜[ÙK™\šYHXXÚš\İX[Ù]Üˆ^ÛYH]œ›ÛHHX›XÈZ[‚˜\ÜÙ]Ëİ^\™\Ëİ^\™\×İÙX˜\ÜÚÙ[[Û‹ÜÛ\œY™‹ÛXZ[‹\Ú[KÙXœ\ÜÙ]Ëİ^\™\Ëİ^\™\×İÙX˜\ÜÚÙ[[Û‹ÙXœŒNÌ‹Ù˜YXXØÌLÍŒ˜LŒ™™™ŒÌMØYXÙXÙLLN˜™M˜˜ÌØÌXØÍÍXÍØ™Y›İXÛX\™Y˜[ÙK™\šYHXXÚš\İX[Ù]Üˆ^ÛYH]œ›ÛHHX›XÈZ[‚˜\ÜÙ]Ëİ^\™\Ëİ^\™\×İÙX˜\ÜÚÙ[[Û‹ÜÛ\œY™‹ÛXZ[‹ÙXœ\ÜÙ]Ëİ^\™\Ëİ^\™\×İÙX˜\ÜÚÙ[[Û‹ÙXœL‹YXYLYXÌÌXLÎNMÍLLÙLNMÙŒ˜M˜ŒXØYXÌÌÌLLŒ™Í‹›İXÛX\™Y˜[ÙK™\šYHXXÚš\İX[Ù]Üˆ^ÛYH]œ›ÛHHX›XÈZ[‚˜\ÜÙ]Ëİ^\™\Ëİ^\™\×İÙX˜\ÜÚÙ[[Û‹ÜÛ\œY™‹ÜÜš]K\Ú[Kœ™Ë\ÜÙ]Ëİ^\™\Ëİ^\™\×İÙX˜\ÜÚÙ[[Û‹œ™ËNLËØMLMŒMNLÙMØL˜Ì˜ŒÙ™™M˜ŒÍMXÙ™ÙLÙÎMØÌM™YYÌŒÌË›İXÛX\™Y˜[ÙK™\šYHXXÚš\İX[Ù]Üˆ^ÛYH]œ›ÛHHX›XÈZ[‚˜\ÜÙ]Ëİ^\™\Ëİ^\™\×İÙX˜\ÜÚÙ[[Û‹ÜÛ\œY™‹ÜÜš]Kœ™Ë\ÜÙ]Ëİ^\™\Ëİ^\™\×İÙX˜\ÜÚÙ[[Û‹œ™ËNLËMÎLYNÍLÍYLX˜Y™MÌÍLÌLŒXŒŒÌŒ™LÍMLYY™M˜ÎXØ™NL˜N˜K›İXÛX\™Y˜[ÙK™\šYHXXÚš\İX[Ù]Üˆ^ÛYH]œ›ÛHHX›XÈZ[‚˜\ÜÙ]Ëİ^\™\Ëİ^\™\×İÙX˜\ÜÚÙ[[Û‹ÜÛYX\™ÛKÛXZ[‹\Ú[KÙXœ\ÜÙ]Ëİ^\™\Ëİ^\™\×İÙX˜\ÜÚÙ[[Û‹ÙXœÍL‹˜MÌL˜XÌ™™Í˜˜ŒÙŒY˜MÍLLÌY˜˜˜ŒLLØ˜ŒŒÎYŒÌNÌÙÙ›İXÛX\™Y˜[ÙK™\šYHXXÚš\İX[Ù]Üˆ^ÛYH]œ›ÛHHX›XÈZ[‚˜\ÜÙ]Ëİ^\™\Ëİ^\™\×İÙX˜\ÜÚÙ[[Û‹ÜÛYX\™ÛKÛXZ[‹ÙXœ\ÜÙ]Ëİ^\™\Ëİ^\™\×İÙX˜\ÜÚÙ[[Û‹ÙXœMLL‹XŒØÍŒLŒØNY™NXÍÙ˜ÙLÍÙNMŒŒXÎ˜YM™MÙMNMY˜Ù˜Ø™M™Œ™YXYK›İXÛX\™Y˜[ÙK™\šYHXXÚš\İX[Ù]Üˆ^ÛYH]œ›ÛHHX›XÈZ[‚˜\ÜÙ]Ëİ^\™\Ëİ^\™\×İÙX˜\ÜÚÙ[[Û‹ÜÛYX\™ÛKÜÜš]K\Ú[Kœ™Ë\ÜÙ]Ëİ^\™\Ëİ^\™\×İÙX˜\ÜÚÙ[[Û‹œ™ËÌMKÙ™Œ™XÌXÙ™MŒØŒLYNLMÍXØÙÍÎŒLÙL˜LÙÌYMMXÙN›İXÛX\™Y˜[ÙK™\šYHXXÚš\İX[Ù]Üˆ^ÛYH]œ›ÛHHX›XÈZ[‚˜\ÜÙ]Ëİ^\™\Ëİ^\™\×İÙX˜\ÜÚÙ[[Û‹ÜÛYX\™ÛKÜÜš]Kœ™Ë\ÜÙ]Ëİ^\™\Ëİ^\™\×İÙX˜\ÜÚÙ[[Û‹œ™ËÌNMX™M˜MNMNÌÌMÍMNL˜™XX˜ŒÌLŒÙŒXÍ™XÍØ™™XY˜M™NXÙÍÍMK›İXÛX\™Y˜[ÙK™\šYHXXÚš\İX[Ù]Üˆ^ÛYH]œ›ÛHHX›XÈZ[‚˜\ÜÙ]Ëİ^\™\Ëİ^\™\×İÙX˜\ÜÚÙ[[Û‹ÜÛ[Û]‹ÛXZ[‹\Ú[KÙXœ\ÜÙ]Ëİ^\™\Ëİ^\™\×İÙX˜\ÜÚÙ[[Û‹ÙXœM‹™™˜XNÎMŒXÌÍØYÎXYMXÙ™ÌÍNLLÙXŒ˜ÎLNLØØÌÎMØÌNMÎŒLË›İXÛX\™Y˜[ÙK™\šYHXXÚš\İX[Ù]Üˆ^ÛYH]œ›ÛHHX›XÈZ[‚˜\ÜÙ]Ëİ^\™\Ëİ^\™\×İÙX˜\ÜÚÙ[[Û‹ÜÛ[Û]‹ÛXZ[‹ÙXœ\ÜÙ]Ëİ^\™\Ëİ^\™\×İÙX˜\ÜÚÙ[[Û‹ÙXœLLÌX™˜X˜ÎYLYYXMLÎYŒLXÍÎYLÙYXM™™MŒ™ŒÍÎMÙŒ›İXÛX\™Y˜[ÙK™\šYHXXÚš\İX[Ù]Üˆ^ÛYH]œ›ÛHHX›XÈZ[‚˜\ÜÙ]Ëİ^\™\Ëİ^\™\×İÙX˜\ÜÚÙ[[Û‹ÜÛ[Û]‹ÜÜš]K\Ú[Kœ™Ë\ÜÙ]Ëİ^\™\Ëİ^\™\×İÙX˜\ÜÚÙ[[Û‹œ™ËLŒËNNNMXLŒŒÌLÌ˜LMÍ™ÌMÍLŒYMÍØÙŒM™MYMLØMØMMYÙ‹›İXÛX\™Y˜[ÙK™\šYHXXÚš\İX[Ù]Üˆ^ÛYH]œ›ÛHHX›XÈZ[‚˜\ÜÙ]Ëİ^\™\Ëİ^\™\×İÙX˜\ÜÚÙ[[Û‹ÜÛ[Û]‹ÜÜš]KÙXœ\ÜÙ]Ëİ^\™\Ëİ^\™\×İÙX˜\ÜÚÙ[[Û‹ÙXœÎŒYXÌ™YÍLØŒMÌÙL™MÙNXŒÌYLÍMŒYMÍMNM˜˜ÙXÎŒN™YYXK›İXÛX\™Y˜[ÙK™\šYHXXÚš\İX[Ù]Üˆ^ÛYH]œ›ÛHHX›XÈZ[‚˜\ÜÙ]Ëİ^\™\Ëİ^\™\×İÙX˜\ÜÚÙ[[Û‹ÜÛ[ÛØÚ[KÛXZ[‹\Ú[KÙXœ\ÜÙ]Ëİ^\™\Ëİ^\™\×İÙX˜\ÜÚÙ[[Û‹ÙXœÍÎÍŒ™M˜NLÎLLLÌNM™™Í˜LXNYMXYŒÙMÍŒXÌL™XØÙXNXMŒÎXM‹›İXÛX\™Y˜[ÙK™\šYHXXÚš\İX[Ù]Üˆ^ÛYH]œ›ÛHHX›XÈZ[‚˜\ÜÙ]Ëİ^\™\Ëİ^\™\×İÙX˜\ÜÚÙ[[Û‹ÜÛ[ÛØÚ[KÛXZ[‹ÙXœ\ÜÙ]Ëİ^\™\Ëİ^\™\×İÙX˜\ÜÚÙ[[Û‹ÙXœÍÍM‹LØLŒMMMLÍMMNLÌÎXŒÌ˜˜NXÌ™Ì™ŒY™NŒÎYXŒ›İXÛX\™Y˜[ÙK™\šYHXXÚš\İX[Ù]Üˆ^ÛYH]œ›ÛHHX›XÈZ[‚˜\ÜÙ]Ëİ^\™\Ëİ^\™\×İÙX˜\ÜÚÙ[[Û‹ÜÛ[ÛØÚ[KÜÜš]K\Ú[Kœ™Ë\ÜÙ]Ëİ^\™\Ëİ^\™\×İÙX˜\ÜÚÙ[[Û‹œ™ËLNÍŒYLM™ŒÙÌÍ˜ÌNMÙXMŒÌŒ˜™ŒÙMLLMŒÙ™˜XN˜YK›İXÛX\™Y˜[ÙK™\šYHXXÚš\İX[Ù]Üˆ^ÛYH]œ›ÛHHX›XÈZ[‚˜\ÜÙ]Ëİ^\™\Ëİ^\™\×İÙX˜\ÜÚÙ[[Û‹ÜÛ[ÛØÚ[KÜÜš]Kœ™Ë\ÜÙ]Ëİ^\™\Ëİ^\™\×İÙX˜\ÜÚÙ[[Û‹œ™ËLK˜Í™NLÌÍÍNÍØÎXLÎMLLXÍÙYL˜ÍÙY™NLLØ˜˜ØÎNNÍK›İXÛX\™Y˜[ÙK™\šYHXXÚš\İX[Ù]Üˆ^ÛYH]œ›ÛHHX›XÈZ[‚˜\ÜÙ]Ëİ^\™\Ëİ^\™\×İÙX˜\ÜÚÙ[[Û‹ÜÛ™X\Ù[Z\İZKÛXZ[‹\Ú[KÙXœ\ÜÙ]Ëİ^\™\Ëİ^\™\×İÙX˜\ÜÚÙ[[Û‹ÙXœÍLNMNY˜NNÌÌXÌN™ŒNLÌMÎMM˜MMŒÙLŒØØØÌMŒLMØ™XÙ˜ÙŒYÎLM˜K›İXÛX\™Y˜[ÙK™\šYHXXÚš\İX[Ù]Üˆ^ÛYH]œ›ÛHHX›XÈZ[‚˜\ÜÙ]Ëİ^\™\Ëİ^\™\×İÙX˜\ÜÚÙ[[Û‹ÜÛ™X\Ù[Z\İZKÛXZ[‹ÙXœ\ÜÙ]Ëİ^\™\Ëİ^\™\×İÙX˜\ÜÚÙ[[Û‹ÙXœMŒL™MNYLŒÎLÎMÙYÙMMXXÎN˜ÌÍYYY˜™ŒØÌMÍXÌLXŒLY˜˜MŒX‹›İXÛX\™Y˜[ÙK™\šYHXXÚš\İX[Ù]Üˆ^ÛYH]œ›ÛHHX›XÈZ[‚˜\ÜÙ]Ëİ^\™\Ëİ^\™\×İÙX˜\ÜÚÙ[[Û‹ÜÛ™X\Ù[Z\İZKÜÜš]K\Ú[Kœ™Ë\ÜÙ]Ëİ^\™\Ëİ^\™\×İÙX˜\ÜÚÙ[[Û‹œ™ËKLXNŒŒØLÍLXÍMMMMŒÙÍÍL™™LMÍÙMØLØÌØNXÌÌXÌØ˜NXØ™K›İXÛX\™Y˜[ÙK™\šYHXXÚš\İX[Ù]Üˆ^ÛYH]œ›ÛHHX›XÈZ[‚˜\ÜÙ]Ëİ^\™\Ëİ^\™\×İÙX˜\ÜÚÙ[[Û‹ÜÛ™X\Ù[Z\İZKÜÜš]Kœ™Ë\ÜÙ]Ëİ^\™\Ëİ^\™\×İÙX˜\ÜÚÙ[[Û‹œ™Ë‹ÍŒYMÍ™ÌL˜™ÙMLŒMMŒYÍÌNNÍÌM˜™NŒXYL˜YLÍŒÌNLNMÌM˜‹›İXÛX\™Y˜[ÙK™\šYHXXÚš\İX[Ù]Üˆ^ÛYH]œ›ÛHHX›XÈZ[‚˜\ÜÙ]Ëİ^\™\Ëİ^\™\×İÙX˜\ÜÚÙ[[Û‹ÜÛ™X\Ù[ÛXZ[‹\Ú[KÙXœ\ÜÙ]Ëİ^\™\Ëİ^\™\×İÙX˜\ÜÚÙ[[Û‹ÙXœÌ˜ÍM™ÎMÙYXÎXÌÌÍMÎNXÎNYYŒXLL™˜NML™ÌÍŒLYÙ˜MY˜ÙŒÌ‹›İXÛX\™Y˜[ÙK™\šYHXXÚš\İX[Ù]Üˆ^ÛYH]œ›ÛHHX›XÈZ[‚˜\ÜÙ]Ëİ^\™\Ëİ^\™\×İÙX˜\ÜÚÙ[[Û‹ÜÛ™X\Ù[ÛXZ[‹ÙXœ\ÜÙ]Ëİ^\™\Ëİ^\™\×İÙX˜\ÜÚÙ[[Û‹ÙXœÎMÌØLØNYÍ™NLŒNMØŒØLMŒÌLÎMXMLLMÍØŒÍMY™™M™˜ÌË›İXÛX\™Y˜[ÙK™\šYHXXÚš\İX[Ù]Üˆ^ÛYH]œ›ÛHHX›XÈZ[‚˜\ÜÙ]Ëİ^\™\Ëİ^\™\×İÙX˜\ÜÚÙ[[Û‹ÜÛ™X\Ù[ÜÜš]K\Ú[Kœ™Ë\ÜÙ]Ëİ^\™\Ëİ^\™\×İÙX˜\ÜÚÙ[[Û‹œ™ËÍM‹MÌXÌÌNNNLX˜ŒYXXM™Ø™˜ÎNNYØLXY˜ÎLŒYNX™™˜ÌÌ˜‹›İXÛX\™Y˜[ÙK™\šYHXXÚš\İX[Ù]Üˆ^ÛYH]œ›ÛHHX›XÈZ[‚˜\ÜÙ]Ëİ^\™\Ëİ^\™\×İÙX˜\ÜÚÙ[[Û‹ÜÛ™X\Ù[ÜÜš]Kœ™Ë\ÜÙ]Ëİ^\™\Ëİ^\™\×İÙX˜\ÜÚÙ[[Û‹œ™ËÍMKŒX˜YYXM™XNLYYXMÌNYNX˜MØ˜XÙŒM™XÌLLXLL™L™LŒ›İXÛX\™Y˜[ÙK™\šYHXXÚš\İX[Ù]Üˆ^ÛYH]œ›ÛHHX›XÈZ[‚˜\ÜÙ]Ëİ^\™\Ëİ^\™\×İÙX˜\ÜÚÙ[[Û‹ÜÛ™X\Û\‹ÛXZ[‹\Ú[KÙXœ\ÜÙ]Ëİ^\™\Ëİ^\™\×İÙX˜\ÜÚÙ[[Û‹ÙXœMÍNMŒ™ÙMLÙLXNNXØYLMLMXLÌLLÙXÎXÍÙXÙMNÍØÌÌXØ˜ÍLK›İXÛX\™Y˜[ÙK™\šYHXXÚš\İX[Ù]Üˆ^ÛYH]œ›ÛHHX›XÈZ[‚˜\ÜÙ]Ëİ^\™\Ëİ^\™\×İÙX˜\ÜÚÙ[[Û‹ÜÛ™X\Û\‹ÛXZ[‹ÙXœ\ÜÙ]Ëİ^\™\Ëİ^\™\×İÙX˜\ÜÚÙ[[Û‹ÙXœÍLXNLLÙYŒÍÍXLYYXMYMNXLÌM™NL™YMLÌÌLÌLØYLMN‹›İXÛX\™Y˜[ÙK™\šYHXXÚš\İX[Ù]Üˆ^ÛYH]œ›ÛHHX›XÈZ[‚˜\ÜÙ]Ëİ^\™\Ëİ^\™\×İÙX˜\ÜÚÙ[[Û‹ÜÛ™X\Û\‹ÜÜš]K\Ú[Kœ™Ë\ÜÙ]Ëİ^\™\Ëİ^\™\×İÙX˜\ÜÚÙ[[Û‹œ™ËLNØÙYY˜YX˜Y™L˜ŒÎXÎMÍÌÍY˜MMÌÍXÎMNNÎMÙLY˜YŒM˜MXË›İXÛX\™Y˜[ÙK™\šYHXXÚš\İX[Ù]Üˆ^ÛYH]œ›ÛHHX›XÈZ[‚˜\ÜÙ]Ëİ^\™\Ëİ^\™\×İÙX˜\ÜÚÙ[[Û‹ÜÛ™X\Û\‹ÜÜš]Kœ™Ë\ÜÙ]Ëİ^\™\Ëİ^\™\×İÙX˜\ÜÚÙ[[Û‹œ™ËLNÍÍMŒXYMNNL™XLÍÌ˜LMŒØØMYMXMÍÌÌÍÍÌÍÍ˜™LÍXMLK›İXÛX\™Y˜[ÙK™\šYHXXÚš\İX[Ù]Üˆ^ÛYH]œ›ÛHHX›XÈZ[‚˜\ÜÙ]Ëİ^\™\Ëİ^\™\×İÙX˜\ÜÚÙ[[Û‹ÜÛš]KÛXZ[‹\Ú[KÙXœ\ÜÙ]Ëİ^\™\Ëİ^\™\×İÙX˜\ÜÚÙ[[Û‹ÙXœLÎÍLÍ™MXÎÎÙX˜LÌ™MXMØÌÍXXŒMØ™MÙŒØYNYMYŒØÌXÙYXLÌ™ŒLK›İXÛX\™Y˜[ÙK™\šYHXXÚš\İX[Ù]Üˆ^ÛYH]œ›ÛHHX›XÈZ[‚˜\ÜÙ]Ëİ^\™\Ëİ^\™\×İÙX˜\ÜÚÙ[[Û‹ÜÛš]KÛXZ[‹ÙXœ\ÜÙ]Ëİ^\™\Ëİ^\™\×İÙX˜\ÜÚÙ[[Û‹ÙXœNMÍŒMMLŒ˜ŒXÍ™YY˜MLLXXXØXŒÍ˜ØÌNYØLNÌXÎNMÌNYLXË›İXÛX\™Y˜[ÙK™\šYHXXÚš\İX[Ù]Üˆ^ÛYH]œ›ÛHHX›XÈZ[‚˜\ÜÙ]Ëİ^\™\Ëİ^\™\×İÙX˜\ÜÚÙ[[Û‹ÜÛš]KÜÜš]K\Ú[Kœ™Ë\ÜÙ]Ëİ^\™\Ëİ^\™\×İÙX˜\ÜÚÙ[[Û‹œ™ËNK˜ÙÙYMÌÍ˜XÌÙLMÌÌŒ™LXLLLLNŒÙLÍ˜LÎM˜LÙŒNXYŒÌMXLÙLYØÌL›İXÛX\™Y˜[ÙK™\šYHXXÚš\İX[Ù]Üˆ^ÛYH]œ›ÛHHX›XÈZ[‚˜\ÜÙ]Ëİ^\™\Ëİ^\™\×İÙX˜\ÜÚÙ[[Û‹ÜÛš]KÜÜš]Kœ™Ë\ÜÙ]Ëİ^\™\Ëİ^\™\×İÙX˜\ÜÚÙ[[Û‹œ™ËLNM™M˜X™X˜MÌML˜NN˜˜NLÎMÙ™NX™XXN™Ø˜MÙNØØMŒN›İXÛX\™Y˜[ÙK™\šYHXXÚš\İX[Ù]Üˆ^ÛYH]œ›ÛHHX›XÈZ[‚˜\ÜÙ]Ëİ^\™\Ëİ^\™\×İÙX˜\ÜÚÙ[[Û‹ÜÛ›ÛKÛXZ[‹\Ú[KÙXœ\ÜÙ]Ëİ^\™\Ëİ^\™\×İÙX˜\ÜÚÙ[[Û‹ÙXœÌLÍN™YNNNLLY˜NMÌŒNŒMMXMØMØÎLMMÌÎMNŒLÙYŒNLÙLXX‹›İXÛX\™Y˜[ÙK™\šYHXXÚš\İX[Ù]Üˆ^ÛYH]œ›ÛHHX›XÈZ[‚˜\ÜÙ]Ëİ^\™\Ëİ^\™\×İÙX˜\ÜÚÙ[[Û‹ÜÛ›ÛKÛXZ[‹ÙXœ\ÜÙ]Ëİ^\™\Ëİ^\™\×İÙX˜\ÜÚÙ[[Û‹ÙXœÌM‹ÙÌNY™ŒXLØMÌÍØ™˜ØY™XÍXYMLØŒX™™Î˜ŒÍÙNYK›İXÛX\™Y˜[ÙK™\šYHXXÚš\İX[Ù]Üˆ^ÛYH]œ›ÛHHX›XÈZ[‚˜\ÜÙ]Ëİ^\™\Ëİ^\™\×İÙX˜\ÜÚÙ[[Û‹ÜÛ›ÛKÜÜš]K\Ú[Kœ™Ë\ÜÙ]Ëİ^\™\Ëİ^\™\×İÙX˜\ÜÚÙ[[Û‹œ™Ë‹ÎÙÌÍNLŒXÍMYYMMÙŒØÌMXYŒXL™YM™™™YL˜NYY™K›İXÛX\™Y˜[ÙK™\šYHXXÚš\İX[Ù]Üˆ^ÛYH]œ›ÛHHX›XÈZ[‚˜\ÜÙ]Ëİ^\™\Ëİ^\™\×İÙX˜\ÜÚÙ[[Û‹ÜÛ›ÛKÜÜš]Kœ™Ë\ÜÙ]Ëİ^\™\Ëİ^\™\×İÙX˜\ÜÚÙ[[Û‹œ™Ë‹ŒØØM™XÙXŒÍYMŒ™ØLÌXŒLLYXÙY˜YXYL˜ØŒ˜™LŒÌ™M˜XØÌÍK›İXÛX\™Y˜[ÙK™\šYHXXÚš\İX[Ù]Üˆ^ÛYH]œ›ÛHHX›XÈZ[‚˜\ÜÙ]Ëİ^\™\Ëİ^\™\×İÙX˜\ÜÚÙ[[Û‹ÜÛ›Ü›^ÛXZ[‹\Ú[KÙXœ\ÜÙ]Ëİ^\™\Ëİ^\™\×İÙX˜\ÜÚÙ[[Û‹ÙXœÍMÌÎMM™MŒ™YMXØØ™Y™˜Y˜MXŒLLÙ™NNMÌØÍNMÌYLXMË›İXÛX\™Y˜[ÙK™\šYHXXÚš\İX[Ù]Üˆ^ÛYH]œ›ÛHHX›XÈZ[‚˜\ÜÙ]Ëİ^\™\Ëİ^\™\×İÙX˜\ÜÚÙ[[Û‹ÜÛ›Ü›^ÛXZ[‹ÙXœ\ÜÙ]Ëİ^\™\Ëİ^\™\×İÙX˜\ÜÚÙ[[Û‹ÙXœÎMNÙ™L™YY™˜ML™XNNNMNLÍMÙYNŒ™ŒÎLŒÌŒÌMNXNŒÙ™™ŒÌ‹›İXÛX\™Y˜[ÙK™\šYHXXÚš\İX[Ù]Üˆ^ÛYH]œ›ÛHHX›XÈZ[‚˜\ÜÙ]Ëİ^\™\Ëİ^\™\×İÙX˜\ÜÚÙ[[Û‹ÜÛ›Ü›^ÜÜš]K\Ú[Kœ™Ë\ÜÙ]Ëİ^\™\Ëİ^\™\×İÙX˜\ÜÚÙ[[Û‹œ™ËLLËÎMXX™ÍÍÎÍMŒÙNMØLŒŒLŒYXÌÙØÌMLŒÌŒ™™ŒLÌYLÌÌMM‹›İXÛX\™Y˜[ÙK™\šYHXXÚš\İX[Ù]Üˆ^ÛYH]œ›ÛHHX›XÈZ[‚˜\ÜÙ]Ëİ^\™\Ëİ^\™\×İÙX˜\ÜÚÙ[[Û‹ÜÛ›Ü›^ÜÜš]Kœ™Ë\ÜÙ]Ëİ^\™\Ëİ^\™\×İÙX˜\ÜÚÙ[[Û‹œ™ËLM‹LM™ÍLYLŒMYLÌÙ™LMLØ˜M˜N˜˜LØ™Œ™™˜ŒÍÌYMÌXXL˜M‹›İXÛX\™Y˜[ÙK™\šYHXXÚš\İX[Ù]Üˆ^ÛYH]œ›ÛHHX›XÈZ[‚˜\ÜÙ]Ëİ^\™\Ëİ^\™\×İÙX˜\ÜÚÙ[[Û‹ÜÛ›Ü[ÛXZ[‹\Ú[KÙXœ\ÜÙ]Ëİ^\™\Ëİ^\™\×İÙX˜\ÜÚÙ[[Û‹ÙXœMM‹MÎŒÍÎXÙXLÙLXŒX™XÍ˜NÌMYLMÌÙM™Œ™ŒNL™˜L˜Í‹›İXÛX\™Y˜[ÙK™\šYHXXÚš\İX[Ù]Üˆ^ÛYH]œ›ÛHHX›XÈZ[‚˜\ÜÙ]Ëİ^\™\Ëİ^\™\×İÙX˜\ÜÚÙ[[Û‹ÜÛ›Ü[ÛXZ[‹ÙXœ\ÜÙ]Ëİ^\™\Ëİ^\™\×İÙX˜\ÜÚÙ[[Û‹ÙXœÎLÌLLLYMMLÍ™ÌÍ™X˜™X™Y™ŒYŒ™YLÌYLLYŒNMØŒLŒNK›İXÛX\™Y˜[ÙK™\šYHXXÚš\İX[Ù]Üˆ^ÛYH]œ›ÛHHX›XÈZ[‚˜\ÜÙ]Ëİ^\™\Ëİ^\™\×İÙX˜\ÜÚÙ[[Û‹ÜÛ›Ü[ÜÜš]K\Ú[Kœ™Ë\ÜÙ]Ëİ^\™\Ëİ^\™\×İÙX˜\ÜÚÙ[[Û‹œ™ËM‹˜ØM˜ŒNL˜ÌX™LMØÎMLY™XŒÎNMÍŒYŒÌLÌÌMXLØY™ŒÍÌÌK›İXÛX\™Y˜[ÙK™\šYHXXÚš\İX[Ù]Üˆ^ÛYH]œ›ÛHHX›XÈZ[‚˜\ÜÙ]Ëİ^\™\Ëİ^\™\×İÙX˜\ÜÚÙ[[Û‹ÜÛ›Ü[ÜÜš]Kœ™Ë\ÜÙ]Ëİ^\™\Ëİ^\™\×İÙX˜\ÜÚÙ[[Û‹œ™ËMXYØØÎMLY˜XYXŒ˜ÍÍÌYYXÌXŒLLYŒŒŒLØMŒŒNXÎ™MÍ™ŒNXŒK›İXÛX\™Y˜[ÙK™\šYHXXÚš\İX[Ù]Üˆ^ÛYH]œ›ÛHHX›XÈZ[‚˜\ÜÙ]Ëİ^\™\Ëİ^\™\×İÙX˜\ÜÚÙ[[Û‹ÜÛ›İ™\‹ÛXZ[‹\Ú[KÙXœ\ÜÙ]Ëİ^\™\Ëİ^\™\×İÙX˜\ÜÚÙ[[Û‹ÙXœMÌYÍNLÌNYÙLMÙÙY™YLÍL˜ÌLÍÌŒØLÙM˜MŒÍLÌLY™˜ÍK›İXÛX\™Y˜[ÙK™\šYHXXÚš\İX[Ù]Üˆ^ÛYH]œ›ÛHHX›XÈZ[‚˜\ÜÙ]Ëİ^\™\Ëİ^\™\×İÙX˜\ÜÚÙ[[Û‹ÜÛ›İ™\‹ÛXZ[‹ÙXœ\ÜÙ]Ëİ^\™\Ëİ^\™\×İÙX˜\ÜÚÙ[[Û‹ÙXœŒ˜˜L™LÌ˜Œ™˜LXÎLÌY˜ØÌÎÌŒŒÌLŒNXŒŒMØØLÌÙÌ™ŒNNM™XK›İXÛX\™Y˜[ÙK™\šYHXXÚš\İX[Ù]Üˆ^ÛYH]œ›ÛHHX›XÈZ[‚˜\ÜÙ]Ëİ^\™\Ëİ^\™\×İÙX˜\ÜÚÙ[[Û‹ÜÛ›İ™\‹ÜÜš]K\Ú[Kœ™Ë\ÜÙ]Ëİ^\™\Ëİ^\™\×İÙX˜\ÜÚÙ[[Û‹œ™Ë‹YLÍÙNMYX™XLNYM™MMMÍLØÍÍÙŒÎY˜ÎÍÙÎXÙMÍ˜XÙ˜Ù›İXÛX\™Y˜[ÙK™\šYHXXÚš\İX[Ù]Üˆ^ÛYH]œ›ÛHHX›XÈZ[‚˜\ÜÙ]Ëİ^\™\Ëİ^\™\×İÙX˜\ÜÚÙ[[Û‹ÜÛ›İ™\‹ÜÜš]Kœ™Ë\ÜÙ]Ëİ^\™\Ëİ^\™\×İÙX˜\ÜÚÙ[[Û‹œ™ËËÍXÌNYYL˜MLY˜™YŒÍYYMÌY™LNX˜™˜XØÌ™ÙÌMM™NŒ›İXÛX\™Y˜[ÙK™\šYHXXÚš\İX[Ù]Üˆ^ÛYH]œ›ÛHHX›XÈZ[‚˜\ÜÙ]Ëİ^\™\Ëİ^\™\×İÙX˜\ÜÚÙ[[Û‹ÜÛ›İŞKXØ\İ›Ü›KÛXZ[‹\Ú[KÙXœ\ÜÙ]Ëİ^\™\Ëİ^\™\×İÙX˜\ÜÚÙ[[Û‹ÙXœLÌŒ‹Ì™˜™MMÌØÎYYÙM˜YÙÌLMLÙXMY˜™™™ÙY™ÎYMØÍÍÎ˜Œ˜Ë›İXÛX\™Y˜[ÙK™\šYHXXÚš\İX[Ù]Üˆ^ÛYH]œ›ÛHHX›XÈZ[‚˜\ÜÙ]Ëİ^\™\Ëİ^\™\×İÙX˜\ÜÚÙ[[Û‹ÜÛ›İŞKXØ\İ›Ü›KÛXZ[‹ÙXœ\ÜÙ]Ëİ^\™\Ëİ^\™\×İÙX˜\ÜÚÙ[[Û‹ÙXœLLÍMŒ‹YLÍÙŒÌÎLM™LŒ™M™Y˜MNMÎÙXÍØXÍLÌË›İXÛX\™Y˜[ÙK™\šYHXXÚš\İX[Ù]Üˆ^ÛYH]œ›ÛHHX›XÈZ[‚˜\ÜÙ]Ëİ^\™\Ëİ^\™\×İÙX˜\ÜÚÙ[[Û‹ÜÛ›İŞKXØ\İ›Ü›KÜÜš]K\Ú[Kœ™Ë\ÜÙ]Ëİ^\™\Ëİ^\™\×İÙX˜\ÜÚÙ[[Û‹œ™ËŒLËYMÙY™ÌXÌXØŒYŒŒMÌŒ˜Ù™NXØ™ŒÌŒM™˜ÙÍ™ÎŒÍÌ™XŒMMXLÍMË›İXÛX\™Y˜[ÙK™\šYHXXÚš\İX[Ù]Üˆ^ÛYH]œ›ÛHHX›XÈZ[‚˜\ÜÙ]Ëİ^\™\Ëİ^\™\×İÙX˜\ÜÚÙ[[Û‹ÜÛ›İŞKXØ\İ›Ü›KÜÜš]Kœ™Ë\ÜÙ]Ëİ^\™\Ëİ^\™\×İÙX˜\ÜÚÙ[[Û‹œ™ËM‹YÌL™LÎMLÍLÙLÌÙ˜ÎÎÌØLÎX˜MÌNØXNNY™ÍŒNXÙMÙ›İXÛX\™Y˜[ÙK™\šYHXXÚš\İX[Ù]Üˆ^ÛYH]œ›ÛHHX›XÈZ[‚˜\ÜÙ]Ëİ^\™\Ëİ^\™\×İÙX˜\ÜÚÙ[[Û‹ÜÛX˜[ÛXZ[‹\Ú[KÙXœ\ÜÙ]Ëİ^\™\Ëİ^\™\×İÙX˜\ÜÚÙ[[Û‹ÙXœNMÌŒ‹ŒLNÍML™LYNYMÎXMXÌY™X˜YNLYYÙ™ŒXLMLØØXÎXÙÌLXÌ›İXÛX\™Y˜[ÙK™\šYHXXÚš\İX[Ù]Üˆ^ÛYH]œ›ÛHHX›XÈZ[‚˜\ÜÙ]Ëİ^\™\Ëİ^\™\×İÙX˜\ÜÚÙ[[Û‹ÜÛX˜[ÛXZ[‹ÙXœ\ÜÙ]Ëİ^\™\Ëİ^\™\×İÙX˜\ÜÚÙ[[Û‹ÙXœÌÌM‹ŒÎMÌØ˜Ø˜˜MÍML˜ÍÌÌŒYLÙYÍ™LØYMÎMÌNXÍÍNÎÎX™ÍL˜XÌŒN›İXÛX\™Y˜[ÙK™\šYHXXÚš\İX[Ù]Üˆ^ÛYH]œ›ÛHHX›XÈZ[‚˜\ÜÙ]Ëİ^\™\Ëİ^\™\×İÙX˜\ÜÚÙ[[Û‹ÜÛX˜[ÜÜš]K\Ú[Kœ™Ë\ÜÙ]Ëİ^\™\Ëİ^\™\×İÙX˜\ÜÚÙ[[Û‹œ™ËŒŒ‹YLYŒØÌØMÎMÌXX™Y™MXÙXNXXYM˜ÙŒMÍ˜NXÙLXMÍX™Œ™MÙ™LÌÌLY™˜Ù‹›İXÛX\™Y˜[ÙK™\šYHXXÚš\İX[Ù]Üˆ^ÛYH]œ›ÛHHX›XÈZ[‚˜\ÜÙ]Ëİ^\™\Ëİ^\™\×İÙX˜\ÜÚÙ[[Û‹ÜÛX˜[ÜÜš]Kœ™Ë\ÜÙ]Ëİ^\™\Ëİ^\™\×İÙX˜\ÜÚÙ[[Û‹œ™ËŒŒËÙLÌÍŒŒÌXNXNXÙMÎNMMÌŒÍÌÌÌLÎXXXÙNXŒYMMXLMMLÌ›İXÛX\™Y˜[ÙK™\šYHXXÚš\İX[Ù]Üˆ^ÛYH]œ›ÛHHX›XÈZ[‚˜\ÜÙ]Ëİ^\™\Ëİ^\™\×İÙX˜\ÜÚÙ[[Û‹ÜÛØ˜›KÛXZ[‹\Ú[KÙXœ\ÜÙ]Ëİ^\™\Ëİ^\™\×İÙX˜\ÜÚÙ[[Û‹ÙXœMÌÍ‹ÎØ™L™ŒŒLÍMXM™YLÙ™M˜LMMÌ™ŒÎNLÙLŒLLXÍÌÍŒYMÍ˜K›İXÛX\™Y˜[ÙK™\šYHXXÚš\İX[Ù]Üˆ^ÛYH]œ›ÛHHX›XÈZ[‚˜\ÜÙ]Ëİ^\™\Ëİ^\™\×İÙX˜\ÜÚÙ[[Û‹ÜÛØ˜›KÛXZ[‹ÙXœ\ÜÙ]Ëİ^\™\Ëİ^\™\×İÙX˜\ÜÚÙ[[Û‹ÙXœŒ‹ŒYMLLÌMLŒÙLXMÌÙØ˜™ÍM˜ÌNX˜™™XXŒÎNŒMX™ŒYMYK›İXÛX\™Y˜[ÙK™\šYHXXÚš\İX[Ù]Üˆ^ÛYH]œ›ÛHHX›XÈZ[‚˜\ÜÙ]Ëİ^\™\Ëİ^\™\×İÙX˜\ÜÚÙ[[Û‹ÜÛØ˜›KÜÜš]K\Ú[Kœ™Ë\ÜÙ]Ëİ^\™\Ëİ^\™\×İÙX˜\ÜÚÙ[[Û‹œ™ËLLËYLXÍØŒØÙŒ™MÍXLM˜Ù˜NN˜Ø˜NMYXLŒLNY˜XØMÍÌXMÙ˜NXYY‹›İXÛX\™Y˜[ÙK™\šYHXXÚš\İX[Ù]Üˆ^ÛYH]œ›ÛHHX›XÈZ[‚˜\ÜÙ]Ëİ^\™\Ëİ^\™\×İÙX˜\ÜÚÙ[[Û‹ÜÛØ˜›KÜÜš]Kœ™Ë\ÜÙ]Ëİ^\™\Ëİ^\™\×İÙX˜\ÜÚÙ[[Û‹œ™ËLLËLŒŒÌÍÌ™M™L˜ŒŒØXNY™˜LÌ˜™™ØŒ™™Y˜MX˜ØMÌNMYNM™‹›İXÛX\™Y˜[ÙK™\šYHXXÚš\İX[Ù]Üˆ^ÛYH]œ›ÛHHX›XÈZ[‚˜\ÜÙ]Ëİ^\™\Ëİ^\™\×İÙX˜\ÜÚÙ[[Û‹ÜÛÛØ[[ËÛXZ[‹\Ú[KÙXœ\ÜÙ]Ëİ^\™\Ëİ^\™\×İÙX˜\ÜÚÙ[[Û‹ÙXœÌY™ØÍÍ™˜XÌLÙMMXÎMÙYXNLXŒLÌXÍXLYMÌŒ˜ÌÍYN˜ÍLL™™Ù‹›İXÛX\™Y˜[ÙK™\šYHXXÚš\İX[Ù]Üˆ^ÛYH]œ›ÛHHX›XÈZ[‚˜\ÜÙ]Ëİ^\™\Ëİ^\™\×İÙX˜\ÜÚÙ[[Û‹ÜÛÛØ[[ËÛXZ[‹ÙXœ\ÜÙ]Ëİ^\™\Ëİ^\™\×İÙX˜\ÜÚÙ[[Û‹ÙXœLÌ‹˜ŒLNÎMÙMØÌŒL˜YYYÌ™MÙŒŒX™NX˜ÎM˜ÙŒÍMLÍY‹›İXÛX\™Y˜[ÙK™\šYHXXÚš\İX[Ù]Üˆ^ÛYH]œ›ÛHHX›XÈZ[‚˜\ÜÙ]Ëİ^\™\Ëİ^\™\×İÙX˜\ÜÚÙ[[Û‹ÜÛÛØ[[ËÜÜš]K\Ú[Kœ™Ë\ÜÙ]Ëİ^\™\Ëİ^\™\×İÙX˜\ÜÚÙ[[Û‹œ™ËLÎËNMØŒLØÍŒŒ™ÍØLÍMÙX˜NYŒÌŒØØŒMŒNŒŒY˜LÎLÌÎNNMÎM›İXÛX\™Y˜[ÙK™\šYHXXÚš\İX[Ù]Üˆ^ÛYH]œ›ÛHHX›XÈZ[‚˜\ÜÙ]Ëİ^\™\Ëİ^\™\×İÙX˜\ÜÚÙ[[Û‹ÜÛÛØ[[ËÜÜš]Kœ™Ë\ÜÙ]Ëİ^\™\Ëİ^\™\×İÙX˜\ÜÚÙ[[Û‹œ™ËLÎËNŒYYLØÍYXÍYLŒYLŒXMMØÌŒXÙYXMÌÎL™YXXXØØLÍLÌL‹›İXÛX\™Y˜[ÙK™\šYHXXÚš\İX[Ù]Üˆ^ÛYH]œ›ÛHHX›XÈZ[‚˜\ÜÙ]Ëİ^\™\Ëİ^\™\×İÙX˜\ÜÚÙ[[Û‹ÜÛÛÜÚ\ËÛXZ[‹\Ú[KÙXœ\ÜÙ]Ëİ^\™\Ëİ^\™\×İÙX˜\ÜÚÙ[[Û‹ÙXœLÎN™LMØØÌÌLÎMÍXÍMNØYŒÌÍ™˜ML˜MMMY˜MÍÍÌÍ™MÍŒË›İXÛX\™Y˜[ÙK™\šYHXXÚš\İX[Ù]Üˆ^ÛYH]œ›ÛHHX›XÈZ[‚˜\ÜÙ]Ëİ^\™\Ëİ^\™\×İÙX˜\ÜÚÙ[[Û‹ÜÛÛÜÚ\ËÛXZ[‹ÙXœ\ÜÙ]Ëİ^\™\Ëİ^\™\×İÙX˜\ÜÚÙ[[Û‹ÙXœLŒÍÌMXMXMÌÍLÙYÙNLXØ˜™XÙX˜ÍÍLÍMMÌLYÌMŒÍXYŒÌÌŒÍŒ™‹›İXÛX\™Y˜[ÙK™\šYHXXÚš\İX[Ù]Üˆ^ÛYH]œ›ÛHHX›XÈZ[‚˜\ÜÙ]Ëİ^\™\Ëİ^\™\×İÙX˜\ÜÚÙ[[Û‹ÜÛÛÜÚ\ËÜÜš]K\Ú[Kœ™Ë\ÜÙ]Ëİ^\™\Ëİ^\™\×İÙX˜\ÜÚÙ[[Û‹œ™ËÌÌ˜Œ˜LÎLÌXØXXŒ˜ŒMYYLŒM˜XÙNŒL˜LNMÌÙ™LŒÍ˜LMM‹›İXÛX\™Y˜[ÙK™\šYHXXÚš\İX[Ù]Üˆ^ÛYH]œ›ÛHHX›XÈZ[‚˜\ÜÙ]Ëİ^\™\Ëİ^\™\×İÙX˜\ÜÚÙ[[Û‹ÜÛÛÜÚ\ËÜÜš]Kœ™Ë\ÜÙ]Ëİ^\™\Ëİ^\™\×İÙX˜\ÜÚÙ[[Û‹œ™Ë‹Í™YYLØØ™XØXMLÍMŒÍNÎNXÍNNŒYXLÍLNLÙNÌÌŒÍÍLÙK›İXÛX\™Y˜[ÙK™\šYHXXÚš\İX[Ù]Üˆ^ÛYH]œ›ÛHHX›XÈZ[‚˜\ÜÙ]Ëİ^\™\Ëİ^\™\×İÙX˜\ÜÚÙ[[Û‹ÜÛÛ›ØÚËÛXZ[‹\Ú[KÙXœ\ÜÙ]Ëİ^\™\Ëİ^\™\×İÙX˜\ÜÚÙ[[Û‹ÙXœŒÍLLNLØ™LÎLŒ˜ØÍÍÌÍXXÍLÌXY™MMÙØLLMYÌÌLÌMÍ™™ŒK›İXÛX\™Y˜[ÙK™\šYHXXÚš\İX[Ù]Üˆ^ÛYH]œ›ÛHHX›XÈZ[‚˜\ÜÙ]Ëİ^\™\Ëİ^\™\×İÙX˜\ÜÚÙ[[Û‹ÜÛÛ›ØÚËÛXZ[‹ÙXœ\ÜÙ]Ëİ^\™\Ëİ^\™\×İÙX˜\ÜÚÙ[[Û‹ÙXœÍXÍ™YL˜ÎXÍÌØLYLNÍLÍXYYLØÍ™ÎL™ÍØXÍÌXNMYLÎK›İXÛX\™Y˜[ÙK™\šYHXXÚš\İX[Ù]Üˆ^ÛYH]œ›ÛHHX›XÈZ[‚˜\ÜÙ]Ëİ^\™\Ëİ^\™\×İÙX˜\ÜÚÙ[[Û‹ÜÛÛ›ØÚËÜÜš]K\Ú[Kœ™Ë\ÜÙ]Ëİ^\™\Ëİ^\™\×İÙX˜\ÜÚÙ[[Û‹œ™ËMKXXLŒLLÎXÎMÍÌÎMYNÙ˜MÙ™MY˜XÙŒÌŒØNML™ÌØÙNÎLNLNX‹›İXÛX\™Y˜[ÙK™\šYHXXÚš\İX[Ù]Üˆ^ÛYH]œ›ÛHHX›XÈZ[‚˜\ÜÙ]Ëİ^\™\Ëİ^\™\×İÙX˜\ÜÚÙ[[Û‹ÜÛÛ›ØÚËÜÜš]Kœ™Ë\ÜÙ]Ëİ^\™\Ëİ^\™\×İÙX˜\ÜÚÙ[[Û‹œ™ËML‹ÎÌ™YMÎYXM™MLYMMX™˜LŒLM˜NNY™XÌØÙ˜Œ™LXMÌ˜™YLK›İXÛX\™Y˜[ÙK™\šYHXXÚš\İX[Ù]Üˆ^ÛYH]œ›ÛHHX›XÈZ[‚˜\ÜÙ]Ëİ^\™\Ëİ^\™\×İÙX˜\ÜÚÙ[[Û‹ÜÜX\›İËÛXZ[‹\Ú[KÙXœ\ÜÙ]Ëİ^\™\Ëİ^\™\×İÙX˜\ÜÚÙ[[Û‹ÙXœL‹ÌYMLLŒ˜L™™ÍMÙŒØMÍNNLÍŒØ™ŒYMYŒM˜ŒY‹›İXÛX\™Y˜[ÙK™\šYHXXÚš\İX[Ù]Üˆ^ÛYH]œ›ÛHHX›XÈZ[‚˜\ÜÙ]Ëİ^\™\Ëİ^\™\×İÙX˜\ÜÚÙ[[Û‹ÜÜX\›İËÛXZ[‹ÙXœ\ÜÙ]Ëİ^\™\Ëİ^\™\×İÙX˜\ÜÚÙ[[Û‹ÙXœLŒ‹NÎÙLÙŒLYNL™ÎÎYLYNLNMÌY˜LM™XXØØÌLÌ‹›İXÛX\™Y˜[ÙK™\šYHXXÚš\İX[Ù]Üˆ^ÛYH]œ›ÛHHX›XÈZ[‚˜\ÜÙ]Ëİ^\™\Ëİ^\™\×İÙX˜\ÜÚÙ[[Û‹ÜÜX\›İËÜÜš]K\Ú[Kœ™Ë\ÜÙ]Ëİ^\™\Ëİ^\™\×İÙX˜\ÜÚÙ[[Û‹œ™ËMÎKØNØØÙLŒÌM˜MÍMÎXNÌMŒ˜NXÌ™ÙÌ™MLYM™™ÌØË›İXÛX\™Y˜[ÙK™\šYHXXÚš\İX[Ù]Üˆ^ÛYH]œ›ÛHHX›XÈZ[‚˜\ÜÙ]Ëİ^\™\Ëİ^\™\×İÙX˜\ÜÚÙ[[Û‹ÜÜX\›İËÜÜš]Kœ™Ë\ÜÙ]Ëİ^\™\Ëİ^\™\×İÙX˜\ÜÚÙ[[Û‹œ™ËN‹XÍ™™YY™™™XXYLXÌÎÌXØØ™ÍÌXÍ˜ØYXXÍLÍYMLÌ™ÌXÙYLK›İXÛX\™Y˜[ÙK™\šYHXXÚš\İX[Ù]Üˆ^ÛYH]œ›ÛHHX›XÈZ[‚˜\ÜÙ]Ëİ^\™\Ëİ^\™\×İÙX˜\ÜÚÙ[[Û‹ÜÜXİšY\‹ÛXZ[‹\Ú[KÙXœ\ÜÙ]Ëİ^\™\Ëİ^\™\×İÙX˜\ÜÚÙ[[Û‹ÙXœŒÎLXXXÍÍÙY™˜ÙMÎMÍMÌÍL™˜Y™XÍ™XØXN™ŒÌMØÍYMK›İXÛX\™Y˜[ÙK™\šYHXXÚš\İX[Ù]Üˆ^ÛYH]œ›ÛHHX›XÈZ[‚˜\ÜÙ]Ëİ^\™\Ëİ^\™\×İÙX˜\ÜÚÙ[[Û‹ÜÜXİšY\‹ÛXZ[‹ÙXœ\ÜÙ]Ëİ^\™\Ëİ^\™\×İÙX˜\ÜÚÙ[[Û‹ÙXœŒÍ‹ŒØY™LMYLÍŒMÙŒÍNNÙ˜LXÌMÌMØMÌ˜ÍÌØ™YMÌLÍXMØÌ‹›İXÛX\™Y˜[ÙK™\šYHXXÚš\İX[Ù]Üˆ^ÛYH]œ›ÛHHX›XÈZ[‚˜\ÜÙ]Ëİ^\™\Ëİ^\™\×İÙX˜\ÜÚÙ[[Û‹ÜÜXİšY\‹ÜÜš]K\Ú[Kœ™Ë\ÜÙ]Ëİ^\™\Ëİ^\™\×İÙX˜\ÜÚÙ[[Û‹œ™ËLYÍÍÌ˜ØŒÍŒL˜ØÌÍMMNŒÌÙMLYŒYMÎXÌŒØÌ˜˜XÌÍXÙNMÙŒK›İXÛX\™Y˜[ÙK™\šYHXXÚš\İX[Ù]Üˆ^ÛYH]œ›ÛHHX›XÈZ[‚˜\ÜÙ]Ëİ^\™\Ëİ^\™\×İÙX˜\ÜÚÙ[[Û‹ÜÜXİšY\‹ÜÜš]Kœ™Ë\ÜÙ]Ëİ^\™\Ëİ^\™\×İÙX˜\ÜÚÙ[[Û‹œ™ËLKMÎLÌŒMØÙXMY˜˜ÙXÙŒMÍŒ˜LÙ™˜LLÍYÌŒNN™NÙM˜™ŒË›İXÛX\™Y˜[ÙK™\šYHXXÚš\İX[Ù]Üˆ^ÛYH]œ›ÛHHX›XÈZ[‚˜\ÜÙ]Ëİ^\™\Ëİ^\™\×İÙX˜\ÜÚÙ[[Û‹ÜÜ]ÜKÛXZ[‹\Ú[KÙXœ\ÜÙ]Ëİ^\™\Ëİ^\™\×İÙX˜\ÜÚÙ[[Û‹ÙXœÍMÌ‹ŒLØXÙMMÎNMÍÙY˜YYXYNŒŒLLMNÍŒØŒ™˜ÌMÙY™N›İXÛX\™Y˜[ÙK™\šYHXXÚš\İX[Ù]Üˆ^ÛYH]œ›ÛHHX›XÈZ[‚˜\ÜÙ]Ëİ^\™\Ëİ^\™\×İÙX˜\ÜÚÙ[[Û‹ÜÜ]ÜKÛXZ[‹ÙXœ\ÜÙ]Ëİ^\™\Ëİ^\™\×İÙX˜\ÜÚÙ[[Û‹ÙXœLŒNLMY˜YLØ˜ÎYYŒÌÌ˜Ì™ŒLMÌLÎLLØMÍŒY˜NLY™XØLMŒŒÌK›İXÛX\™Y˜[ÙK™\šYHXXÚš\İX[Ù]Üˆ^ÛYH]œ›ÛHHX›XÈZ[‚˜\ÜÙ]Ëİ^\™\Ëİ^\™\×İÙX˜\ÜÚÙ[[Û‹ÜÜ]ÜKÜÜš]K\Ú[Kœ™Ë\ÜÙ]Ëİ^\™\Ëİ^\™\×İÙX˜\ÜÚÙ[[Û‹œ™ËÌ‹XØNXÍÎYNØÎLLLÍ™ŒM˜™L˜XÌŒ˜ÍØ˜MŒÙYÌÍØÌYØŒY‹›İXÛX\™Y˜[ÙK™\šYHXXÚš\İX[Ù]Üˆ^ÛYH]œ›ÛHHX›XÈZ[‚˜\ÜÙ]Ëİ^\™\Ëİ^\™\×İÙX˜\ÜÚÙ[[Û‹ÜÜ]ÜKÜÜš]Kœ™Ë\ÜÙ]Ëİ^\™\Ëİ^\™\×İÙX˜\ÜÚÙ[[Û‹œ™ËÌ‹NMMLMØÌXØŒNNLYØÍLLY™˜MMÙ™MMNÌØLÍÙYMÌLÍMYYŒXŒÍÙMNY‹›İXÛX\™Y˜[ÙK™\šYHXXÚš\İX[Ù]Üˆ^ÛYH]œ›ÛHHX›XÈZ[‚˜\ÜÙ]Ëİ^\™\Ëİ^\™\×İÙX˜\ÜÚÙ[[Û‹ÜÜX[ÛXZ[‹\Ú[KÙXœ\ÜÙ]Ëİ^\™\Ëİ^\™\×İÙX˜\ÜÚÙ[[Û‹ÙXœÍÎLNLÙMNÌÙXÍÙY˜YŒMÙXÍÍYŒŒX™YMÙMØÌŒŒØÍM™XÍŒXXØMÌ™XÙ›İXÛX\™Y˜[ÙK™\šYHXXÚš\İX[Ù]Üˆ^ÛYH]œ›ÛHHX›XÈZ[‚˜\ÜÙ]Ëİ^\™\Ëİ^\™\×İÙX˜\ÜÚÙ[[Û‹ÜÜX[ÛXZ[‹ÙXœ\ÜÙ]Ëİ^\™\Ëİ^\™\×İÙX˜\ÜÚÙ[[Û‹ÙXœÍMXÙ˜ÌÍL™MYŒYMYLÎXLYŒMÎX˜™˜MNÍÌ™XÍÍÌÌÌXÎMMØK›İXÛX\™Y˜[ÙK™\šYHXXÚš\İX[Ù]Üˆ^ÛYH]œ›ÛHHX›XÈZ[‚˜\ÜÙ]Ëİ^\™\Ëİ^\™\×İÙX˜\ÜÚÙ[[Û‹ÜÜX[ÜÜš]K\Ú[Kœ™Ë\ÜÙ]Ëİ^\™\Ëİ^\™\×İÙX˜\ÜÚÙ[[Û‹œ™ËLLÌNXÍXÙL™ŒÌYL™LMÌÌØMŒÍ™MYX˜ÌNNLYŒÌMMŒÍXÎNXMM™LÌXK›İXÛX\™Y˜[ÙK™\šYHXXÚš\İX[Ù]Üˆ^ÛYH]œ›ÛHHX›XÈZ[‚˜\ÜÙ]Ëİ^\™\Ëİ^\™\×İÙX˜\ÜÚÙ[[Û‹ÜÜX[ÜÜš]Kœ™Ë\ÜÙ]Ëİ^\™\Ëİ^\™\×İÙX˜\ÜÚÙ[[Û‹œ™ËMØÍ˜MÎYŒØM˜LÎXÍÙ˜ØLYMŒÌŒ˜ÌŒÙMMLXNŒÍÍØ˜ØYL‹›İXÛX\™Y˜[ÙK™\šYHXXÚš\İX[Ù]Üˆ^ÛYH]œ›ÛHHX›XÈZ[‚˜\ÜÙ]Ëİ^\™\Ëİ^\™\×İÙX˜\ÜÚÙ[[Û‹ÜÜYÜËÛXZ[‹\Ú[KÙXœ\ÜÙ]Ëİ^\™\Ëİ^\™\×İÙX˜\ÜÚÙ[[Û‹ÙXœLÌMXÙÍYŒ™LNXÎNXYMLŒÍ™˜˜™ÌL˜ÌMŒÌŒŒÙMM™Y™MØØÌK›İXÛX\™Y˜[ÙK™\šYHXXÚš\İX[Ù]Üˆ^ÛYH]œ›ÛHHX›XÈZ[‚˜\ÜÙ]Ëİ^\™\Ëİ^\™\×İÙX˜\ÜÚÙ[[Û‹ÜÜYÜËÛXZ[‹ÙXœ\ÜÙ]Ëİ^\™\Ëİ^\™\×İÙX˜\ÜÚÙ[[Û‹ÙXœLÍÎNXMMÌŒ™ML™YNÍLÎNXNŒ˜ŒÌÍLÎNMNMÌÙXLYNM‹›İXÛX\™Y˜[ÙK™\šYHXXÚš\İX[Ù]Üˆ^ÛYH]œ›ÛHHX›XÈZ[‚˜\ÜÙ]Ëİ^\™\Ëİ^\™\×İÙX˜\ÜÚÙ[[Û‹ÜÜYÜËÜÜš]K\Ú[Kœ™Ë\ÜÙ]Ëİ^\™\Ëİ^\™\×İÙX˜\ÜÚÙ[[Û‹œ™ËÌÌË™XÙ™™LYŒXÙÍ˜NYNYÌŒ˜™L˜ÌYŒÍ™ŒM™XÍXY™ÙNXÍ‹›İXÛX\™Y˜[ÙK™\šYHXXÚš\İX[Ù]Üˆ^ÛYH]œ›ÛHHX›XÈZ[‚˜\ÜÙ]Ëİ^\™\Ëİ^\™\×İÙX˜\ÜÚÙ[[Û‹ÜÜYÜËÜÜš]Kœ™Ë\ÜÙ]Ëİ^\™\Ëİ^\™\×İÙX˜\ÜÚÙ[[Û‹œ™ËÌLLÌMNMÍÙY˜ØÍÙNY˜ÙXÍLÙŒ™L™ŒMLXMÍMÙ˜LLLMÙLÌ˜ØNÙÌÍ˜Ù‹›İXÛX\™Y˜[ÙK™\šYHXXÚš\İX[Ù]Üˆ^ÛYH]œ›ÛHHX›XÈZ[‚˜\ÜÙ]Ëİ^\™\Ëİ^\™\×İÙX˜\ÜÚÙ[[Û‹ÜÜ[˜\˜ZËÛXZ[‹\Ú[KÙXœ\ÜÙ]Ëİ^\™\Ëİ^\™\×İÙX˜\ÜÚÙ[[Û‹ÙXœMÌYLÎMLXX™ÍLÍ™M˜ŒÌNM™™NLMLLXLYYÌMÍÍXMLXML›İXÛX\™Y˜[ÙK™\šYHXXÚš\İX[Ù]Üˆ^ÛYH]œ›ÛHHX›XÈZ[‚˜\ÜÙ]Ëİ^\™\Ëİ^\™\×İÙX˜\ÜÚÙ[[Û‹ÜÜ[˜\˜ZËÛXZ[‹ÙXœ\ÜÙ]Ëİ^\™\Ëİ^\™\×İÙX˜\ÜÚÙ[[Û‹ÙXœÌNM˜ÍÌÌÍÙŒ˜NÍNM˜˜LÍØÙN™ML˜NÍÙM˜ÌÌÙ˜YÌMXLÙ™‹›İXÛX\™Y˜[ÙK™\šYHXXÚš\İX[Ù]Üˆ^ÛYH]œ›ÛHHX›XÈZ[‚˜\ÜÙ]Ëİ^\™\Ëİ^\™\×İÙX˜\ÜÚÙ[[Û‹ÜÜ[˜\˜ZËÜÜš]K\Ú[Kœ™Ë\ÜÙ]Ëİ^\™\Ëİ^\™\×İÙX˜\ÜÚÙ[[Û‹œ™ËLNKLLY˜Y˜ÍÍÙ™XLYYMXÍXÍØ˜YŒÍ™MYÙ™MMLLÌÙXØ‹›İXÛX\™Y˜[ÙK™\šYHXXÚš\İX[Ù]Üˆ^ÛYH]œ›ÛHHX›XÈZ[‚˜\ÜÙ]Ëİ^\™\Ëİ^\™\×İÙX˜\ÜÚÙ[[Û‹ÜÜ[˜\˜ZËÜÜš]Kœ™Ë\ÜÙ]Ëİ^\™\Ëİ^\™\×İÙX˜\ÜÚÙ[[Û‹œ™ËLŒ‹N˜ØNMÍ˜M˜NYYŒLYŒYXM™M™ÎX™ŒLM˜XŒLŒNMÎØXÌÙMYM›İXÛX\™Y˜[ÙK™\šYHXXÚš\İX[Ù]Üˆ^ÛYH]œ›ÛHHX›XÈZ[‚˜\ÜÙ]Ëİ^\™\Ëİ^\™\×İÙX˜\ÜÚÙ[[Û‹ÜÜ[™KÛXZ[‹\Ú[KÙXœ\ÜÙ]Ëİ^\™\Ëİ^\™\×İÙX˜\ÜÚÙ[[Û‹ÙXœÎM‹ÎY™˜ØÌÌNMŒŒŒLÌŒØÍÍMŒMØNLL˜ÎMY™ÌØ˜Í™MMLLÌ™™ŒÎMŒŒNY›İXÛX\™Y˜[ÙK™\šYHXXÚš\İX[Ù]Üˆ^ÛYH]œ›ÛHHX›XÈZ[‚˜\ÜÙ]Ëİ^\™\Ëİ^\™\×İÙX˜\ÜÚÙ[[Û‹ÜÜ[™KÛXZ[‹ÙXœ\ÜÙ]Ëİ^\™\Ëİ^\™\×İÙX˜\ÜÚÙ[[Û‹ÙXœÌN™NYY™ŒŒYY™™NX˜ØŒÎMYLÎMŒÍMÌØ™ŒÙYXÍÌ˜NMM™˜ÎYY›İXÛX\™Y˜[ÙK™\šYHXXÚš\İX[Ù]Üˆ^ÛYH]œ›ÛHHX›XÈZ[‚˜\ÜÙ]Ëİ^\™\Ëİ^\™\×İÙX˜\ÜÚÙ[[Û‹ÜÜ[™KÜÜš]K\Ú[Kœ™Ë\ÜÙ]Ëİ^\™\Ëİ^\™\×İÙX˜\ÜÚÙ[[Û‹œ™ËMŒ˜XX™YLÌŒÎLMY˜™ØNŒÍØNLÍÌNXÌMXØ™Œ˜ÙYMXÙM›İXÛX\™Y˜[ÙK™\šYHXXÚš\İX[Ù]Üˆ^ÛYH]œ›ÛHHX›XÈZ[‚˜\ÜÙ]Ëİ^\™\Ëİ^\™\×İÙX˜\ÜÚÙ[[Û‹ÜÜ[™KÜÜš]Kœ™Ë\ÜÙ]Ëİ^\™\Ëİ^\™\×İÙX˜\ÜÚÙ[[Û‹œ™ËMŒÙÌÌ˜NNYXMÌÌXÍM˜ÙYM˜ØYL™XØX˜NYLŒ™M™˜Y˜XYÍØØÍ˜NLŒMË›İXÛX\™Y˜[ÙK™\šYHXXÚš\İX[Ù]Üˆ^ÛYH]œ›ÛHHX›XÈZ[‚˜\ÜÙ]Ëİ^\™\Ëİ^\™\×İÙX˜\ÜÚÙ[[Û‹ÜÜ\š]ÛX‹ÛXZ[‹\Ú[KÙXœ\ÜÙ]Ëİ^\™\Ëİ^\™\×İÙX˜\ÜÚÙ[[Û‹ÙXœLÍ‹YNNL˜XXØYMŒMLÌØLXÎMMÌŒÌN˜Ù˜™˜ŒÎY™NLŒYMÙMÌLYMNXÙ™K›İXÛX\™Y˜[ÙK™\šYHXXÚš\İX[Ù]Üˆ^ÛYH]œ›ÛHHX›XÈZ[‚˜\ÜÙ]Ëİ^\™\Ëİ^\™\×İÙX˜\ÜÚÙ[[Û‹ÜÜ\š]ÛX‹ÛXZ[‹ÙXœ\ÜÙ]Ëİ^\™\Ëİ^\™\×İÙX˜\ÜÚÙ[[Û‹ÙXœLŒM™ŒY˜ÍŒÍØÌŒ˜ŒLXMÍŒX™MX˜L˜YŒÙXMNLNÙLNLMMÙYL›İXÛX\™Y˜[ÙK™\šYHXXÚš\İX[Ù]Üˆ^ÛYH]œ›ÛHHX›XÈZ[‚˜\ÜÙ]Ëİ^\™\Ëİ^\™\×İÙX˜\ÜÚÙ[[Û‹ÜÜ\š]ÛX‹ÜÜš]K\Ú[Kœ™Ë\ÜÙ]Ëİ^\™\Ëİ^\™\×İÙX˜\ÜÚÙ[[Û‹œ™ËKÌLŒNÎNÌÍXØÙYŒLŒMXYÍ™XLŒØØÌLÍNØŒY˜ŒÌÙ˜™˜NYMŒË›İXÛX\™Y˜[ÙK™\šYHXXÚš\İX[Ù]Üˆ^ÛYH]œ›ÛHHX›XÈZ[‚˜\ÜÙ]Ëİ^\™\Ëİ^\™\×İÙX˜\ÜÚÙ[[Û‹ÜÜ\š]ÛX‹ÜÜš]Kœ™Ë\ÜÙ]Ëİ^\™\Ëİ^\™\×İÙX˜\ÜÚÙ[[Û‹œ™ËKÌLXŒM˜ÍÙM˜Y˜Ø˜ÌXÌÌL˜ÍØÙÎLÍYŒMŒ™Y™ŒÌL˜MÎ™NLYYYLË›İXÛX\™Y˜[ÙK™\šYHXXÚš\İX[Ù]Üˆ^ÛYH]œ›ÛHHX›XÈZ[‚˜\ÜÙ]Ëİ^\™\Ëİ^\™\×İÙX˜\ÜÚÙ[[Û‹ÜÜÚ[šËÛXZ[‹\Ú[KÙXœ\ÜÙ]Ëİ^\™\Ëİ^\™\×İÙX˜\ÜÚÙ[[Û‹ÙXœLLNMÍŒÍ™ØÌYMMXYYŒÌ˜ØŒLŒÙY™MXLMØÙLÌMÌÍ™Ø‹›İXÛX\™Y˜[ÙK™\šYHXXÚš\İX[Ù]Üˆ^ÛYH]œ›ÛHHX›XÈZ[‚˜\ÜÙ]Ëİ^\™\Ëİ^\™\×İÙX˜\ÜÚÙ[[Û‹ÜÜÚ[šËÛXZ[‹ÙXœ\ÜÙ]Ëİ^\™\Ëİ^\™\×İÙX˜\ÜÚÙ[[Û‹ÙXœMÌÌ‹ŒLLŒLØ™YŒŒNL˜MLÌŒ™˜ÎYYÌN™LXŒYŒLX˜N›İXÛX\™Y˜[ÙK™\šYHXXÚš\İX[Ù]Üˆ^ÛYH]œ›ÛHHX›XÈZ[‚˜\ÜÙ]Ëİ^\™\Ëİ^\™\×İÙX˜\ÜÚÙ[[Û‹ÜÜÚ[šËÜÜš]K\Ú[Kœ™Ë\ÜÙ]Ëİ^\™\Ëİ^\™\×İÙX˜\ÜÚÙ[[Û‹œ™ËM‹ŒNLÎNLYŒŒ™ŒXÍM™MØLL˜™L™MNYMLŒ™˜ÌL˜K›İXÛX\™Y˜[ÙK™\šYHXXÚš\İX[Ù]Üˆ^ÛYH]œ›ÛHHX›XÈZ[‚˜\ÜÙ]Ëİ^\™\Ëİ^\™\×İÙX˜\ÜÚÙ[[Û‹ÜÜÚ[šËÜÜš]Kœ™Ë\ÜÙ]Ëİ^\™\Ëİ^\™\×İÙX˜\ÜÚÙ[[Û‹œ™ËMKYYMM˜XLMXŒØY˜ŒYÙYÎNMÙŒN™LÍXŒN˜XNYÌÍ˜ÌMŒMÙK›İXÛX\™Y˜[ÙK™\šYHXXÚš\İX[Ù]Üˆ^ÛYH]œ›ÛHHX›XÈZ[‚˜\ÜÙ]Ëİ^\™\Ëİ^\™\×İÙX˜\ÜÚÙ[[Û‹ÜÜšYØ]]ËÛXZ[‹\Ú[KÙXœ\ÜÙ]Ëİ^\™\Ëİ^\™\×İÙX˜\ÜÚÙ[[Û‹ÙXœÎLÌMÎNXÌYNÙ™MÎXØ˜Y™XL™ŒYÍØNX˜YXL™MÍØYLÙŒLK›İXÛX\™Y˜[ÙK™\šYHXXÚš\İX[Ù]Üˆ^ÛYH]œ›ÛHHX›XÈZ[‚˜\ÜÙ]Ëİ^\™\Ëİ^\™\×İÙX˜\ÜÚÙ[[Û‹ÜÜšYØ]]ËÛXZ[‹ÙXœ\ÜÙ]Ëİ^\™\Ëİ^\™\×İÙX˜\ÜÚÙ[[Û‹ÙXœÌL‹LNŒLY˜L˜˜XÍÌY˜M™M™™ÌMÌÍŒYXÎMYÍÙMYÎØÌ˜›İXÛX\™Y˜[ÙK™\šYHXXÚš\İX[Ù]Üˆ^ÛYH]œ›ÛHHX›XÈZ[‚˜\ÜÙ]Ëİ^\™\Ëİ^\™\×İÙX˜\ÜÚÙ[[Û‹ÜÜšYØ]]ËÜÜš]K\Ú[Kœ™Ë\ÜÙ]Ëİ^\™\Ëİ^\™\×İÙX˜\ÜÚÙ[[Û‹œ™ËŒ‹Ø™ŒY˜XŒ˜ŒX™ŒYÎYŒ˜˜˜ÙLÎMŒY™™Y˜XŒ˜XNYLÌYŒYŒÌN›İXÛX\™Y˜[ÙK™\šYHXXÚš\İX[Ù]Üˆ^ÛYH]œ›ÛHHX›XÈZ[‚˜\ÜÙ]Ëİ^\™\Ëİ^\™\×İÙX˜\ÜÚÙ[[Û‹ÜÜšYØ]]ËÜÜš]KÙXœ\ÜÙ]Ëİ^\™\Ëİ^\™\×İÙX˜\ÜÚÙ[[Û‹ÙXœL‹YLŒÎÍŒŒŒŒXY™™YLÌLLÍLLÙ˜ŒÌÎN™Ø™ŒŒŒXØ™MÍYXM˜‹›İXÛX\™Y˜[ÙK™\šYHXXÚš\İX[Ù]Üˆ^ÛYH]œ›ÛHHX›XÈZ[‚˜\ÜÙ]Ëİ^\™\Ëİ^\™\×İÙX˜\ÜÚÙ[[Û‹ÜÜš]™YKÛXZ[‹\Ú[KÙXœ\ÜÙ]Ëİ^\™\Ëİ^\™\×İÙX˜\ÜÚÙ[[Û‹ÙXœŒÌMMÌM˜Ì™ŒÌ™XLMNY™LLMÎÙMÙLXŒÌÍÍLÙXÙM™M˜ØË›İXÛX\™Y˜[ÙK™\šYHXXÚš\İX[Ù]Üˆ^ÛYH]œ›ÛHHX›XÈZ[‚˜\ÜÙ]Ëİ^\™\Ëİ^\™\×İÙX˜\ÜÚÙ[[Û‹ÜÜš]™YKÛXZ[‹ÙXœ\ÜÙ]Ëİ^\™\Ëİ^\™\×İÙX˜\ÜÚÙ[[Û‹ÙXœÍÌLL˜ÙŒM™XØNLÙYØÍLMÌMYM™X™ŒÙY˜ÙÎLŒNY˜YL™LNN˜LŒK›İXÛX\™Y˜[ÙK™\šYHXXÚš\İX[Ù]Üˆ^ÛYH]œ›ÛHHX›XÈZ[‚˜\ÜÙ]Ëİ^\™\Ëİ^\™\×İÙX˜\ÜÚÙ[[Û‹ÜÜš]™YKÜÜš]K\Ú[Kœ™Ë\ÜÙ]Ëİ^\™\Ëİ^\™\×İÙX˜\ÜÚÙ[[Û‹œ™ËÎYNY˜ÙŒLÎMŒŒ™™XLMMŒÌ˜X™ŒLXÌŒXLLXØYŒÙXMØLN‹›İXÛX\™Y˜[ÙK™\šYHXXÚš\İX[Ù]Üˆ^ÛYH]œ›ÛHHX›XÈZ[‚˜\ÜÙ]Ëİ^\™\Ëİ^\™\×İÙX˜\ÜÚÙ[[Û‹ÜÜš]™YKÜÜš]Kœ™Ë\ÜÙ]Ëİ^\™\Ëİ^\™\×İÙX˜\ÜÚÙ[[Û‹œ™ËÍ‹˜™LÍXNMYÍXÍ˜˜ŒLMNLÙXÙNMØŒYÍXØYNYL™ÌL™Y˜XYÌŒNX‹›İXÛX\™Y˜[ÙK™\šYHXXÚš\İX[Ù]Üˆ^ÛYH]œ›ÛHHX›XÈZ[‚˜\ÜÙ]Ëİ^\™\Ëİ^\™\×İÙX˜\ÜÚÙ[[Û‹ÜÜ]X]ÚØXš[KÛXZ[‹\Ú[KÙXœ\ÜÙ]Ëİ^\™\Ëİ^\™\×İÙX˜\ÜÚÙ[[Û‹ÙXœŒŒÎNXÙLŒŒÎYXXYYŒÙMYMXØMYLM™˜MNLMŒY™L™YXÌÍL‹›İXÛX\™Y˜[ÙK™\šYHXXÚš\İX[Ù]Üˆ^ÛYH]œ›ÛHHX›XÈZ[‚˜\ÜÙ]Ëİ^\™\Ëİ^\™\×İÙX˜\ÜÚÙ[[Û‹ÜÜ]X]ÚØXš[KÛXZ[‹ÙXœ\ÜÙ]Ëİ^\™\Ëİ^\™\×İÙX˜\ÜÚÙ[[Û‹ÙXœÎMŒÍÎ™LM™ÎXÙŒMYLYX™LNMÌÌ™ÎXLŒ™MM˜™Y™XY‹›İXÛX\™Y˜[ÙK™\šYHXXÚš\İX[Ù]Üˆ^ÛYH]œ›ÛHHX›XÈZ[‚˜\ÜÙ]Ëİ^\™\Ëİ^\™\×İÙX˜\ÜÚÙ[[Û‹ÜÜ]X]ÚØXš[KÜÜš]K\Ú[Kœ™Ë\ÜÙ]Ëİ^\™\Ëİ^\™\×İÙX˜\ÜÚÙ[[Û‹œ™ËMÌLKÍÌMYMŒX™LØ™ŒNXMÙ™Ì˜ŒÎNNÌ™ŒLYMNMË›İXÛX\™Y˜[ÙK™\šYHXXÚš\İX[Ù]Üˆ^ÛYH]œ›ÛHHX›XÈZ[‚˜\ÜÙ]Ëİ^\™\Ëİ^\™\×İÙX˜\ÜÚÙ[[Û‹ÜÜ]X]ÚØXš[KÜÜš]Kœ™Ë\ÜÙ]Ëİ^\™\Ëİ^\™\×İÙX˜\ÜÚÙ[[Û‹œ™ËMÌÍ‹Ù™LMŒÙÍŒÌÙØMXØYNYÙ˜XÍYNXÎÍYX˜ÙØNYMŒØLX˜ÍÌÎM‹›İXÛX\™Y˜[ÙK™\šYHXXÚš\İX[Ù]Üˆ^ÛYH]œ›ÛHHX›XÈZ[‚˜\ÜÙ]Ëİ^\™\Ëİ^\™\×İÙX˜\ÜÚÙ[[Û‹ÜÜ]Z\KÛXZ[‹\Ú[KÙXœ\ÜÙ]Ëİ^\™\Ëİ^\™\×İÙX˜\ÜÚÙ[[Û‹ÙXœLLL‹LLÌNÍYXŒÎX˜ŒMMÌMŒŒŒÌÍÙ˜ÌŒŒÍMXLŒØMÍÌLLXL˜ØÍXLK›İXÛX\™Y˜[ÙK™\šYHXXÚš\İX[Ù]Üˆ^ÛYH]œ›ÛHHX›XÈZ[‚˜\ÜÙ]Ëİ^\™\Ëİ^\™\×İÙX˜\ÜÚÙ[[Û‹ÜÜ]Z\KÛXZ[‹ÙXœ\ÜÙ]Ëİ^\™\Ëİ^\™\×İÙX˜\ÜÚÙ[[Û‹ÙXœMÎ‹YØŒMÙŒÍÙŒNXŒÌ™˜ŒYMŒYÍÙMÌLÍNMLÍXŒÍXM™ÎLL™‹›İXÛX\™Y˜[ÙK™\šYHXXÚš\İX[Ù]Üˆ^ÛYH]œ›ÛHHX›XÈZ[‚˜\ÜÙ]Ëİ^\™\Ëİ^\™\×İÙX˜\ÜÚÙ[[Û‹ÜÜ]Z\KÜÜš]K\Ú[Kœ™Ë\ÜÙ]Ëİ^\™\Ëİ^\™\×İÙX˜\ÜÚÙ[[Û‹œ™ËMÍ‹ÌLL™YŒXŒÌ™LÍXØØÍMMXØMXX™YYXYŒŒÍYMLŒÍØ™˜ÙX˜™LMNNXMMË›İXÛX\™Y˜[ÙK™\šYHXXÚš\İX[Ù]Üˆ^ÛYH]œ›ÛHHX›XÈZ[‚˜\ÜÙ]Ëİ^\™\Ëİ^\™\×İÙX˜\ÜÚÙ[[Û‹ÜÜ]Z\KÜÜš]Kœ™Ë\ÜÙ]Ëİ^\™\Ëİ^\™\×İÙX˜\ÜÚÙ[[Û‹œ™ËMÍKLÌYMÌXXØÍXÙMNY˜M™XYŒÎY˜MÙŒÎYLLÌLÙMMØŒÙÌMLÙŒLMË›İXÛX\™Y˜[ÙK™\šYHXXÚš\İX[Ù]Üˆ^ÛYH]œ›ÛHHX›XÈZ[‚˜\ÜÙ]Ëİ^\™\Ëİ^\™\×İÙX˜\ÜÚÙ[[Û‹ÜİZØ]ZØKÛXZ[‹\Ú[KÙXœ\ÜÙ]Ëİ^\™\Ëİ^\™\×İÙX˜\ÜÚÙ[[Û‹ÙXœLÌMLLÎL˜ÍŒYÌÙY™ÌÍL˜LØMŒ˜ÌXŒÌŒY™L™NXÙMÍXŒYNYŒÍNÍØÌË›İXÛX\™Y˜[ÙK™\šYHXXÚš\İX[Ù]Üˆ^ÛYH]œ›ÛHHX›XÈZ[‚˜\ÜÙ]Ëİ^\™\Ëİ^\™\×İÙX˜\ÜÚÙ[[Û‹ÜİZØ]ZØKÛXZ[‹ÙXœ\ÜÙ]Ëİ^\™\Ëİ^\™\×İÙX˜\ÜÚÙ[[Û‹ÙXœMÌÌŒYŒÎØ˜ÌÌ˜LMÍ™˜ŒØ™˜LNØLXLÍLÌLÌXLŒÎM˜NXÙNMN›İXÛX\™Y˜[ÙK™\šYHXXÚš\İX[Ù]Üˆ^ÛYH]œ›ÛHHX›XÈZ[‚˜\ÜÙ]Ëİ^\™\Ëİ^\™\×İÙX˜\ÜÚÙ[[Û‹ÜİZØ]ZØKÜÜš]K\Ú[Kœ™Ë\ÜÙ]Ëİ^\™\Ëİ^\™\×İÙX˜\ÜÚÙ[[Û‹œ™ËLÎM‹YMŒŒXØŒXÌYMØMÍY™˜LØLMYLŒÙ™ŒXØ˜MX™™YMŒÌ‹›İXÛX\™Y˜[ÙK™\šYHXXÚš\İX[Ù]Üˆ^ÛYH]œ›ÛHHX›XÈZ[‚˜\ÜÙ]Ëİ^\™\Ëİ^\™\×İÙX˜\ÜÚÙ[[Û‹ÜİZØ]ZØKÜÜš]Kœ™Ë\ÜÙ]Ëİ^\™\Ëİ^\™\×İÙX˜\ÜÚÙ[[Û‹œ™ËLÎM‹LÌMÌÎXÙX˜™ÎNØÙXNM™M˜LÍLÎNL™ÌÌMŒ™ÙNLÙ›İXÛX\™Y˜[ÙK™\šYHXXÚš\İX[Ù]Üˆ^ÛYH]œ›ÛHHX›XÈZ[‚˜\ÜÙ]Ëİ^\™\Ëİ^\™\×İÙX˜\ÜÚÙ[[Û‹Üİ[\‹ÛXZ[‹\Ú[KÙXœ\ÜÙ]Ëİ^\™\Ëİ^\™\×İÙX˜\ÜÚÙ[[Û‹ÙXœNL‹ÍÍYŒØÎÍÌLXØ˜™NLY™YMÙMLÎMYMLXYMXXÌMLÍ›İXÛX\™Y˜[ÙK™\šYHXXÚš\İX[Ù]Üˆ^ÛYH]œ›ÛHHX›XÈZ[‚˜\ÜÙ]Ëİ^\™\Ëİ^\™\×İÙX˜\ÜÚÙ[[Û‹Üİ[\‹ÛXZ[‹ÙXœ\ÜÙ]Ëİ^\™\Ëİ^\™\×İÙX˜\ÜÚÙ[[Û‹ÙXœÌLÌ‹™Ì˜˜XÍÍÎM™MMÌLÌÙŒLMÎM™LLYÌLÙÙ™ÙYÙŒLNYK›İXÛX\™Y˜[ÙK™\šYHXXÚš\İX[Ù]Üˆ^ÛYH]œ›ÛHHX›XÈZ[‚˜\ÜÙ]Ëİ^\™\Ëİ^\™\×İÙX˜\ÜÚÙ[[Û‹Üİ[\‹ÜÜš]K\Ú[Kœ™Ë\ÜÙ]Ëİ^\™\Ëİ^\™\×İÙX˜\ÜÚÙ[[Û‹œ™ËLMÍXL™MMŒ˜YYÍNŒNLÙMXL™ŒLNNLŒ™YLÍ™NÙŒNMMMÍNNXYË›İXÛX\™Y˜[ÙK™\šYHXXÚš\İX[Ù]Üˆ^ÛYH]œ›ÛHHX›XÈZ[‚˜\ÜÙ]Ëİ^\™\Ëİ^\™\×İÙX˜\ÜÚÙ[[Û‹Üİ[\‹ÜÜš]Kœ™Ë\ÜÙ]Ëİ^\™\Ëİ^\™\×İÙX˜\ÜÚÙ[[Û‹œ™ËLMØX™Y˜ÍYŒLY™NYYYYŒŒNY™™ŒÌÍYŒÎ™MÙ™YLØÎLÌÍŒÍŒŒÌÎLË›İXÛX\™Y˜[ÙK™\šYHXXÚš\İX[Ù]Üˆ^ÛYH]œ›ÛHHX›XÈZ[‚˜\ÜÙ]Ëİ^\™\Ëİ^\™\×İÙX˜\ÜÚÙ[[Û‹Üİ\˜\Ü‹ÛXZ[‹\Ú[KÙXœ\ÜÙ]Ëİ^\™\Ëİ^\™\×İÙX˜\ÜÚÙ[[Û‹ÙXœLÌÌL‹ØÎXØÌØYŒ˜™LŒMÌMÙ˜˜˜™LÎMLÙMÍNYYN™LØYMÎ™Í˜LNØ‹›İXÛX\™Y˜[ÙK™\šYHXXÚš\İX[Ù]Üˆ^ÛYH]œ›ÛHHX›XÈZ[‚˜\ÜÙ]Ëİ^\™\Ëİ^\™\×İÙX˜\ÜÚÙ[[Û‹Üİ\˜\Ü‹ÛXZ[‹ÙXœ\ÜÙ]Ëİ^\™\Ëİ^\™\×İÙX˜\ÜÚÙ[[Û‹ÙXœÌL‹ŒM™XMYNYNMÍ˜ÙÌX™LMÍXLLNYNN˜™MNŒŒYMÍNLLX‹›İXÛX\™Y˜[ÙK™\šYHXXÚš\İX[Ù]Üˆ^ÛYH]œ›ÛHHX›XÈZ[‚˜\ÜÙ]Ëİ^\™\Ëİ^\™\×İÙX˜\ÜÚÙ[[Û‹Üİ\˜\Ü‹ÜÜš]K\Ú[Kœ™Ë\ÜÙ]Ëİ^\™\Ëİ^\™\×İÙX˜\ÜÚÙ[[Û‹œ™ËMËŒ™YÍ™ÌMNX˜M™Œ˜ÌMÍÌÍLÍ™MÍŒÎYNÎMÌÙŒŒNXMÎLYLK›İXÛX\™Y˜[ÙK™\šYHXXÚš\İX[Ù]Üˆ^ÛYH]œ›ÛHHX›XÈZ[‚˜\ÜÙ]Ëİ^\™\Ëİ^\™\×İÙX˜\ÜÚÙ[[Û‹Üİ\˜\Ü‹ÜÜš]Kœ™Ë\ÜÙ]Ëİ^\™\Ëİ^\™\×İÙX˜\ÜÚÙ[[Û‹œ™ËMËMÎXXÍ™MÍÌŒÌMŒÍØÌÍØÍYM™˜ÌXNXL˜ÌŒŒMMMYYK›İXÛX\™Y˜[ÙK™\šYHXXÚš\İX[Ù]Üˆ^ÛYH]œ›ÛHHX›XÈZ[‚˜\ÜÙ]Ëİ^\™\Ëİ^\™\×İÙX˜\ÜÚÙ[[Û‹Üİ\˜]šXKÛXZ[‹\Ú[KÙXœ\ÜÙ]Ëİ^\™\Ëİ^\™\×İÙX˜\ÜÚÙ[[Û‹ÙXœÌLÌ‹XL˜ÌÍLYYN™˜MYL˜XÎÌÎXÙLY™NÙLÎYXŒØ™NË›İXÛX\™Y˜[ÙK™\šYHXXÚš\İX[Ù]Üˆ^ÛYH]œ›ÛHHX›XÈZ[‚˜\ÜÙ]Ëİ^\™\Ëİ^\™\×İÙX˜\ÜÚÙ[[Û‹Üİ\˜]šXKÛXZ[‹ÙXœ\ÜÙ]Ëİ^\™\Ëİ^\™\×İÙX˜\ÜÚÙ[[Û‹ÙXœÌÍÌMÙÌYNNŒMÍÍŒ˜LÌÍLØÍÍNYÌYXÙÌÙNÙNYLÌÍÍML›İXÛX\™Y˜[ÙK™\šYHXXÚš\İX[Ù]Üˆ^ÛYH]œ›ÛHHX›XÈZ[‚˜\ÜÙ]Ëİ^\™\Ëİ^\™\×İÙX˜\ÜÚÙ[[Û‹Üİ\˜]šXKÜÜš]K\Ú[Kœ™Ë\ÜÙ]Ëİ^\™\Ëİ^\™\×İÙX˜\ÜÚÙ[[Û‹œ™ËÎXÌ™™ŒÌ˜ŒÙÍYXLMMŒŒÌMYNXMMLÌŒÍ˜ØXØØÍ™LK›İXÛX\™Y˜[ÙK™\šYHXXÚš\İX[Ù]Üˆ^ÛYH]œ›ÛHHX›XÈZ[‚˜\ÜÙ]Ëİ^\™\Ëİ^\™\×İÙX˜\ÜÚÙ[[Û‹Üİ\˜]šXKÜÜš]Kœ™Ë\ÜÙ]Ëİ^\™\Ëİ^\™\×İÙX˜\ÜÚÙ[[Û‹œ™ËËÌMÍÍNMŒŒLŒÍ˜˜˜MXL™ŒMXMÍX™ŒÍØMØXMŒÍMNÍÎLŒÌNK›İXÛX\™Y˜[ÙK™\šYHXXÚš\İX[Ù]Üˆ^ÛYH]œ›ÛHHX›XÈZ[‚˜\ÜÙ]Ëİ^\™\Ëİ^\™\×İÙX˜\ÜÚÙ[[Û‹Üİ\›KÛXZ[‹\Ú[KÙXœ\ÜÙ]Ëİ^\™\Ëİ^\™\×İÙX˜\ÜÚÙ[[Û‹ÙXœLL‹ØXMØ™XNNŒØNLŒ˜ÌŒX™YYM˜YX™MNNLMMXX˜ŒMØÌXÍLÎ˜K›İXÛX\™Y˜[ÙK™\šYHXXÚš\İX[Ù]Üˆ^ÛYH]œ›ÛHHX›XÈZ[‚˜\ÜÙ]Ëİ^\™\Ëİ^\™\×İÙX˜\ÜÚÙ[[Û‹Üİ\›KÛXZ[‹ÙXœ\ÜÙ]Ëİ^\™\Ëİ^\™\×İÙX˜\ÜÚÙ[[Û‹ÙXœÌ‹ÍÎ™ÍŒ˜ÍÍYŒMØMÌØLÌ˜Î™LÌMLNXNMX™LÎMMÎYLÌN›İXÛX\™Y˜[ÙK™\šYHXXÚš\İX[Ù]Üˆ^ÛYH]œ›ÛHHX›XÈZ[‚˜\ÜÙ]Ëİ^\™\Ëİ^\™\×İÙX˜\ÜÚÙ[[Û‹Üİ\›KÜÜš]K\Ú[Kœ™Ë\ÜÙ]Ëİ^\™\Ëİ^\™\×İÙX˜\ÜÚÙ[[Û‹œ™ËMNMMLYÙXMÎM˜LØYXØLM˜ÌX˜™˜˜ØÎNÍMLÙ™X™Y˜™XL‹›İXÛX\™Y˜[ÙK™\šYHXXÚš\İX[Ù]Üˆ^ÛYH]œ›ÛHHX›XÈZ[‚˜\ÜÙ]Ëİ^\™\Ëİ^\™\×İÙX˜\ÜÚÙ[[Û‹Üİ\›KÜÜš]Kœ™Ë\ÜÙ]Ëİ^\™\Ëİ^\™\×İÙX˜\ÜÚÙ[[Û‹œ™ËMKŒMNMÌŒÌÍYXÌØYÍYXØÌÍMŒŒÌMMÌÙLÌ™˜ÌÙYMYŒNNXÙXYL‹›İXÛX\™Y˜[ÙK™\šYHXXÚš\İX[Ù]Üˆ^ÛYH]œ›ÛHHX›XÈZ[‚˜\ÜÙ]Ëİ^\™\Ëİ^\™\×İÙX˜\ÜÚÙ[[Û‹Üİ\›ZYKÛXZ[‹\Ú[KÙXœ\ÜÙ]Ëİ^\™\Ëİ^\™\×İÙX˜\ÜÚÙ[[Û‹ÙXœLMNM‹LXØYMNYYN™ÌØÙXØMÌ˜ÍŒÎXN™MŒL˜NÎYN™Ù˜ÍÎLÍNM˜˜K›İXÛX\™Y˜[ÙK™\šYHXXÚš\İX[Ù]Üˆ^ÛYH]œ›ÛHHX›XÈZ[‚˜\ÜÙ]Ëİ^\™\Ëİ^\™\×İÙX˜\ÜÚÙ[[Û‹Üİ\›ZYKÛXZ[‹ÙXœ\ÜÙ]Ëİ^\™\Ëİ^\™\×İÙX˜\ÜÚÙ[[Û‹ÙXœLŒMLYŒXŒL™ÎLØÌMXXLLYNM™Ø™YXÍŒÙYX˜MÍÙÙNØ‹›İXÛX\™Y˜[ÙK™\šYHXXÚš\İX[Ù]Üˆ^ÛYH]œ›ÛHHX›XÈZ[‚˜\ÜÙ]Ëİ^\™\Ëİ^\™\×İÙX˜\ÜÚÙ[[Û‹Üİ\›ZYKÜÜš]K\Ú[Kœ™Ë\ÜÙ]Ëİ^\™\Ëİ^\™\×İÙX˜\ÜÚÙ[[Û‹œ™ËLÍK˜ÌŒMNYYMÍMYÍÍLYMØØŒÍLÎNLM˜ÌY™MXNMŒYŒŒ˜ÍM™™MØXK›İXÛX\™Y˜[ÙK™\šYHXXÚš\İX[Ù]Üˆ^ÛYH]œ›ÛHHX›XÈZ[‚˜\ÜÙ]Ëİ^\™\Ëİ^\™\×İÙX˜\ÜÚÙ[[Û‹Üİ\›ZYKÜÜš]Kœ™Ë\ÜÙ]Ëİ^\™\Ëİ^\™\×İÙX˜\ÜÚÙ[[Û‹œ™ËMKÎMÙŒ˜˜ŒØØŒNMLÎX˜™ŒÙYMYLLXXÎMÙŒØÍÍYNLNLØ™™™K›İXÛX\™Y˜[ÙK™\šYHXXÚš\İX[Ù]Üˆ^ÛYH]œ›ÛHHX›XÈZ[‚˜\ÜÙ]Ëİ^\™\Ëİ^\™\×İÙX˜\ÜÚÙ[[Û‹Üİ\]KÛXZ[‹\Ú[KÙXœ\ÜÙ]Ëİ^\™\Ëİ^\™\×İÙX˜\ÜÚÙ[[Û‹ÙXœNL‹XÍØYYMØL˜˜ŒLÍL˜ØXMÎNLLØÙXÌŒÌ™NYYL™XYMØŒÌ˜MÍ‹›İXÛX\™Y˜[ÙK™\šYHXXÚš\İX[Ù]Üˆ^ÛYH]œ›ÛHHX›XÈZ[‚˜\ÜÙ]Ëİ^\™\Ëİ^\™\×İÙX˜\ÜÚÙ[[Û‹Üİ\]KÛXZ[‹ÙXœ\ÜÙ]Ëİ^\™\Ëİ^\™\×İÙX˜\ÜÚÙ[[Û‹ÙXœMÍÌ‹YLÍØØMNMÙ™MÌM˜ÙŒLØÌÌNNNXM™LNNNLÙLLØŒ™ÌÙXK›İXÛX\™Y˜[ÙK™\šYHXXÚš\İX[Ù]Üˆ^ÛYH]œ›ÛHHX›XÈZ[‚˜\ÜÙ]Ëİ^\™\Ëİ^\™\×İÙX˜\ÜÚÙ[[Û‹Üİ\]KÜÜš]K\Ú[Kœ™Ë\ÜÙ]Ëİ^\™\Ëİ^\™\×İÙX˜\ÜÚÙ[[Û‹œ™ËŒKMÍŒŒXÌY™ÙLLMÍ˜LÌLÌÍYLÙÎXNYYXÍÙÍØ˜ØK›İXÛX\™Y˜[ÙK™\šYHXXÚš\İX[Ù]Üˆ^ÛYH]œ›ÛHHX›XÈZ[‚˜\ÜÙ]Ëİ^\™\Ëİ^\™\×İÙX˜\ÜÚÙ[[Û‹Üİ\]KÜÜš]Kœ™Ë\ÜÙ]Ëİ^\™\Ëİ^\™\×İÙX˜\ÜÚÙ[[Û‹œ™ËŒŒËÙMØYŒXØ˜˜NŒÍŒXŒLÍÎYXÍ˜Ì™YÌÙŒŒLMØŒXÍÎNYNMÍÙŒÍYLLÌË›İXÛX\™Y˜[ÙK™\šYHXXÚš\İX[Ù]Üˆ^ÛYH]œ›ÛHHX›XÈZ[‚˜\ÜÙ]Ëİ^\™\Ëİ^\™\×İÙX˜\ÜÚÙ[[Û‹ÜİY[^ÛXZ[‹\Ú[KÙXœ\ÜÙ]Ëİ^\™\Ëİ^\™\×İÙX˜\ÜÚÙ[[Û‹ÙXœÎNM‹ÙLÙ˜LÎLÙMXYY™LÙMMŒØLÎ™™MŒNXLÙÍYŒ™XX˜YYXXÍ™LŒ›İXÛX\™Y˜[ÙK™\šYHXXÚš\İX[Ù]Üˆ^ÛYH]œ›ÛHHX›XÈZ[‚˜\ÜÙ]Ëİ^\™\Ëİ^\™\×İÙX˜\ÜÚÙ[[Û‹ÜİY[^ÛXZ[‹ÙXœ\ÜÙ]Ëİ^\™\Ëİ^\™\×İÙX˜\ÜÚÙ[[Û‹ÙXœÍÌÍNMÙØÎYNMXÌÍXLØYÍ˜ÎLŒLÌÍØÌLÙLŒÙXL™NØÍ˜ÌÌ‹›İXÛX\™Y˜[ÙK™\šYHXXÚš\İX[Ù]Üˆ^ÛYH]œ›ÛHHX›XÈZ[‚˜\ÜÙ]Ëİ^\™\Ëİ^\™\×İÙX˜\ÜÚÙ[[Û‹ÜİY[^ÜÜš]K\Ú[Kœ™Ë\ÜÙ]Ëİ^\™\Ëİ^\™\×İÙX˜\ÜÚÙ[[Û‹œ™ËLË™YYLØXÍMÌMY˜NMXØÍÍÍØM˜ÌYY˜YØ˜LNXÌØYŒ™ÌLÍØMØLNË›İXÛX\™Y˜[ÙK™\šYHXXÚš\İX[Ù]Üˆ^ÛYH]œ›ÛHHX›XÈZ[‚˜\ÜÙ]Ëİ^\™\Ëİ^\™\×İÙX˜\ÜÚÙ[[Û‹ÜİY[^ÜÜš]Kœ™Ë\ÜÙ]Ëİ^\™\Ëİ^\™\×İÙX˜\ÜÚÙ[[Û‹œ™ËL‹ŒXXLÍLØÌX™˜™™˜XŒÍŒÌNYLÌYYŒÍMØMØÍÌMYXÍÎM˜Ì™ÙÌL™LK›İXÛX\™Y˜[ÙK™\šYHXXÚš\İX[Ù]Üˆ^ÛYH]œ›ÛHHX›XÈZ[‚˜\ÜÙ]Ëİ^\™\Ëİ^\™\×İÙX˜\ÜÚÙ[[Û‹ÜİY[™YKÛXZ[‹\Ú[KÙXœ\ÜÙ]Ëİ^\™\Ëİ^\™\×İÙX˜\ÜÚÙ[[Û‹ÙXœMLÎLÌLÍÍÌMŒXÎŒYYÙLÌYYXYYŒÍYLLXÍÙXM˜ÙK›İXÛX\™Y˜[ÙK™\šYHXXÚš\İX[Ù]Üˆ^ÛYH]œ›ÛHHX›XÈZ[‚˜\ÜÙ]Ëİ^\™\Ëİ^\™\×İÙX˜\ÜÚÙ[[Û‹ÜİY[™YKÛXZ[‹ÙXœ\ÜÙ]Ëİ^\™\Ëİ^\™\×İÙX˜\ÜÚÙ[[Û‹ÙXœŒÌ‹XYÎMLNMNYM™LY˜ÍØØMÍ˜LŒØNNÌNMLÙMNLŒMLŒM˜Œ‹›İXÛX\™Y˜[ÙK™\šYHXXÚš\İX[Ù]Üˆ^ÛYH]œ›ÛHHX›XÈZ[‚˜\ÜÙ]Ëİ^\™\Ëİ^\™\×İÙX˜\ÜÚÙ[[Û‹ÜİY[™YKÜÜš]K\Ú[Kœ™Ë\ÜÙ]Ëİ^\™\Ëİ^\™\×İÙX˜\ÜÚÙ[[Û‹œ™ËNLLÙLYŒ™™NLLYLØŒ™MÍXMÎYYYLM™MXÌYNMÙYÍ˜XXØØÍK›İXÛX\™Y˜[ÙK™\šYHXXÚš\İX[Ù]Üˆ^ÛYH]œ›ÛHHX›XÈZ[‚˜\ÜÙ]Ëİ^\™\Ëİ^\™\×İÙX˜\ÜÚÙ[[Û‹ÜİY[™YKÜÜš]Kœ™Ë\ÜÙ]Ëİ^\™\Ëİ^\™\×İÙX˜\ÜÚÙ[[Û‹œ™ËNKÙM™XÎÙ˜Ø™LÍNNML˜ÍÌLÍYŒÎYLØLÌÙXŒ˜ÌL™L˜Ì˜YYXM›İXÛX\™Y˜[ÙK™\šYHXXÚš\İX[Ù]Üˆ^ÛYH]œ›ÛHHX›XÈZ[‚˜\ÜÙ]Ëİ^\™\Ëİ^\™\×İÙX˜\ÜÚÙ[[Û‹ÜİÛš›İ\›™\‹ÛXZ[‹\Ú[KÙXœ\ÜÙ]Ëİ^\™\Ëİ^\™\×İÙX˜\ÜÚÙ[[Û‹ÙXœÎLÍL‹Œ˜™MÙXLÌÍÙ™XÍYÍNNÍÙ™ÙLY˜ÎŒÌŒÙLMÙŒ˜™LŒMÌ™‹›İXÛX\™Y˜[ÙK™\šYHXXÚš\İX[Ù]Üˆ^ÛYH]œ›ÛHHX›XÈZ[‚˜\ÜÙ]Ëİ^\™\Ëİ^\™\×İÙX˜\ÜÚÙ[[Û‹ÜİÛš›İ\›™\‹ÛXZ[‹ÙXœ\ÜÙ]Ëİ^\™\Ëİ^\™\×İÙX˜\ÜÚÙ[[Û‹ÙXœÎÍØ™MŒ˜X˜ŒNXŒMX™LNNLØ˜Ù™Œ™ŒÍÍXØMMLŒ™™Œ˜LMÙNXÍŒ™›İXÛX\™Y˜[ÙK™\šYHXXÚš\İX[Ù]Üˆ^ÛYH]œ›ÛHHX›XÈZ[‚˜\ÜÙ]Ëİ^\™\Ëİ^\™\×İÙX˜\ÜÚÙ[[Û‹ÜİÛš›İ\›™\‹ÜÜš]K\Ú[Kœ™Ë\ÜÙ]Ëİ^\™\Ëİ^\™\×İÙX˜\ÜÚÙ[[Û‹œ™ËMÌNŒMN˜ŒŒØLNMYYÎLY™XYXÌØ™ŒÙMY˜ÌÌY™ÌŒLÌXNMYLÍÙ›İXÛX\™Y˜[ÙK™\šYHXXÚš\İX[Ù]Üˆ^ÛYH]œ›ÛHHX›XÈZ[‚˜\ÜÙ]Ëİ^\™\Ëİ^\™\×İÙX˜\ÜÚÙ[[Û‹ÜİÛš›İ\›™\‹ÜÜš]Kœ™Ë\ÜÙ]Ëİ^\™\Ëİ^\™\×İÙX˜\ÜÚÙ[[Û‹œ™ËLŒKLM˜ÍÌ™LYLÍÙŒLXÙ™™™ÌYYMŒYÍ˜NLMÌMYŒÍNLÎŒŒ™‹›İXÛX\™Y˜[ÙK™\šYHXXÚš\İX[Ù]Üˆ^ÛYH]œ›ÛHHX›XÈZ[‚˜\ÜÙ]Ëİ^\™\Ëİ^\™\×İÙX˜\ÜÚÙ[[Û‹Üİİ][™ÛXZ[‹\Ú[KÙXœ\ÜÙ]Ëİ^\™\Ëİ^\™\×İÙX˜\ÜÚÙ[[Û‹ÙXœLŒ‹ÎLÙLÌÌÙŒÙYM™ÍÎYŒÌNÍŒÌMÙ˜YLÎMŒYØNYMYX˜ØÎXLX™YK›İXÛX\™Y˜[ÙK™\šYHXXÚš\İX[Ù]Üˆ^ÛYH]œ›ÛHHX›XÈZ[‚˜\ÜÙ]Ëİ^\™\Ëİ^\™\×İÙX˜\ÜÚÙ[[Û‹Üİİ][™ÛXZ[‹ÙXœ\ÜÙ]Ëİ^\™\Ëİ^\™\×İÙX˜\ÜÚÙ[[Û‹ÙXœÍÍLXÍ™ÍÎMŒØÍØX˜ÍNXNMÌLŒYNNYLNXÍØÙ™ÍLXŒØÍL‹›İXÛX\™Y˜[ÙK™\šYHXXÚš\İX[Ù]Üˆ^ÛYH]œ›ÛHHX›XÈZ[‚˜\ÜÙ]Ëİ^\™\Ëİ^\™\×İÙX˜\ÜÚÙ[[Û‹Üİİ][™ÜÜš]K\Ú[Kœ™Ë\ÜÙ]Ëİ^\™\Ëİ^\™\×İÙX˜\ÜÚÙ[[Û‹œ™ËLLÍ‹YÌNLYY˜XÍÌÙYNXÙÌNYY˜ÌXLLYYMÙXÙYY˜YXLXYÙÍÙY‹›İXÛX\™Y˜[ÙK™\šYHXXÚš\İX[Ù]Üˆ^ÛYH]œ›ÛHHX›XÈZ[‚˜\ÜÙ]Ëİ^\™\Ëİ^\™\×İÙX˜\ÜÚÙ[[Û‹Üİİ][™ÜÜš]Kœ™Ë\ÜÙ]Ëİ^\™\Ëİ^\™\×İÙX˜\ÜÚÙ[[Û‹œ™ËLLÎKXMYLMØ˜NYXŒÍMÍM˜ÌM™˜LYMÙMXLM™YXØYLØ˜YŒŒ›İXÛX\™Y˜[ÙK™\šYHXXÚš\İX[Ù]Üˆ^ÛYH]œ›ÛHHX›XÈZ[‚˜\ÜÙ]Ëİ^\™\Ëİ^\™\×İÙX˜\ÜÚÙ[[Û‹ÜİY™[ÛXZ[‹\Ú[KÙXœ\ÜÙ]Ëİ^\™\Ëİ^\™\×İÙX˜\ÜÚÙ[[Û‹ÙXœÌNM‹ØLŒ˜Ù™LŒL˜M˜Í™MÙŒ™ÌLLÍ˜ÌÌXŒ˜˜LMØY™™YMÎMÌYNMÌXË›İXÛX\™Y˜[ÙK™\šYHXXÚš\İX[Ù]Üˆ^ÛYH]œ›ÛHHX›XÈZ[‚˜\ÜÙ]Ëİ^\™\Ëİ^\™\×İÙX˜\ÜÚÙ[[Û‹ÜİY™[ÛXZ[‹ÙXœ\ÜÙ]Ëİ^\™\Ëİ^\™\×İÙX˜\ÜÚÙ[[Û‹ÙXœŒÎLMLM™YLNÙ˜ÍYLYŒ˜XÌÌÌØØXMÌ˜LŒÌŒÎLÍLÎØÍ™K›İXÛX\™Y˜[ÙK™\šYHXXÚš\İX[Ù]Üˆ^ÛYH]œ›ÛHHX›XÈZ[‚˜\ÜÙ]Ëİ^\™\Ëİ^\™\×İÙX˜\ÜÚÙ[[Û‹ÜİY™[ÜÜš]K\Ú[Kœ™Ë\ÜÙ]Ëİ^\™\Ëİ^\™\×İÙX˜\ÜÚÙ[[Û‹œ™ËNKNŒ™L˜LÙŒ™YÎ™LXNÌÌM™ŒŒÌML˜ÍÌÙMØXŒØÙLÎL›İXÛX\™Y˜[ÙK™\šYHXXÚš\İX[Ù]Üˆ^ÛYH]œ›ÛHHX›XÈZ[‚˜\ÜÙ]Ëİ^\™\Ëİ^\™\×İÙX˜\ÜÚÙ[[Û‹ÜİY™[ÜÜš]Kœ™Ë\ÜÙ]Ëİ^\™\Ëİ^\™\×İÙX˜\ÜÚÙ[[Û‹œ™ËNKÌYMÍMÌML˜MLÌØ˜NXMŒÍŒMMØ˜ÍÍÙÌŒLYNXÙMÌŒÌØŒ˜M›İXÛX\™Y˜[ÙK™\šYHXXÚš\İX[Ù]Üˆ^ÛYH]œ›ÛHHX›XÈZ[‚˜\ÜÙ]Ëİ^\™\Ëİ^\™\×İÙX˜\ÜÚÙ[[Û‹Üİ[™š\ÚËÛXZ[‹\Ú[KÙXœ\ÜÙ]Ëİ^\™\Ëİ^\™\×İÙX˜\ÜÚÙ[[Û‹ÙXœNNMÙŒYXNMÙÎÍXXÌŒYY™ŒÌL˜Í™ŒŒØØ˜™XØXXXÙÙÍØ˜˜ÙXK›İXÛX\™Y˜[ÙK™\šYHXXÚš\İX[Ù]Üˆ^ÛYH]œ›ÛHHX›XÈZ[‚˜\ÜÙ]Ëİ^\™\Ëİ^\™\×İÙX˜\ÜÚÙ[[Û‹Üİ[™š\ÚËÛXZ[‹ÙXœ\ÜÙ]Ëİ^\™\Ëİ^\™\×İÙX˜\ÜÚÙ[[Û‹ÙXœNŒLØØMÙØŒÙX™ŒØÎMXÎMÙXŒÌ˜ÌYYÍXŒNYNÙLYLÍÌXLÙŒNÌXÎK›İXÛX\™Y˜[ÙK™\šYHXXÚš\İX[Ù]Üˆ^ÛYH]œ›ÛHHX›XÈZ[‚˜\ÜÙ]Ëİ^\™\Ëİ^\™\×İÙX˜\ÜÚÙ[[Û‹Üİ[™š\ÚËÜÜš]K\Ú[Kœ™Ë\ÜÙ]Ëİ^\™\Ëİ^\™\×İÙX˜\ÜÚÙ[[Û‹œ™ËLNXÌY™YMÙÌÍLÍLYYÍÌLYMMXMY™Ø™ŒMYÍ˜Œ˜YXØ˜˜ŒLË›İXÛX\™Y˜[ÙK™\šYHXXÚš\İX[Ù]Üˆ^ÛYH]œ›ÛHHX›XÈZ[‚˜\ÜÙ]Ëİ^\™\Ëİ^\™\×İÙX˜\ÜÚÙ[[Û‹Üİ[™š\ÚËÜÜš]Kœ™Ë\ÜÙ]Ëİ^\™\Ëİ^\™\×İÙX˜\ÜÚÙ[[Û‹œ™ËLLMM˜˜˜ŒNYØ™L˜™XÍÙ˜MX™MNÍ™˜ŒÍŒMÍNLÎLLÎŒLXXMÍMMLNL™›İXÛX\™Y˜[ÙK™\šYHXXÚš\İX[Ù]Üˆ^ÛYH]œ›ÛHHX›XÈZ[‚˜\ÜÙ]Ëİ^\™\Ëİ^\™\×İÙX˜\ÜÚÙ[[Û‹Üİ[šŞKÛXZ[‹\Ú[KÙXœ\ÜÙ]Ëİ^\™\Ëİ^\™\×İÙX˜\ÜÚÙ[[Û‹ÙXœLLØÍ˜MÍ™MÙXÌ˜XYÍXXÍXÌLM˜ÙXÍØÍÍL˜MNMNLLÎ›İXÛX\™Y˜[ÙK™\šYHXXÚš\İX[Ù]Üˆ^ÛYH]œ›ÛHHX›XÈZ[‚˜\ÜÙ]Ëİ^\™\Ëİ^\™\×İÙX˜\ÜÚÙ[[Û‹Üİ[šŞKÛXZ[‹ÙXœ\ÜÙ]Ëİ^\™\Ëİ^\™\×İÙX˜\ÜÚÙ[[Û‹ÙXœÎÌ‹MŒLÎNÙXÌMLNLŒÍLLNXŒØÌ™MNLXLXÍÍNXLYNK›İXÛX\™Y˜[ÙK™\šYHXXÚš\İX[Ù]Üˆ^ÛYH]œ›ÛHHX›XÈZ[‚˜\ÜÙ]Ëİ^\™\Ëİ^\™\×İÙX˜\ÜÚÙ[[Û‹Üİ[šŞKÜÜš]K\Ú[Kœ™Ë\ÜÙ]Ëİ^\™\Ëİ^\™\×İÙX˜\ÜÚÙ[[Û‹œ™ËŒËLYÌMÙXLXÍNYLÎLL™L™˜ÌL˜Ì˜ÍXÎLÙX™XÙ™YXÙYMÙ˜™ÌÙK›İXÛX\™Y˜[ÙK™\šYHXXÚš\İX[Ù]Üˆ^ÛYH]œ›ÛHHX›XÈZ[‚˜\ÜÙ]Ëİ^\™\Ëİ^\™\×İÙX˜\ÜÚÙ[[Û‹Üİ[šŞKÜÜš]Kœ™Ë\ÜÙ]Ëİ^\™\Ëİ^\™\×İÙX˜\ÜÚÙ[[Û‹œ™ËŒL™ŒØY™™MXNX˜Ù™ŒMLMM˜ÙLLØMŒNMÍŒNNMÙYYYLL˜YŒÌLË›İXÛX\™Y˜[ÙK™\šYHXXÚš\İX[Ù]Üˆ^ÛYH]œ›ÛHHX›XÈZ[‚˜\ÜÙ]Ëİ^\™\Ëİ^\™\×İÙX˜\ÜÚÙ[[Û‹ÜİYİÛÛÙËÛXZ[‹\Ú[KÙXœ\ÜÙ]Ëİ^\™\Ëİ^\™\×İÙX˜\ÜÚÙ[[Û‹ÙXœLŒYNXNNNŒØMLYŒ™˜MÌYŒMÙLLM™L™XÎ˜ÎNÙŒLÍÌNÎM™LØMMÙ›İXÛX\™Y˜[ÙK™\šYHXXÚš\İX[Ù]Üˆ^ÛYH]œ›ÛHHX›XÈZ[‚˜\ÜÙ]Ëİ^\™\Ëİ^\™\×İÙX˜\ÜÚÙ[[Û‹ÜİYİÛÛÙËÛXZ[‹ÙXœ\ÜÙ]Ëİ^\™\Ëİ^\™\×İÙX˜\ÜÚÙ[[Û‹ÙXœÍŒÍ‹˜X˜YÍŒØXYXXŒŒÍ˜˜™MLŒLMNŒ™ŒÙYÎXØNLLÍMLMNXÍ›İXÛX\™Y˜[ÙK™\šYHXXÚš\İX[Ù]Üˆ^ÛYH]œ›ÛHHX›XÈZ[‚˜\ÜÙ]Ëİ^\™\Ëİ^\™\×İÙX˜\ÜÚÙ[[Û‹ÜİYİÛÛÙËÜÜš]K\Ú[Kœ™Ë\ÜÙ]Ëİ^\™\Ëİ^\™\×İÙX˜\ÜÚÙ[[Û‹œ™ËÎØXMXXLØÙ™MŒ™MYÍXYÎÍMYÍØNYLÌMYLMÍÌNMÌ™Œ›İXÛX\™Y˜[ÙK™\šYHXXÚš\İX[Ù]Üˆ^ÛYH]œ›ÛHHX›XÈZ[‚˜\ÜÙ]Ëİ^\™\Ëİ^\™\×İÙX˜\ÜÚÙ[[Û‹ÜİYİÛÛÙËÜÜš]Kœ™Ë\ÜÙ]Ëİ^\™\Ëİ^\™\×İÙX˜\ÜÚÙ[[Û‹œ™ËÎXM™MØLNŒØŒÎLMÎMÙ˜ÙM™ØÙ˜YLÙM™XMLLX˜™ÙŒ™˜ØXÎL‹›İXÛX\™Y˜[ÙK™\šYHXXÚš\İX[Ù]Üˆ^ÛYH]œ›ÛHHX›XÈZ[‚˜\ÜÙ]Ëİ^\™\Ëİ^\™\×İÙX˜\ÜÚÙ[[Û‹ÜİZXİ[™KÛXZ[‹\Ú[KÙXœ\ÜÙ]Ëİ^\™\Ëİ^\™\×İÙX˜\ÜÚÙ[[Û‹ÙXœLLÍÌ™XMÍÎ™YLMÎMXÌLLØ™Y˜ŒÌL™YXNYYYLNMÍLÌMŒXÍÍÍL™›İXÛX\™Y˜[ÙK™\šYHXXÚš\İX[Ù]Üˆ^ÛYH]œ›ÛHHX›XÈZ[‚˜\ÜÙ]Ëİ^\™\Ëİ^\™\×İÙX˜\ÜÚÙ[[Û‹ÜİZXİ[™KÛXZ[‹ÙXœ\ÜÙ]Ëİ^\™\Ëİ^\™\×İÙX˜\ÜÚÙ[[Û‹ÙXœLŒMÍ‹YXÍNYLNM˜NNLMLLLÌ˜ÌYŒÙÌXMŒNLŒXLXÙ™ŒML™YÙ˜MŒM›İXÛX\™Y˜[ÙK™\šYHXXÚš\İX[Ù]Üˆ^ÛYH]œ›ÛHHX›XÈZ[‚˜\ÜÙ]Ëİ^\™\Ëİ^\™\×İÙX˜\ÜÚÙ[[Û‹ÜİZXİ[™KÜÜš]K\Ú[Kœ™Ë\ÜÙ]Ëİ^\™\Ëİ^\™\×İÙX˜\ÜÚÙ[[Û‹œ™ËLL‹ØŒÙLÎXŒÌ˜YL˜™MMMŒ™XÙŒXM™LÎYMXØ™L˜™NYY™L˜ÙYLNY›İXÛX\™Y˜[ÙK™\šYHXXÚš\İX[Ù]Üˆ^ÛYH]œ›ÛHHX›XÈZ[‚˜\ÜÙ]Ëİ^\™\Ëİ^\™\×İÙX˜\ÜÚÙ[[Û‹ÜİZXİ[™KÜÜš]Kœ™Ë\ÜÙ]Ëİ^\™\Ëİ^\™\×İÙX˜\ÜÚÙ[[Û‹œ™ËLLË˜ÍŒM˜XLØÍXMMÍÌLXÍMLŒÙØX™ØXLMÍŒMMÍÎ˜MYXØYÙK›İXÛX\™Y˜[ÙK™\šYHXXÚš\İX[Ù]Üˆ^ÛYH]œ›ÛHHX›XÈZ[‚˜\ÜÙ]Ëİ^\™\Ëİ^\™\×İÙX˜\ÜÚÙ[[Û‹Üİ[™›Ü˜KÛXZ[‹\Ú[KÙXœ\ÜÙ]Ëİ^\™\Ëİ^\™\×İÙX˜\ÜÚÙ[[Û‹ÙXœMŒ‹ØÎ™ŒXØLLXXÙLÌÙLNMYŒYXÎMÎMNXØÍÌLLYY™MÍØÌŒŒL˜LØ‹›İXÛX\™Y˜[ÙK™\šYHXXÚš\İX[Ù]Üˆ^ÛYH]œ›ÛHHX›XÈZ[‚˜\ÜÙ]Ëİ^\™\Ëİ^\™\×İÙX˜\ÜÚÙ[[Û‹Üİ[™›Ü˜KÛXZ[‹ÙXœ\ÜÙ]Ëİ^\™\Ëİ^\™\×İÙX˜\ÜÚÙ[[Û‹ÙXœNÌ‹ÎLYØYMYL˜ÙLNLM™ŒÙNÍÌMÙMX˜™XNÍÍ™NÌXÍXØÍØM›İXÛX\™Y˜[ÙK™\šYHXXÚš\İX[Ù]Üˆ^ÛYH]œ›ÛHHX›XÈZ[‚˜\ÜÙ]Ëİ^\™\Ëİ^\™\×İÙX˜\ÜÚÙ[[Û‹Üİ[™›Ü˜KÜÜš]K\Ú[Kœ™Ë\ÜÙ]Ëİ^\™\Ëİ^\™\×İÙX˜\ÜÚÙ[[Û‹œ™ËËNŒ˜Ù˜ØXŒ™ÍMLLÍLYX™LŒÎYM™YLÌ™ÌÌÎMYMÌXÌNNK›İXÛX\™Y˜[ÙK™\šYHXXÚš\İX[Ù]Üˆ^ÛYH]œ›ÛHHX›XÈZ[‚˜\ÜÙ]Ëİ^\™\Ëİ^\™\×İÙX˜\ÜÚÙ[[Û‹Üİ[™›Ü˜KÜÜš]Kœ™Ë\ÜÙ]Ëİ^\™\Ëİ^\™\×İÙX˜\ÜÚÙ[[Û‹œ™Ë˜ŒŒÌ˜MÌY™˜ÎŒLMYXŒL™ŒLYYLLÌXØM™Ø™ÍÍMX˜ÌÌÌMË›İXÛX\™Y˜[ÙK™\šYHXXÚš\İX[Ù]Üˆ^ÛYH]œ›ÛHHX›XÈZ[‚˜\ÜÙ]Ëİ^\™\Ëİ^\™\×İÙX˜\ÜÚÙ[[Û‹Üİ[šÙ\›‹ÛXZ[‹\Ú[KÙXœ\ÜÙ]Ëİ^\™\Ëİ^\™\×İÙX˜\ÜÚÙ[[Û‹ÙXœLL‹NYYLŒÙŒØLYXMÙŒYYŒÍÍÙÍLØ™XÍLÍÍÙÌYÌ™˜ÙŒ‹›İXÛX\™Y˜[ÙK™\šYHXXÚš\İX[Ù]Üˆ^ÛYH]œ›ÛHHX›XÈZ[‚˜\ÜÙ]Ëİ^\™\Ëİ^\™\×İÙX˜\ÜÚÙ[[Û‹Üİ[šÙ\›‹ÛXZ[‹ÙXœ\ÜÙ]Ëİ^\™\Ëİ^\™\×İÙX˜\ÜÚÙ[[Û‹ÙXœLLYNNLMØNMÌYMÎX˜XÍNM˜ŒÙ˜˜LLXLNXXŒLŒØLØÍŒL˜ÎMÍØ‹›İXÛX\™Y˜[ÙK™\šYHXXÚš\İX[Ù]Üˆ^ÛYH]œ›ÛHHX›XÈZ[‚˜\ÜÙ]Ëİ^\™\Ëİ^\™\×İÙX˜\ÜÚÙ[[Û‹Üİ[šÙ\›‹ÜÜš]K\Ú[Kœ™Ë\ÜÙ]Ëİ^\™\Ëİ^\™\×İÙX˜\ÜÚÙ[[Û‹œ™ËÌMÍYML˜Ì˜ØXÍYYÍ™X™MÎX™NÎLØ™ØÍ˜MØÌÍXLXMLØMÎL›İXÛX\™Y˜[ÙK™\šYHXXÚš\İX[Ù]Üˆ^ÛYH]œ›ÛHHX›XÈZ[‚˜\ÜÙ]Ëİ^\™\Ëİ^\™\×İÙX˜\ÜÚÙ[[Û‹Üİ[šÙ\›‹ÜÜš]Kœ™Ë\ÜÙ]Ëİ^\™\Ëİ^\™\×İÙX˜\ÜÚÙ[[Û‹œ™ËKMŒY˜YŒ™XMMN™L™YXÎ˜ÍLÍØ˜˜ŒLLMYL™LÙYLYMÍN˜Y›İXÛX\™Y˜[ÙK™\šYHXXÚš\İX[Ù]Üˆ^ÛYH]œ›ÛHHX›XÈZ[‚˜\ÜÙ]Ëİ^\™\Ëİ^\™\×İÙX˜\ÜÚÙ[[Û‹Üİ[›KXØ\İ›Ü›KÛXZ[‹\Ú[KÙXœ\ÜÙ]Ëİ^\™\Ëİ^\™\×İÙX˜\ÜÚÙ[[Û‹ÙXœLÍÌNMÌX™LŒLN™ŒX˜YØØÙ˜™LMÙØLÎ™XYMYLXYŒŒÌÙÎ™ŒMØLL‹›İXÛX\™Y˜[ÙK™\šYHXXÚš\İX[Ù]Üˆ^ÛYH]œ›ÛHHX›XÈZ[‚˜\ÜÙ]Ëİ^\™\Ëİ^\™\×İÙX˜\ÜÚÙ[[Û‹Üİ[›KXØ\İ›Ü›KÛXZ[‹ÙXœ\ÜÙ]Ëİ^\™\Ëİ^\™\×İÙX˜\ÜÚÙ[[Û‹ÙXœLÌÌM™M™™™™™ŒXÍNYLNMŒX˜ÌMYÎLÍØNNYÌÍ˜ÌØ˜YLŒÌÌXÍØ˜ÙK›İXÛX\™Y˜[ÙK™\šYHXXÚš\İX[Ù]Üˆ^ÛYH]œ›ÛHHX›XÈZ[‚˜\ÜÙ]Ëİ^\™\Ëİ^\™\×İÙX˜\ÜÚÙ[[Û‹Üİ[›KXØ\İ›Ü›KÜÜš]K\Ú[Kœ™Ë\ÜÙ]Ëİ^\™\Ëİ^\™\×İÙX˜\ÜÚÙ[[Û‹œ™ËMÌËØÙXYŒÙ™Œ™˜NŒŒXNLØXÙ˜YÙMLNYŒÍ˜ŒÌY˜LŒYŒŒØÍY›İXÛX\™Y˜[ÙK™\šYHXXÚš\İX[Ù]Üˆ^ÛYH]œ›ÛHHX›XÈZ[‚˜\ÜÙ]Ëİ^\™\Ëİ^\™\×İÙX˜\ÜÚÙ[[Û‹Üİ[›KXØ\İ›Ü›KÜÜš]Kœ™Ë\ÜÙ]Ëİ^\™\Ëİ^\™\×İÙX˜\ÜÚÙ[[Û‹œ™ËLËLÍÌXØÍXÌLMX˜XÌØÎXX˜ÎNNLÙMÌMØØXÌ˜ÍÎXŒLŒL˜L™MK›İXÛX\™Y˜[ÙK™\šYHXXÚš\İX[Ù]Üˆ^ÛYH]œ›ÛHHX›XÈZ[‚˜\ÜÙ]Ëİ^\™\Ëİ^\™\×İÙX˜\ÜÚÙ[[Û‹Üİ\œÚÚ]ÛXZ[‹\Ú[KÙXœ\ÜÙ]Ëİ^\™\Ëİ^\™\×İÙX˜\ÜÚÙ[[Û‹ÙXœÌMÌ‹XØÍÎYÎMYY˜LMŒ™MXÙ™M˜YYÍŒXÌÌÌ˜ÌØLXÍÌŒÍÍLYXÌŒÌY˜L›İXÛX\™Y˜[ÙK™\šYHXXÚš\İX[Ù]Üˆ^ÛYH]œ›ÛHHX›XÈZ[‚˜\ÜÙ]Ëİ^\™\Ëİ^\™\×İÙX˜\ÜÚÙ[[Û‹Üİ\œÚÚ]ÛXZ[‹ÙXœ\ÜÙ]Ëİ^\™\Ëİ^\™\×İÙX˜\ÜÚÙ[[Û‹ÙXœÌÍÍ™ÙNLÌ™X˜™Ù™Ø™LÙXÍÌÍŒÌ™ŒÎNLÌMÙÙ™ÙÌØ˜X™MÌ›İXÛX\™Y˜[ÙK™\šYHXXÚš\İX[Ù]Üˆ^ÛYH]œ›ÛHHX›XÈZ[‚˜\ÜÙ]Ëİ^\™\Ëİ^\™\×İÙX˜\ÜÚÙ[[Û‹Üİ\œÚÚ]ÜÜš]K\Ú[Kœ™Ë\ÜÙ]Ëİ^\™\Ëİ^\™\×İÙX˜\ÜÚÙ[[Û‹œ™ËÎMNMÙXMŒØØXÙLXÍŒNÍÌ™LXXXY™LÌÌXX™ŒYØÍ˜ÎŒL‹›İXÛX\™Y˜[ÙK™\šYHXXÚš\İX[Ù]Üˆ^ÛYH]œ›ÛHHX›XÈZ[‚˜\ÜÙ]Ëİ^\™\Ëİ^\™\×İÙX˜\ÜÚÙ[[Û‹Üİ\œÚÚ]ÜÜš]Kœ™Ë\ÜÙ]Ëİ^\™\Ëİ^\™\×İÙX˜\ÜÚÙ[[Û‹œ™ËŒ‹Ù˜™ÎMYLŒ™˜ŒLMXMÍ™˜˜XM˜ÍÌLL˜ÌYÌÍÌÌØÙ˜ÍÍÙL™MÙLX‹›İXÛX\™Y˜[ÙK™\šYHXXÚš\İX[Ù]Üˆ^ÛYH]œ›ÛHHX›XÈZ[‚˜\ÜÙ]Ëİ^\™\Ëİ^\™\×İÙX˜\ÜÚÙ[[Û‹ÜİØX›KÛXZ[‹\Ú[KÙXœ\ÜÙ]Ëİ^\™\Ëİ^\™\×İÙX˜\ÜÚÙ[[Û‹ÙXœLÌÍÍ‹NXXÍL™YYMŒŒŒXÍML˜MÙÍŒØ˜MÌMMØÙ™ØMXM™M‹›İXÛX\™Y˜[ÙK™\šYHXXÚš\İX[Ù]Üˆ^ÛYH]œ›ÛHHX›XÈZ[‚˜\ÜÙ]Ëİ^\™\Ëİ^\™\×İÙX˜\ÜÚÙ[[Û‹ÜİØX›KÛXZ[‹ÙXœ\ÜÙ]Ëİ^\™\Ëİ^\™\×İÙX˜\ÜÚÙ[[Û‹ÙXœLMLL˜MLŒÌMŒÍÎLYMŒ™˜ÌLÙLLNNMØØY˜MÌXYYMÙLK›İXÛX\™Y˜[ÙK™\šYHXXÚš\İX[Ù]Üˆ^ÛYH]œ›ÛHHX›XÈZ[‚˜\ÜÙ]Ëİ^\™\Ëİ^\™\×İÙX˜\ÜÚÙ[[Û‹ÜİØX›KÜÜš]K\Ú[Kœ™Ë\ÜÙ]Ëİ^\™\Ëİ^\™\×İÙX˜\ÜÚÙ[[Û‹œ™ËŒÍËYX™YYNMÙŒM˜M™MŒMŒNN™YNYÌMŒLY›İXÛX\™Y˜[ÙK™\šYHXXÚš\İX[Ù]Üˆ^ÛYH]œ›ÛHHX›XÈZ[‚˜\ÜÙ]Ëİ^\™\Ëİ^\™\×İÙX˜\ÜÚÙ[[Û‹ÜİØX›KÜÜš]Kœ™Ë\ÜÙ]Ëİ^\™\Ëİ^\™\×İÙX˜\ÜÚÙ[[Û‹œ™ËŒÌË™M˜ÌX˜™M˜YNMØÍ˜XYØXYX˜LŒNY™M˜ØØÌÌNŒÌ˜MMÙŒK›İXÛX\™Y˜[ÙK™\šYHXXÚš\İX[Ù]Üˆ^ÛYH]œ›ÛHHX›XÈZ[‚˜\ÜÙ]Ëİ^\™\Ëİ^\™\×İÙX˜\ÜÚÙ[[Û‹ÜİØYÛÛ‹ÛXZ[‹\Ú[KÙXœ\ÜÙ]Ëİ^\™\Ëİ^\™\×İÙX˜\ÜÚÙ[[Û‹ÙXœŒLÍ‹ÍM™XM™X™˜LŒŒMŒØÙÌLL™ÙYM™˜XMLÍLXØLLLÍÙMLYMNK›İXÛX\™Y˜[ÙK™\šYHXXÚš\İX[Ù]Üˆ^ÛYH]œ›ÛHHX›XÈZ[‚˜\ÜÙ]Ëİ^\™\Ëİ^\™\×İÙX˜\ÜÚÙ[[Û‹ÜİØYÛÛ‹ÛXZ[‹ÙXœ\ÜÙ]Ëİ^\™\Ëİ^\™\×İÙX˜\ÜÚÙ[[Û‹ÙXœŒÎNMLMÙMÌMØ˜˜Í™ŒÌMÍÌ˜™YMNX™Í˜XLÍLYYYNYM™ŒLLK›İXÛX\™Y˜[ÙK™\šYHXXÚš\İX[Ù]Üˆ^ÛYH]œ›ÛHHX›XÈZ[‚˜\ÜÙ]Ëİ^\™\Ëİ^\™\×İÙX˜\ÜÚÙ[[Û‹ÜİØYÛÛ‹ÜÜš]K\Ú[Kœ™Ë\ÜÙ]Ëİ^\™\Ëİ^\™\×İÙX˜\ÜÚÙ[[Û‹œ™ËLÌË˜™ŒŒÙXÌYÍÙYX™ŒLÙ˜ÌÍNMLMÎLÙYYLXÙMÍÎ™LÎYŒØ‹›İXÛX\™Y˜[ÙK™\šYHXXÚš\İX[Ù]Üˆ^ÛYH]œ›ÛHHX›XÈZ[‚˜\ÜÙ]Ëİ^\™\Ëİ^\™\×İÙX˜\ÜÚÙ[[Û‹ÜİØYÛÛ‹ÜÜš]Kœ™Ë\ÜÙ]Ëİ^\™\Ëİ^\™\×İÙX˜\ÜÚÙ[[Û‹œ™ËLÌKØÌMLÌ™Í™XÌYŒØXÎÌN˜LLLŒÌLXÙŒØØÌXNLMMŒK›İXÛX\™Y˜[ÙK™\šYHXXÚš\İX[Ù]Üˆ^ÛYH]œ›ÛHHX›XÈZ[‚˜\ÜÙ]Ëİ^\™\Ëİ^\™\×İÙX˜\ÜÚÙ[[Û‹ÜİØ[İÛXZ[‹\Ú[KÙXœ\ÜÙ]Ëİ^\™\Ëİ^\™\×İÙX˜\ÜÚÙ[[Û‹ÙXœLÌMŒ‹ÍÍŒYØÍNLXMLNXÎYØÍY™ØÎXM™™™™˜XÍ™˜ŒMÌMYXMK›İXÛX\™Y˜[ÙK™\šYHXXÚš\İX[Ù]Üˆ^ÛYH]œ›ÛHHX›XÈZ[‚˜\ÜÙ]Ëİ^\™\Ëİ^\™\×İÙX˜\ÜÚÙ[[Û‹ÜİØ[İÛXZ[‹ÙXœ\ÜÙ]Ëİ^\™\Ëİ^\™\×İÙX˜\ÜÚÙ[[Û‹ÙXœLLÌ‹˜ÌÎXÎ˜™NLÙLMX˜ÙMMLÍÍŒMŒMÍŒ˜M™LÍXÌ˜LŒMXÌYMØŒŒM›İXÛX\™Y˜[ÙK™\šYHXXÚš\İX[Ù]Üˆ^ÛYH]œ›ÛHHX›XÈZ[‚˜\ÜÙ]Ëİ^\™\Ëİ^\™\×İÙX˜\ÜÚÙ[[Û‹ÜİØ[İÜÜš]K\Ú[Kœ™Ë\ÜÙ]Ëİ^\™\Ëİ^\™\×İÙX˜\ÜÚÙ[[Û‹œ™ËÎË˜ÍY™˜™˜ØŒŒM˜ÌÍŒØLMXX˜LÌXNÌLÌ˜ØÌ˜™LNÌÎLMYY˜Œ˜ÌŒK›İXÛX\™Y˜[ÙK™\šYHXXÚš\İX[Ù]Üˆ^ÛYH]œ›ÛHHX›XÈZ[‚˜\ÜÙ]Ëİ^\™\Ëİ^\™\×İÙX˜\ÜÚÙ[[Û‹ÜİØ[İÜÜš]Kœ™Ë\ÜÙ]Ëİ^\™\Ëİ^\™\×İÙX˜\ÜÚÙ[[Û‹œ™ËÎLK™NYXŒÙLNMMÌX˜Ù™Y˜˜NNY™˜Y™LØNL™MÍÙ˜ÎXŒYŒLYXÙYØ‹›İXÛX\™Y˜[ÙK™\šYHXXÚš\İX[Ù]Üˆ^ÛYH]œ›ÛHHX›XÈZ[‚˜\ÜÙ]Ëİ^\™\Ëİ^\™\×İÙX˜\ÜÚÙ[[Û‹ÜİØ[\\ÛXZ[‹\Ú[KÙXœ\ÜÙ]Ëİ^\™\Ëİ^\™\×İÙX˜\ÜÚÙ[[Û‹ÙXœÍMÎYÍÌØMÙ˜MÌLÍM™ŒNMÌØÍ˜ÍŒMÌLM˜ØMÍÌÍXYNÙXÍXÍ˜LÎY‹›İXÛX\™Y˜[ÙK™\šYHXXÚš\İX[Ù]Üˆ^ÛYH]œ›ÛHHX›XÈZ[‚˜\ÜÙ]Ëİ^\™\Ëİ^\™\×İÙX˜\ÜÚÙ[[Û‹ÜİØ[\\ÛXZ[‹ÙXœ\ÜÙ]Ëİ^\™\Ëİ^\™\×İÙX˜\ÜÚÙ[[Û‹ÙXœ‹Y™™™YNXXÌXXÎM™™˜Í˜MMLLØÎØÍÌ™X˜ÙM™Ì™ÌÌ™˜ŒÌLŒÎLL™›İXÛX\™Y˜[ÙK™\šYHXXÚš\İX[Ù]Üˆ^ÛYH]œ›ÛHHX›XÈZ[‚˜\ÜÙ]Ëİ^\™\Ëİ^\™\×İÙX˜\ÜÚÙ[[Û‹ÜİØ[\\ÜÜš]K\Ú[Kœ™Ë\ÜÙ]Ëİ^\™\Ëİ^\™\×İÙX˜\ÜÚÙ[[Û‹œ™ËLLÍ™˜XLXØÙŒŒLÌÌÌNX™˜YNØYMYLMMLLÙ˜ÌÍØŒ˜LŒÎLLLYNMLÙË›İXÛX\™Y˜[ÙK™\šYHXXÚš\İX[Ù]Üˆ^ÛYH]œ›ÛHHX›XÈZ[‚˜\ÜÙ]Ëİ^\™\Ëİ^\™\×İÙX˜\ÜÚÙ[[Û‹ÜİØ[\\ÜÜš]Kœ™Ë\ÜÙ]Ëİ^\™\Ëİ^\™\×İÙX˜\ÜÚÙ[[Û‹œ™ËLLÌK™™™˜Ì˜ÌXYXMYŒYÙŒ˜NLYLÙ˜NMÌXLÙY˜M™LYÍNXÍ‹›İXÛX\™Y˜[ÙK™\šYHXXÚš\İX[Ù]Üˆ^ÛYH]œ›ÛHHX›XÈZ[‚˜\ÜÙ]Ëİ^\™\Ëİ^\™\×İÙX˜\ÜÚÙ[[Û‹ÜİØ[›˜KÛXZ[‹\Ú[KÙXœ\ÜÙ]Ëİ^\™\Ëİ^\™\×İÙX˜\ÜÚÙ[[Û‹ÙXœMÎM‹MLMYMMŒ™LØ™NYM™Y™LÙ˜MÍŒLNXXÍMLLÙ˜ŒÍM˜Œ›İXÛX\™Y˜[ÙK™\šYHXXÚš\İX[Ù]Üˆ^ÛYH]œ›ÛHHX›XÈZ[‚˜\ÜÙ]Ëİ^\™\Ëİ^\™\×İÙX˜\ÜÚÙ[[Û‹ÜİØ[›˜KÛXZ[‹ÙXœ\ÜÙ]Ëİ^\™\Ëİ^\™\×İÙX˜\ÜÚÙ[[Û‹ÙXœÌLNYŒÎŒY˜NLÎXX˜ØÙ˜ÙYLMÍŒ˜ŒÍÍNMŒYŒMYYL™LÌYNMÎXÙL˜MÌË›İXÛX\™Y˜[ÙK™\šYHXXÚš\İX[Ù]Üˆ^ÛYH]œ›ÛHHX›XÈZ[‚˜\ÜÙ]Ëİ^\™\Ëİ^\™\×İÙX˜\ÜÚÙ[[Û‹ÜİØ[›˜KÜÜš]K\Ú[Kœ™Ë\ÜÙ]Ëİ^\™\Ëİ^\™\×İÙX˜\ÜÚÙ[[Û‹œ™ËÍY˜ŒÎMÍNMÎÍ˜YLŒŒŒÍYMLÎY˜Ù™NM˜ÍXÍÌŒÍYŒÎK›İXÛX\™Y˜[ÙK™\šYHXXÚš\İX[Ù]Üˆ^ÛYH]œ›ÛHHX›XÈZ[‚˜\ÜÙ]Ëİ^\™\Ëİ^\™\×İÙX˜\ÜÚÙ[[Û‹ÜİØ[›˜KÜÜš]Kœ™Ë\ÜÙ]Ëİ^\™\Ëİ^\™\×İÙX˜\ÜÚÙ[[Û‹œ™ËÍLKYÙØÍØXØØÍYŒÌLŒLŒLYLXYMÌNMŒÎLÎNÍÌØ˜ÌLÍMÍ‹›İXÛX\™Y˜[ÙK™\šYHXXÚš\İX[Ù]Üˆ^ÛYH]œ›ÛHHX›XÈZ[‚˜\ÜÙ]Ëİ^\™\Ëİ^\™\×İÙX˜\ÜÚÙ[[Û‹ÜİÙ[İËÛXZ[‹\Ú[KÙXœ\ÜÙ]Ëİ^\™\Ëİ^\™\×İÙX˜\ÜÚÙ[[Û‹ÙXœÌŒÌÌ‹NLYÍYŒÙLYMŒ˜LÙŒMLYŒÍNX˜MÙ™NYÍ˜ÙXXÌÎMYNMLMXÍ‹›İXÛX\™Y˜[ÙK™\šYHXXÚš\İX[Ù]Üˆ^ÛYH]œ›ÛHHX›XÈZ[‚˜\ÜÙ]Ëİ^\™\Ëİ^\™\×İÙX˜\ÜÚÙ[[Û‹ÜİÙ[İËÛXZ[‹ÙXœ\ÜÙ]Ëİ^\™\Ëİ^\™\×İÙX˜\ÜÚÙ[[Û‹ÙXœLÍNŒÙŒMLXØXÍÙLÎYXMXŒÎ˜™™YLL™™Y˜ÌØMMXMØMØÍ™MÌYYX‹›İXÛX\™Y˜[ÙK™\šYHXXÚš\İX[Ù]Üˆ^ÛYH]œ›ÛHHX›XÈZ[‚˜\ÜÙ]Ëİ^\™\Ëİ^\™\×İÙX˜\ÜÚÙ[[Û‹ÜİÙ[İËÜÜš]K\Ú[Kœ™Ë\ÜÙ]Ëİ^\™\Ëİ^\™\×İÙX˜\ÜÚÙ[[Û‹œ™ËÌËLNLÎLÌØ™™™MÌ˜ØŒÙLÍXMYŒÍ˜ÌŒNŒLÍ™Ù™›İXÛX\™Y˜[ÙK™\šYHXXÚš\İX[Ù]Üˆ^ÛYH]œ›ÛHHX›XÈZ[‚˜\ÜÙ]Ëİ^\™\Ëİ^\™\×İÙX˜\ÜÚÙ[[Û‹ÜİÙ[İËÜÜš]Kœ™Ë\ÜÙ]Ëİ^\™\Ëİ^\™\×İÙX˜\ÜÚÙ[[Û‹œ™ËÍMLÎMXÎŒMLÍMÍÌ˜ÙŒÌ™NŒLØÙÌLM˜XMÍMLÙØÌÎNÌÌË›İXÛX\™Y˜[ÙK™\šYHXXÚš\İX[Ù]Üˆ^ÛYH]œ›ÛHHX›XÈZ[‚˜\ÜÙ]Ëİ^\™\Ëİ^\™\×İÙX˜\ÜÚÙ[[Û‹ÜİÚ[X‹ÛXZ[‹\Ú[KÙXœ\ÜÙ]Ëİ^\™\Ëİ^\™\×İÙX˜\ÜÚÙ[[Û‹ÙXœMLM‹™YLÌLNLMXÍM™ŒXÌY™NMÙXYNX™ÍY™™™ÌM˜˜ÍYYNY‹›İXÛX\™Y˜[ÙK™\šYHXXÚš\İX[Ù]Üˆ^ÛYH]œ›ÛHHX›XÈZ[‚˜\ÜÙ]Ëİ^\™\Ëİ^\™\×İÙX˜\ÜÚÙ[[Û‹ÜİÚ[X‹ÛXZ[‹ÙXœ\ÜÙ]Ëİ^\™\Ëİ^\™\×İÙX˜\ÜÚÙ[[Û‹ÙXœÎXYLLMY™NØXYNYŒXMYÌŒ˜˜NØMXX˜ÎMÙXÌØYMYMYŒŒXØÌYY›İXÛX\™Y˜[ÙK™\šYHXXÚš\İX[Ù]Üˆ^ÛYH]œ›ÛHHX›XÈZ[‚˜\ÜÙ]Ëİ^\™\Ëİ^\™\×İÙX˜\ÜÚÙ[[Û‹ÜİÚ[X‹ÜÜš]K\Ú[Kœ™Ë\ÜÙ]Ëİ^\™\Ëİ^\™\×İÙX˜\ÜÚÙ[[Û‹œ™ËÍM‹LÙY˜™™L˜Í˜ÎYŒŒÍŒÍÌÌXÙXNMXMYLŒ˜L˜LÍML™XŒXÌÙLÌ‹›İXÛX\™Y˜[ÙK™\šYHXXÚš\İX[Ù]Üˆ^ÛYH]œ›ÛHHX›XÈZ[‚˜\ÜÙ]Ëİ^\™\Ëİ^\™\×İÙX˜\ÜÚÙ[[Û‹ÜİÚ[X‹ÜÜš]Kœ™Ë\ÜÙ]Ëİ^\™\Ëİ^\™\×İÙX˜\ÜÚÙ[[Û‹œ™ËÍM‹NX˜XÍØŒÍÍLYMLØÍÍÎLÍYXX˜Œ™NÙYÙX˜NMMMÌLÍXÌLNÙŒK›İXÛX\™Y˜[ÙK™\šYHXXÚš\İX[Ù]Üˆ^ÛYH]œ›ÛHHX›XÈZ[‚˜\ÜÙ]Ëİ^\™\Ëİ^\™\×İÙX˜\ÜÚÙ[[Û‹ÜİÚ\›^ÛXZ[‹\Ú[KÙXœ\ÜÙ]Ëİ^\™\Ëİ^\™\×İÙX˜\ÜÚÙ[[Û‹ÙXœNLÙ˜MŒÌYM™MØNLXXMÍÎ™ÍÙ™LØØXŒŒXÍÍMÌMMÙX˜XXÌÍYXNNK›İXÛX\™Y˜[ÙK™\šYHXXÚš\İX[Ù]Üˆ^ÛYH]œ›ÛHHX›XÈZ[‚˜\ÜÙ]Ëİ^\™\Ëİ^\™\×İÙX˜\ÜÚÙ[[Û‹ÜİÚ\›^ÛXZ[‹ÙXœ\ÜÙ]Ëİ^\™\Ëİ^\™\×İÙX˜\ÜÚÙ[[Û‹ÙXœMŒÌNL˜L™LLM™XXLY™™™˜X™LØÍYXÌŒÍŒ˜NMMŒNMÍY˜LLŒMLÍK›İXÛX\™Y˜[ÙK™\šYHXXÚš\İX[Ù]Üˆ^ÛYH]œ›ÛHHX›XÈZ[‚˜\ÜÙ]Ëİ^\™\Ëİ^\™\×İÙX˜\ÜÚÙ[[Û‹ÜİÚ\›^ÜÜš]K\Ú[Kœ™Ë\ÜÙ]Ëİ^\™\Ëİ^\™\×İÙX˜\ÜÚÙ[[Û‹œ™ËËÍÍYYŒLÙXŒØÎMÌYLŒMLÍMMÍÌÌŒLÌÌ™LÙMÌX™ÌŒLXXÎXË›İXÛX\™Y˜[ÙK™\šYHXXÚš\İX[Ù]Üˆ^ÛYH]œ›ÛHHX›XÈZ[‚˜\ÜÙ]Ëİ^\™\Ëİ^\™\×İÙX˜\ÜÚÙ[[Û‹ÜİÚ\›^ÜÜš]Kœ™Ë\ÜÙ]Ëİ^\™\Ëİ^\™\×İÙX˜\ÜÚÙ[[Û‹œ™ËËYLÍŒÎLØ˜XŒÍM™MMŒMŒMXMMÎÍØØMYŒLYMXŒ˜X™™XØÌK›İXÛX\™Y˜[ÙK™\šYHXXÚš\İX[Ù]Üˆ^ÛYH]œ›ÛHHX›XÈZ[‚˜\ÜÙ]Ëİ^\™\Ëİ^\™\×İÙX˜\ÜÚÙ[[Û‹ÜİÛÛØ˜]ÛXZ[‹\Ú[KÙXœ\ÜÙ]Ëİ^\™\Ëİ^\™\×İÙX˜\ÜÚÙ[[Û‹ÙXœLLLÙŒØMYXØ˜Y˜ŒX˜™LÌØ™ÎMNÎXY˜ÍØ˜LMÍ™ŒMŒŒYML™Ë›İXÛX\™Y˜[ÙK™\šYHXXÚš\İX[Ù]Üˆ^ÛYH]œ›ÛHHX›XÈZ[‚˜\ÜÙ]Ëİ^\™\Ëİ^\™\×İÙX˜\ÜÚÙ[[Û‹ÜİÛÛØ˜]ÛXZ[‹ÙXœ\ÜÙ]Ëİ^\™\Ëİ^\™\×İÙX˜\ÜÚÙ[[Û‹ÙXœŒYMLÎ˜MLŒÍY™XXNNNMM™ÌLÍXÎYLÍMNX˜NLÌLLNŒNLMMŒK›İXÛX\™Y˜[ÙK™\šYHXXÚš\İX[Ù]Üˆ^ÛYH]œ›ÛHHX›XÈZ[‚˜\ÜÙ]Ëİ^\™\Ëİ^\™\×İÙX˜\ÜÚÙ[[Û‹ÜİÛÛØ˜]ÜÜš]K\Ú[Kœ™Ë\ÜÙ]Ëİ^\™\Ëİ^\™\×İÙX˜\ÜÚÙ[[Û‹œ™ËMLKÍÍ™LØÍNÙL˜ÎXMYÌ˜ÌXÙLLÌ™ŒÙŒÎLØMLÍŒÍÎMØÎMXŒK›İXÛX\™Y˜[ÙK™\šYHXXÚš\İX[Ù]Üˆ^ÛYH]œ›ÛHHX›XÈZ[‚˜\ÜÙ]Ëİ^\™\Ëİ^\™\×İÙX˜\ÜÚÙ[[Û‹ÜİÛÛØ˜]ÜÜš]Kœ™Ë\ÜÙ]Ëİ^\™\Ëİ^\™\×İÙX˜\ÜÚÙ[[Û‹œ™ËMKYMYMMMLÌÌŒÌ™XŒ™ÎXX™Ù™ÌYNMŒÙ™˜X™˜M™˜ÌÌŒÌ™ØÌ‹›İXÛX\™Y˜[ÙK™\šYHXXÚš\İX[Ù]Üˆ^ÛYH]œ›ÛHHX›XÈZ[‚˜\ÜÙ]Ëİ^\™\Ëİ^\™\×İÙX˜\ÜÚÙ[[Û‹ÜŞ[™[Û‹ÛXZ[‹\Ú[KÙXœ\ÜÙ]Ëİ^\™\Ëİ^\™\×İÙX˜\ÜÚÙ[[Û‹ÙXœLYLÍ™XÌŒMŒÎØ™XÙ™XMLÙXLØÎXÍŒXLÍLL™™™N™Í™LŒYØ‹›İXÛX\™Y˜[ÙK™\šYHXXÚš\İX[Ù]Üˆ^ÛYH]œ›ÛHHX›XÈZ[‚˜\ÜÙ]Ëİ^\™\Ëİ^\™\×İÙX˜\ÜÚÙ[[Û‹ÜŞ[™[Û‹ÛXZ[‹ÙXœ\ÜÙ]Ëİ^\™\Ëİ^\™\×İÙX˜\ÜÚÙ[[Û‹ÙXœŒLÍ‹XÙ˜ÎX™MYMÙ™LM™ÌÍ˜™MLMÍMM˜XŒ™ŒÙ™XÌLÎÌ˜™LMŒ™X™K›İXÛX\™Y˜[ÙK™\šYHXXÚš\İX[Ù]Üˆ^ÛYH]œ›ÛHHX›XÈZ[‚˜\ÜÙ]Ëİ^\™\Ëİ^\™\×İÙX˜\ÜÚÙ[[Û‹ÜŞ[™[Û‹ÜÜš]K\Ú[Kœ™Ë\ÜÙ]Ëİ^\™\Ëİ^\™\×İÙX˜\ÜÚÙ[[Û‹œ™ËÎKLØŒXLÌMÙXÎÙ™YY™LLLŒ™LÌŒÌXMÌL˜ŒÍÙ™ŒMÙLÎK›İXÛX\™Y˜[ÙK™\šYHXXÚš\İX[Ù]Üˆ^ÛYH]œ›ÛHHX›XÈZ[‚˜\ÜÙ]Ëİ^\™\Ëİ^\™\×İÙX˜\ÜÚÙ[[Û‹ÜŞ[™[Û‹ÜÜš]Kœ™Ë\ÜÙ]Ëİ^\™\Ëİ^\™\×İÙX˜\ÜÚÙ[[Û‹œ™ËÎKX˜LØ˜MNY˜™LYLLXÎÍ˜ØØÙNLÌYXÌÙŒÍ˜MMŒŒMÌÎL˜Í˜YÍ›İXÛX\™Y˜[ÙK™\šYHXXÚš\İX[Ù]Üˆ^ÛYH]œ›ÛHHX›XÈZ[‚˜\ÜÙ]Ëİ^\™\Ëİ^\™\×İÙX˜\ÜÚÙ[[Û‹İY[‹ÛXZ[‹\Ú[KÙXœ\ÜÙ]Ëİ^\™\Ëİ^\™\×İÙX˜\ÜÚÙ[[Û‹ÙXœMNLY˜LŒLŒ˜™MÍØŒØ™™™ÙÎŒÍÌYXØÌLMXXÎŒÌMXÙLK›İXÛX\™Y˜[ÙK™\šYHXXÚš\İX[Ù]Üˆ^ÛYH]œ›ÛHHX›XÈZ[‚˜\ÜÙ]Ëİ^\™\Ëİ^\™\×İÙX˜\ÜÚÙ[[Û‹İY[‹ÛXZ[‹ÙXœ\ÜÙ]Ëİ^\™\Ëİ^\™\×İÙX˜\ÜÚÙ[[Û‹ÙXœÌÌL‹YY˜ØLYÍMLXÙMM˜˜ÎXÎYŒÙX™MÌXÌÙŒÍÌMXMŒ™Œ›İXÛX\™Y˜[ÙK™\šYHXXÚš\İX[Ù]Üˆ^ÛYH]œ›ÛHHX›XÈZ[‚˜\ÜÙ]Ëİ^\™\Ëİ^\™\×İÙX˜\ÜÚÙ[[Û‹İY[‹ÜÜš]K\Ú[Kœ™Ë\ÜÙ]Ëİ^\™\Ëİ^\™\×İÙX˜\ÜÚÙ[[Û‹œ™ËLMXÙ˜˜Œ˜NÌMØY™Y˜ÙNL˜ŒYM˜™ŒŒMÌL™NMÙŒÙÍÙNŒ˜ÌLÎLÍNXY›İXÛX\™Y˜[ÙK™\šYHXXÚš\İX[Ù]Üˆ^ÛYH]œ›ÛHHX›XÈZ[‚˜\ÜÙ]Ëİ^\™\Ëİ^\™\×İÙX˜\ÜÚÙ[[Û‹İY[‹ÜÜš]Kœ™Ë\ÜÙ]Ëİ^\™\Ëİ^\™\×İÙX˜\ÜÚÙ[[Û‹œ™ËLÍËMÎLXÌŒÙÌ˜LYŒLYYÍYMLMYXMÌNÎM™ÌŒXØÙŒ˜‹›İXÛX\™Y˜[ÙK™\šYHXXÚš\İX[Ù]Üˆ^ÛYH]œ›ÛHHX›XÈZ[‚˜\ÜÙ]Ëİ^\™\Ëİ^\™\×İÙX˜\ÜÚÙ[[Û‹İZ[İËÛXZ[‹\Ú[KÙXœ\ÜÙ]Ëİ^\™\Ëİ^\™\×İÙX˜\ÜÚÙ[[Û‹ÙXœMLY˜NÍ˜Y˜ÙMLLLŒ˜™ÍXÙ™ŒÙMÍYÙÙ˜˜LÙÌMX˜˜ÎMYŒN›İXÛX\™Y˜[ÙK™\šYHXXÚš\İX[Ù]Üˆ^ÛYH]œ›ÛHHX›XÈZ[‚˜\ÜÙ]Ëİ^\™\Ëİ^\™\×İÙX˜\ÜÚÙ[[Û‹İZ[İËÛXZ[‹ÙXœ\ÜÙ]Ëİ^\™\Ëİ^\™\×İÙX˜\ÜÚÙ[[Û‹ÙXœÎMÎY™™ÙXNLÌŒMXØ˜˜NMMLÍÌÌLÍÙMŒ˜ÍL˜ÌXÙXÍŒÎMÌŒML™‹›İXÛX\™Y˜[ÙK™\šYHXXÚš\İX[Ù]Üˆ^ÛYH]œ›ÛHHX›XÈZ[‚˜\ÜÙ]Ëİ^\™\Ëİ^\™\×İÙX˜\ÜÚÙ[[Û‹İZ[İËÜÜš]K\Ú[Kœ™Ë\ÜÙ]Ëİ^\™\Ëİ^\™\×İÙX˜\ÜÚÙ[[Û‹œ™ËMŒ‹™MYŒNL™YMMXXÌÍYŒMMMXMLÌÙXØ™LØŒŒYÌØLÌNLÍÙÌË›İXÛX\™Y˜[ÙK™\šYHXXÚš\İX[Ù]Üˆ^ÛYH]œ›ÛHHX›XÈZ[‚˜\ÜÙ]Ëİ^\™\Ëİ^\™\×İÙX˜\ÜÚÙ[[Û‹İZ[İËÜÜš]Kœ™Ë\ÜÙ]Ëİ^\™\Ëİ^\™\×İÙX˜\ÜÚÙ[[Û‹œ™ËMŒKNNMLNMN™MÙYYÍ™ŒMØ™ŒLØÌÍÌ™NLMÎXÌ˜ÌLØŒØ™XNMÍÎŒ‹›İXÛX\™Y˜[ÙK™\šYHXXÚš\İX[Ù]Üˆ^ÛYH]œ›ÛHHX›XÈZ[‚˜\ÜÙ]Ëİ^\™\Ëİ^\™\×İÙX˜\ÜÚÙ[[Û‹İ[Û™›[YKÛXZ[‹\Ú[KÙXœ\ÜÙ]Ëİ^\™\Ëİ^\™\×İÙX˜\ÜÚÙ[[Û‹ÙXœLÍLÌ™LÍŒÍYXXŒÎNLÍÙ˜MLNLLÙLYŒØNXÌÌLŒÎXYLŒÌYŒØ™ÌYY‹›İXÛX\™Y˜[ÙK™\šYHXXÚš\İX[Ù]Üˆ^ÛYH]œ›ÛHHX›XÈZ[‚˜\ÜÙ]Ëİ^\™\Ëİ^\™\×İÙX˜\ÜÚÙ[[Û‹İ[Û™›[YKÛXZ[‹ÙXœ\ÜÙ]Ëİ^\™\Ëİ^\™\×İÙX˜\ÜÚÙ[[Û‹ÙXœNÍÌ‹LNNX˜ÎÍÍÙLÍÍÍØ™ŒŒXÌØ™ŒŒÎÙXØÍMÙY™YÍMYŒ™LÎYK›İXÛX\™Y˜[ÙK™\šYHXXÚš\İX[Ù]Üˆ^ÛYH]œ›ÛHHX›XÈZ[‚˜\ÜÙ]Ëİ^\™\Ëİ^\™\×İÙX˜\ÜÚÙ[[Û‹İ[Û™›[YKÜÜš]K\Ú[Kœ™Ë\ÜÙ]Ëİ^\™\Ëİ^\™\×İÙX˜\ÜÚÙ[[Û‹œ™ËNL‹YŒ˜ÌNMÌLXŒØLNM™XN˜™YLÙYÎMÙ˜Œ™NNYLÌØMØMØÍLLLÙŒÍ‹›İXÛX\™Y˜[ÙK™\šYHXXÚš\İX[Ù]Üˆ^ÛYH]œ›ÛHHX›XÈZ[‚˜\ÜÙ]Ëİ^\™\Ëİ^\™\×İÙX˜\ÜÚÙ[[Û‹İ[Û™›[YKÜÜš]Kœ™Ë\ÜÙ]Ëİ^\™\Ëİ^\™\×İÙX˜\ÜÚÙ[[Û‹œ™ËNL‹ŒLØÍMÍMLMYMÙYŒ™ÙØNŒNXÙ˜N™ŒÌÌÎNLXÙ™X˜ÌY™XÎX˜YM™K›İXÛX\™Y˜[ÙK™\šYHXXÚš\İX[Ù]Üˆ^ÛYH]œ›ÛHHX›XÈZ[‚˜\ÜÙ]Ëİ^\™\Ëİ^\™\×İÙX˜\ÜÚÙ[[Û‹İ[™[X]\ËÛXZ[‹\Ú[KÙXœ\ÜÙ]Ëİ^\™\Ëİ^\™\×İÙX˜\ÜÚÙ[[Û‹ÙXœÎ‹ŒMŒX™YŒÎMMÌXÍMÍXØØŒYMŒYŒLMŒ˜ÌÌLLØXŒŒØ™ŒLXØŒ˜˜™K›İXÛX\™Y˜[ÙK™\šYHXXÚš\İX[Ù]Üˆ^ÛYH]œ›ÛHHX›XÈZ[‚˜\ÜÙ]Ëİ^\™\Ëİ^\™\×İÙX˜\ÜÚÙ[[Û‹İ[™[X]\ËÛXZ[‹ÙXœ\ÜÙ]Ëİ^\™\Ëİ^\™\×İÙX˜\ÜÚÙ[[Û‹ÙXœÎM‹Y˜Œ™LXØMÍYNŒN˜ŒM™M™NM˜NLYLÍLNYXÎLÌ™™™˜Í˜ŒYMXLË›İXÛX\™Y˜[ÙK™\šYHXXÚš\İX[Ù]Üˆ^ÛYH]œ›ÛHHX›XÈZ[‚˜\ÜÙ]Ëİ^\™\Ëİ^\™\×İÙX˜\ÜÚÙ[[Û‹İ[™[X]\ËÜÜš]K\Ú[Kœ™Ë\ÜÙ]Ëİ^\™\Ëİ^\™\×İÙX˜\ÜÚÙ[[Û‹œ™ËŒ‹NMÌYŒNXYM™XÎÎXÙX™MÌ™ŒØ™Ø˜™™XÌŒÍ™LLÌ˜˜K›İXÛX\™Y˜[ÙK™\šYHXXÚš\İX[Ù]Üˆ^ÛYH]œ›ÛHHX›XÈZ[‚˜\ÜÙ]Ëİ^\™\Ëİ^\™\×İÙX˜\ÜÚÙ[[Û‹İ[™[X]\ËÜÜš]KÙXœ\ÜÙ]Ëİ^\™\Ëİ^\™\×İÙX˜\ÜÚÙ[[Û‹ÙXœMXØÙLXØ™LÎNX˜™XXLXÎM™™MXÌÍ™MÍXÌØØLÌYMMLNLØ˜ŒÌLÎX‹›İXÛX\™Y˜[ÙK™\šYHXXÚš\İX[Ù]Üˆ^ÛYH]œ›ÛHHX›XÈZ[‚˜\ÜÙ]Ëİ^\™\Ëİ^\™\×İÙX˜\ÜÚÙ[[Û‹İ[™Ù[KÛXZ[‹\Ú[KÙXœ\ÜÙ]Ëİ^\™\Ëİ^\™\×İÙX˜\ÜÚÙ[[Û‹ÙXœLŒÌÍÙNNN˜MLMYÍÎYŒÙLM™™MÎNXLÍ˜™ÍM™ÎØÌÙXYŒK›İXÛX\™Y˜[ÙK™\šYHXXÚš\İX[Ù]Üˆ^ÛYH]œ›ÛHHX›XÈZ[‚˜\ÜÙ]Ëİ^\™\Ëİ^\™\×İÙX˜\ÜÚÙ[[Û‹İ[™Ù[KÛXZ[‹ÙXœ\ÜÙ]Ëİ^\™\Ëİ^\™\×İÙX˜\ÜÚÙ[[Û‹ÙXœLÎLLÍ‹˜XÍX˜ÙLMYYXŒÌØ˜˜MY˜Î™™Œ˜NM˜YXNM™NXYNLLÌ™XÌŒ˜ÙLXÌY›İXÛX\™Y˜[ÙK™\šYHXXÚš\İX[Ù]Üˆ^ÛYH]œ›ÛHHX›XÈZ[‚˜\ÜÙ]Ëİ^\™\Ëİ^\™\×İÙX˜\ÜÚÙ[[Û‹İ[™Ù[KÜÜš]K\Ú[Kœ™Ë\ÜÙ]Ëİ^\™\Ëİ^\™\×İÙX˜\ÜÚÙ[[Û‹œ™ËK˜ÌØŒÙÙMLNNXYX™NÍNXXÍYXXNNNYÌÙ˜˜ÍŒLÎLYÌX˜›İXÛX\™Y˜[ÙK™\šYHXXÚš\İX[Ù]Üˆ^ÛYH]œ›ÛHHX›XÈZ[‚˜\ÜÙ]Ëİ^\™\Ëİ^\™\×İÙX˜\ÜÚÙ[[Û‹İ[™Ù[KÜÜš]Kœ™Ë\ÜÙ]Ëİ^\™\Ëİ^\™\×İÙX˜\ÜÚÙ[[Û‹œ™ËKMYŒØØ˜ÍŒLŒLL˜XY™™MLLŒÌÌMNYMÙMNÌLXŒŒÙŒÍ›İXÛX\™Y˜[ÙK™\šYHXXÚš\İX[Ù]Üˆ^ÛYH]œ›ÛHHX›XÈZ[‚˜\ÜÙ]Ëİ^\™\Ëİ^\™\×İÙX˜\ÜÚÙ[[Û‹İ[™Ü›İİÛXZ[‹\Ú[KÙXœ\ÜÙ]Ëİ^\™\Ëİ^\™\×İÙX˜\ÜÚÙ[[Û‹ÙXœLŒÍ‹ÎLXŒÍNNYŒÍÌÌÙ™ÍY˜™NYŒNMXŒŒ™LLÍ™ÍØÍÎL™L™Ë›İXÛX\™Y˜[ÙK™\šYHXXÚš\İX[Ù]Üˆ^ÛYH]œ›ÛHHX›XÈZ[‚˜\ÜÙ]Ëİ^\™\Ëİ^\™\×İÙX˜\ÜÚÙ[[Û‹İ[™Ü›İİÛXZ[‹ÙXœ\ÜÙ]Ëİ^\™\Ëİ^\™\×İÙX˜\ÜÚÙ[[Û‹ÙXœLL˜™MŒNLXLØŒØMŒŒÍYŒÍÍÍMLŒŒÍÙŒNXŒŒÌMLLMØY˜ŒN™N˜ÍË›İXÛX\™Y˜[ÙK™\šYHXXÚš\İX[Ù]Üˆ^ÛYH]œ›ÛHHX›XÈZ[‚˜\ÜÙ]Ëİ^\™\Ëİ^\™\×İÙX˜\ÜÚÙ[[Û‹İ[™Ü›İİÜÜš]K\Ú[Kœ™Ë\ÜÙ]Ëİ^\™\Ëİ^\™\×İÙX˜\ÜÚÙ[[Û‹œ™ËLŒÎÍLÌÍNNLLMLÌÍÌŒM™Y™™YŒXØMÙ™ŒÌ™LÍN™MÌÌÍØNLÍL›İXÛX\™Y˜[ÙK™\šYHXXÚš\İX[Ù]Üˆ^ÛYH]œ›ÛHHX›XÈZ[‚˜\ÜÙ]Ëİ^\™\Ëİ^\™\×İÙX˜\ÜÚÙ[[Û‹İ[™Ü›İİÜÜš]Kœ™Ë\ÜÙ]Ëİ^\™\Ëİ^\™\×İÙX˜\ÜÚÙ[[Û‹œ™ËLNYXÙXŒYYÌYŒLYL™XÙY˜LÙØNXŒLLÌNNYLÙNÍMÎMØN›İXÛX\™Y˜[ÙK™\šYHXXÚš\İX[Ù]Üˆ^ÛYH]œ›ÛHHX›XÈZ[‚˜\ÜÙ]Ëİ^\™\Ëİ^\™\×İÙX˜\ÜÚÙ[[Û‹İ\KX[KÛXZ[‹\Ú[KÙXœ\ÜÙ]Ëİ^\™\Ëİ^\™\×İÙX˜\ÜÚÙ[[Û‹ÙXœMÌM™LÎNXŒLYXÙŒŒM™MYŒØÍX™ŒY™ŒÎÙYLÙMMŒLM˜˜ÙXMN›İXÛX\™Y˜[ÙK™\šYHXXÚš\İX[Ù]Üˆ^ÛYH]œ›ÛHHX›XÈZ[‚˜\ÜÙ]Ëİ^\™\Ëİ^\™\×İÙX˜\ÜÚÙ[[Û‹İ\KX[KÛXZ[‹ÙXœ\ÜÙ]Ëİ^\™\Ëİ^\™\×İÙX˜\ÜÚÙ[[Û‹ÙXœÌÌÍM‹NÎ™MÎØ™L˜ÌÎ™MX™LLMŒMŒ™Í™LXÎYM˜ŒÙÍLMXYK›İXÛX\™Y˜[ÙK™\šYHXXÚš\İX[Ù]Üˆ^ÛYH]œ›ÛHHX›XÈZ[‚˜\ÜÙ]Ëİ^\™\Ëİ^\™\×İÙX˜\ÜÚÙ[[Û‹İ\KX[KÜÜš]K\Ú[Kœ™Ë\ÜÙ]Ëİ^\™\Ëİ^\™\×İÙX˜\ÜÚÙ[[Û‹œ™ËMÎKYLÙŒLÌÎÙLØÙLLMÍ˜Í™LØMÎMÍLMÎMMYÌLYXXLÌ˜ØNÎ‹›İXÛX\™Y˜[ÙK™\šYHXXÚš\İX[Ù]Üˆ^ÛYH]œ›ÛHHX›XÈZ[‚˜\ÜÙ]Ëİ^\™\Ëİ^\™\×İÙX˜\ÜÚÙ[[Û‹İ\KX[KÜÜš]Kœ™Ë\ÜÙ]Ëİ^\™\Ëİ^\™\×İÙX˜\ÜÚÙ[[Û‹œ™ËMÎKÌXLØML˜ÙLØØÌÌÙMÌMÍŒLXÙYÍ˜ÍÌYÍÍØM˜L™˜ŒØNLM™Œ‹›İXÛX\™Y˜[ÙK™\šYHXXÚš\İX[Ù]Üˆ^ÛYH]œ›ÛHHX›XÈZ[‚˜\ÜÙ]Ëİ^\™\Ëİ^\™\×İÙX˜\ÜÚÙ[[Û‹İ\KYš[šKÛXZ[‹\Ú[KÙXœ\ÜÙ]Ëİ^\™\Ëİ^\™\×İÙX˜\ÜÚÙ[[Û‹ÙXœLÍ‹NMYÙŒMXÌX˜YYMMLLØNLXŒØ˜Ì™M™XØØÎM™XYŒÌLNY˜ŒÙLLÍLK›İXÛX\™Y˜[ÙK™\šYHXXÚš\İX[Ù]Üˆ^ÛYH]œ›ÛHHX›XÈZ[‚˜\ÜÙ]Ëİ^\™\Ëİ^\™\×İÙX˜\ÜÚÙ[[Û‹İ\KYš[šKÛXZ[‹ÙXœ\ÜÙ]Ëİ^\™\Ëİ^\™\×İÙX˜\ÜÚÙ[[Û‹ÙXœÎNMÌ˜Œ˜L˜NY™ÍÎXLMÙYNLÍÙÎXÙXÍ˜™ÙNNÌÌXÌMŒLÙYÎNØ‹›İXÛX\™Y˜[ÙK™\šYHXXÚš\İX[Ù]Üˆ^ÛYH]œ›ÛHHX›XÈZ[‚˜\ÜÙ]Ëİ^\™\Ëİ^\™\×İÙX˜\ÜÚÙ[[Û‹İ\KYš[šKÜÜš]K\Ú[Kœ™Ë\ÜÙ]Ëİ^\™\Ëİ^\™\×İÙX˜\ÜÚÙ[[Û‹œ™ËŒËØLÎMÍYLXLYXXŒM™™™ÙXYXL˜MŒLÍL™Y˜XLNÌLÍ‹›İXÛX\™Y˜[ÙK™\šYHXXÚš\İX[Ù]Üˆ^ÛYH]œ›ÛHHX›XÈZ[‚˜\ÜÙ]Ëİ^\™\Ëİ^\™\×İÙX˜\ÜÚÙ[[Û‹İ\KYš[šKÜÜš]Kœ™Ë\ÜÙ]Ëİ^\™\Ëİ^\™\×İÙX˜\ÜÚÙ[[Û‹œ™ËŒËNÎ™ÍÍNLÌÙ˜ÎL˜LMÌLŒŒØMNYÎLØÍXÌÌÙMYLŒXM›İXÛX\™Y˜[ÙK™\šYHXXÚš\İX[Ù]Üˆ^ÛYH]œ›ÛHHX›XÈZ[‚˜\ÜÙ]Ëİ^\™\Ëİ^\™\×İÙX˜\ÜÚÙ[[Û‹İ\KZÛÚÛËÛXZ[‹\Ú[KÙXœ\ÜÙ]Ëİ^\™\Ëİ^\™\×İÙX˜\ÜÚÙ[[Û‹ÙXœMLYYÍÎLLŒMÙŒM™NY˜XLXÍÍLÌLLLNÍÌÎÙXÌX˜ŒMK›İXÛX\™Y˜[ÙK™\šYHXXÚš\İX[Ù]Üˆ^ÛYH]œ›ÛHHX›XÈZ[‚˜\ÜÙ]Ëİ^\™\Ëİ^\™\×İÙX˜\ÜÚÙ[[Û‹İ\KZÛÚÛËÛXZ[‹ÙXœ\ÜÙ]Ëİ^\™\Ëİ^\™\×İÙX˜\ÜÚÙ[[Û‹ÙXœMX™ML™ŒÌÌ™™˜LÍXNMYMYYX˜ÍŒÙÙYLØNLLYYNNYL˜ÎYNXYNÌ›İXÛX\™Y˜[ÙK™\šYHXXÚš\İX[Ù]Üˆ^ÛYH]œ›ÛHHX›XÈZ[‚˜\ÜÙ]Ëİ^\™\Ëİ^\™\×İÙX˜\ÜÚÙ[[Û‹İ\KZÛÚÛËÜÜš]K\Ú[Kœ™Ë\ÜÙ]Ëİ^\™\Ëİ^\™\×İÙX˜\ÜÚÙ[[Û‹œ™ËLMØÍXLŒÙ˜Ø™ŒÌMY˜ŒLÌŒ™ÙÌ˜ÌXLMMØŒMMYML˜Í™˜ÎY™ÙÍXÌË›İXÛX\™Y˜[ÙK™\šYHXXÚš\İX[Ù]Üˆ^ÛYH]œ›ÛHHX›XÈZ[‚˜\ÜÙ]Ëİ^\™\Ëİ^\™\×İÙX˜\ÜÚÙ[[Û‹İ\KZÛÚÛËÜÜš]Kœ™Ë\ÜÙ]Ëİ^\™\Ëİ^\™\×İÙX˜\ÜÚÙ[[Û‹œ™ËLMÍ™YXXXXØ˜YMLMÍYLÍ™ÍYMYXXÌYŒŒMÍŒÌÙM˜MŒ™ÍÙ‹›İXÛX\™Y˜[ÙK™\šYHXXÚš\İX[Ù]Üˆ^ÛYH]œ›ÛHHX›XÈZ[‚˜\ÜÙ]Ëİ^\™\Ëİ^\™\×İÙX˜\ÜÚÙ[[Û‹İ\K[[KÛXZ[‹\Ú[KÙXœ\ÜÙ]Ëİ^\™\Ëİ^\™\×İÙX˜\ÜÚÙ[[Û‹ÙXœÌÍXLY™ŒYXÎXN™XY˜Ù™LMLYLØ˜XØN™LŒŒXÍYŒÌÙYŒÍ˜‹›İXÛX\™Y˜[ÙK™\šYHXXÚš\İX[Ù]Üˆ^ÛYH]œ›ÛHHX›XÈZ[‚˜\ÜÙ]Ëİ^\™\Ëİ^\™\×İÙX˜\ÜÚÙ[[Û‹İ\K[[KÛXZ[‹ÙXœ\ÜÙ]Ëİ^\™\Ëİ^\™\×İÙX˜\ÜÚÙ[[Û‹ÙXœLXL™LNX˜ØXÌÌ˜ÍØLL˜ŒMŒÙLMÌ˜M˜XLXÍLÍÙYLLMLÙLYŒ™K›İXÛX\™Y˜[ÙK™\šYHXXÚš\İX[Ù]Üˆ^ÛYH]œ›ÛHHX›XÈZ[‚˜\ÜÙ]Ëİ^\™\Ëİ^\™\×İÙX˜\ÜÚÙ[[Û‹İ\K[[KÜÜš]K\Ú[Kœ™Ë\ÜÙ]Ëİ^\™\Ëİ^\™\×İÙX˜\ÜÚÙ[[Û‹œ™ËÍŒKØÌŒNNY™NM˜ÍŒÎMXNNLÙLM˜MŒNÙXÙYŒNNYYYÙÎ›İXÛX\™Y˜[ÙK™\šYHXXÚš\İX[Ù]Üˆ^ÛYH]œ›ÛHHX›XÈZ[‚˜\ÜÙ]Ëİ^\™\Ëİ^\™\×İÙX˜\ÜÚÙ[[Û‹İ\K[[KÜÜš]Kœ™Ë\ÜÙ]Ëİ^\™\Ëİ^\™\×İÙX˜\ÜÚÙ[[Û‹œ™ËÍŒK˜M˜NX™NYXÌØNÎXMØNNMNÎÍML™LÍÌYŒÌ˜ÍM˜YNM˜Í‹›İXÛX\™Y˜[ÙK™\šYHXXÚš\İX[Ù]Üˆ^ÛYH]œ›ÛHHX›XÈZ[‚˜\ÜÙ]Ëİ^\™\Ëİ^\™\×İÙX˜\ÜÚÙ[[Û‹İ\›İ[[KÛXZ[‹\Ú[KÙXœ\ÜÙ]Ëİ^\™\Ëİ^\™\×İÙX˜\ÜÚÙ[[Û‹ÙXœÌÎ˜ÌÍ˜Œ™˜ÍÎNXÙNNL™˜LX˜XX˜Ì˜MMÎL™™ÍÙMØLMLÌXØÍMMÎÌMË›İXÛX\™Y˜[ÙK™\šYHXXÚš\İX[Ù]Üˆ^ÛYH]œ›ÛHHX›XÈZ[‚˜\ÜÙ]Ëİ^\™\Ëİ^\™\×İÙX˜\ÜÚÙ[[Û‹İ\›İ[[KÛXZ[‹ÙXœ\ÜÙ]Ëİ^\™\Ëİ^\™\×İÙX˜\ÜÚÙ[[Û‹ÙXœŒÍ‹ÎLL™LŒŒNLYXL™MÍ™LNLYØ™ÙLŒŒÎØLMÙ™MŒØMÌÍLÍ™YNŒË›İXÛX\™Y˜[ÙK™\šYHXXÚš\İX[Ù]Üˆ^ÛYH]œ›ÛHHX›XÈZ[‚˜\ÜÙ]Ëİ^\™\Ëİ^\™\×İÙX˜\ÜÚÙ[[Û‹İ\›İ[[KÜÜš]K\Ú[Kœ™Ë\ÜÙ]Ëİ^\™\Ëİ^\™\×İÙX˜\ÜÚÙ[[Û‹œ™ËNNLKÍÙØLÍY™LMÍÍØMŒÍ™™Y˜MYM˜NMYLYLMŒ™XÌ™K›İXÛX\™Y˜[ÙK™\šYHXXÚš\İX[Ù]Üˆ^ÛYH]œ›ÛHHX›XÈZ[‚˜\ÜÙ]Ëİ^\™\Ëİ^\™\×İÙX˜\ÜÚÙ[[Û‹İ\›İ[[KÜÜš]Kœ™Ë\ÜÙ]Ëİ^\™\Ëİ^\™\×İÙX˜\ÜÚÙ[[Û‹œ™ËNLÎKNNLŒÙLÙ˜ŒÙ˜ØXÍÎÙŒØØXŒÙLŒÙXÌ™™™Œ˜ŒLYÍÌÍŒ™LŒË›İXÛX\™Y˜[ÙK™\šYHXXÚš\İX[Ù]Üˆ^ÛYH]œ›ÛHHX›XÈZ[‚˜\ÜÙ]Ëİ^\™\Ëİ^\™\×İÙX˜\ÜÚÙ[[Û‹İ]İYÚ\šKÛXZ[‹\Ú[KÙXœ\ÜÙ]Ëİ^\™\Ëİ^\™\×İÙX˜\ÜÚÙ[[Û‹ÙXœLÌXXÍÙŒÍYYŒŒÌØŒØÍXMNX™™MMÙMMØ™™YŒÙYÙŒØYMØX˜Ë›İXÛX\™Y˜[ÙK™\šYHXXÚš\İX[Ù]Üˆ^ÛYH]œ›ÛHHX›XÈZ[‚˜\ÜÙ]Ëİ^\™\Ëİ^\™\×İÙX˜\ÜÚÙ[[Û‹İ]İYÚ\šKÛXZ[‹ÙXœ\ÜÙ]Ëİ^\™\Ëİ^\™\×İÙX˜\ÜÚÙ[[Û‹ÙXœÍÌÙNMMN˜ÍŒMÎŒÍLLX™LYÌŒMÍLØŒMÎMMLLMNYXÙŒMØË›İXÛX\™Y˜[ÙK™\šYHXXÚš\İX[Ù]Üˆ^ÛYH]œ›ÛHHX›XÈZ[‚˜\ÜÙ]Ëİ^\™\Ëİ^\™\×İÙX˜\ÜÚÙ[[Û‹İ]İYÚ\šKÜÜš]K\Ú[Kœ™Ë\ÜÙ]Ëİ^\™\Ëİ^\™\×İÙX˜\ÜÚÙ[[Û‹œ™ËLL‹ÍÌÌXÎXØLÍLNM˜NXÍXXÙYLÍLÌŒ˜M˜MLMŒ˜ÙLNØLÌ‹›İXÛX\™Y˜[ÙK™\šYHXXÚš\İX[Ù]Üˆ^ÛYH]œ›ÛHHX›XÈZ[‚˜\ÜÙ]Ëİ^\™\Ëİ^\™\×İÙX˜\ÜÚÙ[[Û‹İ]İYÚ\šKÜÜš]Kœ™Ë\ÜÙ]Ëİ^\™\Ëİ^\™\×İÙX˜\ÜÚÙ[[Û‹œ™ËLLË™LÌØLÍMØYY˜XNMÌÌYÌØŒŒÙ˜ÌŒMÙ˜Ø˜Ì™™XÍŒ™X˜Ë›İXÛX\™Y˜[ÙK™\šYHXXÚš\İX[Ù]Üˆ^ÛYH]œ›ÛHHX›XÈZ[‚˜\ÜÙ]Ëİ^\™\Ëİ^\™\×İÙX˜\ÜÚÙ[[Û‹İ]\›ÜË\[XKX\]XKXœ™YYÛXZ[‹\Ú[KÙXœ\ÜÙ]Ëİ^\™\Ëİ^\™\×İÙX˜\ÜÚÙ[[Û‹ÙXœLÌ‹MÙLLMÙŒXNLÌMXMÌØ˜ŒØYÍŒLNYLLÌX˜YÍÌ™ŒÎLM™ÌK›İXÛX\™Y˜[ÙK™\šYHXXÚš\İX[Ù]Üˆ^ÛYH]œ›ÛHHX›XÈZ[‚˜\ÜÙ]Ëİ^\™\Ëİ^\™\×İÙX˜\ÜÚÙ[[Û‹İ]\›ÜË\[XKX\]XKXœ™YYÛXZ[‹ÙXœ\ÜÙ]Ëİ^\™\Ëİ^\™\×İÙX˜\ÜÚÙ[[Û‹ÙXœNÎMÍLÌYÌÙØXNNLMÌŒXXXÍNL™Ø˜LLŒYŒŒNÙYYLÙ˜LŒMÌÙ›İXÛX\™Y˜[ÙK™\šYHXXÚš\İX[Ù]Üˆ^ÛYH]œ›ÛHHX›XÈZ[‚˜\ÜÙ]Ëİ^\™\Ëİ^\™\×İÙX˜\ÜÚÙ[[Û‹İ]\›ÜË\[XKX\]XKXœ™YYÜÜš]K\Ú[Kœ™Ë\ÜÙ]Ëİ^\™\Ëİ^\™\×İÙX˜\ÜÚÙ[[Û‹œ™ËMMËY™™XØM™M™˜™M˜ÙŒ™XŒXÙŒMY˜ÍÍÎYL˜Y˜Œ˜MX™XŒM™LL˜ÌMË›İXÛX\™Y˜[ÙK™\šYHXXÚš\İX[Ù]Üˆ^ÛYH]œ›ÛHHX›XÈZ[‚˜\ÜÙ]Ëİ^\™\Ëİ^\™\×İÙX˜\ÜÚÙ[[Û‹İ]\›ÜË\[XKX\]XKXœ™YYÜÜš]Kœ™Ë\ÜÙ]Ëİ^\™\Ëİ^\™\×İÙX˜\ÜÚÙ[[Û‹œ™ËLÌKØLÌ˜YYXØÌØŒX™MŒM˜MÍŒLÙŒXÙ˜˜M˜YXM™YLÍMŒÌM™ŒŒØMÌÌMLÍË›İXÛX\™Y˜[ÙK™\šYHXXÚš\İX[Ù]Üˆ^ÛYH]œ›ÛHHX›XÈZ[‚˜\ÜÙ]Ëİ^\™\Ëİ^\™\×İÙX˜\ÜÚÙ[[Û‹İ]\›ÜË\[XKX›^™KXœ™YYÛXZ[‹\Ú[KÙXœ\ÜÙ]Ëİ^\™\Ëİ^\™\×İÙX˜\ÜÚÙ[[Û‹ÙXœŒÍN‹ÌLXÎXNNXØÎ™ÌŒÎÍÍNŒYŒÍŒLÌMÍØXÍLYÍÌÌ™MØÙK›İXÛX\™Y˜[ÙK™\šYHXXÚš\İX[Ù]Üˆ^ÛYH]œ›ÛHHX›XÈZ[‚˜\ÜÙ]Ëİ^\™\Ëİ^\™\×İÙX˜\ÜÚÙ[[Û‹İ]\›ÜË\[XKX›^™KXœ™YYÛXZ[‹ÙXœ\ÜÙ]Ëİ^\™\Ëİ^\™\×İÙX˜\ÜÚÙ[[Û‹ÙXœÌXŒXØLLLÍÌY™XNY™X˜Ù˜MYÍÍÍYYY™Œ˜ÌXÍLÙX˜™˜ØŒÎLÍ›İXÛX\™Y˜[ÙK™\šYHXXÚš\İX[Ù]Üˆ^ÛYH]œ›ÛHHX›XÈZ[‚˜\ÜÙ]Ëİ^\™\Ëİ^\™\×İÙX˜\ÜÚÙ[[Û‹İ]\›ÜË\[XKX›^™KXœ™YYÜÜš]K\Ú[Kœ™Ë\ÜÙ]Ëİ^\™\Ëİ^\™\×İÙX˜\ÜÚÙ[[Û‹œ™ËŒÍ‹™MØŒLYÎYŒÌLN˜ŒMMÙXNXÎMY™XÌÎMÙMÌ™XXŒÙ˜Œ˜ŒÌY˜ØÎ›İXÛX\™Y˜[ÙK™\šYHXXÚš\İX[Ù]Üˆ^ÛYH]œ›ÛHHX›XÈZ[‚˜\ÜÙ]Ëİ^\™\Ëİ^\™\×İÙX˜\ÜÚÙ[[Û‹İ]\›ÜË\[XKX›^™KXœ™YYÜÜš]Kœ™Ë\ÜÙ]Ëİ^\™\Ëİ^\™\×İÙX˜\ÜÚÙ[[Û‹œ™ËŒÌÌ™ÍXŒY˜ÍYŒÙÍ™YXXLÌÍÎLÍÎLNLÎ˜YÍNŒÙÙŒÎMÌŒ˜NK›İXÛX\™Y˜[ÙK™\šYHXXÚš\İX[Ù]Üˆ^ÛYH]œ›ÛHHX›XÈZ[‚˜\ÜÙ]Ëİ^\™\Ëİ^\™\×İÙX˜\ÜÚÙ[[Û‹İ]\›ÜË\[XKXÛÛX˜]Xœ™YYÛXZ[‹\Ú[KÙXœ\ÜÙ]Ëİ^\™\Ëİ^\™\×İÙX˜\ÜÚÙ[[Û‹ÙXœLL‹MMYÍMXNXÌNLÍMYLMÙYŒXMÙY˜™M™MNXXØ™LÌÙMXŒŒLÍ›İXÛX\™Y˜[ÙK™\šYHXXÚš\İX[Ù]Üˆ^ÛYH]œ›ÛHHX›XÈZ[‚˜\ÜÙ]Ëİ^\™\Ëİ^\™\×İÙX˜\ÜÚÙ[[Û‹İ]\›ÜË\[XKXÛÛX˜]Xœ™YYÛXZ[‹ÙXœ\ÜÙ]Ëİ^\™\Ëİ^\™\×İÙX˜\ÜÚÙ[[Û‹ÙXœMŒ‹MXXŒ˜MŒMØYXÍMMÌÌÙÍŒYM™NLYYMØLÌ™Œ˜˜MÍÎØLÍLNLÍÌ‹›İXÛX\™Y˜[ÙK™\šYHXXÚš\İX[Ù]Üˆ^ÛYH]œ›ÛHHX›XÈZ[‚˜\ÜÙ]Ëİ^\™\Ëİ^\™\×İÙX˜\ÜÚÙ[[Û‹İ]\›ÜË\[XKXÛÛX˜]Xœ™YYÜÜš]K\Ú[Kœ™Ë\ÜÙ]Ëİ^\™\Ëİ^\™\×İÙX˜\ÜÚÙ[[Û‹œ™ËŒŒKÙLXŒ˜XŒŒÎ˜ŒYÌØØŒÙXØŒØØÙŒÍX™XØÌÎNY˜NXÌXÙŒÙLXL˜LÙK›İXÛX\™Y˜[ÙK™\šYHXXÚš\İX[Ù]Üˆ^ÛYH]œ›ÛHHX›XÈZ[‚˜\ÜÙ]Ëİ^\™\Ëİ^\™\×İÙX˜\ÜÚÙ[[Û‹İ]\›ÜË\[XKXÛÛX˜]Xœ™YYÜÜš]Kœ™Ë\ÜÙ]Ëİ^\™\Ëİ^\™\×İÙX˜\ÜÚÙ[[Û‹œ™ËŒŒ‹NLØ™LMM™™ÎÌMMNNXMYMLNLØY™NØÍY™NLŒ™˜™LÍYŒÌÍN›İXÛX\™Y˜[ÙK™\šYHXXÚš\İX[Ù]Üˆ^ÛYH]œ›ÛHHX›XÈZ[‚˜\ÜÙ]Ëİ^\™\Ëİ^\™\×İÙX˜\ÜÚÙ[[Û‹İ]\›ÜËÛXZ[‹\Ú[KÙXœ\ÜÙ]Ëİ^\™\Ëİ^\™\×İÙX˜\ÜÚÙ[[Û‹ÙXœÌMÎÌLÎŒMŒXÎÙYMÍØŒ˜XLÍLÙŒÌLÌXMÙYMXÙÎMMYŒ™L™K›İXÛX\™Y˜[ÙK™\šYHXXÚš\İX[Ù]Üˆ^ÛYH]œ›ÛHHX›XÈZ[‚˜\ÜÙ]Ëİ^\™\Ëİ^\™\×İÙX˜\ÜÚÙ[[Û‹İ]\›ÜËÛXZ[‹ÙXœ\ÜÙ]Ëİ^\™\Ëİ^\™\×İÙX˜\ÜÚÙ[[Û‹ÙXœÎL‹ŒÙXÍØØLÙÎMØX˜˜ŒMX˜ŒMÌYMÍŒŒÌXNYŒÙLÍYÍK›İXÛX\™Y˜[ÙK™\šYHXXÚš\İX[Ù]Üˆ^ÛYH]œ›ÛHHX›XÈZ[‚˜\ÜÙ]Ëİ^\™\Ëİ^\™\×İÙX˜\ÜÚÙ[[Û‹İ]\›ÜËÜÜš]K\Ú[Kœ™Ë\ÜÙ]Ëİ^\™\Ëİ^\™\×İÙX˜\ÜÚÙ[[Û‹œ™ËMKŒÙXÌMÎLYLYNMXMNNYMYLMØXØÍLÍNYY˜ÎYYŒØMXLÙYLL™LL˜NMŒ›İXÛX\™Y˜[ÙK™\šYHXXÚš\İX[Ù]Üˆ^ÛYH]œ›ÛHHX›XÈZ[‚˜\ÜÙ]Ëİ^\™\Ëİ^\™\×İÙX˜\ÜÚÙ[[Û‹İ]\›ÜËÜÜš]Kœ™Ë\ÜÙ]Ëİ^\™\Ëİ^\™\×İÙX˜\ÜÚÙ[[Û‹œ™ËMK™XÍNÌØLÍÌM˜MY˜ÍÍÎXÌML™YØ˜YLYŒÌLŒÙYÌÎÌÍXLË›İXÛX\™Y˜[ÙK™\šYHXXÚš\İX[Ù]Üˆ^ÛYH]œ›ÛHHX›XÈZ[‚˜\ÜÙ]Ëİ^\™\Ëİ^\™\×İÙX˜\ÜÚÙ[[Û‹İY]\œØKÛXZ[‹\Ú[KÙXœ\ÜÙ]Ëİ^\™\Ëİ^\™\×İÙX˜\ÜÚÙ[[Û‹ÙXœNMÌ‹MÍ˜™ÍYMMÌLMNÍXM™X˜YYNÍŒXLMYÍŒ˜ÌÎNM™K›İXÛX\™Y˜[ÙK™\šYHXXÚš\İX[Ù]Üˆ^ÛYH]œ›ÛHHX›XÈZ[‚˜\ÜÙ]Ëİ^\™\Ëİ^\™\×İÙX˜\ÜÚÙ[[Û‹İY]\œØKÛXZ[‹ÙXœ\ÜÙ]Ëİ^\™\Ëİ^\™\×İÙX˜\ÜÚÙ[[Û‹ÙXœLMLNXMÌ˜YLLX˜ŒX˜ÍLØÎÌMLXÙÍÌÍ˜ØØŒ™˜ØÍÙLM™˜˜ÍK›İXÛX\™Y˜[ÙK™\šYHXXÚš\İX[Ù]Üˆ^ÛYH]œ›ÛHHX›XÈZ[‚˜\ÜÙ]Ëİ^\™\Ëİ^\™\×İÙX˜\ÜÚÙ[[Û‹İY]\œØKÜÜš]K\Ú[Kœ™Ë\ÜÙ]Ëİ^\™\Ëİ^\™\×İÙX˜\ÜÚÙ[[Û‹œ™ËK™YL™YLLŒÍLŒÍLÌÙ˜ÍŒÙLMXLLØNM˜ŒM™LLMÍMÌMŒË›İXÛX\™Y˜[ÙK™\šYHXXÚš\İX[Ù]Üˆ^ÛYH]œ›ÛHHX›XÈZ[‚˜\ÜÙ]Ëİ^\™\Ëİ^\™\×İÙX˜\ÜÚÙ[[Û‹İY]\œØKÜÜš]Kœ™Ë\ÜÙ]Ëİ^\™\Ëİ^\™\×İÙX˜\ÜÚÙ[[Û‹œ™ËK˜ÌXØØÙYØNLXMLMÎMMN™NYL™ŒÌØXŒŒÍLÍŒ™ŒMMÎØNY™MÌY™›İXÛX\™Y˜[ÙK™\šYHXXÚš\İX[Ù]Üˆ^ÛYH]œ›ÛHHX›XÈZ[‚˜\ÜÙ]Ëİ^\™\Ëİ^\™\×İÙX˜\ÜÚÙ[[Û‹İ[XÛÛÛÛXZ[‹\Ú[KÙXœ\ÜÙ]Ëİ^\™\Ëİ^\™\×İÙX˜\ÜÚÙ[[Û‹ÙXœÌLN˜L˜™Œ™XXMØŒLØL˜ÙXMŒÍŒMNLŒŒMM˜MÍŒÌÎLÍÎXNYÎK›İXÛX\™Y˜[ÙK™\šYHXXÚš\İX[Ù]Üˆ^ÛYH]œ›ÛHHX›XÈZ[‚˜\ÜÙ]Ëİ^\™\Ëİ^\™\×İÙX˜\ÜÚÙ[[Û‹İ[XÛÛÛÛXZ[‹ÙXœ\ÜÙ]Ëİ^\™\Ëİ^\™\×İÙX˜\ÜÚÙ[[Û‹ÙXœÌLMMÌ˜˜ÌXÙLM™Œ™LØY˜ÙNYÙŒÎXY™ŒMØŒMLŒÍYÌLYMÍÍ™›İXÛX\™Y˜[ÙK™\šYHXXÚš\İX[Ù]Üˆ^ÛYH]œ›ÛHHX›XÈZ[‚˜\ÜÙ]Ëİ^\™\Ëİ^\™\×İÙX˜\ÜÚÙ[[Û‹İ[XÛÛÛÜÜš]K\Ú[Kœ™Ë\ÜÙ]Ëİ^\™\Ëİ^\™\×İÙX˜\ÜÚÙ[[Û‹œ™ËÌLKÌÌÙLÙMXMÍY˜™˜YL™™MY˜™˜˜NLØYXMØNÙMÙ™MŒ˜ØYYMM›İXÛX\™Y˜[ÙK™\šYHXXÚš\İX[Ù]Üˆ^ÛYH]œ›ÛHHX›XÈZ[‚˜\ÜÙ]Ëİ^\™\Ëİ^\™\×İÙX˜\ÜÚÙ[[Û‹İ[XÛÛÛÜÜš]Kœ™Ë\ÜÙ]Ëİ^\™\Ëİ^\™\×İÙX˜\ÜÚÙ[[Û‹œ™ËÌLMXLŒLÍXY˜ÙMLÎMŒNÙXMŒ™ÙŒ˜ÍYYNMŒÌXÌŒNYL™MMÎK›İXÛX\™Y˜[ÙK™\šYHXXÚš\İX[Ù]Üˆ^ÛYH]œ›ÛHHX›XÈZ[‚˜\ÜÙ]Ëİ^\™\Ëİ^\™\×İÙX˜\ÜÚÙ[[Û‹İ[XÜY[ÛXZ[‹\Ú[KÙXœ\ÜÙ]Ëİ^\™\Ëİ^\™\×İÙX˜\ÜÚÙ[[Û‹ÙXœLLMNMÌNYM˜XMLNLMÎ˜ØYŒÍÌÙMMY˜MÎŒNÌÌØŒÍÍØLÙ›İXÛX\™Y˜[ÙK™\šYHXXÚš\İX[Ù]Üˆ^ÛYH]œ›ÛHHX›XÈZ[‚˜\ÜÙ]Ëİ^\™\Ëİ^\™\×İÙX˜\ÜÚÙ[[Û‹İ[XÜY[ÛXZ[‹ÙXœ\ÜÙ]Ëİ^\™\Ëİ^\™\×İÙX˜\ÜÚÙ[[Û‹ÙXœMÎNYŒMÙLMÎMØŒŒØ˜ØLLLNMXLØØ˜™XXÍXŒÌÙNÍÙLLLÍNM›İXÛX\™Y˜[ÙK™\šYHXXÚš\İX[Ù]Üˆ^ÛYH]œ›ÛHHX›XÈZ[‚˜\ÜÙ]Ëİ^\™\Ëİ^\™\×İÙX˜\ÜÚÙ[[Û‹İ[XÜY[ÜÜš]K\Ú[Kœ™Ë\ÜÙ]Ëİ^\™\Ëİ^\™\×İÙX˜\ÜÚÙ[[Û‹œ™ËLN™˜ÙÙMN˜ÎÍ™NMÌÎLNMMM˜˜LÍÌÍÌØNXÙM˜Y˜LNLMN˜˜Ù‹›İXÛX\™Y˜[ÙK™\šYHXXÚš\İX[Ù]Üˆ^ÛYH]œ›ÛHHX›XÈZ[‚˜\ÜÙ]Ëİ^\™\Ëİ^\™\×İÙX˜\ÜÚÙ[[Û‹İ[XÜY[ÜÜš]Kœ™Ë\ÜÙ]Ëİ^\™\Ëİ^\™\×İÙX˜\ÜÚÙ[[Û‹œ™ËLNK™™ÙNXX˜ÌØ™X˜ÍØ˜˜˜YLÍÍNMŒXXYNNÎMŒLYMYN˜Y›İXÛX\™Y˜[ÙK™\šYHXXÚš\İX[Ù]Üˆ^ÛYH]œ›ÛHHX›XÈZ[‚˜\ÜÙ]Ëİ^\™\Ëİ^\™\×İÙX˜\ÜÚÙ[[Û‹İ\YËÛXZ[‹\Ú[KÙXœ\ÜÙ]Ëİ^\™\Ëİ^\™\×İÙX˜\ÜÚÙ[[Û‹ÙXœLMÌÌŒ™LXYNÙYMÍXXÍÙÙ™L™X™LXÍÎMNNXÙLÌMÙN™Î›İXÛX\™Y˜[ÙK™\šYHXXÚš\İX[Ù]Üˆ^ÛYH]œ›ÛHHX›XÈZ[‚˜\ÜÙ]Ëİ^\™\Ëİ^\™\×İÙX˜\ÜÚÙ[[Û‹İ\YËÛXZ[‹ÙXœ\ÜÙ]Ëİ^\™\Ëİ^\™\×İÙX˜\ÜÚÙ[[Û‹ÙXœÍÎ˜ÙYYYXMØØXMØŒLÌNYL˜LŒ˜XØMXÙLÍMYMÍ™Œ›İXÛX\™Y˜[ÙK™\šYHXXÚš\İX[Ù]Üˆ^ÛYH]œ›ÛHHX›XÈZ[‚˜\ÜÙ]Ëİ^\™\Ëİ^\™\×İÙX˜\ÜÚÙ[[Û‹İ\YËÜÜš]K\Ú[Kœ™Ë\ÜÙ]Ëİ^\™\Ëİ^\™\×İÙX˜\ÜÚÙ[[Û‹œ™ËKY˜X˜ÍLÍÙŒNMÍÌ™ÌNXMYMYYMÌŒÌÍØÎØLYNXÍ™ŒŒ‹›İXÛX\™Y˜[ÙK™\šYHXXÚš\İX[Ù]Üˆ^ÛYH]œ›ÛHHX›XÈZ[‚˜\ÜÙ]Ëİ^\™\Ëİ^\™\×İÙX˜\ÜÚÙ[[Û‹İ\YËÜÜš]Kœ™Ë\ÜÙ]Ëİ^\™\Ëİ^\™\×İÙX˜\ÜÚÙ[[Û‹œ™ËK™™LNNMYNMÙY˜˜ÙŒLXMYL˜YNØÙÍÙØ™YLX˜ÍXYLYMÙŒÌK›İXÛX\™Y˜[ÙK™\šYHXXÚš\İX[Ù]Üˆ^ÛYH]œ›ÛHHX›XÈZ[‚˜\ÜÙ]Ëİ^\™\Ëİ^\™\×İÙX˜\ÜÚÙ[[Û‹İ\˜\YÛÜË\İ[\‹ÛXZ[‹\Ú[KÙXœ\ÜÙ]Ëİ^\™\Ëİ^\™\×İÙX˜\ÜÚÙ[[Û‹ÙXœMÍŒXŒMMÍMÎNØXŒÍLLŒ˜ÙXXNL™˜ÙN˜ŒMÌŒØÍ˜YÍÙNNMYLŒN›İXÛX\™Y˜[ÙK™\šYHXXÚš\İX[Ù]Üˆ^ÛYH]œ›ÛHHX›XÈZ[‚˜\ÜÙ]Ëİ^\™\Ëİ^\™\×İÙX˜\ÜÚÙ[[Û‹İ\˜\YÛÜË\İ[\‹ÛXZ[‹ÙXœ\ÜÙ]Ëİ^\™\Ëİ^\™\×İÙX˜\ÜÚÙ[[Û‹ÙXœMÌÍÍM™XYXLNMÍÌXYÎNŒÌØL™MØØYÌÎYLŒÌLÍYM™MÎYÌÙLÙŒË›İXÛX\™Y˜[ÙK™\šYHXXÚš\İX[Ù]Üˆ^ÛYH]œ›ÛHHX›XÈZ[‚˜\ÜÙ]Ëİ^\™\Ëİ^\™\×İÙX˜\ÜÚÙ[[Û‹İ\˜\YÛÜË\İ[\‹ÜÜš]K\Ú[Kœ™Ë\ÜÙ]Ëİ^\™\Ëİ^\™\×İÙX˜\ÜÚÙ[[Û‹œ™ËÌMKYM˜™MNMÌÙNMÍXMÎXŒXNYLÙNLYÙ˜ŒÎLÎLØÍMŒ™M˜NMK›İXÛX\™Y˜[ÙK™\šYHXXÚš\İX[Ù]Üˆ^ÛYH]œ›ÛHHX›XÈZ[‚˜\ÜÙ]Ëİ^\™\Ëİ^\™\×İÙX˜\ÜÚÙ[[Û‹İ\˜\YÛÜË\İ[\‹ÜÜš]Kœ™Ë\ÜÙ]Ëİ^\™\Ëİ^\™\×İÙX˜\ÜÚÙ[[Û‹œ™ËÍMKŒÌØLYLLMXØLYYXØØÍÌÎMLŒY˜ÎLY™ØØÍMNLÍ˜Ì™LMÎM™XNL™ŒLYŒ‹›İXÛX\™Y˜[ÙK™\šYHXXÚš\İX[Ù]Üˆ^ÛYH]œ›ÛHHX›XÈZ[‚˜\ÜÙ]Ëİ^\™\Ëİ^\™\×İÙX˜\ÜÚÙ[[Û‹İ\˜\YÛÜË]\˜\İ[ÛXZ[‹\Ú[KÙXœ\ÜÙ]Ëİ^\™\Ëİ^\™\×İÙX˜\ÜÚÙ[[Û‹ÙXœLÎLXŒ˜™LMŒYLØYNNXÎMÙLÌLMXMX™˜˜˜™ÌÌØ™ŒYNLØYNMÙ™LÌÙ˜‹›İXÛX\™Y˜[ÙK™\šYHXXÚš\İX[Ù]Üˆ^ÛYH]œ›ÛHHX›XÈZ[‚˜\ÜÙ]Ëİ^\™\Ëİ^\™\×İÙX˜\ÜÚÙ[[Û‹İ\˜\YÛÜË]\˜\İ[ÛXZ[‹ÙXœ\ÜÙ]Ëİ^\™\Ëİ^\™\×İÙX˜\ÜÚÙ[[Û‹ÙXœLMÎLÍY™ÙYMŒŒYŒXÌMÎYYŒNMM™™XÌÙÌNMÌY˜L™MNL™ŒË›İXÛX\™Y˜[ÙK™\šYHXXÚš\İX[Ù]Üˆ^ÛYH]œ›ÛHHX›XÈZ[‚˜\ÜÙ]Ëİ^\™\Ëİ^\™\×İÙX˜\ÜÚÙ[[Û‹İ\˜\YÛÜË]\˜\İ[ÜÜš]K\Ú[Kœ™Ë\ÜÙ]Ëİ^\™\Ëİ^\™\×İÙX˜\ÜÚÙ[[Û‹œ™ËÌÍNÙ™YÍÎØÌÍØØLLMÍÎYX˜ÍMXØŒŒMÍMŒÌÍXYMYLL™NXMLNYL‹›İXÛX\™Y˜[ÙK™\šYHXXÚš\İX[Ù]Üˆ^ÛYH]œ›ÛHHX›XÈZ[‚˜\ÜÙ]Ëİ^\™\Ëİ^\™\×İÙX˜\ÜÚÙ[[Û‹İ\˜\YÛÜË]\˜\İ[ÜÜš]Kœ™Ë\ÜÙ]Ëİ^\™\Ëİ^\™\×İÙX˜\ÜÚÙ[[Û‹œ™ËÌËÎÎX™˜MLNMLØ˜LÌ˜LÍ˜ŒÌYÍLLÙ™MŒXNXŒÍÍÌLXÌXX˜ÌMXX™K›İXÛX\™Y˜[ÙK™\šYHXXÚš\İX[Ù]Üˆ^ÛYH]œ›ÛHHX›XÈZ[‚˜\ÜÙ]Ëİ^\™\Ëİ^\™\×İÙX˜\ÜÚÙ[[Û‹İ\˜\YÛÜËÛXZ[‹\Ú[KÙXœ\ÜÙ]Ëİ^\™\Ëİ^\™\×İÙX˜\ÜÚÙ[[Û‹ÙXœLNN‹˜ØÎÌ™™NXXÙNÙYMLNŒ™ÎÌ˜XÎÍXMÍMÌYMNXYL˜XŒŒK›İXÛX\™Y˜[ÙK™\šYHXXÚš\İX[Ù]Üˆ^ÛYH]œ›ÛHHX›XÈZ[‚˜\ÜÙ]Ëİ^\™\Ëİ^\™\×İÙX˜\ÜÚÙ[[Û‹İ\˜\YÛÜËÛXZ[‹ÙXœ\ÜÙ]Ëİ^\™\Ëİ^\™\×İÙX˜\ÜÚÙ[[Û‹ÙXœÌL‹ŒÍ™™LÎYÍYYMØL˜LLXØŒXYNLMÌ˜YL™MXMÍL˜™XLŒXŒYŒË›İXÛX\™Y˜[ÙK™\šYHXXÚš\İX[Ù]Üˆ^ÛYH]œ›ÛHHX›XÈZ[‚˜\ÜÙ]Ëİ^\™\Ëİ^\™\×İÙX˜\ÜÚÙ[[Û‹İ\˜\YÛÜËÜÜš]K\Ú[Kœ™Ë\ÜÙ]Ëİ^\™\Ëİ^\™\×İÙX˜\ÜÚÙ[[Û‹œ™ËNMËNL˜ÌÍMØMYMXÌYŒXNØMLŒŒ˜™ŒÙY™ÙLŒXÙYLÍNXYNMØYÙK›İXÛX\™Y˜[ÙK™\šYHXXÚš\İX[Ù]Üˆ^ÛYH]œ›ÛHHX›XÈZ[‚˜\ÜÙ]Ëİ^\™\Ëİ^\™\×İÙX˜\ÜÚÙ[[Û‹İ\˜\YÛÜËÜÜš]Kœ™Ë\ÜÙ]Ëİ^\™\Ëİ^\™\×İÙX˜\ÜÚÙ[[Û‹œ™ËNLMK˜ÌYY™MÌYÍ˜ÙNLÙXYÍY˜NŒŒŒLY™MXÍŒÌŒL˜ÍÍXÍŒMØ™MYMÍË›İXÛX\™Y˜[ÙK™\šYHXXÚš\İX[Ù]Üˆ^ÛYH]œ›ÛHHX›XÈZ[‚˜\ÜÙ]Ëİ^\™\Ëİ^\™\×İÙX˜\ÜÚÙ[[Û‹İ\œ˜ZÚ[Û‹ÛXZ[‹\Ú[KÙXœ\ÜÙ]Ëİ^\™\Ëİ^\™\×İÙX˜\ÜÚÙ[[Û‹ÙXœLŒÌL‹ÍÍØÌXÍŒŒM˜XLŒÌÌ™XÍÍL˜YÙMLÍ˜ÌÙXÌYMŒÌÍN›İXÛX\™Y˜[ÙK™\šYHXXÚš\İX[Ù]Üˆ^ÛYH]œ›ÛHHX›XÈZ[‚˜\ÜÙ]Ëİ^\™\Ëİ^\™\×İÙX˜\ÜÚÙ[[Û‹İ\œ˜ZÚ[Û‹ÛXZ[‹ÙXœ\ÜÙ]Ëİ^\™\Ëİ^\™\×İÙX˜\ÜÚÙ[[Û‹ÙXœLNLÌÍNLYŒÍ™YYŒ™XMØ™ŒÍMŒNÍ˜ÌMŒMŒLÌXNMÎXÙY˜˜LYL™YK›İXÛX\™Y˜[ÙK™\šYHXXÚš\İX[Ù]Üˆ^ÛYH]œ›ÛHHX›XÈZ[‚˜\ÜÙ]Ëİ^\™\Ëİ^\™\×İÙX˜\ÜÚÙ[[Û‹İ\œ˜ZÚ[Û‹ÜÜš]K\Ú[Kœ™Ë\ÜÙ]Ëİ^\™\Ëİ^\™\×İÙX˜\ÜÚÙ[[Û‹œ™ËLM‹ÎŒMÎMLMÙYMŒŒLÌ˜LÎXM˜ÍÍÙ˜NMÎYŒL˜ÍXXXMLMNYØK›İXÛX\™Y˜[ÙK™\šYHXXÚš\İX[Ù]Üˆ^ÛYH]œ›ÛHHX›XÈZ[‚˜\ÜÙ]Ëİ^\™\Ëİ^\™\×İÙX˜\ÜÚÙ[[Û‹İ\œ˜ZÚ[Û‹ÜÜš]Kœ™Ë\ÜÙ]Ëİ^\™\Ëİ^\™\×İÙX˜\ÜÚÙ[[Û‹œ™ËLN‹ŒÌ˜Œ™LÙŒÌ˜ÍNMMÙ˜LÎXÌMXLÎMXXÌŒ˜ØÎØ˜ÌY™XŒÙNË›İXÛX\™Y˜[ÙK™\šYHXXÚš\İX[Ù]Üˆ^ÛYH]œ›ÛHHX›XÈZ[‚˜\ÜÙ]Ëİ^\™\Ëİ^\™\×İÙX˜\ÜÚÙ[[Û‹İY][ÛXZ[‹\Ú[KÙXœ\ÜÙ]Ëİ^\™\Ëİ^\™\×İÙX˜\ÜÚÙ[[Û‹ÙXœÌÎ‹ÌÌÍŒXŒØÎŒLŒÙ™L™YŒÙ™˜ÙXÌ˜ÌLLŒÌÍYLXÍMË›İXÛX\™Y˜[ÙK™\šYHXXÚš\İX[Ù]Üˆ^ÛYH]œ›ÛHHX›XÈZ[‚˜\ÜÙ]Ëİ^\™\Ëİ^\™\×İÙX˜\ÜÚÙ[[Û‹İY][ÛXZ[‹ÙXœ\ÜÙ]Ëİ^\™\Ëİ^\™\×İÙX˜\ÜÚÙ[[Û‹ÙXœÍŒŒ‹ŒXXÙLÌ˜ØŒLÌØMMMÌXÙŒÍLÙMXÍYM˜LŒÌÎMŒØÌ˜˜™XÌŒMMØŒÙK›İXÛX\™Y˜[ÙK™\šYHXXÚš\İX[Ù]Üˆ^ÛYH]œ›ÛHHX›XÈZ[‚˜\ÜÙ]Ëİ^\™\Ëİ^\™\×İÙX˜\ÜÚÙ[[Û‹İY][ÜÜš]K\Ú[Kœ™Ë\ÜÙ]Ëİ^\™\Ëİ^\™\×İÙX˜\ÜÚÙ[[Û‹œ™ËM‹ÌÌXÍLÙ™LXM˜™˜ŒLÎYMÍÍÍ˜ØMY˜™MŒØŒ™XMXŒÍÎXÙ™Y‹›İXÛX\™Y˜[ÙK™\šYHXXÚš\İX[Ù]Üˆ^ÛYH]œ›ÛHHX›XÈZ[‚˜\ÜÙ]Ëİ^\™\Ëİ^\™\×İÙX˜\ÜÚÙ[[Û‹İY][ÜÜš]Kœ™Ë\ÜÙ]Ëİ^\™\Ëİ^\™\×İÙX˜\ÜÚÙ[[Û‹œ™ËLXLÙXØLØÙ˜LXLØØMYMN™™ÍÎLLYMÎ™ØÌXÍ™LMÍMÙØM‹›İXÛX\™Y˜[ÙK™\šYHXXÚš\İX[Ù]Üˆ^ÛYH]œ›ÛHHX›XÈZ[‚˜\ÜÙ]Ëİ^\™\Ëİ^\™\×İÙX˜\ÜÚÙ[[Û‹İ›ÚÛXZ[‹\Ú[KÙXœ\ÜÙ]Ëİ^\™\Ëİ^\™\×İÙX˜\ÜÚÙ[[Û‹ÙXœMÍLŒÍØLXØŒMŒÌÌÍÙYNNYXMŒMÌLÙMŒMÍYXLŒÍŒŒÌØMÌÙK›İXÛX\™Y˜[ÙK™\šYHXXÚš\İX[Ù]Üˆ^ÛYH]œ›ÛHHX›XÈZ[‚˜\ÜÙ]Ëİ^\™\Ëİ^\™\×İÙX˜\ÜÚÙ[[Û‹İ›ÚÛXZ[‹ÙXœ\ÜÙ]Ëİ^\™\Ëİ^\™\×İÙX˜\ÜÚÙ[[Û‹ÙXœL‹ÍŒŒŒMŒ˜ÍMÙL˜Œ™Y˜ŒÎXMLŒNXÌŒYÍÌÍLLÌØ˜ÙXØMÍÌLX™XØÎK›İXÛX\™Y˜[ÙK™\šYHXXÚš\İX[Ù]Üˆ^ÛYH]œ›ÛHHX›XÈZ[‚˜\ÜÙ]Ëİ^\™\Ëİ^\™\×İÙX˜\ÜÚÙ[[Û‹İ›ÚÜÜš]K\Ú[Kœ™Ë\ÜÙ]Ëİ^\™\Ëİ^\™\×İÙX˜\ÜÚÙ[[Û‹œ™ËNKŒÍLY˜YXÍØYYYXÍÌ˜ÍŒLMX™YŒ™MÌ™˜ŒNÌ™ŒÌÌLÎYMÎXŒ˜ØÍ™›İXÛX\™Y˜[ÙK™\šYHXXÚš\İX[Ù]Üˆ^ÛYH]œ›ÛHHX›XÈZ[‚˜\ÜÙ]Ëİ^\™\Ëİ^\™\×İÙX˜\ÜÚÙ[[Û‹İ›ÚÜÜš]Kœ™Ë\ÜÙ]Ëİ^\™\Ëİ^\™\×İÙX˜\ÜÚÙ[[Û‹œ™ËLÌNLMNLÌÌŒÙYNLŒXØÎYØØYŒXÌØÍ˜ÎLŒMÌ™YLLXMÙNÙ™™YXYK›İXÛX\™Y˜[ÙK™\šYHXXÚš\İX[Ù]Üˆ^ÛYH]œ›ÛHHX›XÈZ[‚˜\ÜÙ]Ëİ^\™\Ëİ^\™\×İÙX˜\ÜÚÙ[[Û‹İ[™\\Ë]\šX[‹ÛXZ[‹\Ú[KÙXœ\ÜÙ]Ëİ^\™\Ëİ^\™\×İÙX˜\ÜÚÙ[[Û‹ÙXœ™ÌMYÍ™MLXØLLYLÍ™ÌN™LMÌXYYYNLM˜YŒMYØÙŒÎX‹›İXÛX\™Y˜[ÙK™\šYHXXÚš\İX[Ù]Üˆ^ÛYH]œ›ÛHHX›XÈZ[‚˜\ÜÙ]Ëİ^\™\Ëİ^\™\×İÙX˜\ÜÚÙ[[Û‹İ[™\\Ë]\šX[‹ÛXZ[‹ÙXœ\ÜÙ]Ëİ^\™\Ëİ^\™\×İÙX˜\ÜÚÙ[[Û‹ÙXœM™X™Y™MMYŒŒXNX™ÙMŒŒN˜˜ÌMÙMŒŒÌLYMYMMØÍK›İXÛX\™Y˜[ÙK™\šYHXXÚš\İX[Ù]Üˆ^ÛYH]œ›ÛHHX›XÈZ[‚˜\ÜÙ]Ëİ^\™\Ëİ^\™\×İÙX˜\ÜÚÙ[[Û‹İ[™\\Ë]\šX[‹ÜÜš]K\Ú[Kœ™Ë\ÜÙ]Ëİ^\™\Ëİ^\™\×İÙX˜\ÜÚÙ[[Û‹œ™ËM‹XXÌŒNLÙLÍÌÍ™XYŒ˜ÍXÌ™MÍÍŒYYLÌXÍY™XÎLÌ˜˜‹›İXÛX\™Y˜[ÙK™\šYHXXÚš\İX[Ù]Üˆ^ÛYH]œ›ÛHHX›XÈZ[‚˜\ÜÙ]Ëİ^\™\Ëİ^\™\×İÙX˜\ÜÚÙ[[Û‹İ[™\\Ë]\šX[‹ÜÜš]Kœ™Ë\ÜÙ]Ëİ^\™\Ëİ^\™\×İÙX˜\ÜÚÙ[[Û‹œ™ËLÍL‹ÌLYŒMŒØÍÎLØÙYXMÌYLYMLØÌ™NXL˜LÌLLNMYLÌË›İXÛX\™Y˜[ÙK™\šYHXXÚš\İX[Ù]Üˆ^ÛYH]œ›ÛHHX›XÈZ[‚˜\ÜÙ]Ëİ^\™\Ëİ^\™\×İÙX˜\ÜÚÙ[[Û‹İ[™\\ËÛXZ[‹\Ú[KÙXœ\ÜÙ]Ëİ^\™\Ëİ^\™\×İÙX˜\ÜÚÙ[[Û‹ÙXœMLÍMØLŒ˜˜ÎMXYÍX˜˜Œ™YYMMØMÌ˜ØMLÌMŒXÍ™XÙX™™ÍÙÎŒË›İXÛX\™Y˜[ÙK™\šYHXXÚš\İX[Ù]Üˆ^ÛYH]œ›ÛHHX›XÈZ[‚˜\ÜÙ]Ëİ^\™\Ëİ^\™\×İÙX˜\ÜÚÙ[[Û‹İ[™\\ËÛXZ[‹ÙXœ\ÜÙ]Ëİ^\™\Ëİ^\™\×İÙX˜\ÜÚÙ[[Û‹ÙXœŒÍÍŒYÌMLÎXN˜™M™XLXLÍLÌY™Y™MÍNYŒÍ˜ŒXMX™˜XMØÌL‹›İXÛX\™Y˜[ÙK™\šYHXXÚš\İX[Ù]Üˆ^ÛYH]œ›ÛHHX›XÈZ[‚˜\ÜÙ]Ëİ^\™\Ëİ^\™\×İÙX˜\ÜÚÙ[[Û‹İ[™\\ËÜÜš]K\Ú[Kœ™Ë\ÜÙ]Ëİ^\™\Ëİ^\™\×İÙX˜\ÜÚÙ[[Û‹œ™ËLÍÍYYØÌ˜ŒÍÍ˜Ù˜XŒMNYYLMNLLØNMLÌMŒX˜XØMNLÌXŒ™LNLÌLÍK›İXÛX\™Y˜[ÙK™\šYHXXÚš\İX[Ù]Üˆ^ÛYH]œ›ÛHHX›XÈZ[‚˜\ÜÙ]Ëİ^\™\Ëİ^\™\×İÙX˜\ÜÚÙ[[Û‹İ[™\\ËÜÜš]Kœ™Ë\ÜÙ]Ëİ^\™\Ëİ^\™\×İÙX˜\ÜÚÙ[[Û‹œ™ËLÌËÌÙNM™ŒYYMÙNYMÎMYXMÙÎ˜ØLØMYLØMÍÙŒXY™YM˜NK›İXÛX\™Y˜[ÙK™\šYHXXÚš\İX[Ù]Üˆ^ÛYH]œ›ÛHHX›XÈZ[‚˜\ÜÙ]Ëİ^\™\Ëİ^\™\×İÙX˜\ÜÚÙ[[Û‹İØXÚÙ^KÛXZ[‹\Ú[KÙXœ\ÜÙ]Ëİ^\™\Ëİ^\™\×İÙX˜\ÜÚÙ[[Û‹ÙXœML˜NLXÌMÌYŒÍLLÍNYX˜ÌLNŒLLL˜ÙÎNLŒÙMNÙNXÍÌŒL˜LÙŒK›İXÛX\™Y˜[ÙK™\šYHXXÚš\İX[Ù]Üˆ^ÛYH]œ›ÛHHX›XÈZ[‚˜\ÜÙ]Ëİ^\™\Ëİ^\™\×İÙX˜\ÜÚÙ[[Û‹İØXÚÙ^KÛXZ[‹ÙXœ\ÜÙ]Ëİ^\™\Ëİ^\™\×İÙX˜\ÜÚÙ[[Û‹ÙXœM‹ÍNMÌL™™ŒÍXÎLYYŒØŒMÍÙ™™˜™LXŒYLÌÌL™MLŒØYŒÌÍM‹›İXÛX\™Y˜[ÙK™\šYHXXÚš\İX[Ù]Üˆ^ÛYH]œ›ÛHHX›XÈZ[‚˜\ÜÙ]Ëİ^\™\Ëİ^\™\×İÙX˜\ÜÚÙ[[Û‹İØXÚÙ^KÜÜš]K\Ú[Kœ™Ë\ÜÙ]Ëİ^\™\Ëİ^\™\×İÙX˜\ÜÚÙ[[Û‹œ™ËMXÎ˜XX™YÙ˜ÎLMLXMÙY˜MYMLNÍYLØÌMÍ˜ŒŒY˜Í‹›İXÛX\™Y˜[ÙK™\šYHXXÚš\İX[Ù]Üˆ^ÛYH]œ›ÛHHX›XÈZ[‚˜\ÜÙ]Ëİ^\™\Ëİ^\™\×İÙX˜\ÜÚÙ[[Û‹İØXÚÙ^KÜÜš]Kœ™Ë\ÜÙ]Ëİ^\™\Ëİ^\™\×İÙX˜\ÜÚÙ[[Û‹œ™ËMÍØYŒNY˜YLÙX˜˜ŒÎYL™ÍMXXXÍNM™Œ™™ÌMLN˜ÌØÎYK›İXÛX\™Y˜[ÙK™\šYHXXÚš\İX[Ù]Üˆ^ÛYH]œ›ÛHHX›XÈZ[‚˜\ÜÙ]Ëİ^\™\Ëİ^\™\×İÙX˜\ÜÚÙ[[Û‹İ[X\œ‹ÛXZ[‹\Ú[KÙXœ\ÜÙ]Ëİ^\™\Ëİ^\™\×İÙX˜\ÜÚÙ[[Û‹ÙXœMNLNNŒÍ™M™˜Y˜ÍØÙÌØLÙM™˜ÙMÙXNXLÍŒL˜ÎL˜ÍŒXXÍ‹›İXÛX\™Y˜[ÙK™\šYHXXÚš\İX[Ù]Üˆ^ÛYH]œ›ÛHHX›XÈZ[‚˜\ÜÙ]Ëİ^\™\Ëİ^\™\×İÙX˜\ÜÚÙ[[Û‹İ[X\œ‹ÛXZ[‹ÙXœ\ÜÙ]Ëİ^\™\Ëİ^\™\×İÙX˜\ÜÚÙ[[Û‹ÙXœLŒÍM™LYÌÌLÎYYŒŒM˜˜ÙYÍNÍ™YMÙŒÍÙMÍX™ŒØÌŒNÙK›İXÛX\™Y˜[ÙK™\šYHXXÚš\İX[Ù]Üˆ^ÛYH]œ›ÛHHX›XÈZ[‚˜\ÜÙ]Ëİ^\™\Ëİ^\™\×İÙX˜\ÜÚÙ[[Û‹İ[X\œ‹ÜÜš]K\Ú[Kœ™Ë\ÜÙ]Ëİ^\™\Ëİ^\™\×İÙX˜\ÜÚÙ[[Û‹œ™ËËMŒYÍ™M™˜™YMNMØÍ˜ÌÍXLÙŒX˜M™ŒÌNYNÙMŒÙLMYXNXË›İXÛX\™Y˜[ÙK™\šYHXXÚš\İX[Ù]Üˆ^ÛYH]œ›ÛHHX›XÈZ[‚˜\ÜÙ]Ëİ^\™\Ëİ^\™\×İÙX˜\ÜÚÙ[[Û‹İ[X\œ‹ÜÜš]Kœ™Ë\ÜÙ]Ëİ^\™\Ëİ^\™\×İÙX˜\ÜÚÙ[[Û‹œ™ËKYŒŒLÌ˜M™NNØ™ÎYMØÍÙŒXNLLÙ™˜L˜XNLXÍÙYNXØLL™˜Ù›İXÛX\™Y˜[ÙK™\šYHXXÚš\İX[Ù]Üˆ^ÛYH]œ›ÛHHX›XÈZ[‚˜\ÜÙ]Ëİ^\™\Ëİ^\™\×İÙX˜\ÜÚÙ[[Û‹İ[™Ë[KÛXZ[‹\Ú[KÙXœ\ÜÙ]Ëİ^\™\Ëİ^\™\×İÙX˜\ÜÚÙ[[Û‹ÙXœLNXÍLMYX™ÍÌÌ™ÍXÙÌÙLÙ˜Y™˜ÙMÎ™ÍXNLLŒÌMÍ˜ÌÎNXXŒMLMÙL‹›İXÛX\™Y˜[ÙK™\šYHXXÚš\İX[Ù]Üˆ^ÛYH]œ›ÛHHX›XÈZ[‚˜\ÜÙ]Ëİ^\™\Ëİ^\™\×İÙX˜\ÜÚÙ[[Û‹İ[™Ë[KÛXZ[‹ÙXœ\ÜÙ]Ëİ^\™\Ëİ^\™\×İÙX˜\ÜÚÙ[[Û‹ÙXœLÌÙ˜ÍÙŒMMÌØØMLLÎLÙNMÌØŒÍ˜NL˜ŒÌÙLX™˜NÙXML™ÎË›İXÛX\™Y˜[ÙK™\šYHXXÚš\İX[Ù]Üˆ^ÛYH]œ›ÛHHX›XÈZ[‚˜\ÜÙ]Ëİ^\™\Ëİ^\™\×İÙX˜\ÜÚÙ[[Û‹İ[™Ë[KÜÜš]K\Ú[Kœ™Ë\ÜÙ]Ëİ^\™\Ëİ^\™\×İÙX˜\ÜÚÙ[[Û‹œ™ËÍMKLÍŒLÌÍMØÌÙŒM™ØÍLYMXŒXØ˜MŒMÌLÍØLŒXÌÍŒ™L˜MÍŒYŒŒÎLÌXÍÍ˜XË›İXÛX\™Y˜[ÙK™\šYHXXÚš\İX[Ù]Üˆ^ÛYH]œ›ÛHHX›XÈZ[‚˜\ÜÙ]Ëİ^\™\Ëİ^\™\×İÙX˜\ÜÚÙ[[Û‹İ[™Ë[KÜÜš]Kœ™Ë\ÜÙ]Ëİ^\™\Ëİ^\™\×İÙX˜\ÜÚÙ[[Û‹œ™ËLÎM‹XXNLØMŒØÍYYÎLYMÎØÍÙYXØÍØNMÙX˜L˜LLX˜YMLŒM˜K›İXÛX\™Y˜[ÙK™\šYHXXÚš\İX[Ù]Üˆ^ÛYH]œ›ÛHHX›XÈZ[‚˜\ÜÙ]Ëİ^\™\Ëİ^\™\×İÙX˜\ÜÚÙ[[Û‹İ[šØ][šËÛXZ[‹\Ú[KÙXœ\ÜÙ]Ëİ^\™\Ëİ^\™\×İÙX˜\ÜÚÙ[[Û‹ÙXœMLM˜ÌØXÙ˜MLØLÎYŒNL˜Œ™MŒ™MŒN™YŒXÙÎM˜ÙŒÍ˜˜ÌNXØÙ›İXÛX\™Y˜[ÙK™\šYHXXÚš\İX[Ù]Üˆ^ÛYH]œ›ÛHHX›XÈZ[‚˜\ÜÙ]Ëİ^\™\Ëİ^\™\×İÙX˜\ÜÚÙ[[Û‹İ[šØ][šËÛXZ[‹ÙXœ\ÜÙ]Ëİ^\™\Ëİ^\™\×İÙX˜\ÜÚÙ[[Û‹ÙXœMMLLLÌY˜YMÌŒ˜YLØXØ˜MNYLLŒ™NNŒÌ˜ØØMYØŒXÍLÍ™XM‹›İXÛX\™Y˜[ÙK™\šYHXXÚš\İX[Ù]Üˆ^ÛYH]œ›ÛHHX›XÈZ[‚˜\ÜÙ]Ëİ^\™\Ëİ^\™\×İÙX˜\ÜÚÙ[[Û‹İ[šØ][šËÜÜš]K\Ú[Kœ™Ë\ÜÙ]Ëİ^\™\Ëİ^\™\×İÙX˜\ÜÚÙ[[Û‹œ™ËMMKNLŒMNLŒXLØŒNL˜˜ŒÎXLLXÙNXNLØMÙŒL˜X™XMMØŒÙLNÌÌXÌË›İXÛX\™Y˜[ÙK™\šYHXXÚš\İX[Ù]Üˆ^ÛYH]œ›ÛHHX›XÈZ[‚˜\ÜÙ]Ëİ^\™\Ëİ^\™\×İÙX˜\ÜÚÙ[[Û‹İ[šØ][šËÜÜš]Kœ™Ë\ÜÙ]Ëİ^\™\Ëİ^\™\×İÙX˜\ÜÚÙ[[Û‹œ™ËMML‹LÙLÎMMÍÍŒY˜XÙYYŒ™M™LL™LÍM˜LXNY˜L˜˜XÎNLÙŒ™Ë›İXÛX\™Y˜[ÙK™\šYHXXÚš\İX[Ù]Üˆ^ÛYH]œ›ÛHHX›XÈZ[‚˜\ÜÙ]Ëİ^\™\Ëİ^\™\×İÙX˜\ÜÚÙ[[Û‹İ[šØ]Û‹ÛXZ[‹\Ú[KÙXœ\ÜÙ]Ëİ^\™\Ëİ^\™\×İÙX˜\ÜÚÙ[[Û‹ÙXœLŒM˜Y™MMLØ˜ÎMYNMØŒŒLÙY˜YYŒØXMXNÙŒØXYŒÎXXÌ˜ØŒNXYL™›İXÛX\™Y˜[ÙK™\šYHXXÚš\İX[Ù]Üˆ^ÛYH]œ›ÛHHX›XÈZ[‚˜\ÜÙ]Ëİ^\™\Ëİ^\™\×İÙX˜\ÜÚÙ[[Û‹İ[šØ]Û‹ÛXZ[‹ÙXœ\ÜÙ]Ëİ^\™\Ëİ^\™\×İÙX˜\ÜÚÙ[[Û‹ÙXœLŒNNY˜LL™LLLYYØLÙYXÍXXXMÙLÌŒÍY˜MYXÙYXÙ™›İXÛX\™Y˜[ÙK™\šYHXXÚš\İX[Ù]Üˆ^ÛYH]œ›ÛHHX›XÈZ[‚˜\ÜÙ]Ëİ^\™\Ëİ^\™\×İÙX˜\ÜÚÙ[[Û‹İ[šØ]Û‹ÜÜš]K\Ú[Kœ™Ë\ÜÙ]Ëİ^\™\Ëİ^\™\×İÙX˜\ÜÚÙ[[Û‹œ™ËÌM‹MLÌMÍXŒX™Œ™Œ™YYLLÌ™LYY™˜ØLLLMÙLŒNYXÎNXÙK›İXÛX\™Y˜[ÙK™\šYHXXÚš\İX[Ù]Üˆ^ÛYH]œ›ÛHHX›XÈZ[‚˜\ÜÙ]Ëİ^\™\Ëİ^\™\×İÙX˜\ÜÚÙ[[Û‹İ[šØ]Û‹ÜÜš]Kœ™Ë\ÜÙ]Ëİ^\™\Ëİ^\™\×İÙX˜\ÜÚÙ[[Û‹œ™ËÌMŒYLÌÍNMXMŒŒ˜XŒMYNLŒÙŒLÎMÌŒM˜ÎNŒY™Y˜ÌNY˜ŒÍÎ›İXÛX\™Y˜[ÙK™\šYHXXÚš\İX[Ù]Üˆ^ÛYH]œ›ÛHHX›XÈZ[‚˜\ÜÙ]Ëİ^\™\Ëİ^\™\×İÙX˜\ÜÚÙ[[Û‹İ[šØ]Y™‹ÛXZ[‹\Ú[KÙXœ\ÜÙ]Ëİ^\™\Ëİ^\™\×İÙX˜\ÜÚÙ[[Û‹ÙXœML‹ŒXÙLÌNYYMMM™YLŒ˜NM˜ØXXXYÌMØ™NLX™XLNMXŒË›İXÛX\™Y˜[ÙK™\šYHXXÚš\İX[Ù]Üˆ^ÛYH]œ›ÛHHX›XÈZ[‚˜\ÜÙ]Ëİ^\™\Ëİ^\™\×İÙX˜\ÜÚÙ[[Û‹İ[šØ]Y™‹ÛXZ[‹ÙXœ\ÜÙ]Ëİ^\™\Ëİ^\™\×İÙX˜\ÜÚÙ[[Û‹ÙXœLLÌÌ‹™˜LY˜ÍNXNLÌXÙXÌÌØÌLÍMMYLN™LXMXYŒL˜MMLYLYNM™MLË›İXÛX\™Y˜[ÙK™\šYHXXÚš\İX[Ù]Üˆ^ÛYH]œ›ÛHHX›XÈZ[‚˜\ÜÙ]Ëİ^\™\Ëİ^\™\×İÙX˜\ÜÚÙ[[Û‹İ[šØ]Y™‹ÜÜš]K\Ú[Kœ™Ë\ÜÙ]Ëİ^\™\Ëİ^\™\×İÙX˜\ÜÚÙ[[Û‹œ™ËŒ‹ÙXYLØØLØYLØÙ˜L™ŒŒ™ÙMÍÙYÙY˜N˜XY™NŒY˜˜XYX‹›İXÛX\™Y˜[ÙK™\šYHXXÚš\İX[Ù]Üˆ^ÛYH]œ›ÛHHX›XÈZ[‚˜\ÜÙ]Ëİ^\™\Ëİ^\™\×İÙX˜\ÜÚÙ[[Û‹İ[šØ]Y™‹ÜÜš]Kœ™Ë\ÜÙ]Ëİ^\™\Ëİ^\™\×İÙX˜\ÜÚÙ[[Û‹œ™ËŒÍKXÙÌNXŒ™™ÌÌÌØŒŒ˜Ù™MÌN˜ÎNMÎYYMŒÎMXØXØLÍL‹›İXÛX\™Y˜[ÙK™\šYHXXÚš\İX[Ù]Üˆ^ÛYH]œ›ÛHHX›XÈZ[‚˜\ÜÙ]Ëİ^\™\Ëİ^\™\×İÙX˜\ÜÚÙ[[Û‹İ\İYØKÛXZ[‹\Ú[KÙXœ\ÜÙ]Ëİ^\™\Ëİ^\™\×İÙX˜\ÜÚÙ[[Û‹ÙXœŒLNÙLŒŒYŒÌM˜LLLMÌMLLÍ™M™N™™XÍLŒÙÎNMLÍNÙ›İXÛX\™Y˜[ÙK™\šYHXXÚš\İX[Ù]Üˆ^ÛYH]œ›ÛHHX›XÈZ[‚˜\ÜÙ]Ëİ^\™\Ëİ^\™\×İÙX˜\ÜÚÙ[[Û‹İ\İYØKÛXZ[‹ÙXœ\ÜÙ]Ëİ^\™\Ëİ^\™\×İÙX˜\ÜÚÙ[[Û‹ÙXœŒ‹ØŒÍMÍÌ™XØØÌX™XYYLÍŒØYŒNNMXØÍŒÍY˜˜LØÍLXY˜ÌL›İXÛX\™Y˜[ÙK™\šYHXXÚš\İX[Ù]Üˆ^ÛYH]œ›ÛHHX›XÈZ[‚˜\ÜÙ]Ëİ^\™\Ëİ^\™\×İÙX˜\ÜÚÙ[[Û‹İ\İYØKÜÜš]K\Ú[Kœ™Ë\ÜÙ]Ëİ^\™\Ëİ^\™\×İÙX˜\ÜÚÙ[[Û‹œ™ËŒÌ™Ù™LMXXÍXŒÍŒÍÍYYŒXÌXØØL™ŒŒŒÙŒ˜ÌÍØLŒÌMØK›İXÛX\™Y˜[ÙK™\šYHXXÚš\İX[Ù]Üˆ^ÛYH]œ›ÛHHX›XÈZ[‚˜\ÜÙ]Ëİ^\™\Ëİ^\™\×İÙX˜\ÜÚÙ[[Û‹İ\İYØKÜÜš]Kœ™Ë\ÜÙ]Ëİ^\™\Ëİ^\™\×İÙX˜\ÜÚÙ[[Û‹œ™ËŒKXYLMYLŒMÎØ˜ÌÍŒŒØYMÌLÎLÌL™MM˜MYMXÍÍÌXL™ÍM˜LÌK›İXÛX\™Y˜[ÙK™\šYHXXÚš\İX[Ù]Üˆ^ÛYH]œ›ÛHHX›XÈZ[‚˜\ÜÙ]Ëİ^\™\Ëİ^\™\×İÙX˜\ÜÚÙ[[Û‹İÙYØÛÛÛÛXZ[‹\Ú[KÙXœ\ÜÙ]Ëİ^\™\Ëİ^\™\×İÙX˜\ÜÚÙ[[Û‹ÙXœLÍŒÌŒ™ŒXNXYMXØÍNNØ™NMÎXÌÙŒNLLLLLŒMMÌÌNLÍÎØLŒŒLNLÌÎK›İXÛX\™Y˜[ÙK™\šYHXXÚš\İX[Ù]Üˆ^ÛYH]œ›ÛHHX›XÈZ[‚˜\ÜÙ]Ëİ^\™\Ëİ^\™\×İÙX˜\ÜÚÙ[[Û‹İÙYØÛÛÛÛXZ[‹ÙXœ\ÜÙ]Ëİ^\™\Ëİ^\™\×İÙX˜\ÜÚÙ[[Û‹ÙXœÍÎNÎYÍŒLYÎLØŒØŒMÍYÍYŒMŒXØXÙNŒŒYYMÌÍÌÎÍMŒMY›İXÛX\™Y˜[ÙK™\šYHXXÚš\İX[Ù]Üˆ^ÛYH]œ›ÛHHX›XÈZ[‚˜\ÜÙ]Ëİ^\™\Ëİ^\™\×İÙX˜\ÜÚÙ[[Û‹İÙYØÛÛÛÜÜš]K\Ú[Kœ™Ë\ÜÙ]Ëİ^\™\Ëİ^\™\×İÙX˜\ÜÚÙ[[Û‹œ™ËMLŒMÍÙŒ˜XNYXŒ˜™MÌNY˜NLMLÌÌNM˜LØÍ˜ÎMLLŒŒLLÙŒÙNY‹›İXÛX\™Y˜[ÙK™\šYHXXÚš\İX[Ù]Üˆ^ÛYH]œ›ÛHHX›XÈZ[‚˜\ÜÙ]Ëİ^\™\Ëİ^\™\×İÙX˜\ÜÚÙ[[Û‹İÙYØÛÛÛÜÜš]Kœ™Ë\ÜÙ]Ëİ^\™\Ëİ^\™\×İÙX˜\ÜÚÙ[[Û‹œ™ËMLLËŒLY˜NLNY˜˜™NMLÎLLLÍÙYLY™ÙXXYŒÙM˜ÌÍÙLÎNÌÍŒÌØÌMÌØŒ™›İXÛX\™Y˜[ÙK™\šYHXXÚš\İX[Ù]Üˆ^ÛYH]œ›ÛHHX›XÈZ[‚˜\ÜÙ]Ëİ^\™\Ëİ^\™\×İÙX˜\ÜÚÙ[[Û‹İÙYØÜY[ÛXZ[‹\Ú[KÙXœ\ÜÙ]Ëİ^\™\Ëİ^\™\×İÙX˜\ÜÚÙ[[Û‹ÙXœ‹ØÌMMØ™NYYX˜LLÙNM™XŒNMŒÍŒŒŒYLNXLØÍ˜LÌMÎ™L™ŒØMÎLÙMMMŒË›İXÛX\™Y˜[ÙK™\šYHXXÚš\İX[Ù]Üˆ^ÛYH]œ›ÛHHX›XÈZ[‚˜\ÜÙ]Ëİ^\™\Ëİ^\™\×İÙX˜\ÜÚÙ[[Û‹İÙYØÜY[ÛXZ[‹ÙXœ\ÜÙ]Ëİ^\™\Ëİ^\™\×İÙX˜\ÜÚÙ[[Û‹ÙXœMÍØL™YLN˜ÙXLÎNMNÙ™XYLØMYXLÎLÎYYLXLÌÌMÍLÙLÎ›İXÛX\™Y˜[ÙK™\šYHXXÚš\İX[Ù]Üˆ^ÛYH]œ›ÛHHX›XÈZ[‚˜\ÜÙ]Ëİ^\™\Ëİ^\™\×İÙX˜\ÜÚÙ[[Û‹İÙYØÜY[ÜÜš]K\Ú[Kœ™Ë\ÜÙ]Ëİ^\™\Ëİ^\™\×İÙX˜\ÜÚÙ[[Û‹œ™ËMÌËMŒÌMŒ™ÎNY˜NLŒÙMLÌÎM™YXŒŒLXÌÍŒXXÌ™˜˜NMLMÙNLXÌMLXNMN›İXÛX\™Y˜[ÙK™\šYHXXÚš\İX[Ù]Üˆ^ÛYH]œ›ÛHHX›XÈZ[‚˜\ÜÙ]Ëİ^\™\Ëİ^\™\×İÙX˜\ÜÚÙ[[Û‹İÙYØÜY[ÜÜš]Kœ™Ë\ÜÙ]Ëİ^\™\Ëİ^\™\×İÙX˜\ÜÚÙ[[Û‹œ™ËLLKÎMŒÌMÙNÌNMLÍ˜ÍXŒÎÌ˜ÍÍØ˜ÙMMŒÍ™MÙ˜LØÎY˜‹›İXÛX\™Y˜[ÙK™\šYHXXÚš\İX[Ù]Üˆ^ÛYH]œ›ÛHHX›XÈZ[‚˜\ÜÙ]Ëİ^\™\Ëİ^\™\×İÙX˜\ÜÚÙ[[Û‹İÙÙY[X\KÛXZ[‹\Ú[KÙXœ\ÜÙ]Ëİ^\™\Ëİ^\™\×İÙX˜\ÜÚÙ[[Û‹ÙXœŒMÌÎYÌÎL˜ÎX˜LL˜™NMMØYMÙÌLŒXÌYL˜ÌÎLÌYŒL™XŒYXŒÍŒË›İXÛX\™Y˜[ÙK™\šYHXXÚš\İX[Ù]Üˆ^ÛYH]œ›ÛHHX›XÈZ[‚˜\ÜÙ]Ëİ^\™\Ëİ^\™\×İÙX˜\ÜÚÙ[[Û‹İÙÙY[X\KÛXZ[‹ÙXœ\ÜÙ]Ëİ^\™\Ëİ^\™\×İÙX˜\ÜÚÙ[[Û‹ÙXœŒŒL‹™NNLMNLNLŒÌM™ŒŒŒNLŒ™YLÍMLÎLÙNXŒÙ™MMLLÍLL˜™›İXÛX\™Y˜[ÙK™\šYHXXÚš\İX[Ù]Üˆ^ÛYH]œ›ÛHHX›XÈZ[‚˜\ÜÙ]Ëİ^\™\Ëİ^\™\×İÙX˜\ÜÚÙ[[Û‹İÙÙY[X\KÜÜš]K\Ú[Kœ™Ë\ÜÙ]Ëİ^\™\Ëİ^\™\×İÙX˜\ÜÚÙ[[Û‹œ™ËŒ‹ÍŒXÍXM˜LŒYLØMYMŒ˜ÙM™LX˜ÌØ˜ÍÍMÍNMY˜ØÍÌŒÌÎLXMXLŒY™XML›İXÛX\™Y˜[ÙK™\šYHXXÚš\İX[Ù]Üˆ^ÛYH]œ›ÛHHX›XÈZ[‚˜\ÜÙ]Ëİ^\™\Ëİ^\™\×İÙX˜\ÜÚÙ[[Û‹İÙÙY[X\KÜÜš]Kœ™Ë\ÜÙ]Ëİ^\™\Ëİ^\™\×İÙX˜\ÜÚÙ[[Û‹œ™ËŒ‹MŒMMÎYÍÍNYYNY™LÍŒÍMLMÙ™˜ÌLÍX˜ÌÎ™LXNÎÍLÍY‹›İXÛX\™Y˜[ÙK™\šYHXXÚš\İX[Ù]Üˆ^ÛYH]œ›ÛHHX›XÈZ[‚˜\ÜÙ]Ëİ^\™\Ëİ^\™\×İÙX˜\ÜÚÙ[[Û‹İÙÙZÚ\ÜËÛXZ[‹\Ú[KÙXœ\ÜÙ]Ëİ^\™\Ëİ^\™\×İÙX˜\ÜÚÙ[[Û‹ÙXœLÌŒÎLÍÍÙ˜ÎMŒÙLY™ŒXÎMXYŒØÍYŒŒMÎMŒÌLÙŒLÌÌØË›İXÛX\™Y˜[ÙK™\šYHXXÚš\İX[Ù]Üˆ^ÛYH]œ›ÛHHX›XÈZ[‚˜\ÜÙ]Ëİ^\™\Ëİ^\™\×İÙX˜\ÜÚÙ[[Û‹İÙÙZÚ\ÜËÛXZ[‹ÙXœ\ÜÙ]Ëİ^\™\Ëİ^\™\×İÙX˜\ÜÚÙ[[Û‹ÙXœÍLL‹X˜YNLNMYŒMLØÙXY˜XÌÍŒŒNÌXMMÌYŒÙNLLÍ˜™XØ™‹›İXÛX\™Y˜[ÙK™\šYHXXÚš\İX[Ù]Üˆ^ÛYH]œ›ÛHHX›XÈZ[‚˜\ÜÙ]Ëİ^\™\Ëİ^\™\×İÙX˜\ÜÚÙ[[Û‹İÙÙZÚ\ÜËÜÜš]K\Ú[Kœ™Ë\ÜÙ]Ëİ^\™\Ëİ^\™\×İÙX˜\ÜÚÙ[[Û‹œ™ËÌYYÌXLÌÌÌÌŒØLMØÙLLYLÙØNÍÙÌ™ŒXØ™MÙ™˜YMLLÙYNYLN›İXÛX\™Y˜[ÙK™\šYHXXÚš\İX[Ù]Üˆ^ÛYH]œ›ÛHHX›XÈZ[‚˜\ÜÙ]Ëİ^\™\Ëİ^\™\×İÙX˜\ÜÚÙ[[Û‹İÙÙZÚ\ÜËÜÜš]Kœ™Ë\ÜÙ]Ëİ^\™\Ëİ^\™\×İÙX˜\ÜÚÙ[[Û‹œ™ËÌ‹ŒXÙ™ÍYMŒXNÌ™YL˜YÍLXLYLÌŒLÌL˜™LMÍÌYÌMŒÌ‹›İXÛX\™Y˜[ÙK™\šYHXXÚš\İX[Ù]Üˆ^ÛYH]œ›ÛHHX›XÈZ[‚˜\ÜÙ]Ëİ^\™\Ëİ^\™\×İÙX˜\ÜÚÙ[[Û‹İÙÙ\KÛXZ[‹\Ú[KÙXœ\ÜÙ]Ëİ^\™\Ëİ^\™\×İÙX˜\ÜÚÙ[[Û‹ÙXœLNM‹ÌÌLNMLXL˜LØŒØ˜NMLXÌ˜ÌÎLL˜MMØLÎYY™˜YYŒÙÌM˜ØÙLXLXK›İXÛX\™Y˜[ÙK™\šYHXXÚš\İX[Ù]Üˆ^ÛYH]œ›ÛHHX›XÈZ[‚˜\ÜÙ]Ëİ^\™\Ëİ^\™\×İÙX˜\ÜÚÙ[[Û‹İÙÙ\KÛXZ[‹ÙXœ\ÜÙ]Ëİ^\™\Ëİ^\™\×İÙX˜\ÜÚÙ[[Û‹ÙXœLMNÙM˜ÙÎYŒNL™LLŒ˜ŒMÍÍXNÌ™NN˜L™ÌØÙLM˜LYNË›İXÛX\™Y˜[ÙK™\šYHXXÚš\İX[Ù]Üˆ^ÛYH]œ›ÛHHX›XÈZ[‚˜\ÜÙ]Ëİ^\™\Ëİ^\™\×İÙX˜\ÜÚÙ[[Û‹İÙÙ\KÜÜš]K\Ú[Kœ™Ë\ÜÙ]Ëİ^\™\Ëİ^\™\×İÙX˜\ÜÚÙ[[Û‹œ™Ë‹MY™Ù˜ÌÎMLÎXXYLM˜˜MLNYØÍMŒÎXM›İXÛX\™Y˜[ÙK™\šYHXXÚš\İX[Ù]Üˆ^ÛYH]œ›ÛHHX›XÈZ[‚˜\ÜÙ]Ëİ^\™\Ëİ^\™\×İÙX˜\ÜÚÙ[[Û‹İÙÙ\KÜÜš]Kœ™Ë\ÜÙ]Ëİ^\™\Ëİ^\™\×İÙX˜\ÜÚÙ[[Û‹œ™ËËÍ™™LM˜˜ÍMM™˜ŒÌXLMŒÌ˜M˜ŒLMÎYXMYØÎXNMXŒÍYLÍMÙK›İXÛX\™Y˜[ÙK™\šYHXXÚš\İX[Ù]Üˆ^ÛYH]œ›ÛHHX›XÈZ[‚˜\ÜÙ]Ëİ^\™\Ëİ^\™\×İÙX˜\ÜÚÙ[[Û‹İÙÙ]XËÛXZ[‹\Ú[KÙXœ\ÜÙ]Ëİ^\™\Ëİ^\™\×İÙX˜\ÜÚÙ[[Û‹ÙXœÍLÎLÍØÎXÎMÌYXÌYLXÌY™LNL˜ÍØÎLÙÙŒØMMÎNMŒÙM™Ì˜Y˜Ù›İXÛX\™Y˜[ÙK™\šYHXXÚš\İX[Ù]Üˆ^ÛYH]œ›ÛHHX›XÈZ[‚˜\ÜÙ]Ëİ^\™\Ëİ^\™\×İÙX˜\ÜÚÙ[[Û‹İÙÙ]XËÛXZ[‹ÙXœ\ÜÙ]Ëİ^\™\Ëİ^\™\×İÙX˜\ÜÚÙ[[Û‹ÙXœÌÍN˜LŒ™XÎ™XM™XLNN˜YLÌM˜ÌLÎM˜ÙŒÙYY˜ÌLÙXLÍXÌÎX‹›İXÛX\™Y˜[ÙK™\šYHXXÚš\İX[Ù]Üˆ^ÛYH]œ›ÛHHX›XÈZ[‚˜\ÜÙ]Ëİ^\™\Ëİ^\™\×İÙX˜\ÜÚÙ[[Û‹İÙÙ]XËÜÜš]K\Ú[Kœ™Ë\ÜÙ]Ëİ^\™\Ëİ^\™\×İÙX˜\ÜÚÙ[[Û‹œ™ËŒLXŒNNÎXXLY™MØYLÙX˜Ù™NÎMÌMNLÍMŒŒXØYNM˜ÍXÍØ™ØË›İXÛX\™Y˜[ÙK™\šYHXXÚš\İX[Ù]Üˆ^ÛYH]œ›ÛHHX›XÈZ[‚˜\ÜÙ]Ëİ^\™\Ëİ^\™\×İÙX˜\ÜÚÙ[[Û‹İÙÙ]XËÜÜš]Kœ™Ë\ÜÙ]Ëİ^\™\Ëİ^\™\×İÙX˜\ÜÚÙ[[Û‹œ™ËKY˜LNNMLÙŒÌÎXMXXYXÌÎ™LMØMÎMÎLÎØ˜˜YM™M›İXÛX\™Y˜[ÙK™\šYHXXÚš\İX[Ù]Üˆ^ÛYH]œ›ÛHHX›XÈZ[‚˜\ÜÙ]Ëİ^\™\Ëİ^\™\×İÙX˜\ÜÚÙ[[Û‹İÜ˜ÚXËÛXZ[‹\Ú[KÙXœ\ÜÙ]Ëİ^\™\Ëİ^\™\×İÙX˜\ÜÚÙ[[Û‹ÙXœÍÎMÌÌLL™LÎLYMØŒÙÎØŒÌØÍMÙY˜Í™˜MÎM˜˜MMÎXÌŒÍLÍLÍŒË›İXÛX\™Y˜[ÙK™\šYHXXÚš\İX[Ù]Üˆ^ÛYH]œ›ÛHHX›XÈZ[‚˜\ÜÙ]Ëİ^\™\Ëİ^\™\×İÙX˜\ÜÚÙ[[Û‹İÜ˜ÚXËÛXZ[‹ÙXœ\ÜÙ]Ëİ^\™\Ëİ^\™\×İÙX˜\ÜÚÙ[[Û‹ÙXœMLMÌ‹ŒÌÍÌØÌØÌXYLLLÎLLÎNØYXMMŒM˜ŒÍØMMÍXN™M™™L˜ÙK›İXÛX\™Y˜[ÙK™\šYHXXÚš\İX[Ù]Üˆ^ÛYH]œ›ÛHHX›XÈZ[‚˜\ÜÙ]Ëİ^\™\Ëİ^\™\×İÙX˜\ÜÚÙ[[Û‹İÜ˜ÚXËÜÜš]K\Ú[Kœ™Ë\ÜÙ]Ëİ^\™\Ëİ^\™\×İÙX˜\ÜÚÙ[[Û‹œ™ËKXLÙNLÙŒL™™ÌLÌÙM™LÍMÎÎXÌ˜ÙMXNNMMMÍÙ™NNNMLM›İXÛX\™Y˜[ÙK™\šYHXXÚš\İX[Ù]Üˆ^ÛYH]œ›ÛHHX›XÈZ[‚˜\ÜÙ]Ëİ^\™\Ëİ^\™\×İÙX˜\ÜÚÙ[[Û‹İÜ˜ÚXËÜÜš]Kœ™Ë\ÜÙ]Ëİ^\™\Ëİ^\™\×İÙX˜\ÜÚÙ[[Û‹œ™ËŒ‹MLL˜LÙLY™ŒMLÌLYØLÍXŒXNMXNXÍXÙN˜Í˜NLÍMYØX™˜ÌXÍ›İXÛX\™Y˜[ÙK™\šYHXXÚš\İX[Ù]Üˆ^ÛYH]œ›ÛHHX›XÈZ[‚˜\ÜÙ]Ëİ^\™\Ëİ^\™\×İÙX˜\ÜÚÙ[[Û‹İÜšÛØ[ÛXZ[‹\Ú[KÙXœ\ÜÙ]Ëİ^\™\Ëİ^\™\×İÙX˜\ÜÚÙ[[Û‹ÙXœLLÎMÙMMÙM˜XXMMMÙNÍ˜ØØ˜ÍØMÎLLXLMÙLLLÍÍ™ŒÌÍÙLLÍK›İXÛX\™Y˜[ÙK™\šYHXXÚš\İX[Ù]Üˆ^ÛYH]œ›ÛHHX›XÈZ[‚˜\ÜÙ]Ëİ^\™\Ëİ^\™\×İÙX˜\ÜÚÙ[[Û‹İÜšÛØ[ÛXZ[‹ÙXœ\ÜÙ]Ëİ^\™\Ëİ^\™\×İÙX˜\ÜÚÙ[[Û‹ÙXœLŒNØNŒYØÌMXÌLMØÌXŒYÍXÍX˜ÙŒÍ™YLŒNNNMØLÎXMÌÍØLK›İXÛX\™Y˜[ÙK™\šYHXXÚš\İX[Ù]Üˆ^ÛYH]œ›ÛHHX›XÈZ[‚˜\ÜÙ]Ëİ^\™\Ëİ^\™\×İÙX˜\ÜÚÙ[[Û‹İÜšÛØ[ÜÜš]K\Ú[Kœ™Ë\ÜÙ]Ëİ^\™\Ëİ^\™\×İÙX˜\ÜÚÙ[[Û‹œ™ËLMÍÌ˜L™ÌÌŒÙŒYÎL™ŒLYL˜ÎMLYLLÍÎŒŒÍNLÌNNLÍË›İXÛX\™Y˜[ÙK™\šYHXXÚš\İX[Ù]Üˆ^ÛYH]œ›ÛHHX›XÈZ[‚˜\ÜÙ]Ëİ^\™\Ëİ^\™\×İÙX˜\ÜÚÙ[[Û‹İÜšÛØ[ÜÜš]Kœ™Ë\ÜÙ]Ëİ^\™\Ëİ^\™\×İÙX˜\ÜÚÙ[[Û‹œ™ËLMÌKÎXÍ™ŒXÙMXÍMMÌÍ™LXMÍLMLÎMŒMMÙXÌXXŒØÍÍÎXX˜ÙLMLLK›İXÛX\™Y˜[ÙK™\šYHXXÚš\İX[Ù]Üˆ^ÛYH]œ›ÛHHX›XÈZ[‚˜\ÜÙ]Ëİ^\™\Ëİ^\™\×İÙX˜\ÜÚÙ[[Û‹İÜ›˜Y\Ë]\šX[‹ÛXZ[‹\Ú[KÙXœ\ÜÙ]Ëİ^\™\Ëİ^\™\×İÙX˜\ÜÚÙ[[Û‹ÙXœNÌLNLŒÙY˜ŒYÌŒŒÍYYM™ØMY™MÙMÎÙ™™XÎ˜ØNXLÍ˜Í™ŒYXNXXË›İXÛX\™Y˜[ÙK™\šYHXXÚš\İX[Ù]Üˆ^ÛYH]œ›ÛHHX›XÈZ[‚˜\ÜÙ]Ëİ^\™\Ëİ^\™\×İÙX˜\ÜÚÙ[[Û‹İÜ›˜Y\Ë]\šX[‹ÛXZ[‹ÙXœ\ÜÙ]Ëİ^\™\Ëİ^\™\×İÙX˜\ÜÚÙ[[Û‹ÙXœLÌM˜ÍŒXÍMY˜M˜ÌXY™NXÎYÙMØMLŒNLÙYMÍÍŒ˜˜ÙØŒŒN™XÌYYNXË›İXÛX\™Y˜[ÙK™\šYHXXÚš\İX[Ù]Üˆ^ÛYH]œ›ÛHHX›XÈZ[‚˜\ÜÙ]Ëİ^\™\Ëİ^\™\×İÙX˜\ÜÚÙ[[Û‹İÜ›˜Y\Ë]\šX[‹ÜÜš]K\Ú[Kœ™Ë\ÜÙ]Ëİ^\™\Ëİ^\™\×İÙX˜\ÜÚÙ[[Û‹œ™ËMLNNYÌÍYMÍÌ˜ÙY™LY˜L™ØÌØÍØÌXÎLMXY˜ÌLÙL˜˜LMÙ›İXÛX\™Y˜[ÙK™\šYHXXÚš\İX[Ù]Üˆ^ÛYH]œ›ÛHHX›XÈZ[‚˜\ÜÙ]Ëİ^\™\Ëİ^\™\×İÙX˜\ÜÚÙ[[Û‹İÜ›˜Y\Ë]\šX[‹ÜÜš]Kœ™Ë\ÜÙ]Ëİ^\™\Ëİ^\™\×İÙX˜\ÜÚÙ[[Û‹œ™ËLÌÙ™MLLXÌÎØYNLLLXMÌÙXÙNXØÌŒ™ÍÍÙYLÎLMÌÙM™™YK›İXÛX\™Y˜[ÙK™\šYHXXÚš\İX[Ù]Üˆ^ÛYH]œ›ÛHHX›XÈZ[‚˜\ÜÙ]Ëİ^\™\Ëİ^\™\×İÙX˜\ÜÚÙ[[Û‹İÜ›˜Y\ËÛXZ[‹\Ú[KÙXœ\ÜÙ]Ëİ^\™\Ëİ^\™\×İÙX˜\ÜÚÙ[[Û‹ÙXœNL‹ØYÍYÌÍŒØX˜ÍYŒYY™YM™MÙÍLØ˜ÙŒ˜ØÌMNMÌLØÌÙXLË›İXÛX\™Y˜[ÙK™\šYHXXÚš\İX[Ù]Üˆ^ÛYH]œ›ÛHHX›XÈZ[‚˜\ÜÙ]Ëİ^\™\Ëİ^\™\×İÙX˜\ÜÚÙ[[Û‹İÜ›˜Y\ËÛXZ[‹ÙXœ\ÜÙ]Ëİ^\™\Ëİ^\™\×İÙX˜\ÜÚÙ[[Û‹ÙXœLÎXM˜MXØ˜X˜ØXYŒMLØMØŒÍLØMLŒMMLÙXÌ˜ÍŒ˜ÎË›İXÛX\™Y˜[ÙK™\šYHXXÚš\İX[Ù]Üˆ^ÛYH]œ›ÛHHX›XÈZ[‚˜\ÜÙ]Ëİ^\™\Ëİ^\™\×İÙX˜\ÜÚÙ[[Û‹İÜ›˜Y\ËÜÜš]K\Ú[Kœ™Ë\ÜÙ]Ëİ^\™\Ëİ^\™\×İÙX˜\ÜÚÙ[[Û‹œ™ËLŒNYL˜ÌÌÌÌ˜ÌŒMÎMØ˜YMÌÌÙ™LØXÙMŒXL™YNMNXLØÍÍLYMÌØÌ›İXÛX\™Y˜[ÙK™\šYHXXÚš\İX[Ù]Üˆ^ÛYH]œ›ÛHHX›XÈZ[‚˜\ÜÙ]Ëİ^\™\Ëİ^\™\×İÙX˜\ÜÚÙ[[Û‹İÜ›˜Y\ËÜÜš]Kœ™Ë\ÜÙ]Ëİ^\™\Ëİ^\™\×İÙX˜\ÜÚÙ[[Û‹œ™ËLŒNKN˜˜MÎXØMŒ™™XØY™NYMLŒÙXX˜ÎMÌØÍØLÌ™ŒŒXXÌYLŒNÌXØM™ÍK›İXÛX\™Y˜[ÙK™\šYHXXÚš\İX[Ù]Üˆ^ÛYH]œ›ÛHHX›XÈZ[‚˜\ÜÙ]Ëİ^\™\Ëİ^\™\×İÙX˜\ÜÚÙ[[Û‹İÜœ˜XØ]ÛXZ[‹\Ú[KÙXœ\ÜÙ]Ëİ^\™\Ëİ^\™\×İÙX˜\ÜÚÙ[[Û‹ÙXœŒM‹ÌLÍ˜ØÌ˜YÍLÌLMMYY˜MXYŒ˜LNNMŒŒLLÌNYÍŒŒXMÌÌ™‹›İXÛX\™Y˜[ÙK™\šYHXXÚš\İX[Ù]Üˆ^ÛYH]œ›ÛHHX›XÈZ[‚˜\ÜÙ]Ëİ^\™\Ëİ^\™\×İÙX˜\ÜÚÙ[[Û‹İÜœ˜XØ]ÛXZ[‹ÙXœ\ÜÙ]Ëİ^\™\Ëİ^\™\×İÙX˜\ÜÚÙ[[Û‹ÙXœÌÌ‹ÎÎMMÍXŒŒŒÍÍMÌ™MMÙ™L˜ØYMÙŒŒ˜ÌYLLØ™LË›İXÛX\™Y˜[ÙK™\šYHXXÚš\İX[Ù]Üˆ^ÛYH]œ›ÛHHX›XÈZ[‚˜\ÜÙ]Ëİ^\™\Ëİ^\™\×İÙX˜\ÜÚÙ[[Û‹İÜœ˜XØ]ÜÜš]K\Ú[Kœ™Ë\ÜÙ]Ëİ^\™\Ëİ^\™\×İÙX˜\ÜÚÙ[[Û‹œ™ËÍ‹MŒMÌÌLŒYMÌÌNNLŒŒØLXÙNNLMÍÍLÍLÍXXÙMM™Ë›İXÛX\™Y˜[ÙK™\šYHXXÚš\İX[Ù]Üˆ^ÛYH]œ›ÛHHX›XÈZ[‚˜\ÜÙ]Ëİ^\™\Ëİ^\™\×İÙX˜\ÜÚÙ[[Û‹İÜœ˜XØ]ÜÜš]Kœ™Ë\ÜÙ]Ëİ^\™\Ëİ^\™\×İÙX˜\ÜÚÙ[[Û‹œ™ËÍ‹ŒXLÙ˜˜ŒŒYXŒ™ÍÍŒYNŒÙÙLY™M™XLNY˜ØÍ™M™™Œ‹›İXÛX\™Y˜[ÙK™\šYHXXÚš\İX[Ù]Üˆ^ÛYH]œ›ÛHHX›XÈZ[‚˜\ÜÙ]Ëİ^\™\Ëİ^\™\×İÙX˜\ÜÚÙ[[Û‹İÜ\œ˜KÛXZ[‹\Ú[KÙXœ\ÜÙ]Ëİ^\™\Ëİ^\™\×İÙX˜\ÜÚÙ[[Û‹ÙXœML‹M˜™MØLÍMÍÎMØÎNL™ŒÌ™Y˜ŒXŒ™™X™XÎŒLÙ˜ÍŒMÌØYMÍØL›İXÛX\™Y˜[ÙK™\šYHXXÚš\İX[Ù]Üˆ^ÛYH]œ›ÛHHX›XÈZ[‚˜\ÜÙ]Ëİ^\™\Ëİ^\™\×İÙX˜\ÜÚÙ[[Û‹İÜ\œ˜KÛXZ[‹ÙXœ\ÜÙ]Ëİ^\™\Ëİ^\™\×İÙX˜\ÜÚÙ[[Û‹ÙXœLMÌŒÙ˜ØÎLMÍMÎÌŒNMN˜ÌX™™XMLÙMÌYYYYYLŒŒY™˜ÍØ˜L˜Í›İXÛX\™Y˜[ÙK™\šYHXXÚš\İX[Ù]Üˆ^ÛYH]œ›ÛHHX›XÈZ[‚˜\ÜÙ]Ëİ^\™\Ëİ^\™\×İÙX˜\ÜÚÙ[[Û‹İÜ\œ˜KÜÜš]K\Ú[Kœ™Ë\ÜÙ]Ëİ^\™\Ëİ^\™\×İÙX˜\ÜÚÙ[[Û‹œ™ËM‹ÎL˜˜ÙXÌ˜Ù˜™ÌMYNM™X˜Í˜XÌLÍÍY˜ŒŒLŒ˜ŒÌXØÌX˜ØL‹›İXÛX\™Y˜[ÙK™\šYHXXÚš\İX[Ù]Üˆ^ÛYH]œ›ÛHHX›XÈZ[‚˜\ÜÙ]Ëİ^\™\Ëİ^\™\×İÙX˜\ÜÚÙ[[Û‹İÜ\œ˜KÜÜš]Kœ™Ë\ÜÙ]Ëİ^\™\Ëİ^\™\×İÙX˜\ÜÚÙ[[Û‹œ™ËMYN˜ØØÍÍMÌŒÍXÌØŒMØÌ™˜Ù™M˜ÌØÌLŒ™LØLØÌÌL™MNLŒÙL›İXÛX\™Y˜[ÙK™\šYHXXÚš\İX[Ù]Üˆ^ÛYH]œ›ÛHHX›XÈZ[‚˜\ÜÙ]Ëİ^\™\Ëİ^\™\×İÙX˜\ÜÚÙ[[Û‹İİÙ[KÛXZ[‹\Ú[KÙXœ\ÜÙ]Ëİ^\™\Ëİ^\™\×İÙX˜\ÜÚÙ[[Û‹ÙXœÌL‹MØÙ˜Ø˜YL™Y™LLYYŒ™YL˜ØÙX˜ÎYŒÍMMŒXÎØØÙXL™›İXÛX\™Y˜[ÙK™\šYHXXÚš\İX[Ù]Üˆ^ÛYH]œ›ÛHHX›XÈZ[‚˜\ÜÙ]Ëİ^\™\Ëİ^\™\×İÙX˜\ÜÚÙ[[Û‹İİÙ[KÛXZ[‹ÙXœ\ÜÙ]Ëİ^\™\Ëİ^\™\×İÙX˜\ÜÚÙ[[Û‹ÙXœÌLÍŒYLÌØÎLÌ˜ÌØMYL™LŒÙLÍØNMNY˜˜LØÎXÙLL™X™NNK›İXÛX\™Y˜[ÙK™\šYHXXÚš\İX[Ù]Üˆ^ÛYH]œ›ÛHHX›XÈZ[‚˜\ÜÙ]Ëİ^\™\Ëİ^\™\×İÙX˜\ÜÚÙ[[Û‹İİÙ[KÜÜš]K\Ú[Kœ™Ë\ÜÙ]Ëİ^\™\Ëİ^\™\×İÙX˜\ÜÚÙ[[Û‹œ™ËMLLÌLMMÙMÙNLXÙY˜™LÌÌLL˜NXLÙLNX˜MM˜™MMÍLY™˜XMLØMË›İXÛX\™Y˜[ÙK™\šYHXXÚš\İX[Ù]Üˆ^ÛYH]œ›ÛHHX›XÈZ[‚˜\ÜÙ]Ëİ^\™\Ëİ^\™\×İÙX˜\ÜÚÙ[[Û‹İİÙ[KÜÜš]Kœ™Ë\ÜÙ]Ëİ^\™\Ëİ^\™\×İÙX˜\ÜÚÙ[[Û‹œ™ËML‹ŒXMMÎLNLÎÎÎNYÌÎYÙYYXÙ™YXŒ˜YŒMÙŒMÎLÙMÙ›İXÛX\™Y˜[ÙK™\šYHXXÚš\İX[Ù]Üˆ^ÛYH]œ›ÛHHX›XÈZ[‚˜\ÜÙ]Ëİ^\™\Ëİ^\™\×İÙX˜\ÜÚÙ[[Û‹İİXØ[››Û‹ÛXZ[‹\Ú[KÙXœ\ÜÙ]Ëİ^\™\Ëİ^\™\×İÙX˜\ÜÚÙ[[Û‹ÙXœ‹ÌNYÍØÙMØMX™NNXXYXÌMØXØÍŒ˜XMÙ˜Œ™MXÌMLØMÌLL˜ØŒNK›İXÛX\™Y˜[ÙK™\šYHXXÚš\İX[Ù]Üˆ^ÛYH]œ›ÛHHX›XÈZ[‚˜\ÜÙ]Ëİ^\™\Ëİ^\™\×İÙX˜\ÜÚÙ[[Û‹İİXØ[››Û‹ÛXZ[‹ÙXœ\ÜÙ]Ëİ^\™\Ëİ^\™\×İÙX˜\ÜÚÙ[[Û‹ÙXœNLŒ™MÍÙŒLÌŒLŒÙÙMYMLMŒLY™˜YNŒY™LŒ™MØÙØÌŒLX˜ŒË›İXÛX\™Y˜[ÙK™\šYHXXÚš\İX[Ù]Üˆ^ÛYH]œ›ÛHHX›XÈZ[‚˜\ÜÙ]Ëİ^\™\Ëİ^\™\×İÙX˜\ÜÚÙ[[Û‹İİXØ[››Û‹ÜÜš]K\Ú[Kœ™Ë\ÜÙ]Ëİ^\™\Ëİ^\™\×İÙX˜\ÜÚÙ[[Û‹œ™ËML‹ÎMMMMØLMXMØNMMMNYM˜LLÍ™™LLXÎYÙX™™MXMØ˜MLÍÍÙÙYM›İXÛX\™Y˜[ÙK™\šYHXXÚš\İX[Ù]Üˆ^ÛYH]œ›ÛHHX›XÈZ[‚˜\ÜÙ]Ëİ^\™\Ëİ^\™\×İÙX˜\ÜÚÙ[[Û‹İİXØ[››Û‹ÜÜš]Kœ™Ë\ÜÙ]Ëİ^\™\Ëİ^\™\×İÙX˜\ÜÚÙ[[Û‹œ™ËML‹™XØ™LXYŒLYÌÙŒXÌMÍMŒL™™NMŒÌXLÌÌ™˜MÌÎLXNNLÙ™‹›İXÛX\™Y˜[ÙK™\šYHXXÚš\İX[Ù]Üˆ^ÛYH]œ›ÛHHX›XÈZ[‚˜\ÜÙ]Ëİ^\™\Ëİ^\™\×İÙX˜\ÜÚÙ[[Û‹İŞ\^ÛXZ[‹\Ú[KÙXœ\ÜÙ]Ëİ^\™\Ëİ^\™\×İÙX˜\ÜÚÙ[[Û‹ÙXœL‹Í™XØLLÍYÙ˜™ÙNLYXML˜ÍÍŒMMÍÌYYLØYŒÎNLÌLLÍXXMÎÍLK›İXÛX\™Y˜[ÙK™\šYHXXÚš\İX[Ù]Üˆ^ÛYH]œ›ÛHHX›XÈZ[‚˜\ÜÙ]Ëİ^\™\Ëİ^\™\×İÙX˜\ÜÚÙ[[Û‹İŞ\^ÛXZ[‹ÙXœ\ÜÙ]Ëİ^\™\Ëİ^\™\×İÙX˜\ÜÚÙ[[Û‹ÙXœMÌÎÙØLÎ™MÌÌØÙŒÌMXNMÎLØMÙØ˜MØLŒÍÍ˜ØŒÍ™M˜ÙMYŒ‹›İXÛX\™Y˜[ÙK™\šYHXXÚš\İX[Ù]Üˆ^ÛYH]œ›ÛHHX›XÈZ[‚˜\ÜÙ]Ëİ^\™\Ëİ^\™\×İÙX˜\ÜÚÙ[[Û‹İŞ\^ÜÜš]K\Ú[Kœ™Ë\ÜÙ]Ëİ^\™\Ëİ^\™\×İÙX˜\ÜÚÙ[[Û‹œ™ËLMLMŒ˜NLØYNLÙXÎMØMØ˜™˜ØÙLÙXÌØXÌØ™XÎNNÍŒ˜XÍLŒ›İXÛX\™Y˜[ÙK™\šYHXXÚš\İX[Ù]Üˆ^ÛYH]œ›ÛHHX›XÈZ[‚˜\ÜÙ]Ëİ^\™\Ëİ^\™\×İÙX˜\ÜÚÙ[[Û‹İŞ\^ÜÜš]Kœ™Ë\ÜÙ]Ëİ^\™\Ëİ^\™\×İÙX˜\ÜÚÙ[[Û‹œ™ËLMŒËØ™LŒÌ™M™YÙXŒŒÌXMXÍ˜XYN™™˜™Œ™YLXÎMŒ™LØMMLÙNÍK›İXÛX\™Y˜[ÙK™\šYHXXÚš\İX[Ù]Üˆ^ÛYH]œ›ÛHHX›XÈZ[‚˜\ÜÙ]Ëİ^\™\Ëİ^\™\×İÙX˜\ÜÚÙ[[Û‹İŞ[ÛXZ[‹\Ú[KÙXœ\ÜÙ]Ëİ^\™\Ëİ^\™\×İÙX˜\ÜÚÙ[[Û‹ÙXœMÌŒL™ÌÍÙ˜M˜ÍYLØŒLÙNXÌÌMØYNXŒXÌNLN™˜ØŒÙ™LMÍM˜MÌ‹›İXÛX\™Y˜[ÙK™\šYHXXÚš\İX[Ù]Üˆ^ÛYH]œ›ÛHHX›XÈZ[‚˜\ÜÙ]Ëİ^\™\Ëİ^\™\×İÙX˜\ÜÚÙ[[Û‹İŞ[ÛXZ[‹ÙXœ\ÜÙ]Ëİ^\™\Ëİ^\™\×İÙX˜\ÜÚÙ[[Û‹ÙXœMNLÎM˜MM™XŒÍY™M™L™ÙÍÎ˜ÎÙÎ™LŒM™ØØÍM‹›İXÛX\™Y˜[ÙK™\šYHXXÚš\İX[Ù]Üˆ^ÛYH]œ›ÛHHX›XÈZ[‚˜\ÜÙ]Ëİ^\™\Ëİ^\™\×İÙX˜\ÜÚÙ[[Û‹İŞ[ÜÜš]K\Ú[Kœ™Ë\ÜÙ]Ëİ^\™\Ëİ^\™\×İÙX˜\ÜÚÙ[[Û‹œ™ËŒXŒYYXYØXLMØŒÍ˜˜ÌŒÎLLÍÍ˜MNNØØYMÍMÌÎL™˜YÌÌMLYY‹›İXÛX\™Y˜[ÙK™\šYHXXÚš\İX[Ù]Üˆ^ÛYH]œ›ÛHHX›XÈZ[‚˜\ÜÙ]Ëİ^\™\Ëİ^\™\×İÙX˜\ÜÚÙ[[Û‹İŞ[ÜÜš]Kœ™Ë\ÜÙ]Ëİ^\™\Ëİ^\™\×İÙX˜\ÜÚÙ[[Û‹œ™ËŒY˜ÍXLMÍNXXÙ™XÙŒY˜MMÙÌÎLLÎNÌÌLÌLÎXXÌÍY˜XØL‹›İXÛX\™Y˜[ÙK™\šYHXXÚš\İX[Ù]Üˆ^ÛYH]œ›ÛHHX›XÈZ[‚˜\ÜÙ]Ëİ^\™\Ëİ^\™\×İÙX˜\ÜÚÙ[[Û‹İŞXÜ›ØZËÛXZ[‹\Ú[KÙXœ\ÜÙ]Ëİ^\™\Ëİ^\™\×İÙX˜\ÜÚÙ[[Û‹ÙXœÍŒÌ‹XNXMÎXYYXMXLY™˜ØÌÌÙ˜ŒYNYŒÌ™XÍØÍLÙ™NL˜™˜™˜L˜LË›İXÛX\™Y˜[ÙK™\šYHXXÚš\İX[Ù]Üˆ^ÛYH]œ›ÛHHX›XÈZ[‚˜\ÜÙ]Ëİ^\™\Ëİ^\™\×İÙX˜\ÜÚÙ[[Û‹İŞXÜ›ØZËÛXZ[‹ÙXœ\ÜÙ]Ëİ^\™\Ëİ^\™\×İÙX˜\ÜÚÙ[[Û‹ÙXœÎNMÙMÙØŒXÌÍÌLÙÙYLÍYLLÙŒLMŒMLÌMLM˜ÍYXÌMLNLYMXØK›İXÛX\™Y˜[ÙK™\šYHXXÚš\İX[Ù]Üˆ^ÛYH]œ›ÛHHX›XÈZ[‚˜\ÜÙ]Ëİ^\™\Ëİ^\™\×İÙX˜\ÜÚÙ[[Û‹İŞXÜ›ØZËÜÜš]K\Ú[Kœ™Ë\ÜÙ]Ëİ^\™\Ëİ^\™\×İÙX˜\ÜÚÙ[[Û‹œ™ËKÍŒ™NÌLM˜ÙNX˜ØMŒÍMMMM˜MŒÌŒÙL™XÌÌŒLNL™XÍØÎXÎX™MMYÌK›İXÛX\™Y˜[ÙK™\šYHXXÚš\İX[Ù]Üˆ^ÛYH]œ›ÛHHX›XÈZ[‚˜\ÜÙ]Ëİ^\™\Ëİ^\™\×İÙX˜\ÜÚÙ[[Û‹İŞXÜ›ØZËÜÜš]Kœ™Ë\ÜÙ]Ëİ^\™\Ëİ^\™\×İÙX˜\ÜÚÙ[[Û‹œ™Ë™YÎX˜ÌMØÌŒMÙLÍ˜XLY™ŒNM˜XY˜ÌYXÎYÌÍNXLÍLÌ˜‹›İXÛX\™Y˜[ÙK™\šYHXXÚš\İX[Ù]Üˆ^ÛYH]œ›ÛHHX›XÈZ[‚˜\ÜÙ]Ëİ^\™\Ëİ^\™\×İÙX˜\ÜÚÙ[[Û‹İŞšXÚ]KX[\YÛXZ[‹\Ú[KÙXœ\ÜÙ]Ëİ^\™\Ëİ^\™\×İÙX˜\ÜÚÙ[[Û‹ÙXœMÍÌL‹XXMXÙ™ŒÍÎN˜ML™MXŒÙŒ˜ÍYÙ™L™LLLÍXLMŒM˜ŒØÙK›İXÛX\™Y˜[ÙK™\šYHXXÚš\İX[Ù]Üˆ^ÛYH]œ›ÛHHX›XÈZ[‚˜\ÜÙ]Ëİ^\™\Ëİ^\™\×İÙX˜\ÜÚÙ[[Û‹İŞšXÚ]KX[\YÛXZ[‹ÙXœ\ÜÙ]Ëİ^\™\Ëİ^\™\×İÙX˜\ÜÚÙ[[Û‹ÙXœMÌNM‹ŒNM™ŒÎNYŒYÎÍ™ŒŒ™L™Ù˜XXÙX™˜L˜N˜ŒÙNNLÎYŒ˜™N‹›İXÛX\™Y˜[ÙK™\šYHXXÚš\İX[Ù]Üˆ^ÛYH]œ›ÛHHX›XÈZ[‚˜\ÜÙ]Ëİ^\™\Ëİ^\™\×İÙX˜\ÜÚÙ[[Û‹İŞšXÚ]KX[\YÜÜš]K\Ú[Kœ™Ë\ÜÙ]Ëİ^\™\Ëİ^\™\×İÙX˜\ÜÚÙ[[Û‹œ™ËLNXŒXÌÍŒLM™XØLLØLØÌXLŒÍŒŒÙX˜ÌMØÍÙXLMÍÙLMŒØÎË›İXÛX\™Y˜[ÙK™\šYHXXÚš\İX[Ù]Üˆ^ÛYH]œ›ÛHHX›XÈZ[‚˜\ÜÙ]Ëİ^\™\Ëİ^\™\×İÙX˜\ÜÚÙ[[Û‹İŞšXÚ]KX[\YÜÜš]Kœ™Ë\ÜÙ]Ëİ^\™\Ëİ^\™\×İÙX˜\ÜÚÙ[[Û‹œ™ËLNMÍŒMMÎLÍYNLÌX™Y™NXÍÎXY™XM™˜ŒŒ˜™ŒÙMYMÌXYŒŒÌ™Œ‹›İXÛX\™Y˜[ÙK™\šYHXXÚš\İX[Ù]Üˆ^ÛYH]œ›ÛHHX›XÈZ[‚˜\ÜÙ]Ëİ^\™\Ëİ^\™\×İÙX˜\ÜÚÙ[[Û‹İŞšXÚ]K[İËZÙ^KÛXZ[‹\Ú[KÙXœ\ÜÙ]Ëİ^\™\Ëİ^\™\×İÙX˜\ÜÚÙ[[Û‹ÙXœLŒ‹ŒXÌÎLØY˜Í˜ÎNNÍXM˜ÍYYŒ˜MYLÌ™X˜Y˜ÌYÍÌÎLMÍÙNXYY™™ÎNYL‹›İXÛX\™Y˜[ÙK™\šYHXXÚš\İX[Ù]Üˆ^ÛYH]œ›ÛHHX›XÈZ[‚˜\ÜÙ]Ëİ^\™\Ëİ^\™\×İÙX˜\ÜÚÙ[[Û‹İŞšXÚ]K[İËZÙ^KÛXZ[‹ÙXœ\ÜÙ]Ëİ^\™\Ëİ^\™\×İÙX˜\ÜÚÙ[[Û‹ÙXœM‹˜Í˜ØMŒYŒYXY˜ÎLLXÍ™™ÌŒØŒLÌXLLMÍYŒ™ÎXLY˜ÍLŒMYL‹›İXÛX\™Y˜[ÙK™\šYHXXÚš\İX[Ù]Üˆ^ÛYH]œ›ÛHHX›XÈZ[‚˜\ÜÙ]Ëİ^\™\Ëİ^\™\×İÙX˜\ÜÚÙ[[Û‹İŞšXÚ]K[İËZÙ^KÜÜš]K\Ú[Kœ™Ë\ÜÙ]Ëİ^\™\Ëİ^\™\×İÙX˜\ÜÚÙ[[Û‹œ™ËLŒKØØØ™XMÍÙŒY™XXMŒØYLXÙYŒ˜˜ÎY˜˜ŒŒÙYY™˜ÍÙŒMMÙ˜M˜XØË›İXÛX\™Y˜[ÙK™\šYHXXÚš\İX[Ù]Üˆ^ÛYH]œ›ÛHHX›XÈZ[‚˜\ÜÙ]Ëİ^\™\Ëİ^\™\×İÙX˜\ÜÚÙ[[Û‹İŞšXÚ]K[İËZÙ^KÜÜš]Kœ™Ë\ÜÙ]Ëİ^\™\Ëİ^\™\×İÙX˜\ÜÚÙ[[Û‹œ™ËLŒKŒMMLMÍØ™YLŒL™ŒXLÙÎ˜ÎLXÍMÌÙXLŒØŒXÌ™ŒM˜L˜XØÍN›İXÛX\™Y˜[ÙK™\šYHXXÚš\İX[Ù]Üˆ^ÛYH]œ›ÛHHX›XÈZ[‚˜\ÜÙ]Ëİ^\™\Ëİ^\™\×İÙX˜\ÜÚÙ[[Û‹İ˜[œ]Z[ÛXZ[‹\Ú[KÙXœ\ÜÙ]Ëİ^\™\Ëİ^\™\×İÙX˜\ÜÚÙ[[Û‹ÙXœÍŒXŒNXMNLÍÌMLÌXÎÌM™MLXÌŒY™Y˜ØMØÍØLLÙ˜ÍLŒÙYMË›İXÛX\™Y˜[ÙK™\šYHXXÚš\İX[Ù]Üˆ^ÛYH]œ›ÛHHX›XÈZ[‚˜\ÜÙ]Ëİ^\™\Ëİ^\™\×İÙX˜\ÜÚÙ[[Û‹İ˜[œ]Z[ÛXZ[‹ÙXœ\ÜÙ]Ëİ^\™\Ëİ^\™\×İÙX˜\ÜÚÙ[[Û‹ÙXœÍNLLLÌ™MÙÍÙL™LÎØ˜ÍØXÍLYÎLÌM˜LLŒL˜ÙŒØLŒXØLNØXÎ›İXÛX\™Y˜[ÙK™\šYHXXÚš\İX[Ù]Üˆ^ÛYH]œ›ÛHHX›XÈZ[‚˜\ÜÙ]Ëİ^\™\Ëİ^\™\×İÙX˜\ÜÚÙ[[Û‹İ˜[œ]Z[ÜÜš]K\Ú[Kœ™Ë\ÜÙ]Ëİ^\™\Ëİ^\™\×İÙX˜\ÜÚÙ[[Û‹œ™ËLË™™˜Ø˜™LXÙ˜M˜YMNÎMMŒŒNMÍYMNYNYÙYNLK›İXÛX\™Y˜[ÙK™\šYHXXÚš\İX[Ù]Üˆ^ÛYH]œ›ÛHHX›XÈZ[‚˜\ÜÙ]Ëİ^\™\Ëİ^\™\×İÙX˜\ÜÚÙ[[Û‹İ˜[œ]Z[ÜÜš]Kœ™Ë\ÜÙ]Ëİ^\™\Ëİ^\™\×İÙX˜\ÜÚÙ[[Û‹œ™ËLËY™YY˜MLÍXÍLXMX˜XXLÍÍÍ™ÌØÍYLÎLÎMŒ˜ÍX™MŒ‹›İXÛX\™Y˜[ÙK™\šYHXXÚš\İX[Ù]Üˆ^ÛYH]œ›ÛHHX›XÈZ[‚˜\ÜÙ]Ëİ^\™\Ëİ^\™\×İÙX˜\ÜÚÙ[[Û‹İ˜\[˜ÚÛXZ[‹\Ú[KÙXœ\ÜÙ]Ëİ^\™\Ëİ^\™\×İÙX˜\ÜÚÙ[[Û‹ÙXœÌŒÌ‹˜M˜ÎYXX™˜Y™XØLLMÌLNYÍÎLL™NYXLŒMMØML˜ÌMŒYYMÍØ‹›İXÛX\™Y˜[ÙK™\šYHXXÚš\İX[Ù]Üˆ^ÛYH]œ›ÛHHX›XÈZ[‚˜\ÜÙ]Ëİ^\™\Ëİ^\™\×İÙX˜\ÜÚÙ[[Û‹İ˜\[˜ÚÛXZ[‹ÙXœ\ÜÙ]Ëİ^\™\Ëİ^\™\×İÙX˜\ÜÚÙ[[Û‹ÙXœÍÎLÍ™ÍXÍÌ™NM˜ØŒM˜XØNYŒŒNXÍŒ™ÍŒÙØÙÎMÌNYYÙYLMK›İXÛX\™Y˜[ÙK™\šYHXXÚš\İX[Ù]Üˆ^ÛYH]œ›ÛHHX›XÈZ[‚˜\ÜÙ]Ëİ^\™\Ëİ^\™\×İÙX˜\ÜÚÙ[[Û‹İ˜\[˜ÚÜÜš]K\Ú[Kœ™Ë\ÜÙ]Ëİ^\™\Ëİ^\™\×İÙX˜\ÜÚÙ[[Û‹œ™ËÎXNYXÌ™YŒYLÎNYLŒÎMÎMÌ™YX™MÎÎYLMÍŒMÎ™LYL‹›İXÛX\™Y˜[ÙK™\šYHXXÚš\İX[Ù]Üˆ^ÛYH]œ›ÛHHX›XÈZ[‚˜\ÜÙ]Ëİ^\™\Ëİ^\™\×İÙX˜\ÜÚÙ[[Û‹İ˜\[˜ÚÜÜš]Kœ™Ë\ÜÙ]Ëİ^\™\Ëİ^\™\×İÙX˜\ÜÚÙ[[Û‹œ™ËÎŒNX˜ÍMNXÍXŒÙXLX˜ÎYŒØXŒMÙŒÍŒÍÍYLŒÌ™M™‹›İXÛX\™Y˜[ÙK™\šYHXXÚš\İX[Ù]Üˆ^ÛYH]œ›ÛHHX›XÈZ[‚˜\ÜÙ]Ëİ^\™\Ëİ^\™\×İÙX˜\ÜÚÙ[[Û‹İ™YXÚÛËÛXZ[‹\Ú[KÙXœ\ÜÙ]Ëİ^\™\Ëİ^\™\×İÙX˜\ÜÚÙ[[Û‹ÙXœŒÎNMÌØÌÎXMØYLÍLYXŒMÍÌNŒLY˜MMLMMMÌM˜™Ù˜ØÎØ˜ÌÌÎK›İXÛX\™Y˜[ÙK™\šYHXXÚš\İX[Ù]Üˆ^ÛYH]œ›ÛHHX›XÈZ[‚˜\ÜÙ]Ëİ^\™\Ëİ^\™\×İÙX˜\ÜÚÙ[[Û‹İ™YXÚÛËÛXZ[‹ÙXœ\ÜÙ]Ëİ^\™\Ëİ^\™\×İÙX˜\ÜÚÙ[[Û‹ÙXœÍ‹XŒMØ˜XŒNXŒMÌŒY˜ÌLÌLMXMMYLØN˜ÍÎMMLXLÌË›İXÛX\™Y˜[ÙK™\šYHXXÚš\İX[Ù]Üˆ^ÛYH]œ›ÛHHX›XÈZ[‚˜\ÜÙ]Ëİ^\™\Ëİ^\™\×İÙX˜\ÜÚÙ[[Û‹İ™YXÚÛËÜÜš]K\Ú[Kœ™Ë\ÜÙ]Ëİ^\™\Ëİ^\™\×İÙX˜\ÜÚÙ[[Û‹œ™ËŒLKŒLŒ™LÎNÙXÍØØ˜™LLØLNMLMMXŒMÍ˜LLMNYMÎØX™LNYLŒ˜Y‹›İXÛX\™Y˜[ÙK™\šYHXXÚš\İX[Ù]Üˆ^ÛYH]œ›ÛHHX›XÈZ[‚˜\ÜÙ]Ëİ^\™\Ëİ^\™\×İÙX˜\ÜÚÙ[[Û‹İ™YXÚÛËÜÜš]Kœ™Ë\ÜÙ]Ëİ^\™\Ëİ^\™\×İÙX˜\ÜÚÙ[[Û‹œ™ËŒLËŒLMLŒXÙMMØÎMÙ™ØLÙ™™LØÍNMØYŒÍÙYX˜ŒÍNX™ŒŒLŒÌË›İXÛX\™Y˜[ÙK™\šYHXXÚš\İX[Ù]Üˆ^ÛYH]œ›ÛHHX›XÈZ[‚˜\ÜÙ]Ëİ^\™\Ëİ^\™\×İÙX˜\ÜÚÙ[[Û‹İ™]™[˜[ÛXZ[‹\Ú[KÙXœ\ÜÙ]Ëİ^\™\Ëİ^\™\×İÙX˜\ÜÚÙ[[Û‹ÙXœLNXM˜M˜ØYMYØXNLXŒ™ŒÍYXLLØŒLŒÍÎXNÌÌÍÌŒLMM‹›İXÛX\™Y˜[ÙK™\šYHXXÚš\İX[Ù]Üˆ^ÛYH]œ›ÛHHX›XÈZ[‚˜\ÜÙ]Ëİ^\™\Ëİ^\™\×İÙX˜\ÜÚÙ[[Û‹İ™]™[˜[ÛXZ[‹ÙXœ\ÜÙ]Ëİ^\™\Ëİ^\™\×İÙX˜\ÜÚÙ[[Û‹ÙXœLLMMÌ‹ØÙYY™™ÎXÎXÌØMÌMXMNMÙX™MMÌ™™™NL˜X˜ÌÍÍMŒ˜ØNMMÙNMØY˜Î›İXÛX\™Y˜[ÙK™\šYHXXÚš\İX[Ù]Üˆ^ÛYH]œ›ÛHHX›XÈZ[‚˜\ÜÙ]Ëİ^\™\Ëİ^\™\×İÙX˜\ÜÚÙ[[Û‹İ™]™[˜[ÜÜš]K\Ú[Kœ™Ë\ÜÙ]Ëİ^\™\Ëİ^\™\×İÙX˜\ÜÚÙ[[Û‹œ™ËLÌÍ‹MÌÌÌŒ˜ÙŒÌ™˜MÙXNYL™ÍØÎMYYXÌ˜Ì˜Ì˜XØYÌ˜LÍÙK›İXÛX\™Y˜[ÙK™\šYHXXÚš\İX[Ù]Üˆ^ÛYH]œ›ÛHHX›XÈZ[‚˜\ÜÙ]Ëİ^\™\Ëİ^\™\×İÙX˜\ÜÚÙ[[Û‹İ™]™[˜[ÜÜš]Kœ™Ë\ÜÙ]Ëİ^\™\Ëİ^\™\×İÙX˜\ÜÚÙ[[Û‹œ™ËLÌÍ‹ØÌ˜˜NYŒ™ÌÙ™NMÙLÌØÌX˜LÌÍŒÍLÍ™˜XLXÌŒØŒÌXÌL˜M˜ÎYK›İXÛX\™Y˜[ÙK™\šYHXXÚš\İX[Ù]Üˆ^ÛYH]œ›ÛHHX›XÈZ[‚˜\ÜÙ]Ëİ^\™\Ëİ^\™\×İÙX˜\ÜÚÙ[[Û‹İ›Ü]\ËÛXZ[‹\Ú[KÙXœ\ÜÙ]Ëİ^\™\Ëİ^\™\×İÙX˜\ÜÚÙ[[Û‹ÙXœMŒÎŒLÌLMÌYŒXMŒÙØLÌLÎX™N˜ÙXNYYŒÙÎØŒÙLLNYM™Œ‹›İXÛX\™Y˜[ÙK™\šYHXXÚš\İX[Ù]Üˆ^ÛYH]œ›ÛHHX›XÈZ[‚˜\ÜÙ]Ëİ^\™\Ëİ^\™\×İÙX˜\ÜÚÙ[[Û‹İ›Ü]\ËÛXZ[‹ÙXœ\ÜÙ]Ëİ^\™\Ëİ^\™\×İÙX˜\ÜÚÙ[[Û‹ÙXœLLM‹MÍ™YNM™N˜NNYLXLLÌLÍÌÍÙLÍXÙYX™ÌLÍLŒNŒ˜˜ØØÍË›İXÛX\™Y˜[ÙK™\šYHXXÚš\İX[Ù]Üˆ^ÛYH]œ›ÛHHX›XÈZ[‚˜\ÜÙ]Ëİ^\™\Ëİ^\™\×İÙX˜\ÜÚÙ[[Û‹İ›Ü]\ËÜÜš]K\Ú[Kœ™Ë\ÜÙ]Ëİ^\™\Ëİ^\™\×İÙX˜\ÜÚÙ[[Û‹œ™ËLÌNKMÎXŒÍXŒ˜ÙLÍL™NÙMNMXØMNMNÍMMMX™NY˜ŒÍMK›İXÛX\™Y˜[ÙK™\šYHXXÚš\İX[Ù]Üˆ^ÛYH]œ›ÛHHX›XÈZ[‚˜\ÜÙ]Ëİ^\™\Ëİ^\™\×İÙX˜\ÜÚÙ[[Û‹İ›Ü]\ËÜÜš]Kœ™Ë\ÜÙ]Ëİ^\™\Ëİ^\™\×İÙX˜\ÜÚÙ[[Û‹œ™ËLÌNNLNXYMÌŒØNLM˜Y™LÌYÌLÎMMŒY˜LŒØY˜ØLØØYYMÍÍLLÙK›İXÛX\™Y˜[ÙK™\šYHXXÚš\İX[Ù]Üˆ^ÛYH]œ›ÛHHX›XÈZ[‚˜\ÜÙ]Ëİ^\™\Ëİ^\™\×İÙX˜\ÜÚÙ[[Û‹İX˜š\ÚÛXZ[‹\Ú[KÙXœ\ÜÙ]Ëİ^\™\Ëİ^\™\×İÙX˜\ÜÚÙ[[Û‹ÙXœÍ‹˜MXÙL™ŒŒŒŒ˜ØML˜™™ÍXÎXLŒ™ŒØŒNŒ™ÍÌÙ™˜L™Ù˜MLLNLM™›İXÛX\™Y˜[ÙK™\šYHXXÚš\İX[Ù]Üˆ^ÛYH]œ›ÛHHX›XÈZ[‚˜\ÜÙ]Ëİ^\™\Ëİ^\™\×İÙX˜\ÜÚÙ[[Û‹İX˜š\ÚÛXZ[‹ÙXœ\ÜÙ]Ëİ^\™\Ëİ^\™\×İÙX˜\ÜÚÙ[[Û‹ÙXœLÍ™ÙŒYŒÌØÍYLŒYXÙLM™XØÌXŒYYYYŒM˜Ø™MÍÙ™MMÌŒØÍŒŒ‹›İXÛX\™Y˜[ÙK™\šYHXXÚš\İX[Ù]Üˆ^ÛYH]œ›ÛHHX›XÈZ[‚˜\ÜÙ]Ëİ^\™\Ëİ^\™\×İÙX˜\ÜÚÙ[[Û‹İX˜š\ÚÜÜš]K\Ú[Kœ™Ë\ÜÙ]Ëİ^\™\Ëİ^\™\×İÙX˜\ÜÚÙ[[Û‹œ™ËLMËNY™˜XÍŒXÙXŒMYYÍØŒL˜Y™LÙ™XYLÍØM˜™M™™ŒØÙË›İXÛX\™Y˜[ÙK™\šYHXXÚš\İX[Ù]Üˆ^ÛYH]œ›ÛHHX›XÈZ[‚˜\ÜÙ]Ëİ^\™\Ëİ^\™\×İÙX˜\ÜÚÙ[[Û‹İX˜š\ÚÜÜš]Kœ™Ë\ÜÙ]Ëİ^\™\Ëİ^\™\×İÙX˜\ÜÚÙ[[Û‹œ™ËLM‹˜˜NXØYYM˜ØÍMXŒMØYLLLÍYXŒXM˜ÙØ™NM™XÎL˜NÙÎYNK›İXÛX\™Y˜[ÙK™\šYHXXÚš\İX[Ù]Üˆ^ÛYH]œ›ÛHHX›XÈZ[‚˜\ÜÙ]Ëİ^\™\Ëİ^\™\×İÙX˜\ÜÚÙ[[Û‹İ[X™XZËÛXZ[‹\Ú[KÙXœ\ÜÙ]Ëİ^\™\Ëİ^\™\×İÙX˜\ÜÚÙ[[Û‹ÙXœŒÌÍÍ‹ØŒÍM™˜MÌÌ˜ÍMMŒYLX˜ÌXÙMM™ÌØLÙÙÙNLL™˜Y˜YŒÌŒË›İXÛX\™Y˜[ÙK™\šYHXXÚš\İX[Ù]Üˆ^ÛYH]œ›ÛHHX›XÈZ[‚˜\ÜÙ]Ëİ^\™\Ëİ^\™\×İÙX˜\ÜÚÙ[[Û‹İ[X™XZËÛXZ[‹ÙXœ\ÜÙ]Ëİ^\™\Ëİ^\™\×İÙX˜\ÜÚÙ[[Û‹ÙXœMLLÌLX™MÍ˜ÙŒMLÙŒÙYYYXØMÍÌÎYMŒMÌXÌØYY˜MÌYNYXÌLL›İXÛX\™Y˜[ÙK™\šYHXXÚš\İX[Ù]Üˆ^ÛYH]œ›ÛHHX›XÈZ[‚˜\ÜÙ]Ëİ^\™\Ëİ^\™\×İÙX˜\ÜÚÙ[[Û‹İ[X™XZËÜÜš]K\Ú[Kœ™Ë\ÜÙ]Ëİ^\™\Ëİ^\™\×İÙX˜\ÜÚÙ[[Û‹œ™ËLNKÙ˜ÍÍMMNLLMXÎMYMMMÍLMÌLX˜™˜ÎMÎYNNX™MLŒLYK›İXÛX\™Y˜[ÙK™\šYHXXÚš\İX[Ù]Üˆ^ÛYH]œ›ÛHHX›XÈZ[‚˜\ÜÙ]Ëİ^\™\Ëİ^\™\×İÙX˜\ÜÚÙ[[Û‹İ[X™XZËÜÜš]Kœ™Ë\ÜÙ]Ëİ^\™\Ëİ^\™\×İÙX˜\ÜÚÙ[[Û‹œ™ËLNÙMØŒLLÙMXØLL˜ÍYÙLNMLØ™YMÍLÍÍØÍXLÎMØØ˜MŒLØ‹›İXÛX\™Y˜[ÙK™\šYHXXÚš\İX[Ù]Üˆ^ÛYH]œ›ÛHHX›XÈZ[‚˜\ÜÙ]Ëİ^\™\Ëİ^\™\×İÙX˜\ÜÚÙ[[Û‹İØ\™Y[˜KÛXZ[‹\Ú[KÙXœ\ÜÙ]Ëİ^\™\Ëİ^\™\×İÙX˜\ÜÚÙ[[Û‹ÙXœÎMÍŒ‹LÙXÌÌÌÌŒÍÍYŒMYYÙLMÍNNÌØŒ˜ŒÙM™‹›İXÛX\™Y˜[ÙK™\šYHXXÚš\İX[Ù]Üˆ^ÛYH]œ›ÛHHX›XÈZ[‚˜\ÜÙ]Ëİ^\™\Ëİ^\™\×İÙX˜\ÜÚÙ[[Û‹İØ\™Y[˜KÛXZ[‹ÙXœ\ÜÙ]Ëİ^\™\Ëİ^\™\×İÙX˜\ÜÚÙ[[Û‹ÙXœÎLMXŒN˜YLNXXØ˜XŒÌYMMNÌ˜˜ÍŒØÎLX™M˜ÍÍX™M˜ÍXØ˜ÍM™ÙM™˜K›İXÛX\™Y˜[ÙK™\šYHXXÚš\İX[Ù]Üˆ^ÛYH]œ›ÛHHX›XÈZ[‚˜\ÜÙ]Ëİ^\™\Ëİ^\™\×İÙX˜\ÜÚÙ[[Û‹İØ\™Y[˜KÜÜš]K\Ú[Kœ™Ë\ÜÙ]Ëİ^\™\Ëİ^\™\×İÙX˜\ÜÚÙ[[Û‹œ™ËLL™ÙLÍÙLÙØLYLÍYXÍX˜ÎXN˜N˜ØÍLNÙ›İXÛX\™Y˜[ÙK™\šYHXXÚš\İX[Ù]Üˆ^ÛYH]œ›ÛHHX›XÈZ[‚˜\ÜÙ]Ëİ^\™\Ëİ^\™\×İÙX˜\ÜÚÙ[[Û‹İØ\™Y[˜KÜÜš]Kœ™Ë\ÜÙ]Ëİ^\™\Ëİ^\™\×İÙX˜\ÜÚÙ[[Û‹œ™ËLÎMLMNM™MXMÍÎMÌ™˜ÍØNMYŒLÌŒÌ™™LÙNMŒLÍØŒLÌ™ÙLXÙŒ›İXÛX\™Y˜[ÙK™\šYHXXÚš\İX[Ù]Üˆ^ÛYH]œ›ÛHHX›XÈZ[‚˜\ÜÙ]Ëİ^\™\Ëİ^\™\×İÙX˜\ÜÚÙ[[Û‹İ\Û˜]Ü‹ÛXZ[‹\Ú[KÙXœ\ÜÙ]Ëİ^\™\Ëİ^\™\×İÙX˜\ÜÚÙ[[Û‹ÙXœNMÍN˜ÙYMÌMŒNYŒ˜™XŒÙÍLN™YMÍØÌYNÌØÌÙÍK›İXÛX\™Y˜[ÙK™\šYHXXÚš\İX[Ù]Üˆ^ÛYH]œ›ÛHHX›XÈZ[‚˜\ÜÙ]Ëİ^\™\Ëİ^\™\×İÙX˜\ÜÚÙ[[Û‹İ\Û˜]Ü‹ÛXZ[‹ÙXœ\ÜÙ]Ëİ^\™\Ëİ^\™\×İÙX˜\ÜÚÙ[[Û‹ÙXœMÍMÌÙNNXÙXŒ™NXMXYYÎXNXNLÌLŒŒÌYYŒÎXMXØ˜ŒÍMMÍÍXYØÍÎK›İXÛX\™Y˜[ÙK™\šYHXXÚš\İX[Ù]Üˆ^ÛYH]œ›ÛHHX›XÈZ[‚˜\ÜÙ]Ëİ^\™\Ëİ^\™\×İÙX˜\ÜÚÙ[[Û‹İ\Û˜]Ü‹ÜÜš]K\Ú[Kœ™Ë\ÜÙ]Ëİ^\™\Ëİ^\™\×İÙX˜\ÜÚÙ[[Û‹œ™ËLKÌØ˜M˜XÎNY˜MØØML˜ÌÌYLÙY™ŒMLŒMÍM™ŒMXÙXÍÍŒMXXÍ˜™›İXÛX\™Y˜[ÙK™\šYHXXÚš\İX[Ù]Üˆ^ÛYH]œ›ÛHHX›XÈZ[‚˜\ÜÙ]Ëİ^\™\Ëİ^\™\×İÙX˜\ÜÚÙ[[Û‹İ\Û˜]Ü‹ÜÜš]Kœ™Ë\ÜÙ]Ëİ^\™\Ëİ^\™\×İÙX˜\ÜÚÙ[[Û‹œ™ËLÎ™˜ØYN˜LÙMÌL˜ÌLNLÍ˜NMLL™˜MMXMNNNLÍXXXÎYYLË›İXÛX\™Y˜[ÙK™\šYHXXÚš\İX[Ù]Üˆ^ÛYH]œ›ÛHHX›XÈZ[‚˜\ÜÙ]Ëİ^\™\Ëİ^\™\×İÙX˜\ÜÚÙ[[Û‹İ\ÚYËÛXZ[‹\Ú[KÙXœ\ÜÙ]Ëİ^\™\Ëİ^\™\×İÙX˜\ÜÚÙ[[Û‹ÙXœLLÌÌY™ŒÌÙMYÍÎXØ™MYXÌMXÎLÍØŒÙNÎNYYMNØÎYXË›İXÛX\™Y˜[ÙK™\šYHXXÚš\İX[Ù]Üˆ^ÛYH]œ›ÛHHX›XÈZ[‚˜\ÜÙ]Ëİ^\™\Ëİ^\™\×İÙX˜\ÜÚÙ[[Û‹İ\ÚYËÛXZ[‹ÙXœ\ÜÙ]Ëİ^\™\Ëİ^\™\×İÙX˜\ÜÚÙ[[Û‹ÙXœÌÍÌ‹Í™XÌXNMÌÍØÍXÙY˜Ø˜LXŒÙŒLÌØNYY™LXØÌ˜NXÙNLXÌY˜MŒM›İXÛX\™Y˜[ÙK™\šYHXXÚš\İX[Ù]Üˆ^ÛYH]œ›ÛHHX›XÈZ[‚˜\ÜÙ]Ëİ^\™\Ëİ^\™\×İÙX˜\ÜÚÙ[[Û‹İ\ÚYËÜÜš]K\Ú[Kœ™Ë\ÜÙ]Ëİ^\™\Ëİ^\™\×İÙX˜\ÜÚÙ[[Û‹œ™ËMLËNLÍÍXŒLØYXMÍÙ˜ÍÙ˜MMM˜ÍXYLÙŒY™ÌÌNYLŒMØ™NLXÙK›İXÛX\™Y˜[ÙK™\šYHXXÚš\İX[Ù]Üˆ^ÛYH]œ›ÛHHX›XÈZ[‚˜\ÜÙ]Ëİ^\™\Ëİ^\™\×İÙX˜\ÜÚÙ[[Û‹İ\ÚYËÜÜš]Kœ™Ë\ÜÙ]Ëİ^\™\Ëİ^\™\×İÙX˜\ÜÚÙ[[Û‹œ™ËMM˜XŒ™M™ŒØ˜™ŒLÍLLÌLYLŒXÙY™ŒXLŒ˜LÍØML™ÙMYYK›İXÛX\™Y˜[ÙK™\šYHXXÚš\İX[Ù]Üˆ^ÛYH]œ›ÛHHX›XÈZ[‚˜\ÜÙ]Ëİ^\™\Ëİ^\™\×İÙX˜\ÜÚÙ[[Û‹İ[\ÛKÛXZ[‹\Ú[KÙXœ\ÜÙ]Ëİ^\™\Ëİ^\™\×İÙX˜\ÜÚÙ[[Û‹ÙXœM‹Ì˜YMYŒŒŒNŒŒMØNØXÌLÍÌYLLÍ™ÙXÙLX™ŒÍŒÍLNÎX™›İXÛX\™Y˜[ÙK™\šYHXXÚš\İX[Ù]Üˆ^ÛYH]œ›ÛHHX›XÈZ[‚˜\ÜÙ]Ëİ^\™\Ëİ^\™\×İÙX˜\ÜÚÙ[[Û‹İ[\ÛKÛXZ[‹ÙXœ\ÜÙ]Ëİ^\™\Ëİ^\™\×İÙX˜\ÜÚÙ[[Û‹ÙXœLYMMMÙŒÌXÎXŒMÍLXØ˜NYNLMÍÙYXYLXŒXŒÙ™Y™˜™ÙK›İXÛX\™Y˜[ÙK™\šYHXXÚš\İX[Ù]Üˆ^ÛYH]œ›ÛHHX›XÈZ[‚˜\ÜÙ]Ëİ^\™\Ëİ^\™\×İÙX˜\ÜÚÙ[[Û‹İ[\ÛKÜÜš]K\Ú[Kœ™Ë\ÜÙ]Ëİ^\™\Ëİ^\™\×İÙX˜\ÜÚÙ[[Û‹œ™ËNÌÙYŒ˜Y˜ÎLŒŒLÍŒMLÍŒXLÎXÍÍ˜ŒLX™ØLMŒLLYYMØ˜MØŒÍ‹›İXÛX\™Y˜[ÙK™\šYHXXÚš\İX[Ù]Üˆ^ÛYH]œ›ÛHHX›XÈZ[‚˜\ÜÙ]Ëİ^\™\Ëİ^\™\×İÙX˜\ÜÚÙ[[Û‹İ[\ÛKÜÜš]Kœ™Ë\ÜÙ]Ëİ^\™\Ëİ^\™\×İÙX˜\ÜÚÙ[[Û‹œ™ËM‹ÍÎMÌÍYÌM™Y˜LXÍMMYLÌÙYMÍÍÍŒÍŒMÎNXL˜™XYÎMMÍMÍL›İXÛX\™Y˜[ÙK™\šYHXXÚš\İX[Ù]Üˆ^ÛYH]œ›ÛHHX›XÈZ[‚˜\ÜÙ]Ëİ^\™\Ëİ^\™\×İÙX˜\ÜÚÙ[[Û‹İ[˜[[ËÛXZ[‹\Ú[KÙXœ\ÜÙ]Ëİ^\™\Ëİ^\™\×İÙX˜\ÜÚÙ[[Û‹ÙXœÌÍMNÍX˜ÍMÙMÍ˜˜ÙML˜NMX˜ÍÍNYŒNMNL™Œ™™L™˜Í˜ÎNXXÎ˜ÙM˜Ù‹›İXÛX\™Y˜[ÙK™\šYHXXÚš\İX[Ù]Üˆ^ÛYH]œ›ÛHHX›XÈZ[‚˜\ÜÙ]Ëİ^\™\Ëİ^\™\×İÙX˜\ÜÚÙ[[Û‹İ[˜[[ËÛXZ[‹ÙXœ\ÜÙ]Ëİ^\™\Ëİ^\™\×İÙX˜\ÜÚÙ[[Û‹ÙXœÍLL‹MÌ™MML˜˜ÍXÙYMYÙ™MNŒÙ™LXMÙNÌXÎN™XÙLYMMË›İXÛX\™Y˜[ÙK™\šYHXXÚš\İX[Ù]Üˆ^ÛYH]œ›ÛHHX›XÈZ[‚˜\ÜÙ]Ëİ^\™\Ëİ^\™\×İÙX˜\ÜÚÙ[[Û‹İ[˜[[ËÜÜš]K\Ú[Kœ™Ë\ÜÙ]Ëİ^\™\Ëİ^\™\×İÙX˜\ÜÚÙ[[Û‹œ™ËÍLK™YM™NÍÍNXMLØMÍXÙ˜XÍNLXLØÙX˜YXÎÌÌM˜MNLNM™Y‹›İXÛX\™Y˜[ÙK™\šYHXXÚš\İX[Ù]Üˆ^ÛYH]œ›ÛHHX›XÈZ[‚˜\ÜÙ]Ëİ^\™\Ëİ^\™\×İÙX˜\ÜÚÙ[[Û‹İ[˜[[ËÜÜš]Kœ™Ë\ÜÙ]Ëİ^\™\Ëİ^\™\×İÙX˜\ÜÚÙ[[Û‹œ™ËÍLKÌØM˜˜ŒÌÎX™ŒÎÌÌXXØÎÌØÍÎXÍNM˜YNXÍLØLÌX˜L˜™ÙÎØÍ›İXÛX\™Y˜[ÙK™\šYHXXÚš\İX[Ù]Üˆ^ÛYH]œ›ÛHHX›XÈZ[‚˜\ÜÙ]Ëİ^\™\Ëİ^\™\×İÙX˜\ÜÚÙ[[Û‹İ\K[[ÛXZ[‹\Ú[KÙXœ\ÜÙ]Ëİ^\™\Ëİ^\™\×İÙX˜\ÜÚÙ[[Û‹ÙXœÍNL‹MÙØÍŒŒXÌLÎMMÍÌÍXÌ™ÌMLL˜MØLÍØØÎLNNÌY™™ŒMK›İXÛX\™Y˜[ÙK™\šYHXXÚš\İX[Ù]Üˆ^ÛYH]œ›ÛHHX›XÈZ[‚˜\ÜÙ]Ëİ^\™\Ëİ^\™\×İÙX˜\ÜÚÙ[[Û‹İ\K[[ÛXZ[‹ÙXœ\ÜÙ]Ëİ^\™\Ëİ^\™\×İÙX˜\ÜÚÙ[[Û‹ÙXœÌMMLL™MÙY˜ÍÙXÍÎLÍÌØÎLÎMXÍÌÍ˜ŒÎÍØMŒL™ŒMNLM™ŒYXMŒŒML‹›İXÛX\™Y˜[ÙK™\šYHXXÚš\İX[Ù]Üˆ^ÛYH]œ›ÛHHX›XÈZ[‚˜\ÜÙ]Ëİ^\™\Ëİ^\™\×İÙX˜\ÜÚÙ[[Û‹İ\K[[ÜÜš]K\Ú[Kœ™Ë\ÜÙ]Ëİ^\™\Ëİ^\™\×İÙX˜\ÜÚÙ[[Û‹œ™ËLÍËŒM™˜YÍŒ™L™ÙLÍØNMLÌÍÍLÌ˜YÎYØY™MMÙÎØØMK›İXÛX\™Y˜[ÙK™\šYHXXÚš\İX[Ù]Üˆ^ÛYH]œ›ÛHHX›XÈZ[‚˜\ÜÙ]Ëİ^\™\Ëİ^\™\×İÙX˜\ÜÚÙ[[Û‹İ\K[[ÜÜš]Kœ™Ë\ÜÙ]Ëİ^\™\Ëİ^\™\×İÙX˜\ÜÚÙ[[Û‹œ™ËLÍËŒØXNNXÙNLÎLŒLYŒ™XXL˜ÍMX˜ŒXŒMMÍ˜™YMXØLMMNNË›İXÛX\™Y˜[ÙK™\šYHXXÚš\İX[Ù]Üˆ^ÛYH]œ›ÛHHX›XÈZ[‚˜\ÜÙ]Ëİ^\™\Ëİ^\™\×İÙX˜\ÜÚÙ[[Û‹İ\ÜÚ[Û‹Z\İZKÛXZ[‹\Ú[KÙXœ\ÜÙ]Ëİ^\™\Ëİ^\™\×İÙX˜\ÜÚÙ[[Û‹ÙXœÎ‹ÙMÎYLÙŒXÙXMMNØÍØ™™ØMNNMÙ™Y˜ÍØNX™YÙMÍMÍÙL˜K›İXÛX\™Y˜[ÙK™\šYHXXÚš\İX[Ù]Üˆ^ÛYH]œ›ÛHHX›XÈZ[‚˜\ÜÙ]Ëİ^\™\Ëİ^\™\×İÙX˜\ÜÚÙ[[Û‹İ\ÜÚ[Û‹Z\İZKÛXZ[‹ÙXœ\ÜÙ]Ëİ^\™\Ëİ^\™\×İÙX˜\ÜÚÙ[[Û‹ÙXœNM‹XÙMŒYL˜YŒY˜ÌMÍÙ™LLMXX™XÍ™LNLØÎLLXØÙMXÍXXXNNÍ™LÙ›İXÛX\™Y˜[ÙK™\šYHXXÚš\İX[Ù]Üˆ^ÛYH]œ›ÛHHX›XÈZ[‚˜\ÜÙ]Ëİ^\™\Ëİ^\™\×İÙX˜\ÜÚÙ[[Û‹İ\ÜÚ[Û‹Z\İZKÜÜš]K\Ú[Kœ™Ë\ÜÙ]Ëİ^\™\Ëİ^\™\×İÙX˜\ÜÚÙ[[Û‹œ™ËLÍË™™N™XÌYX˜™ØŒXMÌŒÍŒÎXŒ˜™™XÎXLÍÌŒÌLL‹›İXÛX\™Y˜[ÙK™\šYHXXÚš\İX[Ù]Üˆ^ÛYH]œ›ÛHHX›XÈZ[‚˜\ÜÙ]Ëİ^\™\Ëİ^\™\×İÙX˜\ÜÚÙ[[Û‹İ\ÜÚ[Û‹Z\İZKÜÜš]Kœ™Ë\ÜÙ]Ëİ^\™\Ëİ^\™\×İÙX˜\ÜÚÙ[[Û‹œ™ËLÍ‹MLLÎXNXÍXÍXLÎŒYYLÍŒMXLÌ˜ÌLŒŒÙXÙLÍXÎXL™XÍØ‹›İXÛX\™Y˜[ÙK™\šYHXXÚš\İX[Ù]Üˆ^ÛYH]œ›ÛHHX›XÈZ[‚˜\ÜÙ]Ëİ^\™\Ëİ^\™\×İÙX˜\ÜÚÙ[[Û‹İ\ÜÚ[Û‹ÛXZ[‹\Ú[KÙXœ\ÜÙ]Ëİ^\™\Ëİ^\™\×İÙX˜\ÜÚÙ[[Û‹ÙXœÌÍ‹XÌŒÙØ˜ÍŒÌ˜ÙM˜˜LŒNXŒÌNÍ˜MNYMÌ˜YYŒÎMŒÍ™XÌXÙÌÌŒK›İXÛX\™Y˜[ÙK™\šYHXXÚš\İX[Ù]Üˆ^ÛYH]œ›ÛHHX›XÈZ[‚˜\ÜÙ]Ëİ^\™\Ëİ^\™\×İÙX˜\ÜÚÙ[[Û‹İ\ÜÚ[Û‹ÛXZ[‹ÙXœ\ÜÙ]Ëİ^\™\Ëİ^\™\×İÙX˜\ÜÚÙ[[Û‹ÙXœÌÌMÌ‹˜Œ™ŒÙMÌ™YŒLÍ™NMŒØL™™M˜YNLXÌØØ˜Í˜ØMÌÙXMLMÙ‹›İXÛX\™Y˜[ÙK™\šYHXXÚš\İX[Ù]Üˆ^ÛYH]œ›ÛHHX›XÈZ[‚˜\ÜÙ]Ëİ^\™\Ëİ^\™\×İÙX˜\ÜÚÙ[[Û‹İ\ÜÚ[Û‹ÜÜš]K\Ú[Kœ™Ë\ÜÙ]Ëİ^\™\Ëİ^\™\×İÙX˜\ÜÚÙ[[Û‹œ™ËLNKMLŒL˜MÍLXYLXM™LNÍLÌYŒNN™™LŒXL™ŒLXMLŒK›İXÛX\™Y˜[ÙK™\šYHXXÚš\İX[Ù]Üˆ^ÛYH]œ›ÛHHX›XÈZ[‚˜\ÜÙ]Ëİ^\™\Ëİ^\™\×İÙX˜\ÜÚÙ[[Û‹İ\ÜÚ[Û‹ÜÜš]Kœ™Ë\ÜÙ]Ëİ^\™\Ëİ^\™\×İÙX˜\ÜÚÙ[[Û‹œ™ËLŒØ™LXYYØØÙLÌXÌŒÍØYYØ˜ØØXYMY˜ÌMLØLŒLÍMÎLN›İXÛX\™Y˜[ÙK™\šYHXXÚš\İX[Ù]Üˆ^ÛYH]œ›ÛHHX›XÈZ[‚˜\ÜÙ]Ëİ^\™\Ëİ^\™\×İÙX˜\ÜÚÙ[[Û‹İ\˜[š]\‹ÛXZ[‹\Ú[KÙXœ\ÜÙ]Ëİ^\™\Ëİ^\™\×İÙX˜\ÜÚÙ[[Û‹ÙXœÍŒMÍ‹˜LYÌÙŒÎYNL™X™˜ŒÍÌNXMLLØÌÎYL™˜MØM˜ŒÎX™YMX‹›İXÛX\™Y˜[ÙK™\šYHXXÚš\İX[Ù]Üˆ^ÛYH]œ›ÛHHX›XÈZ[‚˜\ÜÙ]Ëİ^\™\Ëİ^\™\×İÙX˜\ÜÚÙ[[Û‹İ\˜[š]\‹ÛXZ[‹ÙXœ\ÜÙ]Ëİ^\™\Ëİ^\™\×İÙX˜\ÜÚÙ[[Û‹ÙXœMÍML™XXM™LÌÌÌŒMŒ˜YM™MŒŒÎYMNXLYXÍ™ÌLMÙØLYX™LË›İXÛX\™Y˜[ÙK™\šYHXXÚš\İX[Ù]Üˆ^ÛYH]œ›ÛHHX›XÈZ[‚˜\ÜÙ]Ëİ^\™\Ëİ^\™\×İÙX˜\ÜÚÙ[[Û‹İ\˜[š]\‹ÜÜš]K\Ú[Kœ™Ë\ÜÙ]Ëİ^\™\Ëİ^\™\×İÙX˜\ÜÚÙ[[Û‹œ™ËLŒKMÙ˜Ø˜MØLÙŒ˜MLM™LXM˜ÎLÎNLXLYLMMÍØÙM™ÍMYYXLØŒÌMK›İXÛX\™Y˜[ÙK™\šYHXXÚš\İX[Ù]Üˆ^ÛYH]œ›ÛHHX›XÈZ[‚˜\ÜÙ]Ëİ^\™\Ëİ^\™\×İÙX˜\ÜÚÙ[[Û‹İ\˜[š]\‹ÜÜš]Kœ™Ë\ÜÙ]Ëİ^\™\Ëİ^\™\×İÙX˜\ÜÚÙ[[Û‹œ™ËLNKL™LXXY™˜MÌŒXÌ˜XØ˜ÍŒ˜MLLMÌXL˜ÍYYLÌØŒØÌŒØLNNYXK›İXÛX\™Y˜[ÙK™\šYHXXÚš\İX[Ù]Üˆ^ÛYH]œ›ÛHHX›XÈZ[‚˜\ÜÙ]Ëİ^\™\Ëİ^\™\×İÙX˜\ÜÚÙ[[Û‹İ\˜[[KÛXZ[‹\Ú[KÙXœ\ÜÙ]Ëİ^\™\Ëİ^\™\×İÙX˜\ÜÚÙ[[Û‹ÙXœNNMM‹NXÙYŒYYŒŒÍŒØ˜M˜XMŒYM™™ML™™ÌY˜ŒØ˜ŒÍNXYL™ŒØN›İXÛX\™Y˜[ÙK™\šYHXXÚš\İX[Ù]Üˆ^ÛYH]œ›ÛHHX›XÈZ[‚˜\ÜÙ]Ëİ^\™\Ëİ^\™\×İÙX˜\ÜÚÙ[[Û‹İ\˜[[KÛXZ[‹ÙXœ\ÜÙ]Ëİ^\™\Ëİ^\™\×İÙX˜\ÜÚÙ[[Û‹ÙXœLŒŒÙ™LYLŒÍXMNNMNLLŒŒY˜LMØØXXÍŒXÎXÍNXÍŒ™XÍYÌNXÙLÎXÍK›İXÛX\™Y˜[ÙK™\šYHXXÚš\İX[Ù]Üˆ^ÛYH]œ›ÛHHX›XÈZ[‚˜\ÜÙ]Ëİ^\™\Ëİ^\™\×İÙX˜\ÜÚÙ[[Û‹İ\˜[[KÜÜš]K\Ú[Kœ™Ë\ÜÙ]Ëİ^\™\Ëİ^\™\×İÙX˜\ÜÚÙ[[Û‹œ™ËMKYX˜˜ŒXÌÍ™ØMMÍÍLYMNŒØLLÍŒÎXXŒYŒLÙXMØÎYL™˜ÌÍ›İXÛX\™Y˜[ÙK™\šYHXXÚš\İX[Ù]Üˆ^ÛYH]œ›ÛHHX›XÈZ[‚˜\ÜÙ]Ëİ^\™\Ëİ^\™\×İÙX˜\ÜÚÙ[[Û‹İ\˜[[KÜÜš]Kœ™Ë\ÜÙ]Ëİ^\™\Ëİ^\™\×İÙX˜\ÜÚÙ[[Û‹œ™ËMKXŒŒM™M™LŒØÙLNYØXŒYMY™ÙŒÍLÙMÍYLÎ™LYMXÌYL˜˜Ë›İXÛX\™Y˜[ÙK™\šYHXXÚš\İX[Ù]Üˆ^ÛYH]œ›ÛHHX›XÈZ[‚˜\ÜÙ]Ëİ^\™\Ëİ^\™\×İÙX˜\ÜÚÙ[[Û‹İ\›ÙİYKÛXZ[‹\Ú[KÙXœ\ÜÙ]Ëİ^\™\Ëİ^\™\×İÙX˜\ÜÚÙ[[Û‹ÙXœŒÍMÎÙML˜Y™XÎMÌÎYÎLLMØL˜ÍLNYMØ™XŒÌYŒÍX˜YŒLØXË›İXÛX\™Y˜[ÙK™\šYHXXÚš\İX[Ù]Üˆ^ÛYH]œ›ÛHHX›XÈZ[‚˜\ÜÙ]Ëİ^\™\Ëİ^\™\×İÙX˜\ÜÚÙ[[Û‹İ\›ÙİYKÛXZ[‹ÙXœ\ÜÙ]Ëİ^\™\Ëİ^\™\×İÙX˜\ÜÚÙ[[Û‹ÙXœÎNM‹ML˜YNL™X˜ØNÙŒŒÍLXŒÌ˜X˜LXÎYNYLLXÍÎXØÌ˜Ë›İXÛX\™Y˜[ÙK™\šYHXXÚš\İX[Ù]Üˆ^ÛYH]œ›ÛHHX›XÈZ[‚˜\ÜÙ]Ëİ^\™\Ëİ^\™\×İÙX˜\ÜÚÙ[[Û‹İ\›ÙİYKÜÜš]K\Ú[Kœ™Ë\ÜÙ]Ëİ^\™\Ëİ^\™\×İÙX˜\ÜÚÙ[[Û‹œ™ËM˜Ì™MÌM™ÍŒŒ˜X™ŒNÙX™™MÎM˜YML˜LX˜YXÍÍMÍÍXL™LË›İXÛX\™Y˜[ÙK™\šYHXXÚš\İX[Ù]Üˆ^ÛYH]œ›ÛHHX›XÈZ[‚˜\ÜÙ]Ëİ^\™\Ëİ^\™\×İÙX˜\ÜÚÙ[[Û‹İ\›ÙİYKÜÜš]Kœ™Ë\ÜÙ]Ëİ^\™\Ëİ^\™\×İÙX˜\ÜÚÙ[[Û‹œ™ËMËXLNMÙMÎ™ŒÎMMLÍMŒÌMYX™L™™YXÙ™LMMŒØÌŒMØK›İXÛX\™Y˜[ÙK™\šYHXXÚš\İX[Ù]Üˆ^ÛYH]œ›ÛHHX›XÈZ[‚˜\ÜÙ]Ëİ^\™\Ëİ^\™\×İÙX˜\ÜÚÙ[[Û‹İ\[ÛXZ[‹\Ú[KÙXœ\ÜÙ]Ëİ^\™\Ëİ^\™\×İÙX˜\ÜÚÙ[[Û‹ÙXœLMŒXLLÍØÌL˜™LŒNŒ˜ØMÙMÙLŒÌNÍNML™ÎXMÌLYNLŒXÙŒXK›İXÛX\™Y˜[ÙK™\šYHXXÚš\İX[Ù]Üˆ^ÛYH]œ›ÛHHX›XÈZ[‚˜\ÜÙ]Ëİ^\™\Ëİ^\™\×İÙX˜\ÜÚÙ[[Û‹İ\[ÛXZ[‹ÙXœ\ÜÙ]Ëİ^\™\Ëİ^\™\×İÙX˜\ÜÚÙ[[Û‹ÙXœLNMXÌØXLLXÎMXXYØMNX™ÌMŒÍLL™NMŒŒÍŒMYLÌMLŒYMLÍÙŒ˜LØ‹›İXÛX\™Y˜[ÙK™\šYHXXÚš\İX[Ù]Üˆ^ÛYH]œ›ÛHHX›XÈZ[‚˜\ÜÙ]Ëİ^\™\Ëİ^\™\×İÙX˜\ÜÚÙ[[Û‹İ\[ÜÜš]K\Ú[Kœ™Ë\ÜÙ]Ëİ^\™\Ëİ^\™\×İÙX˜\ÜÚÙ[[Û‹œ™ËMMÌÌMXÙŒ™ŒŒMLXØXMY™NNYXNNXÙMLØLLXÍYNMMÙNNYLÌMMÙŒXÎK›İXÛX\™Y˜[ÙK™\šYHXXÚš\İX[Ù]Üˆ^ÛYH]œ›ÛHHX›XÈZ[‚˜\ÜÙ]Ëİ^\™\Ëİ^\™\×İÙX˜\ÜÚÙ[[Û‹İ\[ÜÜš]KÙXœ\ÜÙ]Ëİ^\™\Ëİ^\™\×İÙX˜\ÜÚÙ[[Û‹ÙXœ‹LMMØÍMÙ™MÎMŒ™ŒÌ˜MYLØØYLÌØÍÎXXÌØ˜ÍL™LÍÌLÍ˜Ø™™LLŒLÌÌ›İXÛX\™Y˜[ÙK™\šYHXXÚš\İX[Ù]Üˆ^ÛYH]œ›ÛHHX›XÈZ[‚˜\ÜÙ]Ëİ^\™\Ëİ^\™\×İÙX˜\ÜÚÙ[[Û‹İ[˜K[™XÜ›Ş›XKÛXZ[‹\Ú[KÙXœ\ÜÙ]Ëİ^\™\Ëİ^\™\×İÙX˜\ÜÚÙ[[Û‹ÙXœLMØNLÍÍXYXÙN˜XLŒÎYYØÌLLMŒŒ™X™NLÍL™ML˜Ë›İXÛX\™Y˜[ÙK™\šYHXXÚš\İX[Ù]Üˆ^ÛYH]œ›ÛHHX›XÈZ[‚˜\ÜÙ]Ëİ^\™\Ëİ^\™\×İÙX˜\ÜÚÙ[[Û‹İ[˜K[™XÜ›Ş›XKÛXZ[‹ÙXœ\ÜÙ]Ëİ^\™\Ëİ^\™\×İÙX˜\ÜÚÙ[[Û‹ÙXœLL‹LMLÍXNMŒÍŒŒŒ˜ŒXÌŒÌ˜XLÍXXNÙÙLÙŒÙM™NLNMLŒ˜™K›İXÛX\™Y˜[ÙK™\šYHXXÚš\İX[Ù]Üˆ^ÛYH]œ›ÛHHX›XÈZ[‚˜\ÜÙ]Ëİ^\™\Ëİ^\™\×İÙX˜\ÜÚÙ[[Û‹İ[˜K[™XÜ›Ş›XKÜÜš]K\Ú[Kœ™Ë\ÜÙ]Ëİ^\™\Ëİ^\™\×İÙX˜\ÜÚÙ[[Û‹œ™ËMÌNXÍÙØÌNÌLNXÙXÌÎÙMÙŒØŒLÌXÌLXXYLØÎXNMLŒÙÍØXLK›İXÛX\™Y˜[ÙK™\šYHXXÚš\İX[Ù]Üˆ^ÛYH]œ›ÛHHX›XÈZ[‚˜\ÜÙ]Ëİ^\™\Ëİ^\™\×İÙX˜\ÜÚÙ[[Û‹İ[˜K[™XÜ›Ş›XKÜÜš]Kœ™Ë\ÜÙ]Ëİ^\™\Ëİ^\™\×İÙX˜\ÜÚÙ[[Û‹œ™ËMÌKLŒ™ØÙNNLXÌY˜ØØÌŒÙNLM˜XŒŒÌŒ˜MÎYMX˜ÌÍÌÙ˜ÍNÎÙ›İXÛX\™Y˜[ÙK™\šYHXXÚš\İX[Ù]Üˆ^ÛYH]œ›ÛHHX›XÈZ[‚˜\ÜÙ]Ëİ^\™\Ëİ^\™\×İÙX˜\ÜÚÙ[[Û‹İ[Xœ™[Û‹ÛXZ[‹\Ú[KÙXœ\ÜÙ]Ëİ^\™\Ëİ^\™\×İÙX˜\ÜÚÙ[[Û‹ÙXœŒMÌXYÌNLLØÍNN˜Ì˜ØXŒÌXÌ™X˜ÌXM˜™˜Î˜ÌLÎXMY˜˜ÌK›İXÛX\™Y˜[ÙK™\šYHXXÚš\İX[Ù]Üˆ^ÛYH]œ›ÛHHX›XÈZ[‚˜\ÜÙ]Ëİ^\™\Ëİ^\™\×İÙX˜\ÜÚÙ[[Û‹İ[Xœ™[Û‹ÛXZ[‹ÙXœ\ÜÙ]Ëİ^\™\Ëİ^\™\×İÙX˜\ÜÚÙ[[Û‹ÙXœŒMŒÌMÌÍ˜XMXŒ˜M˜˜ÙM˜XXØŒMYLNXÙLÌØØYMÌØÍÍ™K›İXÛX\™Y˜[ÙK™\šYHXXÚš\İX[Ù]Üˆ^ÛYH]œ›ÛHHX›XÈZ[‚˜\ÜÙ]Ëİ^\™\Ëİ^\™\×İÙX˜\ÜÚÙ[[Û‹İ[Xœ™[Û‹ÜÜš]K\Ú[Kœ™Ë\ÜÙ]Ëİ^\™\Ëİ^\™\×İÙX˜\ÜÚÙ[[Û‹œ™ËMÍ‹LYXLX™MÍÙŒŒŒÌÌLÙŒNÎ™™Ù˜ØÎLMÍÌÍXŒNYMYYXÙŒÌÍNŒŒ›İXÛX\™Y˜[ÙK™\šYHXXÚš\İX[Ù]Üˆ^ÛYH]œ›ÛHHX›XÈZ[‚˜\ÜÙ]Ëİ^\™\Ëİ^\™\×İÙX˜\ÜÚÙ[[Û‹İ[Xœ™[Û‹ÜÜš]Kœ™Ë\ÜÙ]Ëİ^\™\Ëİ^\™\×İÙX˜\ÜÚÙ[[Û‹œ™ËNÌ™XŒŒŒ˜ÌL™MXÌÍÍØÌMX˜ØM™ÌÎYMXLLÍÙYÙYXYXË›İXÛX\™Y˜[ÙK™\šYHXXÚš\İX[Ù]Üˆ^ÛYH]œ›ÛHHX›XÈZ[‚˜\ÜÙ]Ëİ^\™\Ëİ^\™\×İÙX˜\ÜÚÙ[[Û‹İ[™™^˜[ÛXZ[‹Y‹\Ú[KÙXœ\ÜÙ]Ëİ^\™\Ëİ^\™\×İÙX˜\ÜÚÙ[[Û‹ÙXœŒLÎÌXŒXLÍÌNNLMÙŒMÍMØLŒÌ˜ÎLØÍÌÙ˜M™X˜Y˜LL˜ØÎMÍ™MÙX‹›İXÛX\™Y˜[ÙK™\šYHXXÚš\İX[Ù]Üˆ^ÛYH]œ›ÛHHX›XÈZ[‚˜\ÜÙ]Ëİ^\™\Ëİ^\™\×İÙX˜\ÜÚÙ[[Û‹İ[™™^˜[ÛXZ[‹Y‹ÙXœ\ÜÙ]Ëİ^\™\Ëİ^\™\×İÙX˜\ÜÚÙ[[Û‹ÙXœLŒÎLLÎXX™MÎÌNÍÙYYMLÌÌÍÍÍ™NX˜MYXY™ŒLŒØ˜MYNYNÙYÍ™‹›İXÛX\™Y˜[ÙK™\šYHXXÚš\İX[Ù]Üˆ^ÛYH]œ›ÛHHX›XÈZ[‚˜\ÜÙ]Ëİ^\™\Ëİ^\™\×İÙX˜\ÜÚÙ[[Û‹İ[™™^˜[ÛXZ[‹[K\Ú[KÙXœ\ÜÙ]Ëİ^\™\Ëİ^\™\×İÙX˜\ÜÚÙ[[Û‹ÙXœÍML™MLLŒŒØ™™NNÌŒŒÎLÍL™XMÌ™Y™™Y˜˜Œ™XŒÎŒÍMÍ›İXÛX\™Y˜[ÙK™\šYHXXÚš\İX[Ù]Üˆ^ÛYH]œ›ÛHHX›XÈZ[‚˜\ÜÙ]Ëİ^\™\Ëİ^\™\×İÙX˜\ÜÚÙ[[Û‹İ[™™^˜[ÛXZ[‹[KÙXœ\ÜÙ]Ëİ^\™\Ëİ^\™\×İÙX˜\ÜÚÙ[[Û‹ÙXœÌÌNLLYNYXØÎXXNYMÌŒYLŒMM˜™LŒ™Y˜XŒÌŒXÍÍÌÎMXØM˜ØÙMŒXØ‹›İXÛX\™Y˜[ÙK™\šYHXXÚš\İX[Ù]Üˆ^ÛYH]œ›ÛHHX›XÈZ[‚˜\ÜÙ]Ëİ^\™\Ëİ^\™\×İÙX˜\ÜÚÙ[[Û‹İ[™™^˜[ÛXZ[‹\Ú[KÙXœ\ÜÙ]Ëİ^\™\Ëİ^\™\×İÙX˜\ÜÚÙ[[Û‹ÙXœÍML™MLLŒŒØ™™NNÌŒŒÎLÍL™XMÌ™Y™™Y˜˜Œ™XŒÎŒÍMÍ›İXÛX\™Y˜[ÙK™\šYHXXÚš\İX[Ù]Üˆ^ÛYH]œ›ÛHHX›XÈZ[‚˜\ÜÙ]Ëİ^\™\Ëİ^\™\×İÙX˜\ÜÚÙ[[Û‹İ[™™^˜[ÛXZ[‹ÙXœ\ÜÙ]Ëİ^\™\Ëİ^\™\×İÙX˜\ÜÚÙ[[Û‹ÙXœÌÌNLLYNYXØÎXXNYMÌŒYLŒMM˜™LŒ™Y˜XŒÌŒXÍÍÌÎMXØM˜ØÙMŒXØ‹›İXÛX\™Y˜[ÙK™\šYHXXÚš\İX[Ù]Üˆ^ÛYH]œ›ÛHHX›XÈZ[‚˜\ÜÙ]Ëİ^\™\Ëİ^\™\×İÙX˜\ÜÚÙ[[Û‹İ[™™^˜[ÜÜš]KY‹\Ú[Kœ™Ë\ÜÙ]Ëİ^\™\Ëİ^\™\×İÙX˜\ÜÚÙ[[Û‹œ™ËËX˜LYLLÌ™ÙMNŒMLÙLYLÍÙNXÌMMNŒXLŒÌLMÍXMÎË›İXÛX\™Y˜[ÙK™\šYHXXÚš\İX[Ù]Üˆ^ÛYH]œ›ÛHHX›XÈZ[‚˜\ÜÙ]Ëİ^\™\Ëİ^\™\×İÙX˜\ÜÚÙ[[Û‹İ[™™^˜[ÜÜš]KY‹œ™Ë\ÜÙ]Ëİ^\™\Ëİ^\™\×İÙX˜\ÜÚÙ[[Û‹œ™ËMŒ™XXMMÎNM™ÙMÌŒMÎŒLLÍXŒŒLÙXYYMØ™ÎNMX™ŒNY˜MMMŒŒ‹›İXÛX\™Y˜[ÙK™\šYHXXÚš\İX[Ù]Üˆ^ÛYH]œ›ÛHHX›XÈZ[‚˜\ÜÙ]Ëİ^\™\Ëİ^\™\×İÙX˜\ÜÚÙ[[Û‹İ[™™^˜[ÜÜš]K[K\Ú[Kœ™Ë\ÜÙ]Ëİ^\™\Ëİ^\™\×İÙX˜\ÜÚÙ[[Û‹œ™ËNMË˜ÎLXÌŒØXNLYY™™MÌYÎX™˜NLLØY˜YLÍYLÌMMNMYMNLK›İXÛX\™Y˜[ÙK™\šYHXXÚš\İX[Ù]Üˆ^ÛYH]œ›ÛHHX›XÈZ[‚˜\ÜÙ]Ëİ^\™\Ëİ^\™\×İÙX˜\ÜÚÙ[[Û‹İ[™™^˜[ÜÜš]K[Kœ™Ë\ÜÙ]Ëİ^\™\Ëİ^\™\×İÙX˜\ÜÚÙ[[Û‹œ™ËNMKØÌ™LØÙMØ™™™˜LY™ÍNLXY™Y˜ÎLMŒ˜ØÌL™Œ™™LÌÍXMÎYLÍK›İXÛX\™Y˜[ÙK™\šYHXXÚš\İX[Ù]Üˆ^ÛYH]œ›ÛHHX›XÈZ[‚˜\ÜÙ]Ëİ^\™\Ëİ^\™\×İÙX˜\ÜÚÙ[[Û‹İ[™™^˜[ÜÜš]K\Ú[Kœ™Ë\ÜÙ]Ëİ^\™\Ëİ^\™\×İÙX˜\ÜÚÙ[[Û‹œ™ËNMË˜ÎLXÌŒØXNLYY™™MÌYÎX™˜NLLØY˜YLÍYLÌMMNMYMNLK›İXÛX\™Y˜[ÙK™\šYHXXÚš\İX[Ù]Üˆ^ÛYH]œ›ÛHHX›XÈZ[‚˜\ÜÙ]Ëİ^\™\Ëİ^\™\×İÙX˜\ÜÚÙ[[Û‹İ[™™^˜[ÜÜš]Kœ™Ë\ÜÙ]Ëİ^\™\Ëİ^\™\×İÙX˜\ÜÚÙ[[Û‹œ™ËNMKØÌ™LØÙMØ™™™˜LY™ÍNLXY™Y˜ÎLMŒ˜ØÌL™Œ™™LÌÍXMÎYLÍK›İXÛX\™Y˜[ÙK™\šYHXXÚš\İX[Ù]Üˆ^ÛYH]œ›ÛHHX›XÈZ[‚˜\ÜÙ]Ëİ^\™\Ëİ^\™\×İÙX˜\ÜÚÙ[[Û‹İ[›İÛ‹ÛXZ[‹\Ú[KÙXœ\ÜÙ]Ëİ^\™\Ëİ^\™\×İÙX˜\ÜÚÙ[[Û‹ÙXœŒMNŒŒXŒMY™ÍØŒŒ™XÍÙMNL˜YŒLMY˜™XŒ™LŒNÙXÌXYŒK›İXÛX\™Y˜[ÙK™\šYHXXÚš\İX[Ù]Üˆ^ÛYH]œ›ÛHHX›XÈZ[‚˜\ÜÙ]Ëİ^\™\Ëİ^\™\×İÙX˜\ÜÚÙ[[Û‹İ[›İÛ‹ÛXZ[‹ÙXœ\ÜÙ]Ëİ^\™\Ëİ^\™\×İÙX˜\ÜÚÙ[[Û‹ÙXœÌÍÌÌLÙ˜LŒLØÎMLM˜LÎLØ™™NM˜XMMÍN™YMÍXØ™LNMLÍÌ˜‹›İXÛX\™Y˜[ÙK™\šYHXXÚš\İX[Ù]Üˆ^ÛYH]œ›ÛHHX›XÈZ[‚˜\ÜÙ]Ëİ^\™\Ëİ^\™\×İÙX˜\ÜÚÙ[[Û‹İ[›İÛ‹ÜÜš]K\Ú[Kœ™Ë\ÜÙ]Ëİ^\™\Ëİ^\™\×İÙX˜\ÜÚÙ[[Û‹œ™ËÌNŒNYMYXMXMÙÙLÌÌMÌXØÌÌ™LØŒYXØYLN™XŒÍŒY›İXÛX\™Y˜[ÙK™\šYHXXÚš\İX[Ù]Üˆ^ÛYH]œ›ÛHHX›XÈZ[‚˜\ÜÙ]Ëİ^\™\Ëİ^\™\×İÙX˜\ÜÚÙ[[Û‹İ[›İÛ‹ÜÜš]Kœ™Ë\ÜÙ]Ëİ^\™\Ëİ^\™\×İÙX˜\ÜÚÙ[[Û‹œ™ËÌNÍXÌŒÙØÍÍÌMØÌÌLÙYÎLÌÙMLMÌÌŒÍYY™˜ÎY˜Y›İXÛX\™Y˜[ÙK™\šYHXXÚš\İX[Ù]Üˆ^ÛYH]œ›ÛHHX›XÈZ[‚˜\ÜÙ]Ëİ^\™\Ëİ^\™\×İÙX˜\ÜÚÙ[[Û‹İ\œØ[[˜KX›ÛÙ[ÛÛ‹ÛXZ[‹\Ú[KÙXœ\ÜÙ]Ëİ^\™\Ëİ^\™\×İÙX˜\ÜÚÙ[[Û‹ÙXœÌÌLÙÙLÍÌÌÌYŒÙ˜XØMØ˜X˜ÌÙŒ™MYYXMÙØÎLÙMNL™LÌØÍ˜Y›İXÛX\™Y˜[ÙK™\šYHXXÚš\İX[Ù]Üˆ^ÛYH]œ›ÛHHX›XÈZ[‚˜\ÜÙ]Ëİ^\™\Ëİ^\™\×İÙX˜\ÜÚÙ[[Û‹İ\œØ[[˜KX›ÛÙ[ÛÛ‹ÛXZ[‹ÙXœ\ÜÙ]Ëİ^\™\Ëİ^\™\×İÙX˜\ÜÚÙ[[Û‹ÙXœMNMMLÍMMLLXÌXØYYMØÍ˜YMNÍÎXXLÍL˜XÍMXŒÙŒYY™NMË›İXÛX\™Y˜[ÙK™\šYHXXÚš\İX[Ù]Üˆ^ÛYH]œ›ÛHHX›XÈZ[‚˜\ÜÙ]Ëİ^\™\Ëİ^\™\×İÙX˜\ÜÚÙ[[Û‹İ\œØ[[˜KX›ÛÙ[ÛÛ‹ÜÜš]K\Ú[Kœ™Ë\ÜÙ]Ëİ^\™\Ëİ^\™\×İÙX˜\ÜÚÙ[[Û‹œ™ËÍÎ‹™™LMMLMŒM˜MØLXLŒM˜ÍY˜ÍŒLLÍXMØX™LŒÍMLÎY˜MLÎK›İXÛX\™Y˜[ÙK™\šYHXXÚš\İX[Ù]Üˆ^ÛYH]œ›ÛHHX›XÈZ[‚˜\ÜÙ]Ëİ^\™\Ëİ^\™\×İÙX˜\ÜÚÙ[[Û‹İ\œØ[[˜KX›ÛÙ[ÛÛ‹ÜÜš]Kœ™Ë\ÜÙ]Ëİ^\™\Ëİ^\™\×İÙX˜\ÜÚÙ[[Û‹œ™ËÍKXLÙŒNN™XXÎXXŒÍÍLÙŒ˜˜ÌÍÌÍXMØXY˜ÍN˜XŒYXŒ‹›İXÛX\™Y˜[ÙK™\šYHXXÚš\İX[Ù]Üˆ^ÛYH]œ›ÛHHX›XÈZ[‚˜\ÜÙ]Ëİ^\™\Ëİ^\™\×İÙX˜\ÜÚÙ[[Û‹İ\œØ[[˜KÛXZ[‹\Ú[KÙXœ\ÜÙ]Ëİ^\™\Ëİ^\™\×İÙX˜\ÜÚÙ[[Û‹ÙXœLŒÌNMNXÌ™YÌÍMML™LÙL™ŒMXÍLÎÌŒ˜ÌLÙLYLÍXLÙ™X™Î›İXÛX\™Y˜[ÙK™\šYHXXÚš\İX[Ù]Üˆ^ÛYH]œ›ÛHHX›XÈZ[‚˜\ÜÙ]Ëİ^\™\Ëİ^\™\×İÙX˜\ÜÚÙ[[Û‹İ\œØ[[˜KÛXZ[‹ÙXœ\ÜÙ]Ëİ^\™\Ëİ^\™\×İÙX˜\ÜÚÙ[[Û‹ÙXœLŒ™NØYMXÎÌ˜LYLLXŒX™YLXÌ˜XŒX™YYL˜NY™XÍ‹›İXÛX\™Y˜[ÙK™\šYHXXÚš\İX[Ù]Üˆ^ÛYH]œ›ÛHHX›XÈZ[‚˜\ÜÙ]Ëİ^\™\Ëİ^\™\×İÙX˜\ÜÚÙ[[Û‹İ\œØ[[˜KÜÜš]K\Ú[Kœ™Ë\ÜÙ]Ëİ^\™\Ëİ^\™\×İÙX˜\ÜÚÙ[[Û‹œ™ËLÌË™Y˜NNLÍÌŒMM™Î˜ÍLÌXYYNXLY™™ÙÍ™N˜XÙNNLØÌ›İXÛX\™Y˜[ÙK™\šYHXXÚš\İX[Ù]Üˆ^ÛYH]œ›ÛHHX›XÈZ[‚˜\ÜÙ]Ëİ^\™\Ëİ^\™\×İÙX˜\ÜÚÙ[[Û‹İ\œØ[[˜KÜÜš]Kœ™Ë\ÜÙ]Ëİ^\™\Ëİ^\™\×İÙX˜\ÜÚÙ[[Û‹œ™ËLÌKŒÎ™ŒŒNY˜™LÌNXLNYY™NÌÎÙ™NÌMØLŒØMÎÍÙLXY‹›İXÛX\™Y˜[ÙK™\šYHXXÚš\İX[Ù]Üˆ^ÛYH]œ›ÛHHX›XÈZ[‚˜\ÜÙ]Ëİ^\™\Ëİ^\™\×İÙX˜\ÜÚÙ[[Û‹İ\œØ\š[™ËÛXZ[‹\Ú[KÙXœ\ÜÙ]Ëİ^\™\Ëİ^\™\×İÙX˜\ÜÚÙ[[Û‹ÙXœÎMŒŒØMYLŒXŒMYÍXŒLŒØY™LMXÍM˜M˜ÙXÌØ™Ø˜M˜Ë›İXÛX\™Y˜[ÙK™\šYHXXÚš\İX[Ù]Üˆ^ÛYH]œ›ÛHHX›XÈZ[‚˜\ÜÙ]Ëİ^\™\Ëİ^\™\×İÙX˜\ÜÚÙ[[Û‹İ\œØ\š[™ËÛXZ[‹ÙXœ\ÜÙ]Ëİ^\™\Ëİ^\™\×İÙX˜\ÜÚÙ[[Û‹ÙXœLÌÍNNNMLÎX˜MÍLÙNXX˜ØŒX™M˜™ŒØÌ™ŒŒÎX™LLNLÎNX˜YNNŒ˜LÙMK›İXÛX\™Y˜[ÙK™\šYHXXÚš\İX[Ù]Üˆ^ÛYH]œ›ÛHHX›XÈZ[‚˜\ÜÙ]Ëİ^\™\Ëİ^\™\×İÙX˜\ÜÚÙ[[Û‹İ\œØ\š[™ËÜÜš]K\Ú[Kœ™Ë\ÜÙ]Ëİ^\™\Ëİ^\™\×İÙX˜\ÜÚÙ[[Û‹œ™ËMŒËLØÍŒØ™LŒÌŒ˜˜™™ŒYLLÌÌXY™ŒMLXÍÌYÙŒÎMYMMYÌÌŒLK›İXÛX\™Y˜[ÙK™\šYHXXÚš\İX[Ù]Üˆ^ÛYH]œ›ÛHHX›XÈZ[‚˜\ÜÙ]Ëİ^\™\Ëİ^\™\×İÙX˜\ÜÚÙ[[Û‹İ\œØ\š[™ËÜÜš]Kœ™Ë\ÜÙ]Ëİ^\™\Ëİ^\™\×İÙX˜\ÜÚÙ[[Û‹œ™ËMŒËYŒ™LXNMÍŒNYNL˜ØÙYŒY™ŒŒŒXMŒMØ˜ÎMM˜LNMÌÍLÌÎK›İXÛX\™Y˜[ÙK™\šYHXXÚš\İX[Ù]Üˆ^ÛYH]œ›ÛHHX›XÈZ[‚˜\ÜÙ]Ëİ^\™\Ëİ^\™\×İÙX˜\ÜÚÙ[[Û‹İ\œÚYK\˜\YÛXZ[‹\Ú[KÙXœ\ÜÙ]Ëİ^\™\Ëİ^\™\×İÙX˜\ÜÚÙ[[Û‹ÙXœÍML‹™XMX˜LŒMM˜ÍMXMÎŒÌŒÍL™Œ™LØÙY™Œ™MØLMË›İXÛX\™Y˜[ÙK™\šYHXXÚš\İX[Ù]Üˆ^ÛYH]œ›ÛHHX›XÈZ[‚˜\ÜÙ]Ëİ^\™\Ëİ^\™\×İÙX˜\ÜÚÙ[[Û‹İ\œÚYK\˜\YÛXZ[‹ÙXœ\ÜÙ]Ëİ^\™\Ëİ^\™\×İÙX˜\ÜÚÙ[[Û‹ÙXœNLÎ‹M™NÎX˜˜ŒÙYXX˜MXÌŒ˜ŒØX™™Y˜M˜ŒŒNØØØLYL™L˜XŒ˜M›İXÛX\™Y˜[ÙK™\šYHXXÚš\İX[Ù]Üˆ^ÛYH]œ›ÛHHX›XÈZ[‚˜\ÜÙ]Ëİ^\™\Ëİ^\™\×İÙX˜\ÜÚÙ[[Û‹İ\œÚYK\˜\YÜÜš]K\Ú[Kœ™Ë\ÜÙ]Ëİ^\™\Ëİ^\™\×İÙX˜\ÜÚÙ[[Û‹œ™ËLŒŒKÙL™YLXLYX™Î˜ÙXŒ˜™ÍY˜ÍNMMÌLÌÌÌLMYMØNXÙ™›İXÛX\™Y˜[ÙK™\šYHXXÚš\İX[Ù]Üˆ^ÛYH]œ›ÛHHX›XÈZ[‚˜\ÜÙ]Ëİ^\™\Ëİ^\™\×İÙX˜\ÜÚÙ[[Û‹İ\œÚYK\˜\YÜÜš]Kœ™Ë\ÜÙ]Ëİ^\™\Ëİ^\™\×İÙX˜\ÜÚÙ[[Û‹œ™ËLŒŒKNLŒLÌYXML™XÍÎÌÍŒXLØŒNYÌÍM˜XYXYLØYL™˜™XXXLË›İXÛX\™Y˜[ÙK™\šYHXXÚš\İX[Ù]Üˆ^ÛYH]œ›ÛHHX›XÈZ[‚˜\ÜÙ]Ëİ^\™\Ëİ^\™\×İÙX˜\ÜÚÙ[[Û‹İ\œÚYK\Ú[™ÛKÛXZ[‹\Ú[KÙXœ\ÜÙ]Ëİ^\™\Ëİ^\™\×İÙX˜\ÜÚÙ[[Û‹ÙXœÌØXØÎM˜Ì™ML˜ÍÌXLLXÍØÌ™MNXÍÙMXÌÎLL˜ÍÍØ™™MÎYMÍØË›İXÛX\™Y˜[ÙK™\šYHXXÚš\İX[Ù]Üˆ^ÛYH]œ›ÛHHX›XÈZ[‚˜\ÜÙ]Ëİ^\™\Ëİ^\™\×İÙX˜\ÜÚÙ[[Û‹İ\œÚYK\Ú[™ÛKÛXZ[‹ÙXœ\ÜÙ]Ëİ^\™\Ëİ^\™\×İÙX˜\ÜÚÙ[[Û‹ÙXœL‹LØ™˜XNNLÍX™MMÎMÙMØLÌNLÙØØMNL™MYLLYNNÌÌYK›İXÛX\™Y˜[ÙK™\šYHXXÚš\İX[Ù]Üˆ^ÛYH]œ›ÛHHX›XÈZ[‚˜\ÜÙ]Ëİ^\™\Ëİ^\™\×İÙX˜\ÜÚÙ[[Û‹İ\œÚYK\Ú[™ÛKÜÜš]K\Ú[Kœ™Ë\ÜÙ]Ëİ^\™\Ëİ^\™\×İÙX˜\ÜÚÙ[[Û‹œ™ËLÌKXX™ŒLXXÍŒ˜MÎLØXNYŒÌØYNNLMXYLYMØŒÍŒXŒÌÙN™MYŒNMÙŒÌ‹›İXÛX\™Y˜[ÙK™\šYHXXÚš\İX[Ù]Üˆ^ÛYH]œ›ÛHHX›XÈZ[‚˜\ÜÙ]Ëİ^\™\Ëİ^\™\×İÙX˜\ÜÚÙ[[Û‹İ\œÚYK\Ú[™ÛKÜÜš]Kœ™Ë\ÜÙ]Ëİ^\™\Ëİ^\™\×İÙX˜\ÜÚÙ[[Û‹œ™ËLŒŒ‹ŒŒŒYMÍŒYXÙŒÌÍ™ÍÌLX™MÍYXMMXÍYMÙ™XN˜YLYMŒ™X‹›İXÛX\™Y˜[ÙK™\šYHXXÚš\İX[Ù]Üˆ^ÛYH]œ›ÛHHX›XÈZ[‚˜\ÜÙ]Ëİ^\™\Ëİ^\™\×İÙX˜\ÜÚÙ[[Û‹İ^YKÛXZ[‹\Ú[KÙXœ\ÜÙ]Ëİ^\™\Ëİ^\™\×İÙX˜\ÜÚÙ[[Û‹ÙXœLLÎ‹™ŒYYXØ˜LŒYYYŒYYXŒŒŒNMLMYXÌYLØŒÌNMXMLÌÍXØÙŒXØŒÙ›İXÛX\™Y˜[ÙK™\šYHXXÚš\İX[Ù]Üˆ^ÛYH]œ›ÛHHX›XÈZ[‚˜\ÜÙ]Ëİ^\™\Ëİ^\™\×İÙX˜\ÜÚÙ[[Û‹İ^YKÛXZ[‹ÙXœ\ÜÙ]Ëİ^\™\Ëİ^\™\×İÙX˜\ÜÚÙ[[Û‹ÙXœMÎL‹NMYYMLÍÙMÙYYYNXYLŒYMÙL™ÌÎMYYX˜L˜ØXØÙXÙX™NMÌ‹›İXÛX\™Y˜[ÙK™\šYHXXÚš\İX[Ù]Üˆ^ÛYH]œ›ÛHHX›XÈZ[‚˜\ÜÙ]Ëİ^\™\Ëİ^\™\×İÙX˜\ÜÚÙ[[Û‹İ^YKÜÜš]K\Ú[Kœ™Ë\ÜÙ]Ëİ^\™\Ëİ^\™\×İÙX˜\ÜÚÙ[[Û‹œ™ËŒÌË™YÙMNYLØŒNXÍLLŒMÙMŒLLÎMÌNXÎMŒXÌ˜ÙM˜™K›İXÛX\™Y˜[ÙK™\šYHXXÚš\İX[Ù]Üˆ^ÛYH]œ›ÛHHX›XÈZ[‚˜\ÜÙ]Ëİ^\™\Ëİ^\™\×İÙX˜\ÜÚÙ[[Û‹İ^YKÜÜš]Kœ™Ë\ÜÙ]Ëİ^\™\Ëİ^\™\×İÙX˜\ÜÚÙ[[Û‹œ™ËŒL™MÌYYXÙ™ŒXMNYMŒXÍ™NN™Y™XX˜L™ŒÍ˜XÌ˜ÌÙMÙŒÌÌLÌË›İXÛX\™Y˜[ÙK™\šYHXXÚš\İX[Ù]Üˆ^ÛYH]œ›ÛHHX›XÈZ[‚˜\ÜÙ]Ëİ^\™\Ëİ^\™\×İÙX˜\ÜÚÙ[[Û‹İ˜[š[\ÚÛXZ[‹\Ú[KÙXœ\ÜÙ]Ëİ^\™\Ëİ^\™\×İÙX˜\ÜÚÙ[[Û‹ÙXœLLÌÙLÎMLÍNNÍXÙML™˜ŒLM™MÍ˜ŒLMLÙLLY˜LŒXÌ˜M™Y›İXÛX\™Y˜[ÙK™\šYHXXÚš\İX[Ù]Üˆ^ÛYH]œ›ÛHHX›XÈZ[‚˜\ÜÙ]Ëİ^\™\Ëİ^\™\×İÙX˜\ÜÚÙ[[Û‹İ˜[š[\ÚÛXZ[‹ÙXœ\ÜÙ]Ëİ^\™\Ëİ^\™\×İÙX˜\ÜÚÙ[[Û‹ÙXœY˜ML™˜X™Œ˜LLXÌÌXÙMLÍMLÍŒÎMMMÍÎØÙLYYXK›İXÛX\™Y˜[ÙK™\šYHXXÚš\İX[Ù]Üˆ^ÛYH]œ›ÛHHX›XÈZ[‚˜\ÜÙ]Ëİ^\™\Ëİ^\™\×İÙX˜\ÜÚÙ[[Û‹İ˜[š[\ÚÜÜš]K\Ú[Kœ™Ë\ÜÙ]Ëİ^\™\Ëİ^\™\×İÙX˜\ÜÚÙ[[Û‹œ™ËÎ™ŒÙŒYLNXMXÌŒY˜ÌÙYXÍXMÙ˜MYÌLŒ™ØYŒŒNXXÍN›İXÛX\™Y˜[ÙK™\šYHXXÚš\İX[Ù]Üˆ^ÛYH]œ›ÛHHX›XÈZ[‚˜\ÜÙ]Ëİ^\™\Ëİ^\™\×İÙX˜\ÜÚÙ[[Û‹İ˜[š[\ÚÜÜš]Kœ™Ë\ÜÙ]Ëİ^\™\Ëİ^\™\×İÙX˜\ÜÚÙ[[Û‹œ™ËÍÌMM™™Ù˜ÙYX˜Œ™MMLLÌLLYNMŒÎY˜L™ŒMLY™NM˜ÙXË›İXÛX\™Y˜[ÙK™\šYHXXÚš\İX[Ù]Üˆ^ÛYH]œ›ÛHHX›XÈZ[‚˜\ÜÙ]Ëİ^\™\Ëİ^\™\×İÙX˜\ÜÚÙ[[Û‹İ˜[š[]KÛXZ[‹\Ú[KÙXœ\ÜÙ]Ëİ^\™\Ëİ^\™\×İÙX˜\ÜÚÙ[[Û‹ÙXœÍMÌ˜ØYL™NM™ÌØLÌÍÌMNŒÙÍXXÌ˜Î™YYXØYMYÌÌÌÌLÎÌYL˜™˜ÙMÌ‹›İXÛX\™Y˜[ÙK™\šYHXXÚš\İX[Ù]Üˆ^ÛYH]œ›ÛHHX›XÈZ[‚˜\ÜÙ]Ëİ^\™\Ëİ^\™\×İÙX˜\ÜÚÙ[[Û‹İ˜[š[]KÛXZ[‹ÙXœ\ÜÙ]Ëİ^\™\Ëİ^\™\×İÙX˜\ÜÚÙ[[Û‹ÙXœÎLÌŒX˜LÎMYÌMLŒŒØYMÎYÌŒ™ŒL™YMMØMX™˜˜NMÙLNXÍ˜ÌË›İXÛX\™Y˜[ÙK™\šYHXXÚš\İX[Ù]Üˆ^ÛYH]œ›ÛHHX›XÈZ[‚˜\ÜÙ]Ëİ^\™\Ëİ^\™\×İÙX˜\ÜÚÙ[[Û‹İ˜[š[]KÜÜš]K\Ú[Kœ™Ë\ÜÙ]Ëİ^\™\Ëİ^\™\×İÙX˜\ÜÚÙ[[Û‹œ™ËMKŒÍMMØÙMMÌ™ÌŒLÎXÙYÎNYLØMXÌØ˜˜ŒX™MMÍÍXYŒÎÍYÌ‹›İXÛX\™Y˜[ÙK™\šYHXXÚš\İX[Ù]Üˆ^ÛYH]œ›ÛHHX›XÈZ[‚˜\ÜÙ]Ëİ^\™\Ëİ^\™\×İÙX˜\ÜÚÙ[[Û‹İ˜[š[]KÜÜš]Kœ™Ë\ÜÙ]Ëİ^\™\Ëİ^\™\×İÙX˜\ÜÚÙ[[Û‹œ™ËMMYX˜MXÍ˜ŒÌM™M™L™ŒXŒÍ˜ŒØY™ŒÍÎMMÌN™LÌMMK›İXÛX\™Y˜[ÙK™\šYHXXÚš\İX[Ù]Üˆ^ÛYH]œ›ÛHHX›XÈZ[‚˜\ÜÙ]Ëİ^\™\Ëİ^\™\×İÙX˜\ÜÚÙ[[Û‹İ˜[š[^KÛXZ[‹\Ú[KÙXœ\ÜÙ]Ëİ^\™\Ëİ^\™\×İÙX˜\ÜÚÙ[[Û‹ÙXœLŒÎ™YLÙYŒYÍMNL˜YÌXYLMÎXXM˜˜LØ˜YLÎNY™LØÌÌÎXK›İXÛX\™Y˜[ÙK™\šYHXXÚš\İX[Ù]Üˆ^ÛYH]œ›ÛHHX›XÈZ[‚˜\ÜÙ]Ëİ^\™\Ëİ^\™\×İÙX˜\ÜÚÙ[[Û‹İ˜[š[^KÛXZ[‹ÙXœ\ÜÙ]Ëİ^\™\Ëİ^\™\×İÙX˜\ÜÚÙ[[Û‹ÙXœNNMŒÎ™˜ÌÌÌNÎ™ÙŒXXÌXNXLNN˜Œ™ÌÌMMØ˜ÙNY˜ØÌXK›İXÛX\™Y˜[ÙK™\šYHXXÚš\İX[Ù]Üˆ^ÛYH]œ›ÛHHX›XÈZ[‚˜\ÜÙ]Ëİ^\™\Ëİ^\™\×İÙX˜\ÜÚÙ[[Û‹İ˜[š[^KÜÜš]K\Ú[Kœ™Ë\ÜÙ]Ëİ^\™\Ëİ^\™\×İÙX˜\ÜÚÙ[[Û‹œ™ËLŒÍÌÙÍMMØYYNMÎMMÙÍY™ÌÍŒMLÌÌMLLÌÌ˜Y™Y‹›İXÛX\™Y˜[ÙK™\šYHXXÚš\İX[Ù]Üˆ^ÛYH]œ›ÛHHX›XÈZ[‚˜\ÜÙ]Ëİ^\™\Ëİ^\™\×İÙX˜\ÜÚÙ[[Û‹İ˜[š[^KÜÜš]Kœ™Ë\ÜÙ]Ëİ^\™\Ëİ^\™\×İÙX˜\ÜÚÙ[[Û‹œ™ËLNK˜LNM™˜L™˜ÌØL™LŒÎMÍXNÌMŒÌMØÍÌLÙXÎL˜™XMM™™˜˜K›İXÛX\™Y˜[ÙK™\šYHXXÚš\İX[Ù]Üˆ^ÛYH]œ›ÛHHX›XÈZ[‚˜\ÜÙ]Ëİ^\™\Ëİ^\™\×İÙX˜\ÜÚÙ[[Û‹İ˜\Ü™[Û‹ÛXZ[‹\Ú[KÙXœ\ÜÙ]Ëİ^\™\Ëİ^\™\×İÙX˜\ÜÚÙ[[Û‹ÙXœLNLÌYNLMM™LÍÍÍÍX™XMÙYNYLMŒXX™LXLØM™XÎLMLŒÎ˜YÙYNK›İXÛX\™Y˜[ÙK™\šYHXXÚš\İX[Ù]Üˆ^ÛYH]œ›ÛHHX›XÈZ[‚˜\ÜÙ]Ëİ^\™\Ëİ^\™\×İÙX˜\ÜÚÙ[[Û‹İ˜\Ü™[Û‹ÛXZ[‹ÙXœ\ÜÙ]Ëİ^\™\Ëİ^\™\×İÙX˜\ÜÚÙ[[Û‹ÙXœNLŒÙÎLŒXÍØÍNMÙXŒØÍ˜ÙØYŒÌØMNNØYÎMYLMMMÎYÍŒÙY™Ù›İXÛX\™Y˜[ÙK™\šYHXXÚš\İX[Ù]Üˆ^ÛYH]œ›ÛHHX›XÈZ[‚˜\ÜÙ]Ëİ^\™\Ëİ^\™\×İÙX˜\ÜÚÙ[[Û‹İ˜\Ü™[Û‹ÜÜš]K\Ú[Kœ™Ë\ÜÙ]Ëİ^\™\Ëİ^\™\×İÙX˜\ÜÚÙ[[Û‹œ™ËËLÙ™M™XLÌYYMŒXXÎMMÌÎMÌ™™Œ˜ŒLXLÌÌ˜ÌMØMŒ™LMØÙXXYN›İXÛX\™Y˜[ÙK™\šYHXXÚš\İX[Ù]Üˆ^ÛYH]œ›ÛHHX›XÈZ[‚˜\ÜÙ]Ëİ^\™\Ëİ^\™\×İÙX˜\ÜÚÙ[[Û‹İ˜\Ü™[Û‹ÜÜš]Kœ™Ë\ÜÙ]Ëİ^\™\Ëİ^\™\×İÙX˜\ÜÚÙ[[Û‹œ™ËŒ‹ÌMÍMXÍ™ØX™ŒXØØYNNŒ˜YLNYLL˜ŒÙYL˜XÍÙXØY™™™YNK›İXÛX\™Y˜[ÙK™\šYHXXÚš\İX[Ù]Üˆ^ÛYH]œ›ÛHHX›XÈZ[‚˜\ÜÙ]Ëİ^\™\Ëİ^\™\×İÙX˜\ÜÚÙ[[Û‹İ˜\›ÛÛKÛXZ[‹\Ú[KÙXœ\ÜÙ]Ëİ^\™\Ëİ^\™\×İÙX˜\ÜÚÙ[[Û‹ÙXœNML‹ÙL˜Ø™NMYM™MÎLÙ˜LMMYLMLLY˜M™LX™ÌÍ™ŒM™YXÍÍ‹›İXÛX\™Y˜[ÙK™\šYHXXÚš\İX[Ù]Üˆ^ÛYH]œ›ÛHHX›XÈZ[‚˜\ÜÙ]Ëİ^\™\Ëİ^\™\×İÙX˜\ÜÚÙ[[Û‹İ˜\›ÛÛKÛXZ[‹ÙXœ\ÜÙ]Ëİ^\™\Ëİ^\™\×İÙX˜\ÜÚÙ[[Û‹ÙXœMLÌÎÍXŒŒØØÌÍ™™LXYXMÎNYLÌ™MMLÎY™˜MÙŒ˜ÌØNLŒNNXK›İXÛX\™Y˜[ÙK™\šYHXXÚš\İX[Ù]Üˆ^ÛYH]œ›ÛHHX›XÈZ[‚˜\ÜÙ]Ëİ^\™\Ëİ^\™\×İÙX˜\ÜÚÙ[[Û‹İ˜\›ÛÛKÜÜš]K\Ú[Kœ™Ë\ÜÙ]Ëİ^\™\Ëİ^\™\×İÙX˜\ÜÚÙ[[Û‹œ™ËMNKMØM˜ÎL˜ÌMŒÙNYX˜˜˜™ÙLXLL™MYXÎYNÎMLL˜NNLYXË›İXÛX\™Y˜[ÙK™\šYHXXÚš\İX[Ù]Üˆ^ÛYH]œ›ÛHHX›XÈZ[‚˜\ÜÙ]Ëİ^\™\Ëİ^\™\×İÙX˜\ÜÚÙ[[Û‹İ˜\›ÛÛKÜÜš]Kœ™Ë\ÜÙ]Ëİ^\™\Ëİ^\™\×İÙX˜\ÜÚÙ[[Û‹œ™ËMNËYLØMÎMLXM˜YŒÌÌMŒÌLŒÌMØÙ˜XMŒÙXLØÎXŒM˜XY™XË›İXÛX\™Y˜[ÙK™\šYHXXÚš\İX[Ù]Üˆ^ÛYH]œ›ÛHHX›XÈZ[‚˜\ÜÙ]Ëİ^\™\Ëİ^\™\×İÙX˜\ÜÚÙ[[Û‹İ™[^˜KÛXZ[‹\Ú[KÙXœ\ÜÙ]Ëİ^\™\Ëİ^\™\×İÙX˜\ÜÚÙ[[Û‹ÙXœÌŒM‹ÙÍŒMÍÙŒYLÍ™˜XLÌ˜LÌ˜YŒXÎÍLLÎXÍLŒXØYMÍ™ÍLYØØÌÌÍM‹›İXÛX\™Y˜[ÙK™\šYHXXÚš\İX[Ù]Üˆ^ÛYH]œ›ÛHHX›XÈZ[‚˜\ÜÙ]Ëİ^\™\Ëİ^\™\×İÙX˜\ÜÚÙ[[Û‹İ™[^˜KÛXZ[‹ÙXœ\ÜÙ]Ëİ^\™\Ëİ^\™\×İÙX˜\ÜÚÙ[[Û‹ÙXœMM‹MXXXÍXMMŒÌYXÌÎLNLÌ™™NLÍ™MÌ˜Ø™XÍŒÍØÌŒÎM™™˜‹›İXÛX\™Y˜[ÙK™\šYHXXÚš\İX[Ù]Üˆ^ÛYH]œ›ÛHHX›XÈZ[‚˜\ÜÙ]Ëİ^\™\Ëİ^\™\×İÙX˜\ÜÚÙ[[Û‹İ™[^˜KÜÜš]K\Ú[Kœ™Ë\ÜÙ]Ëİ^\™\Ëİ^\™\×İÙX˜\ÜÚÙ[[Û‹œ™ËÌKÌXÍØ™LLMÍÌŒØX™X™NXÌYM™ØÙ˜XÌÎÎM™™M™ØŒMÍÎYL˜ØK›İXÛX\™Y˜[ÙK™\šYHXXÚš\İX[Ù]Üˆ^ÛYH]œ›ÛHHX›XÈZ[‚˜\ÜÙ]Ëİ^\™\Ëİ^\™\×İÙX˜\ÜÚÙ[[Û‹İ™[^˜KÜÜš]Kœ™Ë\ÜÙ]Ëİ^\™\Ëİ^\™\×İÙX˜\ÜÚÙ[[Û‹œ™ËÌKØ˜ØYÌŒÙNYMXXŒÍÙLMÙYŒŒYXÍÙÎ˜ÍŒMLÍÍÍX˜NLŒYLÍË›İXÛX\™Y˜[ÙK™\šYHXXÚš\İX[Ù]Üˆ^ÛYH]œ›ÛHHX›XÈZ[‚˜\ÜÙ]Ëİ^\™\Ëİ^\™\×İÙX˜\ÜÚÙ[[Û‹İ™[š\YKÛXZ[‹\Ú[KÙXœ\ÜÙ]Ëİ^\™\Ëİ^\™\×İÙX˜\ÜÚÙ[[Û‹ÙXœMŒLŒXLØX™XLXÌMXŒÙŒLMY˜XŒLYØNMÌÍYLÌÌLLYŒØÌÍM˜LK›İXÛX\™Y˜[ÙK™\šYHXXÚš\İX[Ù]Üˆ^ÛYH]œ›ÛHHX›XÈZ[‚˜\ÜÙ]Ëİ^\™\Ëİ^\™\×İÙX˜\ÜÚÙ[[Û‹İ™[š\YKÛXZ[‹ÙXœ\ÜÙ]Ëİ^\™\Ëİ^\™\×İÙX˜\ÜÚÙ[[Û‹ÙXœLÍ™MŒMMØ™ÙŒYÌMŒMYLLLŒÙNXŒXÙLXÙ™˜˜ÎÍØMNNÌØØŒK›İXÛX\™Y˜[ÙK™\šYHXXÚš\İX[Ù]Üˆ^ÛYH]œ›ÛHHX›XÈZ[‚˜\ÜÙ]Ëİ^\™\Ëİ^\™\×İÙX˜\ÜÚÙ[[Û‹İ™[š\YKÜÜš]K\Ú[Kœ™Ë\ÜÙ]Ëİ^\™\Ëİ^\™\×İÙX˜\ÜÚÙ[[Û‹œ™ËNLK™LNLÌØ˜YYNML™LŒÙŒŒLÌLLXÌ™˜LNYL™LYÍ›İXÛX\™Y˜[ÙK™\šYHXXÚš\İX[Ù]Üˆ^ÛYH]œ›ÛHHX›XÈZ[‚˜\ÜÙ]Ëİ^\™\Ëİ^\™\×İÙX˜\ÜÚÙ[[Û‹İ™[š\YKÜÜš]Kœ™Ë\ÜÙ]Ëİ^\™\Ëİ^\™\×İÙX˜\ÜÚÙ[[Û‹œ™ËNKÙMNXMÙL™ŒMMØNLÍÙ™ŒXŒÙŒÍNŒÍLÍLÍÌÙ˜LML˜LË›İXÛX\™Y˜[ÙK™\šYHXXÚš\İX[Ù]Üˆ^ÛYH]œ›ÛHHX›XÈZ[‚˜\ÜÙ]Ëİ^\™\Ëİ^\™\×İÙX˜\ÜÚÙ[[Û‹İ™[›Û[İÛXZ[‹\Ú[KÙXœ\ÜÙ]Ëİ^\™\Ëİ^\™\×İÙX˜\ÜÚÙ[[Û‹ÙXœÍŒMÍÌŒMXYXLŒ™NXØÍYLŒŒ™™ÍÌÎLÍØMÌÌÙLÙ™M˜ÍÌÍØÙMYYYÌYK›İXÛX\™Y˜[ÙK™\šYHXXÚš\İX[Ù]Üˆ^ÛYH]œ›ÛHHX›XÈZ[‚˜\ÜÙ]Ëİ^\™\Ëİ^\™\×İÙX˜\ÜÚÙ[[Û‹İ™[›Û[İÛXZ[‹ÙXœ\ÜÙ]Ëİ^\™\Ëİ^\™\×İÙX˜\ÜÚÙ[[Û‹ÙXœNNMLÌMÌ™™XXŒÌŒMMMLMMÍØØLØNLØÍLŒLXYLLÍLMŒØ˜ÍÍXMÌÍMÍNLK›İXÛX\™Y˜[ÙK™\šYHXXÚš\İX[Ù]Üˆ^ÛYH]œ›ÛHHX›XÈZ[‚˜\ÜÙ]Ëİ^\™\Ëİ^\™\×İÙX˜\ÜÚÙ[[Û‹İ™[›Û[İÜÜš]K\Ú[Kœ™Ë\ÜÙ]Ëİ^\™\Ëİ^\™\×İÙX˜\ÜÚÙ[[Û‹œ™ËLÍÍÌXŒÍÍMMÌXŒÍÙMX™˜ÎL˜˜MÌ˜NYXÍLYMÌLÍLŒX˜ÍLŒL›İXÛX\™Y˜[ÙK™\šYHXXÚš\İX[Ù]Üˆ^ÛYH]œ›ÛHHX›XÈZ[‚˜\ÜÙ]Ëİ^\™\Ëİ^\™\×İÙX˜\ÜÚÙ[[Û‹İ™[›Û[İÜÜš]Kœ™Ë\ÜÙ]Ëİ^\™\Ëİ^\™\×İÙX˜\ÜÚÙ[[Û‹œ™ËLÍ‹M˜LNXYXŒY™MŒM˜ÌYLM˜XŒM™LLÌMÙLXYŒŒ˜YÍLŒ˜ŒÌLYN›İXÛX\™Y˜[ÙK™\šYHXXÚš\İX[Ù]Üˆ^ÛYH]œ›ÛHHX›XÈZ[‚˜\ÜÙ]Ëİ^\™\Ëİ^\™\×İÙX˜\ÜÚÙ[[Û‹İ™[›Û˜]ÛXZ[‹\Ú[KÙXœ\ÜÙ]Ëİ^\™\Ëİ^\™\×İÙX˜\ÜÚÙ[[Û‹ÙXœMÌ˜ŒÙYYŒXÍMÎLÎÍLMÌYY˜YŒLÌŒÍ˜ÙŒLÌLNYXÎLXÎNK›İXÛX\™Y˜[ÙK™\šYHXXÚš\İX[Ù]Üˆ^ÛYH]œ›ÛHHX›XÈZ[‚˜\ÜÙ]Ëİ^\™\Ëİ^\™\×İÙX˜\ÜÚÙ[[Û‹İ™[›Û˜]ÛXZ[‹ÙXœ\ÜÙ]Ëİ^\™\Ëİ^\™\×İÙX˜\ÜÚÙ[[Û‹ÙXœÎNŒØMØÙLYNMNNML˜˜MÌLŒLMYNXØŒLÙMÎMMÍ˜ØYMLŒÍÙL›İXÛX\™Y˜[ÙK™\šYHXXÚš\İX[Ù]Üˆ^ÛYH]œ›ÛHHX›XÈZ[‚˜\ÜÙ]Ëİ^\™\Ëİ^\™\×İÙX˜\ÜÚÙ[[Û‹İ™[›Û˜]ÜÜš]K\Ú[Kœ™Ë\ÜÙ]Ëİ^\™\Ëİ^\™\×İÙX˜\ÜÚÙ[[Û‹œ™ËÍÌËXØMÙ™™ÌM˜™XÙNÙL™ŒXML™MYÌŒÍXÌYXYNYYY‹›İXÛX\™Y˜[ÙK™\šYHXXÚš\İX[Ù]Üˆ^ÛYH]œ›ÛHHX›XÈZ[‚˜\ÜÙ]Ëİ^\™\Ëİ^\™\×İÙX˜\ÜÚÙ[[Û‹İ™[›Û˜]ÜÜš]Kœ™Ë\ÜÙ]Ëİ^\™\Ëİ^\™\×İÙX˜\ÜÚÙ[[Û‹œ™ËÍÌKYLNX˜Ù™YLÍLYLLMÙŒMÎYMXŒØÌÌŒØÙYLXNLŒYNMYË›İXÛX\™Y˜[ÙK™\šYHXXÚš\İX[Ù]Üˆ^ÛYH]œ›ÛHHX›XÈZ[‚˜\ÜÙ]Ëİ^\™\Ëİ^\™\×İÙX˜\ÜÚÙ[[Û‹İ™[\Ø]\‹ÛXZ[‹\Ú[KÙXœ\ÜÙ]Ëİ^\™\Ëİ^\™\×İÙX˜\ÜÚÙ[[Û‹ÙXœLŒNLYNMLÎYL™NŒXLXLŒXÍÎYØÎÙMMLÎYL™˜NŒÌØÎMNÌM‹›İXÛX\™Y˜[ÙK™\šYHXXÚš\İX[Ù]Üˆ^ÛYH]œ›ÛHHX›XÈZ[‚˜\ÜÙ]Ëİ^\™\Ëİ^\™\×İÙX˜\ÜÚÙ[[Û‹İ™[\Ø]\‹ÛXZ[‹ÙXœ\ÜÙ]Ëİ^\™\Ëİ^\™\×İÙX˜\ÜÚÙ[[Û‹ÙXœLŒÍŒ‹YÍN™L˜™˜YMÙMX˜ØÎÙÎLŒØ™Œ™XØNX˜ÙŒ˜Ì˜Ø˜™LÎLNY‹›İXÛX\™Y˜[ÙK™\šYHXXÚš\İX[Ù]Üˆ^ÛYH]œ›ÛHHX›XÈZ[‚˜\ÜÙ]Ëİ^\™\Ëİ^\™\×İÙX˜\ÜÚÙ[[Û‹İ™[\Ø]\‹ÜÜš]K\Ú[Kœ™Ë\ÜÙ]Ëİ^\™\Ëİ^\™\×İÙX˜\ÜÚÙ[[Û‹œ™ËMLÍŒ™ŒÍÍÌØŒXÍŒØÌŒY˜ÍÍN˜™˜˜˜NMY˜˜ÌÎ˜ÍØXX™™˜ØMÎMMŒ˜NMML›İXÛX\™Y˜[ÙK™\šYHXXÚš\İX[Ù]Üˆ^ÛYH]œ›ÛHHX›XÈZ[‚˜\ÜÙ]Ëİ^\™\Ëİ^\™\×İÙX˜\ÜÚÙ[[Û‹İ™[\Ø]\‹ÜÜš]Kœ™Ë\ÜÙ]Ëİ^\™\Ëİ^\™\×İÙX˜\ÜÚÙ[[Û‹œ™ËMLÌKŒÙYLÙLM™ØØÙ˜YYŒMLÙLÙ˜ŒÙX˜˜ÍMÍXÍM™YM™XÍXÌŒMM˜Y‹›İXÛX\™Y˜[ÙK™\šYHXXÚš\İX[Ù]Üˆ^ÛYH]œ›ÛHHX›XÈZ[‚˜\ÜÙ]Ëİ^\™\Ëİ^\™\×İÙX˜\ÜÚÙ[[Û‹İ™\Ü\]Y[‹ÛXZ[‹\Ú[KÙXœ\ÜÙ]Ëİ^\™\Ëİ^\™\×İÙX˜\ÜÚÙ[[Û‹ÙXœMMŒÍØÎMÙ™ÙYYÙ˜˜ÍŒ˜XYÍÍY™ŒÎÌ˜Y™MYMÎMYYY›İXÛX\™Y˜[ÙK™\šYHXXÚš\İX[Ù]Üˆ^ÛYH]œ›ÛHHX›XÈZ[‚˜\ÜÙ]Ëİ^\™\Ëİ^\™\×İÙX˜\ÜÚÙ[[Û‹İ™\Ü\]Y[‹ÛXZ[‹ÙXœ\ÜÙ]Ëİ^\™\Ëİ^\™\×İÙX˜\ÜÚÙ[[Û‹ÙXœNŒÎXYMŒYŒ˜ØÍXŒLÍYMŒ™ØÌÍMÍYXÌÌLYL™M™ÍL˜ŒNÍ‹›İXÛX\™Y˜[ÙK™\šYHXXÚš\İX[Ù]Üˆ^ÛYH]œ›ÛHHX›XÈZ[‚˜\ÜÙ]Ëİ^\™\Ëİ^\™\×İÙX˜\ÜÚÙ[[Û‹İ™\Ü\]Y[‹ÜÜš]K\Ú[Kœ™Ë\ÜÙ]Ëİ^\™\Ëİ^\™\×İÙX˜\ÜÚÙ[[Û‹œ™ËÌ‹MÙLÍY˜ÎÌÎM™Œ™M™™YMX˜ÍÍÎŒXŒ™MŒÌŒÎYŒ‹›İXÛX\™Y˜[ÙK™\šYHXXÚš\İX[Ù]Üˆ^ÛYH]œ›ÛHHX›XÈZ[‚˜\ÜÙ]Ëİ^\™\Ëİ^\™\×İÙX˜\ÜÚÙ[[Û‹İ™\Ü\]Y[‹ÜÜš]Kœ™Ë\ÜÙ]Ëİ^\™\Ëİ^\™\×İÙX˜\ÜÚÙ[[Û‹œ™ËÍKÙ™Œ™˜ÌNLMÙX™Y˜˜XÙXNMŒL˜ÌMNL™XLXŒMNÌYLÌMÍÌ‹›İXÛX\™Y˜[ÙK™\šYHXXÚš\İX[Ù]Üˆ^ÛYH]œ›ÛHHX›XÈZ[‚˜\ÜÙ]Ëİ^\™\Ëİ^\™\×İÙX˜\ÜÚÙ[[Û‹İšXœ˜]˜KÛXZ[‹\Ú[KÙXœ\ÜÙ]Ëİ^\™\Ëİ^\™\×İÙX˜\ÜÚÙ[[Û‹ÙXœŒ‹ØLÌŒLÍÍLXØY™ÌLM™NMØMMNYŒNŒŒÎMX™NXÍÍ˜™ŒN‹›İXÛX\™Y˜[ÙK™\šYHXXÚš\İX[Ù]Üˆ^ÛYH]œ›ÛHHX›XÈZ[‚˜\ÜÙ]Ëİ^\™\Ëİ^\™\×İÙX˜\ÜÚÙ[[Û‹İšXœ˜]˜KÛXZ[‹ÙXœ\ÜÙ]Ëİ^\™\Ëİ^\™\×İÙX˜\ÜÚÙ[[Û‹ÙXœÌNÎØY™MNL™™MØ™MMYÍÙYÍÍYMMYNMÌŒŒŒÍ˜˜LMLÙ™‹›İXÛX\™Y˜[ÙK™\šYHXXÚš\İX[Ù]Üˆ^ÛYH]œ›ÛHHX›XÈZ[‚˜\ÜÙ]Ëİ^\™\Ëİ^\™\×İÙX˜\ÜÚÙ[[Û‹İšXœ˜]˜KÜÜš]K\Ú[Kœ™Ë\ÜÙ]Ëİ^\™\Ëİ^\™\×İÙX˜\ÜÚÙ[[Û‹œ™ËÍKMÙMXL™YŒXXXØÌÍ˜XNMMMMÌ™XL™™MÌÍÍØŒLÌ™YMŒ‹›İXÛX\™Y˜[ÙK™\šYHXXÚš\İX[Ù]Üˆ^ÛYH]œ›ÛHHX›XÈZ[‚˜\ÜÙ]Ëİ^\™\Ëİ^\™\×İÙX˜\ÜÚÙ[[Û‹İšXœ˜]˜KÜÜš]Kœ™Ë\ÜÙ]Ëİ^\™\Ëİ^\™\×İÙX˜\ÜÚÙ[[Û‹œ™ËÍŒ‹X˜˜ÎÌMMXÙ™NLNM™LÌMLÍÌLMØLÌŒY™Y™˜XÙL›İXÛX\™Y˜[ÙK™\šYHXXÚš\İX[Ù]Üˆ^ÛYH]œ›ÛHHX›XÈZ[‚˜\ÜÙ]Ëİ^\™\Ëİ^\™\×İÙX˜\ÜÚÙ[[Û‹İšXİ[šKÛXZ[‹\Ú[KÙXœ\ÜÙ]Ëİ^\™\Ëİ^\™\×İÙX˜\ÜÚÙ[[Û‹ÙXœMÍÍYY˜ŒÍŒÍÙYLÍŒ˜ŒL™ÍLYÌŒ™YYÍMÍÎŒYLÎYÌÌN›İXÛX\™Y˜[ÙK™\šYHXXÚš\İX[Ù]Üˆ^ÛYH]œ›ÛHHX›XÈZ[‚˜\ÜÙ]Ëİ^\™\Ëİ^\™\×İÙX˜\ÜÚÙ[[Û‹İšXİ[šKÛXZ[‹ÙXœ\ÜÙ]Ëİ^\™\Ëİ^\™\×İÙX˜\ÜÚÙ[[Û‹ÙXœÌMNM‹™ŒÌNN™ŒÙØ˜Ù˜™™Ù˜ÌX™LÌNLXYŒŒÌ™XÍMÌÙŒXM‹›İXÛX\™Y˜[ÙK™\šYHXXÚš\İX[Ù]Üˆ^ÛYH]œ›ÛHHX›XÈZ[‚˜\ÜÙ]Ëİ^\™\Ëİ^\™\×İÙX˜\ÜÚÙ[[Û‹İšXİ[šKÜÜš]K\Ú[Kœ™Ë\ÜÙ]Ëİ^\™\Ëİ^\™\×İÙX˜\ÜÚÙ[[Û‹œ™ËLKYXØYMYŒXÍMØÍÍXMØŒ˜ØŒÍÌ™˜™XYÎLÎYÍÙLXÎMYNŒX‹›İXÛX\™Y˜[ÙK™\šYHXXÚš\İX[Ù]Üˆ^ÛYH]œ›ÛHHX›XÈZ[‚˜\ÜÙ]Ëİ^\™\Ëİ^\™\×İÙX˜\ÜÚÙ[[Û‹İšXİ[šKÜÜš]Kœ™Ë\ÜÙ]Ëİ^\™\Ëİ^\™\×İÙX˜\ÜÚÙ[[Û‹œ™ËM‹YXØ™XŒÍNXÙŒMÙY˜ØNÍ™Ù™M˜ÌM˜MÌMŒ™NÌLÎMÌŒ˜M˜˜ÙY›İXÛX\™Y˜[ÙK™\šYHXXÚš\İX[Ù]Üˆ^ÛYH]œ›ÛHHX›XÈZ[‚˜\ÜÙ]Ëİ^\™\Ëİ^\™\×İÙX˜\ÜÚÙ[[Û‹İšXİ™YX™[ÛXZ[‹\Ú[KÙXœ\ÜÙ]Ëİ^\™\Ëİ^\™\×İÙX˜\ÜÚÙ[[Û‹ÙXœÍ‹NÌLŒÙ˜NNMMÌÍLØÍMØ˜ØMÍMÎŒXMÙYYLÙŒÍ˜ÎXMÙLØLXŒMÙXŒÌN‹›İXÛX\™Y˜[ÙK™\šYHXXÚš\İX[Ù]Üˆ^ÛYH]œ›ÛHHX›XÈZ[‚˜\ÜÙ]Ëİ^\™\Ëİ^\™\×İÙX˜\ÜÚÙ[[Û‹İšXİ™YX™[ÛXZ[‹ÙXœ\ÜÙ]Ëİ^\™\Ëİ^\™\×İÙX˜\ÜÚÙ[[Û‹ÙXœÎNLŒÌØLYY˜ŒXÌYL™NMÌÌÍÙÌŒ™Ì˜ÍMLÌ˜LLXØLÌÙLÎÌØŒLØK›İXÛX\™Y˜[ÙK™\šYHXXÚš\İX[Ù]Üˆ^ÛYH]œ›ÛHHX›XÈZ[‚˜\ÜÙ]Ëİ^\™\Ëİ^\™\×İÙX˜\ÜÚÙ[[Û‹İšXİ™YX™[ÜÜš]K\Ú[Kœ™Ë\ÜÙ]Ëİ^\™\Ëİ^\™\×İÙX˜\ÜÚÙ[[Û‹œ™ËLÍYŒÌŒMNNMNY™LŒYNŒÌ˜ØÌÍÙ™NMÙMLNMŒNLLXYŒYXŒØYXMŒMØXŒL›İXÛX\™Y˜[ÙK™\šYHXXÚš\İX[Ù]Üˆ^ÛYH]œ›ÛHHX›XÈZ[‚˜\ÜÙ]Ëİ^\™\Ëİ^\™\×İÙX˜\ÜÚÙ[[Û‹İšXİ™YX™[ÜÜš]Kœ™Ë\ÜÙ]Ëİ^\™\Ëİ^\™\×İÙX˜\ÜÚÙ[[Û‹œ™ËLÌ‹LXÌÌŒÎM™ÌLÌ˜ÍÙŒXLL˜XLXÎXY™ŒL˜YMÌMXM™K›İXÛX\™Y˜[ÙK™\šYHXXÚš\İX[Ù]Üˆ^ÛYH]œ›ÛHHX›XÈZ[‚˜\ÜÙ]Ëİ^\™\Ëİ^\™\×İÙX˜\ÜÚÙ[[Û‹İšYÛÜ›İÛXZ[‹\Ú[KÙXœ\ÜÙ]Ëİ^\™\Ëİ^\™\×İÙX˜\ÜÚÙ[[Û‹ÙXœLÎL‹MLØ™Œ˜™MÌÌÙ™XÍYŒXÌLNMMÍMXNŒLNXÌLÙØXŒØLMÌŒ‹›İXÛX\™Y˜[ÙK™\šYHXXÚš\İX[Ù]Üˆ^ÛYH]œ›ÛHHX›XÈZ[‚˜\ÜÙ]Ëİ^\™\Ëİ^\™\×İÙX˜\ÜÚÙ[[Û‹İšYÛÜ›İÛXZ[‹ÙXœ\ÜÙ]Ëİ^\™\Ëİ^\™\×İÙX˜\ÜÚÙ[[Û‹ÙXœMÌ‹Ù™ŒŒÌX˜ÌYMÌL˜YÌ™LL™MØX™ÍMÌXÙŒXMÍMNYYŒÎLLNYŒÌK›İXÛX\™Y˜[ÙK™\šYHXXÚš\İX[Ù]Üˆ^ÛYH]œ›ÛHHX›XÈZ[‚˜\ÜÙ]Ëİ^\™\Ëİ^\™\×İÙX˜\ÜÚÙ[[Û‹İšYÛÜ›İÜÜš]K\Ú[Kœ™Ë\ÜÙ]Ëİ^\™\Ëİ^\™\×İÙX˜\ÜÚÙ[[Û‹œ™ËÍ‹ŒØÙŒÌMLY™MŒÍŒÙ™MNXMÙYÍXÍX™NMLÌ˜™MLÌÙXXLË›İXÛX\™Y˜[ÙK™\šYHXXÚš\İX[Ù]Üˆ^ÛYH]œ›ÛHHX›XÈZ[‚˜\ÜÙ]Ëİ^\™\Ëİ^\™\×İÙX˜\ÜÚÙ[[Û‹İšYÛÜ›İÜÜš]Kœ™Ë\ÜÙ]Ëİ^\™\Ëİ^\™\×İÙX˜\ÜÚÙ[[Û‹œ™ËÍK™Í™XŒLŒÍŒÍØØÎNYXÍYYŒYXMÙXYMXXŒ˜M™LLNÌXŒLŒLXXË›İXÛX\™Y˜[ÙK™\šYHXXÚš\İX[Ù]Üˆ^ÛYH]œ›ÛHHX›XÈZ[‚˜\ÜÙ]Ëİ^\™\Ëİ^\™\×İÙX˜\ÜÚÙ[[Û‹İšZØ]›ÛÛXZ[‹\Ú[KÙXœ\ÜÙ]Ëİ^\™\Ëİ^\™\×İÙX˜\ÜÚÙ[[Û‹ÙXœÌŒÙŒÙŒXNMNØLMÌ™ÍNŒÌLÙLÎNMŒØÎXMMÌ˜˜ŒXXM™‹›İXÛX\™Y˜[ÙK™\šYHXXÚš\İX[Ù]Üˆ^ÛYH]œ›ÛHHX›XÈZ[‚˜\ÜÙ]Ëİ^\™\Ëİ^\™\×İÙX˜\ÜÚÙ[[Û‹İšZØ]›ÛÛXZ[‹ÙXœ\ÜÙ]Ëİ^\™\Ëİ^\™\×İÙX˜\ÜÚÙ[[Û‹ÙXœÍMMÌ™ŒŒÙÎX˜LÍŒLÎMYXMYYL™NYŒYŒLM™X˜LY˜ŒŒLLÌÎY›İXÛX\™Y˜[ÙK™\šYHXXÚš\İX[Ù]Üˆ^ÛYH]œ›ÛHHX›XÈZ[‚˜\ÜÙ]Ëİ^\™\Ëİ^\™\×İÙX˜\ÜÚÙ[[Û‹İšZØ]›ÛÜÜš]K\Ú[Kœ™Ë\ÜÙ]Ëİ^\™\Ëİ^\™\×İÙX˜\ÜÚÙ[[Û‹œ™ËËYÌMLMÎLL™NMÙ˜ÎÌÙ™LMMÌXLXÍXLÎMŒMŒ™˜™˜ÎMÌLØ˜Y™˜ØK›İXÛX\™Y˜[ÙK™\šYHXXÚš\İX[Ù]Üˆ^ÛYH]œ›ÛHHX›XÈZ[‚˜\ÜÙ]Ëİ^\™\Ëİ^\™\×İÙX˜\ÜÚÙ[[Û‹İšZØ]›ÛÜÜš]Kœ™Ë\ÜÙ]Ëİ^\™\Ëİ^\™\×İÙX˜\ÜÚÙ[[Û‹œ™ËMLØÌNXXÌ˜ØLÙNNMMMYYŒYL™ŒŒXLŒŒ˜˜ÙXØX˜ØØÌ˜YXMM˜ÍL›İXÛX\™Y˜[ÙK™\šYHXXÚš\İX[Ù]Üˆ^ÛYH]œ›ÛHHX›XÈZ[‚˜\ÜÙ]Ëİ^\™\Ëİ^\™\×İÙX˜\ÜÚÙ[[Û‹İš[\[YKÛXZ[‹\Ú[KÙXœ\ÜÙ]Ëİ^\™\Ëİ^\™\×İÙX˜\ÜÚÙ[[Û‹ÙXœLMŒNXMX™XÎMLÎ˜M™XMMŒÌXXLYXNMMÎLL™˜™LNYŒÌŒØØNY‹›İXÛX\™Y˜[ÙK™\šYHXXÚš\İX[Ù]Üˆ^ÛYH]œ›ÛHHX›XÈZ[‚˜\ÜÙ]Ëİ^\™\Ëİ^\™\×İÙX˜\ÜÚÙ[[Û‹İš[\[YKÛXZ[‹ÙXœ\ÜÙ]Ëİ^\™\Ëİ^\™\×İÙX˜\ÜÚÙ[[Û‹ÙXœL˜YÌÙŒÙYŒMÎNLLÌÌLLØÎMŒŒLY˜YŒŒŒÌÌÎLÙLM™NNM™M˜Ë›İXÛX\™Y˜[ÙK™\šYHXXÚš\İX[Ù]Üˆ^ÛYH]œ›ÛHHX›XÈZ[‚˜\ÜÙ]Ëİ^\™\Ëİ^\™\×İÙX˜\ÜÚÙ[[Û‹İš[\[YKÜÜš]K\Ú[Kœ™Ë\ÜÙ]Ëİ^\™\Ëİ^\™\×İÙX˜\ÜÚÙ[[Û‹œ™ËLËŒÙYÙXØMLÍÍXMMLÙMMYMÌNŒLLÌLLŒÙYŒ˜NÙ˜LXYXNXÍXÌLÙK›İXÛX\™Y˜[ÙK™\šYHXXÚš\İX[Ù]Üˆ^ÛYH]œ›ÛHHX›XÈZ[‚˜\ÜÙ]Ëİ^\™\Ëİ^\™\×İÙX˜\ÜÚÙ[[Û‹İš[\[YKÜÜš]Kœ™Ë\ÜÙ]Ëİ^\™\Ëİ^\™\×İÙX˜\ÜÚÙ[[Û‹œ™ËLË˜YÎÍLL™ŒM™MY™ŒÎ™LÌYMMŒÌXÌÙYÌLY™˜MŒM™XXÌLK›İXÛX\™Y˜[ÙK™\šYHXXÚš\İX[Ù]Üˆ^ÛYH]œ›ÛHHX›XÈZ[‚˜\ÜÙ]Ëİ^\™\Ëİ^\™\×İÙX˜\ÜÚÙ[[Û‹İš\š^š[Û‹ÛXZ[‹\Ú[KÙXœ\ÜÙ]Ëİ^\™\Ëİ^\™\×İÙX˜\ÜÚÙ[[Û‹ÙXœNŒ™ŒŒÌÌÌLÙ™™™XÌÌÍÍÙLL˜ŒÍMYŒÍÎMMØŒYNN™XÎX™X™MŒK›İXÛX\™Y˜[ÙK™\šYHXXÚš\İX[Ù]Üˆ^ÛYH]œ›ÛHHX›XÈZ[‚˜\ÜÙ]Ëİ^\™\Ëİ^\™\×İÙX˜\ÜÚÙ[[Û‹İš\š^š[Û‹ÛXZ[‹ÙXœ\ÜÙ]Ëİ^\™\Ëİ^\™\×İÙX˜\ÜÚÙ[[Û‹ÙXœLM‹Ì™LY™Œ˜LM˜NMÍŒŒMŒØMÙNYXLÍÎÍÎNŒMÙ™Ø˜™Í›İXÛX\™Y˜[ÙK™\šYHXXÚš\İX[Ù]Üˆ^ÛYH]œ›ÛHHX›XÈZ[‚˜\ÜÙ]Ëİ^\™\Ëİ^\™\×İÙX˜\ÜÚÙ[[Û‹İš\š^š[Û‹ÜÜš]K\Ú[Kœ™Ë\ÜÙ]Ëİ^\™\Ëİ^\™\×İÙX˜\ÜÚÙ[[Û‹œ™ËLKÍLXÍLXŒ™ØMŒŒYML™YŒŒMŒ™ŒÎ™YÍŒLLYMÍXŒ‹›İXÛX\™Y˜[ÙK™\šYHXXÚš\İX[Ù]Üˆ^ÛYH]œ›ÛHHX›XÈZ[‚˜\ÜÙ]Ëİ^\™\Ëİ^\™\×İÙX˜\ÜÚÙ[[Û‹İš\š^š[Û‹ÜÜš]Kœ™Ë\ÜÙ]Ëİ^\™\Ëİ^\™\×İÙX˜\ÜÚÙ[[Û‹œ™ËLËMŒÎXXMLÙMMY™LÌXYMÍ˜˜YLŒLLYŒÍXÙŒØNXYY˜MYMÍÍØ™N›İXÛX\™Y˜[ÙK™\šYHXXÚš\İX[Ù]Üˆ^ÛYH]œ›ÛHHX›XÈZ[‚˜\ÜÙ]Ëİ^\™\Ëİ^\™\×İÙX˜\ÜÚÙ[[Û‹İš]š[Û‹ÛXZ[‹\Ú[KÙXœ\ÜÙ]Ëİ^\™\Ëİ^\™\×İÙX˜\ÜÚÙ[[Û‹ÙXœLMÌ‹ŒYMLŒŒLÍMXÎÍØ˜ÍMÙXÍ™™ŒNNLÌXX˜ÍNXÙNŒØLÙ˜ŒÌÍÌÌLMX‹›İXÛX\™Y˜[ÙK™\šYHXXÚš\İX[Ù]Üˆ^ÛYH]œ›ÛHHX›XÈZ[‚˜\ÜÙ]Ëİ^\™\Ëİ^\™\×İÙX˜\ÜÚÙ[[Û‹İš]š[Û‹ÛXZ[‹ÙXœ\ÜÙ]Ëİ^\™\Ëİ^\™\×İÙX˜\ÜÚÙ[[Û‹ÙXœLLÙNÎMYLŒÎYŒXXL™NYLX™˜ÌÌXÎMŒÙØN˜˜ÎLÌØÙX˜K›İXÛX\™Y˜[ÙK™\šYHXXÚš\İX[Ù]Üˆ^ÛYH]œ›ÛHHX›XÈZ[‚˜\ÜÙ]Ëİ^\™\Ëİ^\™\×İÙX˜\ÜÚÙ[[Û‹İš]š[Û‹ÜÜš]K\Ú[Kœ™Ë\ÜÙ]Ëİ^\™\Ëİ^\™\×İÙX˜\ÜÚÙ[[Û‹œ™ËMKÌØMŒLÌYYNXÌØÌXLLLMXYX˜ÎM™™™Œ˜™LLYŒMY˜™NYŒLØÌŒLŒË›İXÛX\™Y˜[ÙK™\šYHXXÚš\İX[Ù]Üˆ^ÛYH]œ›ÛHHX›XÈZ[‚˜\ÜÙ]Ëİ^\™\Ëİ^\™\×İÙX˜\ÜÚÙ[[Û‹İš]š[Û‹ÜÜš]Kœ™Ë\ÜÙ]Ëİ^\™\Ëİ^\™\×İÙX˜\ÜÚÙ[[Û‹œ™ËMÍÎXŒØMXMØÌÍNMŒÌÌMMÍMØÎ™YŒXØXŒŒLNYNÎXXŒXÙY˜˜‹›İXÛX\™Y˜[ÙK™\šYHXXÚš\İX[Ù]Üˆ^ÛYH]œ›ÛHHX›XÈZ[‚˜\ÜÙ]Ëİ^\™\Ëİ^\™\×İÙX˜\ÜÚÙ[[Û‹İ›Û™X]ÛXZ[‹\Ú[KÙXœ\ÜÙ]Ëİ^\™\Ëİ^\™\×İÙX˜\ÜÚÙ[[Û‹ÙXœMMÌÍ‹MŒØMÎNŒLXÍLLÍLÎŒYMYMØL™™MŒNLØ™ÌL˜NÙÍ™L˜YË›İXÛX\™Y˜[ÙK™\šYHXXÚš\İX[Ù]Üˆ^ÛYH]œ›ÛHHX›XÈZ[‚˜\ÜÙ]Ëİ^\™\Ëİ^\™\×İÙX˜\ÜÚÙ[[Û‹İ›Û™X]ÛXZ[‹ÙXœ\ÜÙ]Ëİ^\™\Ëİ^\™\×İÙX˜\ÜÚÙ[[Û‹ÙXœNMLŒL™X™MŒŒÍNM™™ÙLŒMØ™Y˜LLLLXÌMÍ˜™™NLNMLMÙN›İXÛX\™Y˜[ÙK™\šYHXXÚš\İX[Ù]Üˆ^ÛYH]œ›ÛHHX›XÈZ[‚˜\ÜÙ]Ëİ^\™\Ëİ^\™\×İÙX˜\ÜÚÙ[[Û‹İ›Û™X]ÜÜš]K\Ú[Kœ™Ë\ÜÙ]Ëİ^\™\Ëİ^\™\×İÙX˜\ÜÚÙ[[Û‹œ™ËÍÌ‹Y˜ÎM™ŒÌNL˜YYYÍ˜Y˜MN™YÌXŒML™MÌØ˜ÍNK›İXÛX\™Y˜[ÙK™\šYHXXÚš\İX[Ù]Üˆ^ÛYH]œ›ÛHHX›XÈZ[‚˜\ÜÙ]Ëİ^\™\Ëİ^\™\×İÙX˜\ÜÚÙ[[Û‹İ›Û™X]ÜÜš]Kœ™Ë\ÜÙ]Ëİ^\™\Ëİ^\™\×İÙX˜\ÜÚÙ[[Û‹œ™ËÍÍKŒÍYÙXX˜ÍÎLÌŒØÙØÌÍÌÙ™™˜™Y˜LÎÌØMÌÍÙNXXMYXÌMË›İXÛX\™Y˜[ÙK™\šYHXXÚš\İX[Ù]Üˆ^ÛYH]œ›ÛHHX›XÈZ[‚˜\ÜÙ]Ëİ^\™\Ëİ^\™\×İÙX˜\ÜÚÙ[[Û‹İ›ÛØ[š[Û‹ÛXZ[‹\Ú[KÙXœ\ÜÙ]Ëİ^\™\Ëİ^\™\×İÙX˜\ÜÚÙ[[Û‹ÙXœLÌNMØŒÎÙŒÙMØMÌØYLMÌ˜MLŒØMYYXÎLLML™˜ÙŒYÙÎMÎMK›İXÛX\™Y˜[ÙK™\šYHXXÚš\İX[Ù]Üˆ^ÛYH]œ›ÛHHX›XÈZ[‚˜\ÜÙ]Ëİ^\™\Ëİ^\™\×İÙX˜\ÜÚÙ[[Û‹İ›ÛØ[š[Û‹ÛXZ[‹ÙXœ\ÜÙ]Ëİ^\™\Ëİ^\™\×İÙX˜\ÜÚÙ[[Û‹ÙXœLM‹ÍM™Ù™MM˜™MŒÍÌ˜ÍÎŒNYX˜LÍÌŒ˜YLNÌÙ˜MŒMNXXX™ŒMLË›İXÛX\™Y˜[ÙK™\šYHXXÚš\İX[Ù]Üˆ^ÛYH]œ›ÛHHX›XÈZ[‚˜\ÜÙ]Ëİ^\™\Ëİ^\™\×İÙX˜\ÜÚÙ[[Û‹İ›ÛØ[š[Û‹ÜÜš]K\Ú[Kœ™Ë\ÜÙ]Ëİ^\™\Ëİ^\™\×İÙX˜\ÜÚÙ[[Û‹œ™ËLÌËYŒ˜ÌMLN˜YXØY˜ÌNŒŒLYMÍ˜NLNNYMLŒYŒØØ˜Ì˜ØÍ˜LØY˜LK›İXÛX\™Y˜[ÙK™\šYHXXÚš\İX[Ù]Üˆ^ÛYH]œ›ÛHHX›XÈZ[‚˜\ÜÙ]Ëİ^\™\Ëİ^\™\×İÙX˜\ÜÚÙ[[Û‹İ›ÛØ[š[Û‹ÜÜš]Kœ™Ë\ÜÙ]Ëİ^\™\Ëİ^\™\×İÙX˜\ÜÚÙ[[Û‹œ™ËLÌËÍLŒXÍÙMMÙYYMÙYM™ÙYNMYŒÌŒXX˜YŒ˜ML˜XXYŒM™Ë›İXÛX\™Y˜[ÙK™\šYHXXÚš\İX[Ù]Üˆ^ÛYH]œ›ÛHHX›XÈZ[‚˜\ÜÙ]Ëİ^\™\Ëİ^\™\×İÙX˜\ÜÚÙ[[Û‹İ›ÛØ\›Û˜KÛXZ[‹\Ú[KÙXœ\ÜÙ]Ëİ^\™\Ëİ^\™\×İÙX˜\ÜÚÙ[[Û‹ÙXœLÌŒÌ‹˜MÌÌMŒ™ÎYŒ˜LŒÎNŒØYØ™˜YYYXM™YŒŒNMÙ˜NYLMŒLXXË›İXÛX\™Y˜[ÙK™\šYHXXÚš\İX[Ù]Üˆ^ÛYH]œ›ÛHHX›XÈZ[‚˜\ÜÙ]Ëİ^\™\Ëİ^\™\×İÙX˜\ÜÚÙ[[Û‹İ›ÛØ\›Û˜KÛXZ[‹ÙXœ\ÜÙ]Ëİ^\™\Ëİ^\™\×İÙX˜\ÜÚÙ[[Û‹ÙXœMML‹XÙ™XÌNÙXØMÙŒÌÙLÍYŒÍMÌ™LNMNLMYMÍÍMÙ™XNMØNY›İXÛX\™Y˜[ÙK™\šYHXXÚš\İX[Ù]Üˆ^ÛYH]œ›ÛHHX›XÈZ[‚˜\ÜÙ]Ëİ^\™\Ëİ^\™\×İÙX˜\ÜÚÙ[[Û‹İ›ÛØ\›Û˜KÜÜš]K\Ú[Kœ™Ë\ÜÙ]Ëİ^\™\Ëİ^\™\×İÙX˜\ÜÚÙ[[Û‹œ™ËLLMŒL™ÎMLÌÌYŒÌÎLXÍØÌÙLLLNMMMÌXY˜˜MMÌYYÌØMÌÍÎLŒÍMMLK›İXÛX\™Y˜[ÙK™\šYHXXÚš\İX[Ù]Üˆ^ÛYH]œ›ÛHHX›XÈZ[‚˜\ÜÙ]Ëİ^\™\Ëİ^\™\×İÙX˜\ÜÚÙ[[Û‹İ›ÛØ\›Û˜KÜÜš]Kœ™Ë\ÜÙ]Ëİ^\™\Ëİ^\™\×İÙX˜\ÜÚÙ[[Û‹œ™ËLLMMÍÍÙYYYY˜˜™NXN™™˜™NMY˜NL˜YMMÎM˜ÌMYŒLXØÙY™LÍÎ›İXÛX\™Y˜[ÙK™\šYHXXÚš\İX[Ù]Üˆ^ÛYH]œ›ÛHHX›XÈZ[‚˜\ÜÙ]Ëİ^\™\Ëİ^\™\×İÙX˜\ÜÚÙ[[Û‹İ›ÛÜ˜‹Z\İZKÛXZ[‹\Ú[KÙXœ\ÜÙ]Ëİ^\™\Ëİ^\™\×İÙX˜\ÜÚÙ[[Û‹ÙXœMLM‹YMÌ™XXLÎLLŒNM™ÙYŒÎ™LŒÍ™LLØMXÎNM˜M˜YYMË›İXÛX\™Y˜[ÙK™\šYHXXÚš\İX[Ù]Üˆ^ÛYH]œ›ÛHHX›XÈZ[‚˜\ÜÙ]Ëİ^\™\Ëİ^\™\×İÙX˜\ÜÚÙ[[Û‹İ›ÛÜ˜‹Z\İZKÛXZ[‹ÙXœ\ÜÙ]Ëİ^\™\Ëİ^\™\×İÙX˜\ÜÚÙ[[Û‹ÙXœLNLÌMMLMÙŒM˜˜MLŒYNNXÍÎMM™ÎXØŒÌYXÙMÌMNŒÍLNK›İXÛX\™Y˜[ÙK™\šYHXXÚš\İX[Ù]Üˆ^ÛYH]œ›ÛHHX›XÈZ[‚˜\ÜÙ]Ëİ^\™\Ëİ^\™\×İÙX˜\ÜÚÙ[[Û‹İ›ÛÜ˜‹Z\İZKÜÜš]K\Ú[Kœ™Ë\ÜÙ]Ëİ^\™\Ëİ^\™\×İÙX˜\ÜÚÙ[[Û‹œ™ËLËLLÌÎLØXLXLØÙŒLÍ˜MLÌXLÙLMYNN™MXØYLŒÎMY˜˜XÙÍŒK›İXÛX\™Y˜[ÙK™\šYHXXÚš\İX[Ù]Üˆ^ÛYH]œ›ÛHHX›XÈZ[‚˜\ÜÙ]Ëİ^\™\Ëİ^\™\×İÙX˜\ÜÚÙ[[Û‹İ›ÛÜ˜‹Z\İZKÜÜš]Kœ™Ë\ÜÙ]Ëİ^\™\Ëİ^\™\×İÙX˜\ÜÚÙ[[Û‹œ™ËLËLÙŒÍXØNNLŒØÙŒNŒŒL™Y˜™™XNXLØŒÙM˜ŒL˜˜ÙXÙMÙÎ›İXÛX\™Y˜[ÙK™\šYHXXÚš\İX[Ù]Üˆ^ÛYH]œ›ÛHHX›XÈZ[‚˜\ÜÙ]Ëİ^\™\Ëİ^\™\×İÙX˜\ÜÚÙ[[Û‹İ›ÛÜ˜‹ÛXZ[‹\Ú[KÙXœ\ÜÙ]Ëİ^\™\Ëİ^\™\×İÙX˜\ÜÚÙ[[Û‹ÙXœMLYNÎ™MXXNYÙŒÎNXÙ™Œ˜ÌMMM™ŒØŒMÎL™Í˜˜NXMŒÌØMN›İXÛX\™Y˜[ÙK™\šYHXXÚš\İX[Ù]Üˆ^ÛYH]œ›ÛHHX›XÈZ[‚˜\ÜÙ]Ëİ^\™\Ëİ^\™\×İÙX˜\ÜÚÙ[[Û‹İ›ÛÜ˜‹ÛXZ[‹ÙXœ\ÜÙ]Ëİ^\™\Ëİ^\™\×İÙX˜\ÜÚÙ[[Û‹ÙXœLMÌ‹™˜NXMÍÍMÍÌMŒNXLÍNXLNXXÌÍÍÌÍÙŒŒMXØYX™˜˜ŒØ™N™K›İXÛX\™Y˜[ÙK™\šYHXXÚš\İX[Ù]Üˆ^ÛYH]œ›ÛHHX›XÈZ[‚˜\ÜÙ]Ëİ^\™\Ëİ^\™\×İÙX˜\ÜÚÙ[[Û‹İ›ÛÜ˜‹ÜÜš]K\Ú[Kœ™Ë\ÜÙ]Ëİ^\™\Ëİ^\™\×İÙX˜\ÜÚÙ[[Û‹œ™ËÎ‹Ù™NÙŒŒLÙ˜M™M™ÙYÌÍMÎNX˜Ø™XMÍÌ˜˜Í™™™™LŒL™K›İXÛX\™Y˜[ÙK™\šYHXXÚš\İX[Ù]Üˆ^ÛYH]œ›ÛHHX›XÈZ[‚˜\ÜÙ]Ëİ^\™\Ëİ^\™\×İÙX˜\ÜÚÙ[[Û‹İ›ÛÜ˜‹ÜÜš]Kœ™Ë\ÜÙ]Ëİ^\™\Ëİ^\™\×İÙX˜\ÜÚÙ[[Û‹œ™ËÎ‹NLYMLÎÎØŒŒŒYXØØÎLLYYXÙ™MØ™ŒÙLÙ˜NMXŒÍXÍÍË›İXÛX\™Y˜[ÙK™\šYHXXÚš\İX[Ù]Üˆ^ÛYH]œ›ÛHHX›XÈZ[‚˜\ÜÙ]Ëİ^\™\Ëİ^\™\×İÙX˜\ÜÚÙ[[Û‹İ[XKÛXZ[‹\Ú[KÙXœ\ÜÙ]Ëİ^\™\Ëİ^\™\×İÙX˜\ÜÚÙ[[Û‹ÙXœÍNØÍÍLMMŒÎM™M™LLŒMNMXXÙ˜™XLÍÍMNYŒÙXYYŒMMXXLX‹›İXÛX\™Y˜[ÙK™\šYHXXÚš\İX[Ù]Üˆ^ÛYH]œ›ÛHHX›XÈZ[‚˜\ÜÙ]Ëİ^\™\Ëİ^\™\×İÙX˜\ÜÚÙ[[Û‹İ[XKÛXZ[‹ÙXœ\ÜÙ]Ëİ^\™\Ëİ^\™\×İÙX˜\ÜÚÙ[[Û‹ÙXœÍÍÍ‹˜MYNNÍLÌ™XMMÙYLŒÙŒÌÌÍŒNXŒ˜ŒŒ™NLNNLXÍLË›İXÛX\™Y˜[ÙK™\šYHXXÚš\İX[Ù]Üˆ^ÛYH]œ›ÛHHX›XÈZ[‚˜\ÜÙ]Ëİ^\™\Ëİ^\™\×İÙX˜\ÜÚÙ[[Û‹İ[XKÜÜš]K\Ú[Kœ™Ë\ÜÙ]Ëİ^\™\Ëİ^\™\×İÙX˜\ÜÚÙ[[Û‹œ™ËÍKÍMNLÍXÙXYMXØÙXMMŒXY™NLNXLÎMYMÍŒÎMÍÍX˜ÌŒXÍYMLÍK›İXÛX\™Y˜[ÙK™\šYHXXÚš\İX[Ù]Üˆ^ÛYH]œ›ÛHHX›XÈZ[‚˜\ÜÙ]Ëİ^\™\Ëİ^\™\×İÙX˜\ÜÚÙ[[Û‹İ[XKÜÜš]Kœ™Ë\ÜÙ]Ëİ^\™\Ëİ^\™\×İÙX˜\ÜÚÙ[[Û‹œ™ËÍNMÍŒ™XMŒXMØŒÎM˜˜MLÙ˜MMLMÎYXLŒXØŒ™M™YYMMYMK›İXÛX\™Y˜[ÙK™\šYHXXÚš\İX[Ù]Üˆ^ÛYH]œ›ÛHHX›XÈZ[‚˜\ÜÙ]Ëİ^\™\Ëİ^\™\×İÙX˜\ÜÚÙ[[Û‹İ[^ÛXZ[‹\Ú[KÙXœ\ÜÙ]Ëİ^\™\Ëİ^\™\×İÙX˜\ÜÚÙ[[Û‹ÙXœLLŒÌ‹XÙMÌŒLXÍXÍ™LÙ™ŒØL˜™MNYNYMÙLÍNXL˜ŒNŒXÍYYK›İXÛX\™Y˜[ÙK™\šYHXXÚš\İX[Ù]Üˆ^ÛYH]œ›ÛHHX›XÈZ[‚˜\ÜÙ]Ëİ^\™\Ëİ^\™\×İÙX˜\ÜÚÙ[[Û‹İ[^ÛXZ[‹ÙXœ\ÜÙ]Ëİ^\™\Ëİ^\™\×İÙX˜\ÜÚÙ[[Û‹ÙXœNMYNMÍMŒMÌØØ˜NLMÌŒ™LXÙÌ™MŒŒMXÎLMMŒLÌMML˜˜™Ë›İXÛX\™Y˜[ÙK™\šYHXXÚš\İX[Ù]Üˆ^ÛYH]œ›ÛHHX›XÈZ[‚˜\ÜÙ]Ëİ^\™\Ëİ^\™\×İÙX˜\ÜÚÙ[[Û‹İ[^ÜÜš]K\Ú[Kœ™Ë\ÜÙ]Ëİ^\™\Ëİ^\™\×İÙX˜\ÜÚÙ[[Û‹œ™ËÍLËXYÙMŒMMXLNN™YNY˜ÌLŒÎMÌMMŒMLLLŒMÍÍÍLXNM™ŒMXÙ™™‹›İXÛX\™Y˜[ÙK™\šYHXXÚš\İX[Ù]Üˆ^ÛYH]œ›ÛHHX›XÈZ[‚˜\ÜÙ]Ëİ^\™\Ëİ^\™\×İÙX˜\ÜÚÙ[[Û‹İ[^ÜÜš]Kœ™Ë\ÜÙ]Ëİ^\™\Ëİ^\™\×İÙX˜\ÜÚÙ[[Û‹œ™ËÍKX˜YMMÙÎMŒŒØLÌÙNYŒÙ™XMÍŒMY˜YŒŒMÍ™LÎ™LLXLË›İXÛX\™Y˜[ÙK™\šYHXXÚš\İX[Ù]Üˆ^ÛYH]œ›ÛHHX›XÈZ[‚˜\ÜÙ]Ëİ^\™\Ëİ^\™\×İÙX˜\ÜÚÙ[[Û‹İØZ[Y\‹ÛXZ[‹\Ú[KÙXœ\ÜÙ]Ëİ^\™\Ëİ^\™\×İÙX˜\ÜÚÙ[[Û‹ÙXœÌLÍMÍÌY˜MŒÙXŒLLØÙYLŒŒŒØÍNYLMØMXNÌL˜˜M™NMY™™ÌØMK›İXÛX\™Y˜[ÙK™\šYHXXÚš\İX[Ù]Üˆ^ÛYH]œ›ÛHHX›XÈZ[‚˜\ÜÙ]Ëİ^\™\Ëİ^\™\×İÙX˜\ÜÚÙ[[Û‹İØZ[Y\‹ÛXZ[‹ÙXœ\ÜÙ]Ëİ^\™\Ëİ^\™\×İÙX˜\ÜÚÙ[[Û‹ÙXœÍLŒÙ˜XMMÎMY˜™™ŒNMNLNLXŒMNNYXNÍXÌ™L™ÍË›İXÛX\™Y˜[ÙK™\šYHXXÚš\İX[Ù]Üˆ^ÛYH]œ›ÛHHX›XÈZ[‚˜\ÜÙ]Ëİ^\™\Ëİ^\™\×İÙX˜\ÜÚÙ[[Û‹İØZ[Y\‹ÜÜš]K\Ú[Kœ™Ë\ÜÙ]Ëİ^\™\Ëİ^\™\×İÙX˜\ÜÚÙ[[Û‹œ™ËÍKLYYNYØŒXÍØLXLMÍŒ™˜ÌLÍŒÙ˜˜ØMÍ™Y™NNMÌMŒ˜ØÍÍ™˜XMM™MY‹›İXÛX\™Y˜[ÙK™\šYHXXÚš\İX[Ù]Üˆ^ÛYH]œ›ÛHHX›XÈZ[‚˜\ÜÙ]Ëİ^\™\Ëİ^\™\×İÙX˜\ÜÚÙ[[Û‹İØZ[Y\‹ÜÜš]Kœ™Ë\ÜÙ]Ëİ^\™\Ëİ^\™\×İÙX˜\ÜÚÙ[[Û‹œ™ËÍMËÍYXMÌ˜™ÙXMMŒÙLŒM™ŒY™X™XNØÍYY˜YLÌMÍ™LŒ‹›İXÛX\™Y˜[ÙK™\šYHXXÚš\İX[Ù]Üˆ^ÛYH]œ›ÛHHX›XÈZ[‚˜\ÜÙ]Ëİ^\™\Ëİ^\™\×İÙX˜\ÜÚÙ[[Û‹İØZ[Ü™ÛXZ[‹\Ú[KÙXœ\ÜÙ]Ëİ^\™\Ëİ^\™\×İÙX˜\ÜÚÙ[[Û‹ÙXœL‹ÎLMÌL˜ÍLÍÙÙ˜YYŒMØ™™XLMYŒ˜ØÎXY™ÌLŒÙYÍÍÙLŒLK›İXÛX\™Y˜[ÙK™\šYHXXÚš\İX[Ù]Üˆ^ÛYH]œ›ÛHHX›XÈZ[‚˜\ÜÙ]Ëİ^\™\Ëİ^\™\×İÙX˜\ÜÚÙ[[Û‹İØZ[Ü™ÛXZ[‹ÙXœ\ÜÙ]Ëİ^\™\Ëİ^\™\×İÙX˜\ÜÚÙ[[Û‹ÙXœÌÍÍÌ‹YXØÌMÎLŒÌXŒÍÍÍM™LÎLYÍMYÙL™™MLMÌÌXÌŒMLŒYX™™N™K›İXÛX\™Y˜[ÙK™\šYHXXÚš\İX[Ù]Üˆ^ÛYH]œ›ÛHHX›XÈZ[‚˜\ÜÙ]Ëİ^\™\Ëİ^\™\×İÙX˜\ÜÚÙ[[Û‹İØZ[Ü™ÜÜš]K\Ú[Kœ™Ë\ÜÙ]Ëİ^\™\Ëİ^\™\×İÙX˜\ÜÚÙ[[Û‹œ™ËL‹XÎLYMŒÎLXXŒÌ™MLMÌLNMM˜LÌLÙMŒNMLLŒÍ˜™K›İXÛX\™Y˜[ÙK™\šYHXXÚš\İX[Ù]Üˆ^ÛYH]œ›ÛHHX›XÈZ[‚˜\ÜÙ]Ëİ^\™\Ëİ^\™\×İÙX˜\ÜÚÙ[[Û‹İØZ[Ü™ÜÜš]Kœ™Ë\ÜÙ]Ëİ^\™\Ëİ^\™\×İÙX˜\ÜÚÙ[[Û‹œ™ËLKŒÌ˜XYNMN˜Ì™X™ÙLŒÙ™ÙŒMÙXÌL˜XLXLLYLÌXXÙXM™K›İXÛX\™Y˜[ÙK™\šYHXXÚš\İX[Ù]Üˆ^ÛYH]œ›ÛHHX›XÈZ[‚˜\ÜÙ]Ëİ^\™\Ëİ^\™\×İÙX˜\ÜÚÙ[[Û‹İØ[Ú[™Ë]ØZÙKÛXZ[‹\Ú[KÙXœ\ÜÙ]Ëİ^\™\Ëİ^\™\×İÙX˜\ÜÚÙ[[Û‹ÙXœLÌÌÎMŒNYŒM™LYMMLNØØLŒMYYØÍ™ŒÍ˜YXMLLŒÌÎLŒÍŒÌÌ‹›İXÛX\™Y˜[ÙK™\šYHXXÚš\İX[Ù]Üˆ^ÛYH]œ›ÛHHX›XÈZ[‚˜\ÜÙ]Ëİ^\™\Ëİ^\™\×İÙX˜\ÜÚÙ[[Û‹İØ[Ú[™Ë]ØZÙKÛXZ[‹ÙXœ\ÜÙ]Ëİ^\™\Ëİ^\™\×İÙX˜\ÜÚÙ[[Û‹ÙXœMÌÌ‹ÍÌ™˜ÌÎYŒXX™LÙ˜XMÌYNLL˜MMÙŒŒNLMÍÌŒ˜ŒLÎMÙÌŒË›İXÛX\™Y˜[ÙK™\šYHXXÚš\İX[Ù]Üˆ^ÛYH]œ›ÛHHX›XÈZ[‚˜\ÜÙ]Ëİ^\™\Ëİ^\™\×İÙX˜\ÜÚÙ[[Û‹İØ[Ú[™Ë]ØZÙKÜÜš]K\Ú[Kœ™Ë\ÜÙ]Ëİ^\™\Ëİ^\™\×İÙX˜\ÜÚÙ[[Û‹œ™ËÌÍŒŒMÙLÎYM˜ÌLLMÍ˜LØÌ™YÍ˜NØNÌLÙNÌL™XØXÌÍK›İXÛX\™Y˜[ÙK™\šYHXXÚš\İX[Ù]Üˆ^ÛYH]œ›ÛHHX›XÈZ[‚˜\ÜÙ]Ëİ^\™\Ëİ^\™\×İÙX˜\ÜÚÙ[[Û‹İØ[Ú[™Ë]ØZÙKÜÜš]Kœ™Ë\ÜÙ]Ëİ^\™\Ëİ^\™\×İÙX˜\ÜÚÙ[[Û‹œ™ËÌÍKXÍÙŒ™™Ì™LLNYNŒØŒŒNNNÌMYLÍÙ˜M˜ÙŒMLÙÌÍÌM™™M›İXÛX\™Y˜[ÙK™\šYHXXÚš\İX[Ù]Üˆ^ÛYH]œ›ÛHHX›XÈZ[‚˜\ÜÙ]Ëİ^\™\Ëİ^\™\×İÙX˜\ÜÚÙ[[Û‹İØ[™Z[‹ÛXZ[‹\Ú[KÙXœ\ÜÙ]Ëİ^\™\Ëİ^\™\×İÙX˜\ÜÚÙ[[Û‹ÙXœLY˜™ÙŒNÌ™L˜™YY™XYMXY˜™XMXÎNXXŒÌL™MØØMK›İXÛX\™Y˜[ÙK™\šYHXXÚš\İX[Ù]Üˆ^ÛYH]œ›ÛHHX›XÈZ[‚˜\ÜÙ]Ëİ^\™\Ëİ^\™\×İÙX˜\ÜÚÙ[[Û‹İØ[™Z[‹ÛXZ[‹ÙXœ\ÜÙ]Ëİ^\™\Ëİ^\™\×İÙX˜\ÜÚÙ[[Û‹ÙXœLML‹LMÙÌÙŒ˜NNLLÍÌXÙLYMLXÌMØL™X˜YLØMYMNLÌÍØŒM‹›İXÛX\™Y˜[ÙK™\šYHXXÚš\İX[Ù]Üˆ^ÛYH]œ›ÛHHX›XÈZ[‚˜\ÜÙ]Ëİ^\™\Ëİ^\™\×İÙX˜\ÜÚÙ[[Û‹İØ[™Z[‹ÜÜš]K\Ú[Kœ™Ë\ÜÙ]Ëİ^\™\Ëİ^\™\×İÙX˜\ÜÚÙ[[Û‹œ™ËLËM˜XYXŒNNLŒLMNYÙMÍ™ÙY˜Y˜LXMÎÎÍK›İXÛX\™Y˜[ÙK™\šYHXXÚš\İX[Ù]Üˆ^ÛYH]œ›ÛHHX›XÈZ[‚˜\ÜÙ]Ëİ^\™\Ëİ^\™\×İÙX˜\ÜÚÙ[[Û‹İØ[™Z[‹ÜÜš]Kœ™Ë\ÜÙ]Ëİ^\™\Ëİ^\™\×İÙX˜\ÜÚÙ[[Û‹œ™ËL™L˜XX™ØÙØŒŒÌLÎYMXNX˜ØÌMÙÍ™MMÍYMMØØXŒYŒ™XÌMMØŒ‹›İXÛX\™Y˜[ÙK™\šYHXXÚš\İX[Ù]Üˆ^ÛYH]œ›ÛHHX›XÈZ[‚˜\ÜÙ]Ëİ^\™\Ëİ^\™\×İÙX˜\ÜÚÙ[[Û‹İØ\ÜKÛXZ[‹\Ú[KÙXœ\ÜÙ]Ëİ^\™\Ëİ^\™\×İÙX˜\ÜÚÙ[[Û‹ÙXœLMÍ‹˜LMMYXØÙMÌLÙÌŒÙXXÌÙŒÌYYYLÙ˜ÙŒNŒLÎÌÙŒË›İXÛX\™Y˜[ÙK™\šYHXXÚš\İX[Ù]Üˆ^ÛYH]œ›ÛHHX›XÈZ[‚˜\ÜÙ]Ëİ^\™\Ëİ^\™\×İÙX˜\ÜÚÙ[[Û‹İØ\ÜKÛXZ[‹ÙXœ\ÜÙ]Ëİ^\™\Ëİ^\™\×İÙX˜\ÜÚÙ[[Û‹ÙXœLLNNM‹YLYLŒY™ŒØMŒÌ™ŒÍ˜ÌÍ˜ÌÍÙ˜MLØLNXY™XL˜ÌXMMYY›İXÛX\™Y˜[ÙK™\šYHXXÚš\İX[Ù]Üˆ^ÛYH]œ›ÛHHX›XÈZ[‚˜\ÜÙ]Ëİ^\™\Ëİ^\™\×İÙX˜\ÜÚÙ[[Û‹İØ\ÜKÜÜš]K\Ú[Kœ™Ë\ÜÙ]Ëİ^\™\Ëİ^\™\×İÙX˜\ÜÚÙ[[Û‹œ™ËM‹LXÙLÌLÌXLÌMÌYMLŒÌŒ˜LMNÌÙYYM™™Œ™M˜ÌÎÙNX™ÍYMË›İXÛX\™Y˜[ÙK™\šYHXXÚš\İX[Ù]Üˆ^ÛYH]œ›ÛHHX›XÈZ[‚˜\ÜÙ]Ëİ^\™\Ëİ^\™\×İÙX˜\ÜÚÙ[[Û‹İØ\ÜKÜÜš]Kœ™Ë\ÜÙ]Ëİ^\™\Ëİ^\™\×İÙX˜\ÜÚÙ[[Û‹œ™ËM‹ŒLÍMLLMŒM™MÍØLŒÍ˜YØÌŒMÌØNL™MÎMÙ›İXÛX\™Y˜[ÙK™\šYHXXÚš\İX[Ù]Üˆ^ÛYH]œ›ÛHHX›XÈZ[‚˜\ÜÙ]Ëİ^\™\Ëİ^\™\×İÙX˜\ÜÚÙ[[Û‹İØ]ÚÙËÛXZ[‹\Ú[KÙXœ\ÜÙ]Ëİ^\™\Ëİ^\™\×İÙX˜\ÜÚÙ[[Û‹ÙXœŒMMM™ŒLŒÍLÙY˜ÌXÌÍÙ˜ÙŒÙNYŒMXØYLY™LØÌYNXŒX™™™ŒÌ›İXÛX\™Y˜[ÙK™\šYHXXÚš\İX[Ù]Üˆ^ÛYH]œ›ÛHHX›XÈZ[‚˜\ÜÙ]Ëİ^\™\Ëİ^\™\×İÙX˜\ÜÚÙ[[Û‹İØ]ÚÙËÛXZ[‹ÙXœ\ÜÙ]Ëİ^\™\Ëİ^\™\×İÙX˜\ÜÚÙ[[Û‹ÙXœŒLÍMÌMMÎXMÌNMÌÙ™ŒYLXLXYLLYL™ÙMLŒXÍLØXLM™ÙM™XXÙK›İXÛX\™Y˜[ÙK™\šYHXXÚš\İX[Ù]Üˆ^ÛYH]œ›ÛHHX›XÈZ[‚˜\ÜÙ]Ëİ^\™\Ëİ^\™\×İÙX˜\ÜÚÙ[[Û‹İØ]ÚÙËÜÜš]K\Ú[Kœ™Ë\ÜÙ]Ëİ^\™\Ëİ^\™\×İÙX˜\ÜÚÙ[[Û‹œ™ËÌÎMYMÍYYØMÍÌÙY˜LLYMMM™ŒL™NŒØMŒÙYØÎÌÍÍØ˜™XØÍYMMÌK›İXÛX\™Y˜[ÙK™\šYHXXÚš\İX[Ù]Üˆ^ÛYH]œ›ÛHHX›XÈZ[‚˜\ÜÙ]Ëİ^\™\Ëİ^\™\×İÙX˜\ÜÚÙ[[Û‹İØ]ÚÙËÜÜš]Kœ™Ë\ÜÙ]Ëİ^\™\Ëİ^\™\×İÙX˜\ÜÚÙ[[Û‹œ™ËÌÍËŒŒMØÌMMÎÙXNMYL˜ÍÙŒÍØÙ˜˜˜ÎÌÌØMYÍ˜ŒXY™LXØÍYÍÌL›İXÛX\™Y˜[ÙK™\šYHXXÚš\İX[Ù]Üˆ^ÛYH]œ›ÛHHX›XÈZ[‚˜\ÜÙ]Ëİ^\™\Ëİ^\™\×İÙX˜\ÜÚÙ[[Û‹İØ]™[ÛXZ[‹\Ú[KÙXœ\ÜÙ]Ëİ^\™\Ëİ^\™\×İÙX˜\ÜÚÙ[[Û‹ÙXœNLL‹YNYMÍMLØ˜M™™™LÌÌMŒÌŒMXMØNÌÙŒLYMN˜ÙYÙXØLXË›İXÛX\™Y˜[ÙK™\šYHXXÚš\İX[Ù]Üˆ^ÛYH]œ›ÛHHX›XÈZ[‚˜\ÜÙ]Ëİ^\™\Ëİ^\™\×İÙX˜\ÜÚÙ[[Û‹İØ]™[ÛXZ[‹ÙXœ\ÜÙ]Ëİ^\™\Ëİ^\™\×İÙX˜\ÜÚÙ[[Û‹ÙXœNÎŒLMMŒÌÌMMÌÍNM™MMÎLØMYYYXÙ™Í˜MŒŒYŒÍÙMXÌNÍË›İXÛX\™Y˜[ÙK™\šYHXXÚš\İX[Ù]Üˆ^ÛYH]œ›ÛHHX›XÈZ[‚˜\ÜÙ]Ëİ^\™\Ëİ^\™\×İÙX˜\ÜÚÙ[[Û‹İØ]™[ÜÜš]K\Ú[Kœ™Ë\ÜÙ]Ëİ^\™\Ëİ^\™\×İÙX˜\ÜÚÙ[[Û‹œ™ËLÍÍ‹™LXMÌ™™˜YM™ÍÙL˜XÍÌYÙLÍYŒXÌÙŒŒXNMÙYY™ŒLXÌLNY™K›İXÛX\™Y˜[ÙK™\šYHXXÚš\İX[Ù]Üˆ^ÛYH]œ›ÛHHX›XÈZ[‚˜\ÜÙ]Ëİ^\™\Ëİ^\™\×İÙX˜\ÜÚÙ[[Û‹İØ]™[ÜÜš]Kœ™Ë\ÜÙ]Ëİ^\™\Ëİ^\™\×İÙX˜\ÜÚÙ[[Û‹œ™ËKYXX˜ÎNYXLX˜™YNŒNÎMY˜ØÙLŒLM™NMŒÌNÌLMLÌŒÙ™ŒÌYK›İXÛX\™Y˜[ÙK™\šYHXXÚš\İX[Ù]Üˆ^ÛYH]œ›ÛHHX›XÈZ[‚˜\ÜÙ]Ëİ^\™\Ëİ^\™\×İÙX˜\ÜÚÙ[[Û‹İÙX]š[KÛXZ[‹\Ú[KÙXœ\ÜÙ]Ëİ^\™\Ëİ^\™\×İÙX˜\ÜÚÙ[[Û‹ÙXœNÍL‹ÙYNLÍM˜XŒMÍŒÌMYL˜XØMÙMMŒYÙŒŒ™ŒNK›İXÛX\™Y˜[ÙK™\šYHXXÚš\İX[Ù]Üˆ^ÛYH]œ›ÛHHX›XÈZ[‚˜\ÜÙ]Ëİ^\™\Ëİ^\™\×İÙX˜\ÜÚÙ[[Û‹İÙX]š[KÛXZ[‹ÙXœ\ÜÙ]Ëİ^\™\Ëİ^\™\×İÙX˜\ÜÚÙ[[Û‹ÙXœLÎÙÍYYLŒÍÍNMXØÍÍ˜MXØÍYMØÌÙNÍÎNX˜ØNMYØYXLK›İXÛX\™Y˜[ÙK™\šYHXXÚš\İX[Ù]Üˆ^ÛYH]œ›ÛHHX›XÈZ[‚˜\ÜÙ]Ëİ^\™\Ëİ^\™\×İÙX˜\ÜÚÙ[[Û‹İÙX]š[KÜÜš]K\Ú[Kœ™Ë\ÜÙ]Ëİ^\™\Ëİ^\™\×İÙX˜\ÜÚÙ[[Û‹œ™ËLKÌLÌ˜ÙLY˜NNŒ˜L˜ÍYL˜ŒŒYÍÙMLLXØMYÙŒÎ™ÎMË›İXÛX\™Y˜[ÙK™\šYHXXÚš\İX[Ù]Üˆ^ÛYH]œ›ÛHHX›XÈZ[‚˜\ÜÙ]Ëİ^\™\Ëİ^\™\×İÙX˜\ÜÚÙ[[Û‹İÙX]š[KÜÜš]Kœ™Ë\ÜÙ]Ëİ^\™\Ëİ^\™\×İÙX˜\ÜÚÙ[[Û‹œ™ËL‹ÌLXLMÙYMÍLÌ™MÌ™MMMYLÌYNÙMNNMÍYYLLYŒÌLY™LÌNM›İXÛX\™Y˜[ÙK™\šYHXXÚš\İX[Ù]Üˆ^ÛYH]œ›ÛHHX›XÈZ[‚˜\ÜÙ]Ëİ^\™\Ëİ^\™\×İÙX˜\ÜÚÙ[[Û‹İÙYYKÛXZ[‹\Ú[KÙXœ\ÜÙ]Ëİ^\™\Ëİ^\™\×İÙX˜\ÜÚÙ[[Û‹ÙXœÌNLŒ‹XÙÍÌÍŒNÙYÎNYLÎLÍÎ˜XXÍÍ˜LŒÙY˜ØNY˜ÎMLNLÍÌNÙŒXMXN›İXÛX\™Y˜[ÙK™\šYHXXÚš\İX[Ù]Üˆ^ÛYH]œ›ÛHHX›XÈZ[‚˜\ÜÙ]Ëİ^\™\Ëİ^\™\×İÙX˜\ÜÚÙ[[Û‹İÙYYKÛXZ[‹ÙXœ\ÜÙ]Ëİ^\™\Ëİ^\™\×İÙX˜\ÜÚÙ[[Û‹ÙXœÎLLÍÌŒNLŒÌŒMÙYLÎXXŒLÙŒ™XŒYÍ™MŒÌLNLÌ™LMÙLØË›İXÛX\™Y˜[ÙK™\šYHXXÚš\İX[Ù]Üˆ^ÛYH]œ›ÛHHX›XÈZ[‚˜\ÜÙ]Ëİ^\™\Ëİ^\™\×İÙX˜\ÜÚÙ[[Û‹İÙYYKÜÜš]K\Ú[Kœ™Ë\ÜÙ]Ëİ^\™\Ëİ^\™\×İÙX˜\ÜÚÙ[[Û‹œ™ËKØÌŒŒMLYYÎNN™ÍL˜ÌÙXÎLXMÎMXYØYŒMMÍÙ˜ÙXÍNLÙŒË›İXÛX\™Y˜[ÙK™\šYHXXÚš\İX[Ù]Üˆ^ÛYH]œ›ÛHHX›XÈZ[‚˜\ÜÙ]Ëİ^\™\Ëİ^\™\×İÙX˜\ÜÚÙ[[Û‹İÙYYKÜÜš]Kœ™Ë\ÜÙ]Ëİ^\™\Ëİ^\™\×İÙX˜\ÜÚÙ[[Û‹œ™ËKNNYŒLNMNÎYLÙ˜Y™Î˜˜ÎYXMÍXMÍŒX˜ÍXLNYYØMNLYMÎXLË›İXÛX\™Y˜[ÙK™\šYHXXÚš\İX[Ù]Üˆ^ÛYH]œ›ÛHHX›XÈZ[‚˜\ÜÙ]Ëİ^\™\Ëİ^\™\×İÙX˜\ÜÚÙ[[Û‹İÙY\[˜™[ÛXZ[‹\Ú[KÙXœ\ÜÙ]Ëİ^\™\Ëİ^\™\×İÙX˜\ÜÚÙ[[Û‹ÙXœÍÌMÎLÌXÌ™MYŒLØ™Ù™LØÍXÎ™YXÌMÍÎMØ™ŒNXÎMXNMK›İXÛX\™Y˜[ÙK™\šYHXXÚš\İX[Ù]Üˆ^ÛYH]œ›ÛHHX›XÈZ[‚˜\ÜÙ]Ëİ^\™\Ëİ^\™\×İÙX˜\ÜÚÙ[[Û‹İÙY\[˜™[ÛXZ[‹ÙXœ\ÜÙ]Ëİ^\™\Ëİ^\™\×İÙX˜\ÜÚÙ[[Û‹ÙXœÌÍM‹ÌLMŒML™LÍ˜ÙMMM˜ÍLL˜ÍLLÌÎ˜X˜ÌNL™™™Y™ÌÍXÙLÍÌŒŒË›İXÛX\™Y˜[ÙK™\šYHXXÚš\İX[Ù]Üˆ^ÛYH]œ›ÛHHX›XÈZ[‚˜\ÜÙ]Ëİ^\™\Ëİ^\™\×İÙX˜\ÜÚÙ[[Û‹İÙY\[˜™[ÜÜš]K\Ú[Kœ™Ë\ÜÙ]Ëİ^\™\Ëİ^\™\×İÙX˜\ÜÚÙ[[Û‹œ™ËM‹ÌŒXÙ™YXLXXYLMYÎYLØ™NXÌ˜XMÎNXŒNYÙYÙ˜ÌÙLYLŒØYŒLŒ›İXÛX\™Y˜[ÙK™\šYHXXÚš\İX[Ù]Üˆ^ÛYH]œ›ÛHHX›XÈZ[‚˜\ÜÙ]Ëİ^\™\Ëİ^\™\×İÙX˜\ÜÚÙ[[Û‹İÙY\[˜™[ÜÜš]Kœ™Ë\ÜÙ]Ëİ^\™\Ëİ^\™\×İÙX˜\ÜÚÙ[[Û‹œ™ËMKŒMYLLÍYMŒŒLNŒŒÍÎMMXÙNLM™Y™XÎÌ˜NÌX˜LYMYL‹›İXÛX\™Y˜[ÙK™\šYHXXÚš\İX[Ù]Üˆ^ÛYH]œ›ÛHHX›XÈZ[‚˜\ÜÙ]Ëİ^\™\Ëİ^\™\×İÙX˜\ÜÚÙ[[Û‹İÙY^š[™ËÛXZ[‹\Ú[KÙXœ\ÜÙ]Ëİ^\™\Ëİ^\™\×İÙX˜\ÜÚÙ[[Û‹ÙXœÍÍÎÙMÙLÍMLŒ˜ÌŒ™LLM™ML˜MÎYYXMÍL˜MMLLYYNYMŒÎY˜ØX›İXÛX\™Y˜[ÙK™\šYHXXÚš\İX[Ù]Üˆ^ÛYH]œ›ÛHHX›XÈZ[‚˜\ÜÙ]Ëİ^\™\Ëİ^\™\×İÙX˜\ÜÚÙ[[Û‹İÙY^š[™ËÛXZ[‹ÙXœ\ÜÙ]Ëİ^\™\Ëİ^\™\×İÙX˜\ÜÚÙ[[Û‹ÙXœLL‹M™NLNNXÍÎM™ÍMYŒN™Y™ØMYØÍ˜ÌÙ˜ÍX™ŒNM™LÙMÌØÍXK›İXÛX\™Y˜[ÙK™\šYHXXÚš\İX[Ù]Üˆ^ÛYH]œ›ÛHHX›XÈZ[‚˜\ÜÙ]Ëİ^\™\Ëİ^\™\×İÙX˜\ÜÚÙ[[Û‹İÙY^š[™ËÜÜš]K\Ú[Kœ™Ë\ÜÙ]Ëİ^\™\Ëİ^\™\×İÙX˜\ÜÚÙ[[Û‹œ™ËLKØÙÎXMXÌÍLXŒÍÌXXLÎÙNMÌ˜LÙ™™MÌ˜ÍMYŒXÙ™YŒXØÍLÙ‹›İXÛX\™Y˜[ÙK™\šYHXXÚš\İX[Ù]Üˆ^ÛYH]œ›ÛHHX›XÈZ[‚˜\ÜÙ]Ëİ^\™\Ëİ^\™\×İÙX˜\ÜÚÙ[[Û‹İÙY^š[™ËÜÜš]Kœ™Ë\ÜÙ]Ëİ^\™\Ëİ^\™\×İÙX˜\ÜÚÙ[[Û‹œ™ËL‹˜˜ØYŒ™MÍÍÍ˜XMÍYÎØ˜ÌŒLÌLNLLLLÙ˜NÌÎXØÙL™™YÍÍØË›İXÛX\™Y˜[ÙK™\šYHXXÚš\İX[Ù]Üˆ^ÛYH]œ›ÛHHX›XÈZ[‚˜\ÜÙ]Ëİ^\™\Ëİ^\™\×İÙX˜\ÜÚÙ[[Û‹İÚ[\ÚXÛİÛXZ[‹\Ú[KÙXœ\ÜÙ]Ëİ^\™\Ëİ^\™\×İÙX˜\ÜÚÙ[[Û‹ÙXœNÌÌÌ˜LÙYYXY™MXLØXMÙÌÎLÍYYLYXŒÌLMÍŒXMLÎYMØYŒÙK›İXÛX\™Y˜[ÙK™\šYHXXÚš\İX[Ù]Üˆ^ÛYH]œ›ÛHHX›XÈZ[‚˜\ÜÙ]Ëİ^\™\Ëİ^\™\×İÙX˜\ÜÚÙ[[Û‹İÚ[\ÚXÛİÛXZ[‹ÙXœ\ÜÙ]Ëİ^\™\Ëİ^\™\×İÙX˜\ÜÚÙ[[Û‹ÙXœL‹ŒÙŒÌMÍ™™™LÌLMLMÌMMŒMÍNNØLÎM˜Ì™MML™™MÙMØÙÙXLXÎLË›İXÛX\™Y˜[ÙK™\šYHXXÚš\İX[Ù]Üˆ^ÛYH]œ›ÛHHX›XÈZ[‚˜\ÜÙ]Ëİ^\™\Ëİ^\™\×İÙX˜\ÜÚÙ[[Û‹İÚ[\ÚXÛİÜÜš]K\Ú[Kœ™Ë\ÜÙ]Ëİ^\™\Ëİ^\™\×İÙX˜\ÜÚÙ[[Û‹œ™ËÍÌÌŒÌ™ÙXÍØŒÌM˜˜L™LÙYYLYXÍ˜ÍNXMØŒÙYŒÙÙ›İXÛX\™Y˜[ÙK™\šYHXXÚš\İX[Ù]Üˆ^ÛYH]œ›ÛHHX›XÈZ[‚˜\ÜÙ]Ëİ^\™\Ëİ^\™\×İÙX˜\ÜÚÙ[[Û‹İÚ[\ÚXÛİÜÜš]Kœ™Ë\ÜÙ]Ëİ^\™\Ëİ^\™\×İÙX˜\ÜÚÙ[[Û‹œ™ËÍÌ™NLØÍNXŒÍM˜ÙXŒÎYYNYØÎN™ÍNLM˜NNMÍ™YŒÌLÙXË›İXÛX\™Y˜[ÙK™\šYHXXÚš\İX[Ù]Üˆ^ÛYH]œ›ÛHHX›XÈZ[‚˜\ÜÙ]Ëİ^\™\Ëİ^\™\×İÙX˜\ÜÚÙ[[Û‹İÚ\›\YKÛXZ[‹\Ú[KÙXœ\ÜÙ]Ëİ^\™\Ëİ^\™\×İÙX˜\ÜÚÙ[[Û‹ÙXœLYØX˜ÌNLÙÎM™˜LÙ˜LYLMMÌŒXŒMYŒŒÍLM™ŒYXÙŒNMÙMNYL‹›İXÛX\™Y˜[ÙK™\šYHXXÚš\İX[Ù]Üˆ^ÛYH]œ›ÛHHX›XÈZ[‚˜\ÜÙ]Ëİ^\™\Ëİ^\™\×İÙX˜\ÜÚÙ[[Û‹İÚ\›\YKÛXZ[‹ÙXœ\ÜÙ]Ëİ^\™\Ëİ^\™\×İÙX˜\ÜÚÙ[[Û‹ÙXœÍM‹ŒYŒÙX˜NNYÙLLYŒÍÎX™MXNLŒ™M™LLNLÍÌ™LMÌÎYK›İXÛX\™Y˜[ÙK™\šYHXXÚš\İX[Ù]Üˆ^ÛYH]œ›ÛHHX›XÈZ[‚˜\ÜÙ]Ëİ^\™\Ëİ^\™\×İÙX˜\ÜÚÙ[[Û‹İÚ\›\YKÜÜš]K\Ú[Kœ™Ë\ÜÙ]Ëİ^\™\Ëİ^\™\×İÙX˜\ÜÚÙ[[Û‹œ™ËÎM‹ÎNXÙ™YNMXÍÎMYÎXM˜LÍYÎLØ™ÍÙXŒ™XÍÌL˜ŒXXÌY˜Ì˜˜LMX™›İXÛX\™Y˜[ÙK™\šYHXXÚš\İX[Ù]Üˆ^ÛYH]œ›ÛHHX›XÈZ[‚˜\ÜÙ]Ëİ^\™\Ëİ^\™\×İÙX˜\ÜÚÙ[[Û‹İÚ\›\YKÜÜš]Kœ™Ë\ÜÙ]Ëİ^\™\Ëİ^\™\×İÙX˜\ÜÚÙ[[Û‹œ™ËÎL‹™XM™ÎLÎMØÙYMØMŒLÌÍ˜ÌØ™ÍYÎLLŒ˜ÌMÌLYX™˜ØÍY™M‹›İXÛX\™Y˜[ÙK™\šYHXXÚš\İX[Ù]Üˆ^ÛYH]œ›ÛHHX›XÈZ[‚˜\ÜÙ]Ëİ^\™\Ëİ^\™\×İÙX˜\ÜÚÙ[[Û‹İÚ\ØØ\ÚÛXZ[‹\Ú[KÙXœ\ÜÙ]Ëİ^\™\Ëİ^\™\×İÙX˜\ÜÚÙ[[Û‹ÙXœÍÎMÌÎÍØÙLŒØLXÌ™M™YXYYÌNNYMÙ™Ø˜Î™XLMÍMÙXŒ™™YNX‹›İXÛX\™Y˜[ÙK™\šYHXXÚš\İX[Ù]Üˆ^ÛYH]œ›ÛHHX›XÈZ[‚˜\ÜÙ]Ëİ^\™\Ëİ^\™\×İÙX˜\ÜÚÙ[[Û‹İÚ\ØØ\ÚÛXZ[‹ÙXœ\ÜÙ]Ëİ^\™\Ëİ^\™\×İÙX˜\ÜÚÙ[[Û‹ÙXœÍNL‹L˜YM˜M˜˜MXØMLŒMŒY™Y™ÙL™YXÌXNXMÍŒ˜YLLÎÍŒÙŒØK›İXÛX\™Y˜[ÙK™\šYHXXÚš\İX[Ù]Üˆ^ÛYH]œ›ÛHHX›XÈZ[‚˜\ÜÙ]Ëİ^\™\Ëİ^\™\×İÙX˜\ÜÚÙ[[Û‹İÚ\ØØ\ÚÜÜš]K\Ú[Kœ™Ë\ÜÙ]Ëİ^\™\Ëİ^\™\×İÙX˜\ÜÚÙ[[Û‹œ™ËLÎØ™LNNML˜XÙ™LÙX˜™X™L™NXŒÌNŒ˜LÙLNYMNMØÙNÙL™K›İXÛX\™Y˜[ÙK™\šYHXXÚš\İX[Ù]Üˆ^ÛYH]œ›ÛHHX›XÈZ[‚˜\ÜÙ]Ëİ^\™\Ëİ^\™\×İÙX˜\ÜÚÙ[[Û‹İÚ\ØØ\ÚÜÜš]Kœ™Ë\ÜÙ]Ëİ^\™\Ëİ^\™\×İÙX˜\ÜÚÙ[[Û‹œ™ËLÍË˜ÍÎ˜MLNÌÌ™NNXLÌÙL˜ÌÍNMYLXYŒÌMLLYYÙLØLNXÌ‹›İXÛX\™Y˜[ÙK™\šYHXXÚš\İX[Ù]Üˆ^ÛYH]œ›ÛHHX›XÈZ[‚˜\ÜÙ]Ëİ^\™\Ëİ^\™\×İÙX˜\ÜÚÙ[[Û‹İÚ\Û]\‹ÛXZ[‹\Ú[KÙXœ\ÜÙ]Ëİ^\™\Ëİ^\™\×İÙX˜\ÜÚÙ[[Û‹ÙXœNML‹XLÙNYÍ˜ÙÌXXYLNNXÍYY˜ÍŒNLŒNL˜ÌXLNM˜ÌX˜‹›İXÛX\™Y˜[ÙK™\šYHXXÚš\İX[Ù]Üˆ^ÛYH]œ›ÛHHX›XÈZ[‚˜\ÜÙ]Ëİ^\™\Ëİ^\™\×İÙX˜\ÜÚÙ[[Û‹İÚ\Û]\‹ÛXZ[‹ÙXœ\ÜÙ]Ëİ^\™\Ëİ^\™\×İÙX˜\ÜÚÙ[[Û‹ÙXœNLÌÙYMØLY˜™˜MØŒÌ™L™ŒØÍ˜MXÍ˜˜˜Ù™ŒLYŒØŒÍXMŒLÌØXØ˜LNY›İXÛX\™Y˜[ÙK™\šYHXXÚš\İX[Ù]Üˆ^ÛYH]œ›ÛHHX›XÈZ[‚˜\ÜÙ]Ëİ^\™\Ëİ^\™\×İÙX˜\ÜÚÙ[[Û‹İÚ\Û]\‹ÜÜš]K\Ú[Kœ™Ë\ÜÙ]Ëİ^\™\Ëİ^\™\×İÙX˜\ÜÚÙ[[Û‹œ™ËLNYÌ™ÎLŒLÍ™X˜ØXÌXŒLLMØYÙMMØÙLNÍØMYYNLË›İXÛX\™Y˜[ÙK™\šYHXXÚš\İX[Ù]Üˆ^ÛYH]œ›ÛHHX›XÈZ[‚˜\ÜÙ]Ëİ^\™\Ëİ^\™\×İÙX˜\ÜÚÙ[[Û‹İÚ\Û]\‹ÜÜš]Kœ™Ë\ÜÙ]Ëİ^\™\Ëİ^\™\×İÙX˜\ÜÚÙ[[Û‹œ™ËLŒYYL™ŒNYXÌÍÎŒXMXMYMÙM™NLÌ˜Y˜M˜YMXÌŒLYLÍ›İXÛX\™Y˜[ÙK™\šYHXXÚš\İX[Ù]Üˆ^ÛYH]œ›ÛHHX›XÈZ[‚˜\ÜÙ]Ëİ^\™\Ëİ^\™\×İÙX˜\ÜÚÙ[[Û‹İÚ]KZŞ]\™[KÛXZ[‹\Ú[KÙXœ\ÜÙ]Ëİ^\™\Ëİ^\™\×İÙX˜\ÜÚÙ[[Û‹ÙXœL‹LÎØ˜ÌÍ˜™ŒÍÍŒYMÎMY™N™™Y˜ŒLÌX™™ÙÙX˜XNLK›İXÛX\™Y˜[ÙK™\šYHXXÚš\İX[Ù]Üˆ^ÛYH]œ›ÛHHX›XÈZ[‚˜\ÜÙ]Ëİ^\™\Ëİ^\™\×İÙX˜\ÜÚÙ[[Û‹İÚ]KZŞ]\™[KÛXZ[‹ÙXœ\ÜÙ]Ëİ^\™\Ëİ^\™\×İÙX˜\ÜÚÙ[[Û‹ÙXœLMLLYMÙMÌØXÎM™LÙLM˜ÌØYŒXXŒMLNÌÙMÍXXÍ™™™ŒX™LË›İXÛX\™Y˜[ÙK™\šYHXXÚš\İX[Ù]Üˆ^ÛYH]œ›ÛHHX›XÈZ[‚˜\ÜÙ]Ëİ^\™\Ëİ^\™\×İÙX˜\ÜÚÙ[[Û‹İÚ]KZŞ]\™[KÜÜš]Kœ™Ë\ÜÙ]Ëİ^\™\Ëİ^\™\×İÙX˜\ÜÚÙ[[Û‹œ™ËN‹ÎM™ÌØÍNÌNLYÙML˜YNLÙLÌL˜Í˜NLÌLØÎÎXMÎXÌ›İXÛX\™Y˜[ÙK™\šYHXXÚš\İX[Ù]Üˆ^ÛYH]œ›ÛHHX›XÈZ[‚˜\ÜÙ]Ëİ^\™\Ëİ^\™\×İÙX˜\ÜÚÙ[[Û‹İÚYÙÛ]Y™‹ÛXZ[‹\Ú[KÙXœ\ÜÙ]Ëİ^\™\Ëİ^\™\×İÙX˜\ÜÚÙ[[Û‹ÙXœÌÍ‹MNL˜LMŒÍÍ™ŒØXMØMLØ™YM™NY™˜XÙLLMXÙLŒNÎMÙL™Œ‹›İXÛX\™Y˜[ÙK™\šYHXXÚš\İX[Ù]Üˆ^ÛYH]œ›ÛHHX›XÈZ[‚˜\ÜÙ]Ëİ^\™\Ëİ^\™\×İÙX˜\ÜÚÙ[[Û‹İÚYÙÛ]Y™‹ÛXZ[‹ÙXœ\ÜÙ]Ëİ^\™\Ëİ^\™\×İÙX˜\ÜÚÙ[[Û‹ÙXœÍÎLNYLMLYNMØ˜ÎMMÌL˜ŒXL˜MXNMŒXNL™NM˜™ÙÙÍŒØØY‹›İXÛX\™Y˜[ÙK™\šYHXXÚš\İX[Ù]Üˆ^ÛYH]œ›ÛHHX›XÈZ[‚˜\ÜÙ]Ëİ^\™\Ëİ^\™\×İÙX˜\ÜÚÙ[[Û‹İÚYÙÛ]Y™‹ÜÜš]K\Ú[Kœ™Ë\ÜÙ]Ëİ^\™\Ëİ^\™\×İÙX˜\ÜÚÙ[[Û‹œ™ËÌNMÍYY˜ÍYLŒNØÌLLÙYŒYÍN˜ÎMÙÙMÎLMÍÌYXÎNMÌØÎ›İXÛX\™Y˜[ÙK™\šYHXXÚš\İX[Ù]Üˆ^ÛYH]œ›ÛHHX›XÈZ[‚˜\ÜÙ]Ëİ^\™\Ëİ^\™\×İÙX˜\ÜÚÙ[[Û‹İÚYÙÛ]Y™‹ÜÜš]Kœ™Ë\ÜÙ]Ëİ^\™\Ëİ^\™\×İÙX˜\ÜÚÙ[[Û‹œ™ËÌN˜NXXÌØ™ŒÍÍÍNNY™ÎØLÍ™™YYYMÌMÍÙ˜Ì™™X™LÍM˜ÌØX‹›İXÛX\™Y˜[ÙK™\šYHXXÚš\İX[Ù]Üˆ^ÛYH]œ›ÛHHX›XÈZ[‚˜\ÜÙ]Ëİ^\™\Ëİ^\™\×İÙX˜\ÜÚÙ[[Û‹İÚYÛ]ÛXZ[‹\Ú[KÙXœ\ÜÙ]Ëİ^\™\Ëİ^\™\×İÙX˜\ÜÚÙ[[Û‹ÙXœLÍM‹YMÎM™LL˜˜ÙŒXYYŒ™NL˜LÙLMLÌXXŒXMÍ™ÍØÌÌ™˜˜ÎMØØY›İXÛX\™Y˜[ÙK™\šYHXXÚš\İX[Ù]Üˆ^ÛYH]œ›ÛHHX›XÈZ[‚˜\ÜÙ]Ëİ^\™\Ëİ^\™\×İÙX˜\ÜÚÙ[[Û‹İÚYÛ]ÛXZ[‹ÙXœ\ÜÙ]Ëİ^\™\Ëİ^\™\×İÙX˜\ÜÚÙ[[Û‹ÙXœŒMÍLLÍØŒØL™LÌLMXÌXÍY™XLXXŒNLÎMÍNNXLXXÌÍÍ‹›İXÛX\™Y˜[ÙK™\šYHXXÚš\İX[Ù]Üˆ^ÛYH]œ›ÛHHX›XÈZ[‚˜\ÜÙ]Ëİ^\™\Ëİ^\™\×İÙX˜\ÜÚÙ[[Û‹İÚYÛ]ÜÜš]K\Ú[Kœ™Ë\ÜÙ]Ëİ^\™\Ëİ^\™\×İÙX˜\ÜÚÙ[[Û‹œ™ËŒËÌÍNLMYLX˜™™Y˜ÌØ˜YXL˜MMÍ™ÍLNYÍ™›İXÛX\™Y˜[ÙK™\šYHXXÚš\İX[Ù]Üˆ^ÛYH]œ›ÛHHX›XÈZ[‚˜\ÜÙ]Ëİ^\™\Ëİ^\™\×İÙX˜\ÜÚÙ[[Û‹İÚYÛ]ÜÜš]Kœ™Ë\ÜÙ]Ëİ^\™\Ëİ^\™\×İÙX˜\ÜÚÙ[[Û‹œ™ËŒËMÎXØÌÍMXXÌÌMLMŒŒÌXÙÙXXÍÎX˜ÍMŒØ™ŒÌYL˜LMLÌX˜ÌLÎMK›İXÛX\™Y˜[ÙK™\šYHXXÚš\İX[Ù]Üˆ^ÛYH]œ›ÛHHX›XÈZ[‚˜\ÜÙ]Ëİ^\™\Ëİ^\™\×İÙX˜\ÜÚÙ[[Û‹İÚ[\ÙÛXZ[‹\Ú[KÙXœ\ÜÙ]Ëİ^\™\Ëİ^\™\×İÙX˜\ÜÚÙ[[Û‹ÙXœMŒ‹MY˜YÙY™Y˜LÎYYYMØØ˜ŒLÎØÍLMYLNLÌ˜˜™™MYË›İXÛX\™Y˜[ÙK™\šYHXXÚš\İX[Ù]Üˆ^ÛYH]œ›ÛHHX›XÈZ[‚˜\ÜÙ]Ëİ^\™\Ëİ^\™\×İÙX˜\ÜÚÙ[[Û‹İÚ[\ÙÛXZ[‹ÙXœ\ÜÙ]Ëİ^\™\Ëİ^\™\×İÙX˜\ÜÚÙ[[Û‹ÙXœŒLŒÎNŒÍŒÎXÙÍÍ™LMÌ™Y˜ŒLNXMÎXÎYÙÍ˜ÎMMM™™‹›İXÛX\™Y˜[ÙK™\šYHXXÚš\İX[Ù]Üˆ^ÛYH]œ›ÛHHX›XÈZ[‚˜\ÜÙ]Ëİ^\™\Ëİ^\™\×İÙX˜\ÜÚÙ[[Û‹İÚ[\ÙÜÜš]K\Ú[Kœ™Ë\ÜÙ]Ëİ^\™\Ëİ^\™\×İÙX˜\ÜÚÙ[[Û‹œ™ËLÌM™MLØMØÌYŒYLL˜ÙYMNNØÌ™LÙYŒÌXN˜ÎŒÍLYMÍÍMXË›İXÛX\™Y˜[ÙK™\šYHXXÚš\İX[Ù]Üˆ^ÛYH]œ›ÛHHX›XÈZ[‚˜\ÜÙ]Ëİ^\™\Ëİ^\™\×İÙX˜\ÜÚÙ[[Û‹İÚ[\ÙÜÜš]Kœ™Ë\ÜÙ]Ëİ^\™\Ëİ^\™\×İÙX˜\ÜÚÙ[[Û‹œ™ËLXXØÌÙYŒØLØÍLL˜ÎYLŒŒÎMMÍY™™MØXŒ˜XŒ™LØY™XÌØÍ˜ÎL›İXÛX\™Y˜[ÙK™\šYHXXÚš\İX[Ù]Üˆ^ÛYH]œ›ÛHHX›XÈZ[‚˜\ÜÙ]Ëİ^\™\Ëİ^\™\×İÙX˜\ÜÚÙ[[Û‹İÚ[™İ[ÛXZ[‹\Ú[KÙXœ\ÜÙ]Ëİ^\™\Ëİ^\™\×İÙX˜\ÜÚÙ[[Û‹ÙXœÌNMÍ™XNX˜LÌ™ÌÌXÍÌYŒÌMMØNYLL˜MÙNNLÍYYYMMÙŒ™XØÎNN›İXÛX\™Y˜[ÙK™\šYHXXÚš\İX[Ù]Üˆ^ÛYH]œ›ÛHHX›XÈZ[‚˜\ÜÙ]Ëİ^\™\Ëİ^\™\×İÙX˜\ÜÚÙ[[Û‹İÚ[™İ[ÛXZ[‹ÙXœ\ÜÙ]Ëİ^\™\Ëİ^\™\×İÙX˜\ÜÚÙ[[Û‹ÙXœÌŒLXLÍLLÍL™˜LŒŒØÍÎY™YXMØÌM˜˜ÍLYŒXÙMÍÌÍ™ŒÎMY™XNLY™K›İXÛX\™Y˜[ÙK™\šYHXXÚš\İX[Ù]Üˆ^ÛYH]œ›ÛHHX›XÈZ[‚˜\ÜÙ]Ëİ^\™\Ëİ^\™\×İÙX˜\ÜÚÙ[[Û‹İÚ[™İ[ÜÜš]K\Ú[Kœ™Ë\ÜÙ]Ëİ^\™\Ëİ^\™\×İÙX˜\ÜÚÙ[[Û‹œ™ËÍ‹YNMŒ™ŒŒŒ˜˜Ø™MM™NLXLY™ŒNMM™MYMY™ÍÙMÙŒLØÌŒMK›İXÛX\™Y˜[ÙK™\šYHXXÚš\İX[Ù]Üˆ^ÛYH]œ›ÛHHX›XÈZ[‚˜\ÜÙ]Ëİ^\™\Ëİ^\™\×İÙX˜\ÜÚÙ[[Û‹İÚ[™İ[ÜÜš]Kœ™Ë\ÜÙ]Ëİ^\™\Ëİ^\™\×İÙX˜\ÜÚÙ[[Û‹œ™ËÎKMNXÎ™XØŒLÍMÌL™LÌXÍLØYNXØLMNLMLÎLŒÎLXLÎLK›İXÛX\™Y˜[ÙK™\šYHXXÚš\İX[Ù]Üˆ^ÛYH]œ›ÛHHX›XÈZ[‚˜\ÜÙ]Ëİ^\™\Ëİ^\™\×İÙX˜\ÜÚÙ[[Û‹İÚ\Ú]Ø\ÚK\ØÚÛÛÛXZ[‹\Ú[KÙXœ\ÜÙ]Ëİ^\™\Ëİ^\™\×İÙX˜\ÜÚÙ[[Û‹ÙXœNÌ‹˜ÙLYŒŒÎXY™ÎNXXÌŒÌXLLØÍY˜ÍÙNLMLMÌÙNLLLÙ™™LYK›İXÛX\™Y˜[ÙK™\šYHXXÚš\İX[Ù]Üˆ^ÛYH]œ›ÛHHX›XÈZ[‚˜\ÜÙ]Ëİ^\™\Ëİ^\™\×İÙX˜\ÜÚÙ[[Û‹İÚ\Ú]Ø\ÚK\ØÚÛÛÛXZ[‹ÙXœ\ÜÙ]Ëİ^\™\Ëİ^\™\×İÙX˜\ÜÚÙ[[Û‹ÙXœMÍ™ŒXMY˜ÙMÍYMŒØMÍŒMLŒÌÌÌMMMXLÌMÍÍÍØÙXXÍË›İXÛX\™Y˜[ÙK™\šYHXXÚš\İX[Ù]Üˆ^ÛYH]œ›ÛHHX›XÈZ[‚˜\ÜÙ]Ëİ^\™\Ëİ^\™\×İÙX˜\ÜÚÙ[[Û‹İÚ\Ú]Ø\ÚK\ØÚÛÛÜÜš]K\Ú[Kœ™Ë\ÜÙ]Ëİ^\™\Ëİ^\™\×İÙX˜\ÜÚÙ[[Û‹œ™ËL‹ÎYLØL™LYNLYNMŒYNLLÍÌNÍÎ˜Î™MMMÙXØÎX™LMXNMØØYK›İXÛX\™Y˜[ÙK™\šYHXXÚš\İX[Ù]Üˆ^ÛYH]œ›ÛHHX›XÈZ[‚˜\ÜÙ]Ëİ^\™\Ëİ^\™\×İÙX˜\ÜÚÙ[[Û‹İÚ\Ú]Ø\ÚK\ØÚÛÛÜÜš]Kœ™Ë\ÜÙ]Ëİ^\™\Ëİ^\™\×İÙX˜\ÜÚÙ[[Û‹œ™ËL‹Y˜LŒŒÎŒŒÍMXÙŒLNLYX™XNXMÎMNXŒ™ÌMÌLÙØXÌÍMÙŒMÎK›İXÛX\™Y˜[ÙK™\šYHXXÚš\İX[Ù]Üˆ^ÛYH]œ›ÛHHX›XÈZ[‚˜\ÜÙ]Ëİ^\™\Ëİ^\™\×İÙX˜\ÜÚÙ[[Û‹İÚ\Ú]Ø\ÚK\ÛÛËY›Ü›KÛXZ[‹\Ú[KÙXœ\ÜÙ]Ëİ^\™\Ëİ^\™\×İÙX˜\ÜÚÙ[[Û‹ÙXœMŒÎÍXÍYYNYXÙ˜NY˜YYNLØŒMŒMM™ÎMÙYÌ˜NMØÌYLYÙ˜YYX˜›İXÛX\™Y˜[ÙK™\šYHXXÚš\İX[Ù]Üˆ^ÛYH]œ›ÛHHX›XÈZ[‚˜\ÜÙ]Ëİ^\™\Ëİ^\™\×İÙX˜\ÜÚÙ[[Û‹İÚ\Ú]Ø\ÚK\ÛÛËY›Ü›KÛXZ[‹ÙXœ\ÜÙ]Ëİ^\™\Ëİ^\™\×İÙX˜\ÜÚÙ[[Û‹ÙXœÌŒLXÍ˜ÍM™ŒM˜Y˜ÙLML™ÙNLNXÍMŒŒŒLŒÌØM˜ÙYLŒXM›İXÛX\™Y˜[ÙK™\šYHXXÚš\İX[Ù]Üˆ^ÛYH]œ›ÛHHX›XÈZ[‚˜\ÜÙ]Ëİ^\™\Ëİ^\™\×İÙX˜\ÜÚÙ[[Û‹İÚ\Ú]Ø\ÚK\ÛÛËY›Ü›KÜÜš]K\Ú[Kœ™Ë\ÜÙ]Ëİ^\™\Ëİ^\™\×İÙX˜\ÜÚÙ[[Û‹œ™ËÎNK˜ÙMÙMÍLNLXXXÍXNŒ™XØŒ˜LŒXÌXXÌÍÙXX˜MÎÍŒXYŒMLŒŒYŒŒXNË›İXÛX\™Y˜[ÙK™\šYHXXÚš\İX[Ù]Üˆ^ÛYH]œ›ÛHHX›XÈZ[‚˜\ÜÙ]Ëİ^\™\Ëİ^\™\×İÙX˜\ÜÚÙ[[Û‹İÚ\Ú]Ø\ÚK\ÛÛËY›Ü›KÜÜš]Kœ™Ë\ÜÙ]Ëİ^\™\Ëİ^\™\×İÙX˜\ÜÚÙ[[Û‹œ™ËÎNK™MLÌØ˜YNØØÍ˜˜ÙXÍÎM˜MÙ˜˜LÌÍÎMNM˜MŒÌŒÙLYÌÙMLÍÌLMÌË›İXÛX\™Y˜[ÙK™\šYHXXÚš\İX[Ù]Üˆ^ÛYH]œ›ÛHHX›XÈZ[‚˜\ÜÙ]Ëİ^\™\Ëİ^\™\×İÙX˜\ÜÚÙ[[Û‹İÛËXÚY[‹ÛXZ[‹\Ú[KÙXœ\ÜÙ]Ëİ^\™\Ëİ^\™\×İÙX˜\ÜÚÙ[[Û‹ÙXœLÌLNLÌMÌYLÌÍÎ™ŒX™˜™NÙMÙ™ÙMYYMÎLLÙÍ˜™ØÍM™MÍNYNYL™K›İXÛX\™Y˜[ÙK™\šYHXXÚš\İX[Ù]Üˆ^ÛYH]œ›ÛHHX›XÈZ[‚˜\ÜÙ]Ëİ^\™\Ëİ^\™\×İÙX˜\ÜÚÙ[[Û‹İÛËXÚY[‹ÛXZ[‹ÙXœ\ÜÙ]Ëİ^\™\Ëİ^\™\×İÙX˜\ÜÚÙ[[Û‹ÙXœLÍÍ‹ÙÎLÎLÍ™ŒÍÍY˜ÌXNŒ˜ÍMYMÌ™Ù™˜ÙLŒÙNÍXNNŒÙMÌØÌYK›İXÛX\™Y˜[ÙK™\šYHXXÚš\İX[Ù]Üˆ^ÛYH]œ›ÛHHX›XÈZ[‚˜\ÜÙ]Ëİ^\™\Ëİ^\™\×İÙX˜\ÜÚÙ[[Û‹İÛËXÚY[‹ÜÜš]K\Ú[Kœ™Ë\ÜÙ]Ëİ^\™\Ëİ^\™\×İÙX˜\ÜÚÙ[[Û‹œ™ËÌÌŒLMLÙŒM™LÍLMÎŒMMŒŒÌY˜ÌMYŒMŒMŒ™˜˜™Œ™NYXXÍŒLŒ‹›İXÛX\™Y˜[ÙK™\šYHXXÚš\İX[Ù]Üˆ^ÛYH]œ›ÛHHX›XÈZ[‚˜\ÜÙ]Ëİ^\™\Ëİ^\™\×İÙX˜\ÜÚÙ[[Û‹İÛËXÚY[‹ÜÜš]Kœ™Ë\ÜÙ]Ëİ^\™\Ëİ^\™\×İÙX˜\ÜÚÙ[[Û‹œ™ËÍÌLY™NMØÙ˜LÎLŒNLÌÙÍÌLŒŒÍŒ˜XÎÌŒLÌŒMÍŒØË›İXÛX\™Y˜[ÙK™\šYHXXÚš\İX[Ù]Üˆ^ÛYH]œ›ÛHHX›XÈZ[‚˜\ÜÙ]Ëİ^\™\Ëİ^\™\×İÙX˜\ÜÚÙ[[Û‹İÛØ˜Y™™]ÛXZ[‹Y‹\Ú[KÙXœ\ÜÙ]Ëİ^\™\Ëİ^\™\×İÙX˜\ÜÚÙ[[Û‹ÙXœŒÌŒM˜YNLŒ™™ÙNXÙXÍŒÎXŒMLŒXMMYŒL™LYMY˜ÙMÙ˜ŒMLØÎLY›İXÛX\™Y˜[ÙK™\šYHXXÚš\İX[Ù]Üˆ^ÛYH]œ›ÛHHX›XÈZ[‚˜\ÜÙ]Ëİ^\™\Ëİ^\™\×İÙX˜\ÜÚÙ[[Û‹İÛØ˜Y™™]ÛXZ[‹Y‹ÙXœ\ÜÙ]Ëİ^\™\Ëİ^\™\×İÙX˜\ÜÚÙ[[Û‹ÙXœÌÎNYL™ŒÍÌÙLÍ™YMØLØ™ÎMÙNÍ˜ÙÌYÍŒÌLŒLMÎNLÌLÙLË›İXÛX\™Y˜[ÙK™\šYHXXÚš\İX[Ù]Üˆ^ÛYH]œ›ÛHHX›XÈZ[‚˜\ÜÙ]Ëİ^\™\Ëİ^\™\×İÙX˜\ÜÚÙ[[Û‹İÛØ˜Y™™]ÛXZ[‹[K\Ú[KÙXœ\ÜÙ]Ëİ^\™\Ëİ^\™\×İÙX˜\ÜÚÙ[[Û‹ÙXœŒLYYMÍ™LÍLLŒYXLÍY™NNL˜LNYŒNÙŒÌÍM˜LÙÎØØÍŒŒØ‹›İXÛX\™Y˜[ÙK™\šYHXXÚš\İX[Ù]Üˆ^ÛYH]œ›ÛHHX›XÈZ[‚˜\ÜÙ]Ëİ^\™\Ëİ^\™\×İÙX˜\ÜÚÙ[[Û‹İÛØ˜Y™™]ÛXZ[‹[KÙXœ\ÜÙ]Ëİ^\™\Ëİ^\™\×İÙX˜\ÜÚÙ[[Û‹ÙXœÍMÎÎXLMÙŒL™™ŒMØLŒ™N˜™˜ÍL˜M˜ÍYÌÌYŒMXM˜ÌMK›İXÛX\™Y˜[ÙK™\šYHXXÚš\İX[Ù]Üˆ^ÛYH]œ›ÛHHX›XÈZ[‚˜\ÜÙ]Ëİ^\™\Ëİ^\™\×İÙX˜\ÜÚÙ[[Û‹İÛØ˜Y™™]ÛXZ[‹\Ú[KÙXœ\ÜÙ]Ëİ^\™\Ëİ^\™\×İÙX˜\ÜÚÙ[[Û‹ÙXœŒLYYMÍ™LÍLLŒYXLÍY™NNL˜LNYŒNÙŒÌÍM˜LÙÎØØÍŒŒØ‹›İXÛX\™Y˜[ÙK™\šYHXXÚš\İX[Ù]Üˆ^ÛYH]œ›ÛHHX›XÈZ[‚˜\ÜÙ]Ëİ^\™\Ëİ^\™\×İÙX˜\ÜÚÙ[[Û‹İÛØ˜Y™™]ÛXZ[‹ÙXœ\ÜÙ]Ëİ^\™\Ëİ^\™\×İÙX˜\ÜÚÙ[[Û‹ÙXœÍMÎÎXLMÙŒL™™ŒMØLŒ™N˜™˜ÍL˜M˜ÍYÌÌYŒMXM˜ÌMK›İXÛX\™Y˜[ÙK™\šYHXXÚš\İX[Ù]Üˆ^ÛYH]œ›ÛHHX›XÈZ[‚˜\ÜÙ]Ëİ^\™\Ëİ^\™\×İÙX˜\ÜÚÙ[[Û‹İÛØ˜Y™™]ÜÜš]KY‹\Ú[Kœ™Ë\ÜÙ]Ëİ^\™\Ëİ^\™\×İÙX˜\ÜÚÙ[[Û‹œ™ËŒKŒMØLYLÍYŒL˜ÎYÙ™ØÍŒ˜Œ˜MÙYXØØMMMMNÍÍÙÍ˜YŒNNL™M˜‹›İXÛX\™Y˜[ÙK™\šYHXXÚš\İX[Ù]Üˆ^ÛYH]œ›ÛHHX›XÈZ[‚˜\ÜÙ]Ëİ^\™\Ëİ^\™\×İÙX˜\ÜÚÙ[[Û‹İÛØ˜Y™™]ÜÜš]KY‹œ™Ë\ÜÙ]Ëİ^\™\Ëİ^\™\×İÙX˜\ÜÚÙ[[Û‹œ™ËŒÙXÎÍÎYX™˜Í™LXM™MÙ˜ÍNYYY™N™XXÌMXMXNXÌNYMÌL™‹›İXÛX\™Y˜[ÙK™\šYHXXÚš\İX[Ù]Üˆ^ÛYH]œ›ÛHHX›XÈZ[‚˜\ÜÙ]Ëİ^\™\Ëİ^\™\×İÙX˜\ÜÚÙ[[Û‹İÛØ˜Y™™]ÜÜš]K[K\Ú[Kœ™Ë\ÜÙ]Ëİ^\™\Ëİ^\™\×İÙX˜\ÜÚÙ[[Û‹œ™ËNNKLØM˜LNYLXÙYŒŒ™L™ÎLÙ™YXÙ™YMÎÍNLMÙMÍÌÌÌMÍ˜ÍØ˜K›İXÛX\™Y˜[ÙK™\šYHXXÚš\İX[Ù]Üˆ^ÛYH]œ›ÛHHX›XÈZ[‚˜\ÜÙ]Ëİ^\™\Ëİ^\™\×İÙX˜\ÜÚÙ[[Û‹İÛØ˜Y™™]ÜÜš]K[Kœ™Ë\ÜÙ]Ëİ^\™\Ëİ^\™\×İÙX˜\ÜÚÙ[[Û‹œ™ËNMËNÍ™Y˜˜NŒŒNYŒÍÌYŒXMLXLŒŒÌÎYMMÌYNLÍÙ˜YMÙY™MLÎL›İXÛX\™Y˜[ÙK™\šYHXXÚš\İX[Ù]Üˆ^ÛYH]œ›ÛHHX›XÈZ[‚˜\ÜÙ]Ëİ^\™\Ëİ^\™\×İÙX˜\ÜÚÙ[[Û‹İÛØ˜Y™™]ÜÜš]K\Ú[Kœ™Ë\ÜÙ]Ëİ^\™\Ëİ^\™\×İÙX˜\ÜÚÙ[[Û‹œ™ËNNKLØM˜LNYLXÙYŒŒ™L™ÎLÙ™YXÙ™YMÎÍNLMÙMÍÌÌÌMÍ˜ÍØ˜K›İXÛX\™Y˜[ÙK™\šYHXXÚš\İX[Ù]Üˆ^ÛYH]œ›ÛHHX›XÈZ[‚˜\ÜÙ]Ëİ^\™\Ëİ^\™\×İÙX˜\ÜÚÙ[[Û‹İÛØ˜Y™™]ÜÜš]Kœ™Ë\ÜÙ]Ëİ^\™\Ëİ^\™\×İÙX˜\ÜÚÙ[[Û‹œ™ËNMËNÍ™Y˜˜NŒŒNYŒÍÌYŒXMLXLŒŒÌÎYMMÌYNLÍÙ˜YMÙY™MLÎL›İXÛX\™Y˜[ÙK™\šYHXXÚš\İX[Ù]Üˆ^ÛYH]œ›ÛHHX›XÈZ[‚˜\ÜÙ]Ëİ^\™\Ëİ^\™\×İÙX˜\ÜÚÙ[[Û‹İÛÛØ˜]ÛXZ[‹\Ú[KÙXœ\ÜÙ]Ëİ^\™\Ëİ^\™\×İÙX˜\ÜÚÙ[[Û‹ÙXœLL‹ŒM™XMÙ™YLLNMŒM™˜ŒÎM™ÎLMÙLM˜MŒÙ˜MLXLÎYÍYLØ˜Í›İXÛX\™Y˜[ÙK™\šYHXXÚš\İX[Ù]Üˆ^ÛYH]œ›ÛHHX›XÈZ[‚˜\ÜÙ]Ëİ^\™\Ëİ^\™\×İÙX˜\ÜÚÙ[[Û‹İÛÛØ˜]ÛXZ[‹ÙXœ\ÜÙ]Ëİ^\™\Ëİ^\™\×İÙX˜\ÜÚÙ[[Û‹ÙXœLNLMLXÌÌLÍLXYYY˜™XÌMÍØXÙMM™XLMY™NMXLØYÎYXLØNMØÌNNŒLM™˜ÍŒ™K›İXÛX\™Y˜[ÙK™\šYHXXÚš\İX[Ù]Üˆ^ÛYH]œ›ÛHHX›XÈZ[‚˜\ÜÙ]Ëİ^\™\Ëİ^\™\×İÙX˜\ÜÚÙ[[Û‹İÛÛØ˜]ÜÜš]K\Ú[Kœ™Ë\ÜÙ]Ëİ^\™\Ëİ^\™\×İÙX˜\ÜÚÙ[[Û‹œ™ËŒÍ‹™XÍŒŒÍØÎNNÌ™LLÌLLŒYLLLLYLNYLÙXMÎN˜ØLÎMMË›İXÛX\™Y˜[ÙK™\šYHXXÚš\İX[Ù]Üˆ^ÛYH]œ›ÛHHX›XÈZ[‚˜\ÜÙ]Ëİ^\™\Ëİ^\™\×İÙX˜\ÜÚÙ[[Û‹İÛÛØ˜]ÜÜš]Kœ™Ë\ÜÙ]Ëİ^\™\Ëİ^\™\×İÙX˜\ÜÚÙ[[Û‹œ™ËŒÍKNÍŒÍLYØXÌXM™ÍÎLŒLYLÙŒLMYMMXX˜ÌMÎNY™YMXÌÙXK›İXÛX\™Y˜[ÙK™\šYHXXÚš\İX[Ù]Üˆ^ÛYH]œ›ÛHHX›XÈZ[‚˜\ÜÙ]Ëİ^\™\Ëİ^\™\×İÙX˜\ÜÚÙ[[Û‹İÛÛÛÛËÛXZ[‹\Ú[KÙXœ\ÜÙ]Ëİ^\™\Ëİ^\™\×İÙX˜\ÜÚÙ[[Û‹ÙXœLLNMÍMÌØMNMÍŒL˜LXŒ™Œ˜˜MNY™LY˜MË›İXÛX\™Y˜[ÙK™\šYHXXÚš\İX[Ù]Üˆ^ÛYH]œ›ÛHHX›XÈZ[‚˜\ÜÙ]Ëİ^\™\Ëİ^\™\×İÙX˜\ÜÚÙ[[Û‹İÛÛÛÛËÛXZ[‹ÙXœ\ÜÙ]Ëİ^\™\Ëİ^\™\×İÙX˜\ÜÚÙ[[Û‹ÙXœMŒÌÎŒLMXYNÎNLMNY™˜ÎM™˜Í˜Ø˜˜L™ÙYY˜LÎLÍXŒÍMÎL›İXÛX\™Y˜[ÙK™\šYHXXÚš\İX[Ù]Üˆ^ÛYH]œ›ÛHHX›XÈZ[‚˜\ÜÙ]Ëİ^\™\Ëİ^\™\×İÙX˜\ÜÚÙ[[Û‹İÛÛÛÛËÜÜš]K\Ú[Kœ™Ë\ÜÙ]Ëİ^\™\Ëİ^\™\×İÙX˜\ÜÚÙ[[Û‹œ™ËMÍKLØÎ™ÙY˜ŒÍŒÙŒNMÌY™ML˜MŒÍL™M™MYÙXYMÙY™NÌ™NX‹›İXÛX\™Y˜[ÙK™\šYHXXÚš\İX[Ù]Üˆ^ÛYH]œ›ÛHHX›XÈZ[‚˜\ÜÙ]Ëİ^\™\Ëİ^\™\×İÙX˜\ÜÚÙ[[Û‹İÛÛÛÛËÜÜš]Kœ™Ë\ÜÙ]Ëİ^\™\Ëİ^\™\×İÙX˜\ÜÚÙ[[Û‹œ™ËMÍKMÎLMÍMÍMÌÍØØÎMÌ™MÙX˜ØŒÍNLÍÍXÎŒYY™˜™XØ™Y™›İXÛX\™Y˜[ÙK™\šYHXXÚš\İX[Ù]Üˆ^ÛYH]œ›ÛHHX›XÈZ[‚˜\ÜÙ]Ëİ^\™\Ëİ^\™\×İÙX˜\ÜÚÙ[[Û‹İÛÛÜ\‹\[XKÛXZ[‹\Ú[KÙXœ\ÜÙ]Ëİ^\™\Ëİ^\™\×İÙX˜\ÜÚÙ[[Û‹ÙXœMÌLYŒYLYNX™NLMÍ™™™ÍŒÍLÙLÌMYXØ˜Ì˜LLŒ™YMYLÍÎMMMÍ‹›İXÛX\™Y˜[ÙK™\šYHXXÚš\İX[Ù]Üˆ^ÛYH]œ›ÛHHX›XÈZ[‚˜\ÜÙ]Ëİ^\™\Ëİ^\™\×İÙX˜\ÜÚÙ[[Û‹İÛÛÜ\‹\[XKÛXZ[‹ÙXœ\ÜÙ]Ëİ^\™\Ëİ^\™\×İÙX˜\ÜÚÙ[[Û‹ÙXœLM‹XMØÙÙLMYÎM™M™ŒYX™LØÌŒ™™XNLŒ™ÍÙ˜ØYMŒMMMØŒØ˜Y›İXÛX\™Y˜[ÙK™\šYHXXÚš\İX[Ù]Üˆ^ÛYH]œ›ÛHHX›XÈZ[‚˜\ÜÙ]Ëİ^\™\Ëİ^\™\×İÙX˜\ÜÚÙ[[Û‹İÛÛÜ\‹\[XKÜÜš]K\Ú[Kœ™Ë\ÜÙ]Ëİ^\™\Ëİ^\™\×İÙX˜\ÜÚÙ[[Û‹œ™ËLÌMMÌLÍMÍÙNMMMŒMÙ˜˜ÍÌ˜MMŒ™LØØØ˜LYŒ™LX˜ŒMÍXÌÍXXÙX™ÙË›İXÛX\™Y˜[ÙK™\šYHXXÚš\İX[Ù]Üˆ^ÛYH]œ›ÛHHX›XÈZ[‚˜\ÜÙ]Ëİ^\™\Ëİ^\™\×İÙX˜\ÜÚÙ[[Û‹İÛÛÜ\‹\[XKÜÜš]Kœ™Ë\ÜÙ]Ëİ^\™\Ëİ^\™\×İÙX˜\ÜÚÙ[[Û‹œ™ËLKLMÍX˜ÙNÎÍLÌÍ™M˜Œ™MLXMNYLLØNŒÎYNMŒYL‹›İXÛX\™Y˜[ÙK™\šYHXXÚš\İX[Ù]Üˆ^ÛYH]œ›ÛHHX›XÈZ[‚˜\ÜÙ]Ëİ^\™\Ëİ^\™\×İÙX˜\ÜÚÙ[[Û‹İÛÛÜ\‹ÛXZ[‹\Ú[KÙXœ\ÜÙ]Ëİ^\™\Ëİ^\™\×İÙX˜\ÜÚÙ[[Û‹ÙXœMÎ‹ÎXLÍ™YLNÌMŒ™˜ØŒØÍÙÙ™˜L˜˜Í˜M™YYÌ™NXÍL™LŒÌ™ŒMÌÌXÌË›İXÛX\™Y˜[ÙK™\šYHXXÚš\İX[Ù]Üˆ^ÛYH]œ›ÛHHX›XÈZ[‚˜\ÜÙ]Ëİ^\™\Ëİ^\™\×İÙX˜\ÜÚÙ[[Û‹İÛÛÜ\‹ÛXZ[‹ÙXœ\ÜÙ]Ëİ^\™\Ëİ^\™\×İÙX˜\ÜÚÙ[[Û‹ÙXœÍÍL‹LÙ˜XÍ˜M™ÙXÙL™Y˜ÙLMNLÍ˜YXÙYMŒÌYNMŒŒØÌ˜ØXXYÍ™M‹›İXÛX\™Y˜[ÙK™\šYHXXÚš\İX[Ù]Üˆ^ÛYH]œ›ÛHHX›XÈZ[‚˜\ÜÙ]Ëİ^\™\Ëİ^\™\×İÙX˜\ÜÚÙ[[Û‹İÛÛÜ\‹ÜÜš]K\Ú[Kœ™Ë\ÜÙ]Ëİ^\™\Ëİ^\™\×İÙX˜\ÜÚÙ[[Û‹œ™Ë‹M˜™MMLÍŒXÙXXNLMMNŒ™ØÎXLYXX™XYLXXMXMXÌXÌ‹›İXÛX\™Y˜[ÙK™\šYHXXÚš\İX[Ù]Üˆ^ÛYH]œ›ÛHHX›XÈZ[‚˜\ÜÙ]Ëİ^\™\Ëİ^\™\×İÙX˜\ÜÚÙ[[Û‹İÛÛÜ\‹ÜÜš]Kœ™Ë\ÜÙ]Ëİ^\™\Ëİ^\™\×İÙX˜\ÜÚÙ[[Û‹œ™Ë‹ÍY™™MM˜MXMØØÙMÌŒMÙ˜ÍØÍMM˜Ì˜MŒÌMŒŒØX˜ØM™Y™MŒ‹›İXÛX\™Y˜[ÙK™\šYHXXÚš\İX[Ù]Üˆ^ÛYH]œ›ÛHHX›XÈZ[‚˜\ÜÙ]Ëİ^\™\Ëİ^\™\×İÙX˜\ÜÚÙ[[Û‹İÛÜ›XY[K\[XÛØZËÛXZ[‹\Ú[KÙXœ\ÜÙ]Ëİ^\™\Ëİ^\™\×İÙX˜\ÜÚÙ[[Û‹ÙXœŒNØÌÌ™XMLÌXÌXÎÙ˜ÙXŒ™MÎ˜ŒLLY˜LLMŒŒÎÌL˜ØNXMLLÙXÙLŒ›İXÛX\™Y˜[ÙK™\šYHXXÚš\İX[Ù]Üˆ^ÛYH]œ›ÛHHX›XÈZ[‚˜\ÜÙ]Ëİ^\™\Ëİ^\™\×İÙX˜\ÜÚÙ[[Û‹İÛÜ›XY[K\[XÛØZËÛXZ[‹ÙXœ\ÜÙ]Ëİ^\™\Ëİ^\™\×İÙX˜\ÜÚÙ[[Û‹ÙXœŒLÍÎL˜Œ˜Ø˜MÌ˜ŒÌÌÍÙ˜˜˜ÌÌ™YXX™™ŒYYL™ŒÎYŒØXÍØM™MÍL›İXÛX\™Y˜[ÙK™\šYHXXÚš\İX[Ù]Üˆ^ÛYH]œ›ÛHHX›XÈZ[‚˜\ÜÙ]Ëİ^\™\Ëİ^\™\×İÙX˜\ÜÚÙ[[Û‹İÛÜ›XY[K\[XÛØZËÜÜš]K\Ú[Kœ™Ë\ÜÙ]Ëİ^\™\Ëİ^\™\×İÙX˜\ÜÚÙ[[Û‹œ™ËMÍËXL™LØØÌÍŒÌÌ˜ŒÌÍÍÌÙMNLÍØXYÎNML˜ÍNLLL™NL›İXÛX\™Y˜[ÙK™\šYHXXÚš\İX[Ù]Üˆ^ÛYH]œ›ÛHHX›XÈZ[‚˜\ÜÙ]Ëİ^\™\Ëİ^\™\×İÙX˜\ÜÚÙ[[Û‹İÛÜ›XY[K\[XÛØZËÜÜš]Kœ™Ë\ÜÙ]Ëİ^\™\Ëİ^\™\×İÙX˜\ÜÚÙ[[Û‹œ™ËMÍËŒÙ™YYYLÙÍXXØ˜LYXLL˜LMXYLÎYŒYMNYNNYMYMMLË›İXÛX\™Y˜[ÙK™\šYHXXÚš\İX[Ù]Üˆ^ÛYH]œ›ÛHHX›XÈZ[‚˜\ÜÙ]Ëİ^\™\Ëİ^\™\×İÙX˜\ÜÚÙ[[Û‹İÛÜ›XY[K\Ø[™XÛØZËÛXZ[‹\Ú[KÙXœ\ÜÙ]Ëİ^\™\Ëİ^\™\×İÙX˜\ÜÚÙ[[Û‹ÙXœÌMMM‹Œ™XMXX˜ÙŒLL™™ŒÌÌYŒ™MÙMMØ™MLMØ™MXŒLXLL˜M˜YL‹›İXÛX\™Y˜[ÙK™\šYHXXÚš\İX[Ù]Üˆ^ÛYH]œ›ÛHHX›XÈZ[‚˜\ÜÙ]Ëİ^\™\Ëİ^\™\×İÙX˜\ÜÚÙ[[Û‹İÛÜ›XY[K\Ø[™XÛØZËÛXZ[‹ÙXœ\ÜÙ]Ëİ^\™\Ëİ^\™\×İÙX˜\ÜÚÙ[[Û‹ÙXœÍÍ‹ÎÌŒMYXÎMŒÌYŒN˜M™ŒÌNMÎNLŒMMLÌÍŒ˜ÎX™MYXÍÙK›İXÛX\™Y˜[ÙK™\šYHXXÚš\İX[Ù]Üˆ^ÛYH]œ›ÛHHX›XÈZ[‚˜\ÜÙ]Ëİ^\™\Ëİ^\™\×İÙX˜\ÜÚÙ[[Û‹İÛÜ›XY[K\Ø[™XÛØZËÜÜš]Kœ™Ë\ÜÙ]Ëİ^\™\Ëİ^\™\×İÙX˜\ÜÚÙ[[Û‹œ™ËŒKØ™XXÙ™X˜LÍÙMÍL˜YMÌÌYMMLMXLÙMNMØMLXŒÌ™˜Ì›İXÛX\™Y˜[ÙK™\šYHXXÚš\İX[Ù]Üˆ^ÛYH]œ›ÛHHX›XÈZ[‚˜\ÜÙ]Ëİ^\™\Ëİ^\™\×İÙX˜\ÜÚÙ[[Û‹İÛÜ›XY[K]˜\ÚXÛØZËÛXZ[‹\Ú[KÙXœ\ÜÙ]Ëİ^\™\Ëİ^\™\×İÙX˜\ÜÚÙ[[Û‹ÙXœNLÍÌYLŒ™XLLNY˜L˜Ì˜™˜ŒŒ™LÌMŒ˜MLMÙLLÍØMXÍXÌÌLX˜˜Ì›İXÛX\™Y˜[ÙK™\šYHXXÚš\İX[Ù]Üˆ^ÛYH]œ›ÛHHX›XÈZ[‚˜\ÜÙ]Ëİ^\™\Ëİ^\™\×İÙX˜\ÜÚÙ[[Û‹İÛÜ›XY[K]˜\ÚXÛØZËÛXZ[‹ÙXœ\ÜÙ]Ëİ^\™\Ëİ^\™\×İÙX˜\ÜÚÙ[[Û‹ÙXœNMMÎNLŒÍL˜ÌÙYLÌY˜NXŒÙÍØN™MLŒØÌXLMŒYX˜˜ÌÙŒ™›İXÛX\™Y˜[ÙK™\šYHXXÚš\İX[Ù]Üˆ^ÛYH]œ›ÛHHX›XÈZ[‚˜\ÜÙ]Ëİ^\™\Ëİ^\™\×İÙX˜\ÜÚÙ[[Û‹İÛÜ›XY[K]˜\ÚXÛØZËÜÜš]Kœ™Ë\ÜÙ]Ëİ^\™\Ëİ^\™\×İÙX˜\ÜÚÙ[[Û‹œ™ËLÌXXŒØMÌ˜™XXNNØŒLÎXLYLŒ™˜Í™XÍNXŒY˜MÙXÙNLŒLM‹›İXÛX\™Y˜[ÙK™\šYHXXÚš\İX[Ù]Üˆ^ÛYH]œ›ÛHHX›XÈZ[‚˜\ÜÙ]Ëİ^\™\Ëİ^\™\×İÙX˜\ÜÚÙ[[Û‹İİYİš[ËÛXZ[‹\Ú[KÙXœ\ÜÙ]Ëİ^\™\Ëİ^\™\×İÙX˜\ÜÚÙ[[Û‹ÙXœÍŒ‹˜XLÙM™˜˜ÍMÍÎXÎMYÍÌYYŒŒÎNNØNMXMÌÌŒMŒLYŒÙM™˜ØŒ™˜˜XË›İXÛX\™Y˜[ÙK™\šYHXXÚš\İX[Ù]Üˆ^ÛYH]œ›ÛHHX›XÈZ[‚˜\ÜÙ]Ëİ^\™\Ëİ^\™\×İÙX˜\ÜÚÙ[[Û‹İİYİš[ËÛXZ[‹ÙXœ\ÜÙ]Ëİ^\™\Ëİ^\™\×İÙX˜\ÜÚÙ[[Û‹ÙXœNMMÍ˜ÙYNLY™M˜ÌÌÙ˜LÍL˜ÍÙŒNYXYXNŒXXÎXŒM˜K›İXÛX\™Y˜[ÙK™\šYHXXÚš\İX[Ù]Üˆ^ÛYH]œ›ÛHHX›XÈZ[‚˜\ÜÙ]Ëİ^\™\Ëİ^\™\×İÙX˜\ÜÚÙ[[Û‹İİYİš[ËÜÜš]K\Ú[Kœ™Ë\ÜÙ]Ëİ^\™\Ëİ^\™\×İÙX˜\ÜÚÙ[[Û‹œ™ËNMÍËYMÌÍMLÌÍLÍÌMNŒÍÍŒÎLNNNÌYMYŒY™™LNY˜Ì˜Ì™YY˜˜ÍK›İXÛX\™Y˜[ÙK™\šYHXXÚš\İX[Ù]Üˆ^ÛYH]œ›ÛHHX›XÈZ[‚˜\ÜÙ]Ëİ^\™\Ëİ^\™\×İÙX˜\ÜÚÙ[[Û‹İİYİš[ËÜÜš]Kœ™Ë\ÜÙ]Ëİ^\™\Ëİ^\™\×İÙX˜\ÜÚÙ[[Û‹œ™ËNNX˜XN™MÌÎLŒ™LÌYL™YMÎYÍ™MNYÍLNYMÍÍXK›İXÛX\™Y˜[ÙK™\šYHXXÚš\İX[Ù]Üˆ^ÛYH]œ›ÛHHX›XÈZ[‚˜\ÜÙ]Ëİ^\™\Ëİ^\™\×İÙX˜\ÜÚÙ[[Û‹İİ\›\KÛXZ[‹\Ú[KÙXœ\ÜÙ]Ëİ^\™\Ëİ^\™\×İÙX˜\ÜÚÙ[[Û‹ÙXœÎLÌM‹LÎYXÍXÎNLY™˜Ù™˜ŒMLØYØÙYLYMLÎLÍØNMXNXÎ›İXÛX\™Y˜[ÙK™\šYHXXÚš\İX[Ù]Üˆ^ÛYH]œ›ÛHHX›XÈZ[‚˜\ÜÙ]Ëİ^\™\Ëİ^\™\×İÙX˜\ÜÚÙ[[Û‹İİ\›\KÛXZ[‹ÙXœ\ÜÙ]Ëİ^\™\Ëİ^\™\×İÙX˜\ÜÚÙ[[Û‹ÙXœÍÍØYNMØLÙM˜MŒÌXØÌL™™ÌM™ŒMÍÌÍÍLÌLÌÍÍY™LÙLLÍK›İXÛX\™Y˜[ÙK™\šYHXXÚš\İX[Ù]Üˆ^ÛYH]œ›ÛHHX›XÈZ[‚˜\ÜÙ]Ëİ^\™\Ëİ^\™\×İÙX˜\ÜÚÙ[[Û‹İİ\›\KÜÜš]K\Ú[Kœ™Ë\ÜÙ]Ëİ^\™\Ëİ^\™\×İÙX˜\ÜÚÙ[[Û‹œ™ËŒKMMØXMŒ™ÍØX˜ÙÍÍÌ˜LYŒØÙŒ™ŒÙM™NMLNNÌŒÌŒY˜LŒØXMY›İXÛX\™Y˜[ÙK™\šYHXXÚš\İX[Ù]Üˆ^ÛYH]œ›ÛHHX›XÈZ[‚˜\ÜÙ]Ëİ^\™\Ëİ^\™\×İÙX˜\ÜÚÙ[[Û‹İİ\›\KÜÜš]Kœ™Ë\ÜÙ]Ëİ^\™\Ëİ^\™\×İÙX˜\ÜÚÙ[[Û‹œ™ËŒËŒXMYYMÌÌMMŒ˜ÌYNÍNYŒŒÌØÌXMÍ˜XŒYLÎYML™ŒM‹›İXÛX\™Y˜[ÙK™\šYHXXÚš\İX[Ù]Üˆ^ÛYH]œ›ÛHHX›XÈZ[‚˜\ÜÙ]Ëİ^\™\Ëİ^\™\×İÙX˜\ÜÚÙ[[Û‹İŞ[˜]]ÛXZ[‹\Ú[KÙXœ\ÜÙ]Ëİ^\™\Ëİ^\™\×İÙX˜\ÜÚÙ[[Û‹ÙXœNÌŒÙMLL™™ÙNXYØØŒ˜ÌÌ™™LYÌMÌÍXÎÍNLŒNMŒLMØÍŒŒË›İXÛX\™Y˜[ÙK™\šYHXXÚš\İX[Ù]Üˆ^ÛYH]œ›ÛHHX›XÈZ[‚˜\ÜÙ]Ëİ^\™\Ëİ^\™\×İÙX˜\ÜÚÙ[[Û‹İŞ[˜]]ÛXZ[‹ÙXœ\ÜÙ]Ëİ^\™\Ëİ^\™\×İÙX˜\ÜÚÙ[[Û‹ÙXœNMÌ‹LÍ™MMŒXXXŒLMÍX™™XMLLÙLŒMNNMYLŒNÎMX™ØÍYM™™™MŒM‹›İXÛX\™Y˜[ÙK™\šYHXXÚš\İX[Ù]Üˆ^ÛYH]œ›ÛHHX›XÈZ[‚˜\ÜÙ]Ëİ^\™\Ëİ^\™\×İÙX˜\ÜÚÙ[[Û‹İŞ[˜]]ÜÜš]K\Ú[Kœ™Ë\ÜÙ]Ëİ^\™\Ëİ^\™\×İÙX˜\ÜÚÙ[[Û‹œ™ËM‹LNNXÍÌMYYYÍYŒLÌNLŒXÍMÌMLÍÌŒYÍÎN™MX‹›İXÛX\™Y˜[ÙK™\šYHXXÚš\İX[Ù]Üˆ^ÛYH]œ›ÛHHX›XÈZ[‚˜\ÜÙ]Ëİ^\™\Ëİ^\™\×İÙX˜\ÜÚÙ[[Û‹İŞ[˜]]ÜÜš]Kœ™Ë\ÜÙ]Ëİ^\™\Ëİ^\™\×İÙX˜\ÜÚÙ[[Û‹œ™ËMKXŒÙLLÍNŒÙMÎXÙMÍØÌYÌYLÍXXÙÎMØØ™ÌÌÎLÌM˜YÌØÙË›İXÛX\™Y˜[ÙK™\šYHXXÚš\İX[Ù]Üˆ^ÛYH]œ›ÛHHX›XÈZ[‚˜\ÜÙ]Ëİ^\™\Ëİ^\™\×İÙX˜\ÜÚÙ[[Û‹İŞ\™Y\‹ÛXZ[‹\Ú[KÙXœ\ÜÙ]Ëİ^\™\Ëİ^\™\×İÙX˜\ÜÚÙ[[Û‹ÙXœŒ‹LLYŒ˜ÙLÌLLØLŒMXNXYŒY˜XXLÌ™XÙŒÌÍ™MXLXØYX˜ÎY™›İXÛX\™Y˜[ÙK™\šYHXXÚš\İX[Ù]Üˆ^ÛYH]œ›ÛHHX›XÈZ[‚˜\ÜÙ]Ëİ^\™\Ëİ^\™\×İÙX˜\ÜÚÙ[[Û‹İŞ\™Y\‹ÛXZ[‹ÙXœ\ÜÙ]Ëİ^\™\Ëİ^\™\×İÙX˜\ÜÚÙ[[Û‹ÙXœMÌMNXŒŒY˜LNMÙXÙØMXXL˜MLŒXÍÎŒMNMÙLÙ˜ŒÍXÍÎÌMMMLŒË›İXÛX\™Y˜[ÙK™\šYHXXÚš\İX[Ù]Üˆ^ÛYH]œ›ÛHHX›XÈZ[‚˜\ÜÙ]Ëİ^\™\Ëİ^\™\×İÙX˜\ÜÚÙ[[Û‹İŞ\™Y\‹ÜÜš]K\Ú[Kœ™Ë\ÜÙ]Ëİ^\™\Ëİ^\™\×İÙX˜\ÜÚÙ[[Û‹œ™ËMËÍLØXNMÎÍÙY˜MÍÍÙLLÎYY™NLMYM˜™NY™ÎXÌLÍXŒØNMNM™MŒ‹›İXÛX\™Y˜[ÙK™\šYHXXÚš\İX[Ù]Üˆ^ÛYH]œ›ÛHHX›XÈZ[‚˜\ÜÙ]Ëİ^\™\Ëİ^\™\×İÙX˜\ÜÚÙ[[Û‹İŞ\™Y\‹ÜÜš]Kœ™Ë\ÜÙ]Ëİ^\™\Ëİ^\™\×İÙX˜\ÜÚÙ[[Û‹œ™ËLŒËÍMÎLMŒXMÙ˜ÙÌÎYMXÌŒÌ™Œ™XØYYL™ŒMŒÍÌ™˜LNL›İXÛX\™Y˜[ÙK™\šYHXXÚš\İX[Ù]Üˆ^ÛYH]œ›ÛHHX›XÈZ[‚˜\ÜÙ]Ëİ^\™\Ëİ^\™\×İÙX˜\ÜÚÙ[[Û‹Ş]KÛXZ[‹\Ú[KÙXœ\ÜÙ]Ëİ^\™\Ëİ^\™\×İÙX˜\ÜÚÙ[[Û‹ÙXœÍÌÌM‹™YY˜ØÌ™˜XYYNÌÌMÌÙYÍXÍMLÌ˜ÙMØÙM™ÙM˜ÌÍ™™M™LLÍK›İXÛX\™Y˜[ÙK™\šYHXXÚš\İX[Ù]Üˆ^ÛYH]œ›ÛHHX›XÈZ[‚˜\ÜÙ]Ëİ^\™\Ëİ^\™\×İÙX˜\ÜÚÙ[[Û‹Ş]KÛXZ[‹ÙXœ\ÜÙ]Ëİ^\™\Ëİ^\™\×İÙX˜\ÜÚÙ[[Û‹ÙXœÍŒL˜ŒLÌLÌLÍXMLLÙYLYLYLÍÎLXÍYLYLLXÌÌŒLØM™ŒØÌÙŒY›İXÛX\™Y˜[ÙK™\šYHXXÚš\İX[Ù]Üˆ^ÛYH]œ›ÛHHX›XÈZ[‚˜\ÜÙ]Ëİ^\™\Ëİ^\™\×İÙX˜\ÜÚÙ[[Û‹Ş]KÜÜš]K\Ú[Kœ™Ë\ÜÙ]Ëİ^\™\Ëİ^\™\×İÙX˜\ÜÚÙ[[Û‹œ™ËÍ˜ØÍØÍØXXN™™˜MYÍÎNNM˜Ù™YMŒÎ™YNÌÎØ™ŒÌM˜ŒØÌ‹›İXÛX\™Y˜[ÙK™\šYHXXÚš\İX[Ù]Üˆ^ÛYH]œ›ÛHHX›XÈZ[‚˜\ÜÙ]Ëİ^\™\Ëİ^\™\×İÙX˜\ÜÚÙ[[Û‹Ş]KÜÜš]Kœ™Ë\ÜÙ]Ëİ^\™\Ëİ^\™\×İÙX˜\ÜÚÙ[[Û‹œ™Ë‹YŒXÙLÍÙXØ˜XNYŒMXŒXØØ™YL˜ÌLLÍMØ˜Î™˜XYM›İXÛX\™Y˜[ÙK™\šYHXXÚš\İX[Ù]Üˆ^ÛYH]œ›ÛHHX›XÈZ[‚˜\ÜÙ]Ëİ^\™\Ëİ^\™\×İÙX˜\ÜÚÙ[[Û‹Ş\›™X\ËÛXZ[‹\Ú[KÙXœ\ÜÙ]Ëİ^\™\Ëİ^\™\×İÙX˜\ÜÚÙ[[Û‹ÙXœÌLLŒÍÎLÌNLNY˜ÍMXÙXØ™Y˜Y˜ÌLXLÍ™XÍYMŒYLØŒØÙ˜NXYMMÎLÌ‹›İXÛX\™Y˜[ÙK™\šYHXXÚš\İX[Ù]Üˆ^ÛYH]œ›ÛHHX›XÈZ[‚˜\ÜÙ]Ëİ^\™\Ëİ^\™\×İÙX˜\ÜÚÙ[[Û‹Ş\›™X\ËÛXZ[‹ÙXœ\ÜÙ]Ëİ^\™\Ëİ^\™\×İÙX˜\ÜÚÙ[[Û‹ÙXœÍÌÎ‹YŒØLLYMXNYØÌLLMNM™YYŒŒÌÍÙ˜MŒYLÎ˜ÌXLNM˜MÌ‹›İXÛX\™Y˜[ÙK™\šYHXXÚš\İX[Ù]Üˆ^ÛYH]œ›ÛHHX›XÈZ[‚˜\ÜÙ]Ëİ^\™\Ëİ^\™\×İÙX˜\ÜÚÙ[[Û‹Ş\›™X\ËÜÜš]K\Ú[Kœ™Ë\ÜÙ]Ëİ^\™\Ëİ^\™\×İÙX˜\ÜÚÙ[[Û‹œ™ËNNXØLYLYLXÙLLÌ˜ŒX™NLXMÙL™™˜M˜˜ØÙM˜ÍLMÙÍÍ˜MØXÍ›İXÛX\™Y˜[ÙK™\šYHXXÚš\İX[Ù]Üˆ^ÛYH]œ›ÛHHX›XÈZ[‚˜\ÜÙ]Ëİ^\™\Ëİ^\™\×İÙX˜\ÜÚÙ[[Û‹Ş\›™X\ËÜÜš]Kœ™Ë\ÜÙ]Ëİ^\™\Ëİ^\™\×İÙX˜\ÜÚÙ[[Û‹œ™ËKLMÎMŒLÌM™Í™ŒMØLŒLYÌŒŒÍLØYMÍ™ÙØØÙ›İXÛX\™Y˜[ÙK™\šYHXXÚš\İX[Ù]Üˆ^ÛYH]œ›ÛHHX›XÈZ[‚˜\ÜÙ]Ëİ^\™\Ëİ^\™\×İÙX˜\ÜÚÙ[[Û‹Ş\šÚ]™YKÛXZ[‹\Ú[KÙXœ\ÜÙ]Ëİ^\™\Ëİ^\™\×İÙX˜\ÜÚÙ[[Û‹ÙXœÎLÍLÌŒLLXÙLLYXXÌXÙŒ˜˜NMY˜MMXÎXØÌYYMÙ˜Í™LMXLYYË›İXÛX\™Y˜[ÙK™\šYHXXÚš\İX[Ù]Üˆ^ÛYH]œ›ÛHHX›XÈZ[‚˜\ÜÙ]Ëİ^\™\Ëİ^\™\×İÙX˜\ÜÚÙ[[Û‹Ş\šÚ]™YKÛXZ[‹ÙXœ\ÜÙ]Ëİ^\™\Ëİ^\™\×İÙX˜\ÜÚÙ[[Û‹ÙXœN‹LYMÌ™LŒ™ØÌX˜ŒÌÎY˜NNXMÙNLLXØXLÍXŒŒÌÍM™LLŒMNYL™L‹›İXÛX\™Y˜[ÙK™\šYHXXÚš\İX[Ù]Üˆ^ÛYH]œ›ÛHHX›XÈZ[‚˜\ÜÙ]Ëİ^\™\Ëİ^\™\×İÙX˜\ÜÚÙ[[Û‹Ş\šÚ]™YKÜÜš]K\Ú[Kœ™Ë\ÜÙ]Ëİ^\™\Ëİ^\™\×İÙX˜\ÜÚÙ[[Û‹œ™ËLÍÌ™ŒXØ™L˜™LŒMX™YNYÍÎÌMLNMŒYXNLÍX˜NMMØÎYXÎN›İXÛX\™Y˜[ÙK™\šYHXXÚš\İX[Ù]Üˆ^ÛYH]œ›ÛHHX›XÈZ[‚˜\ÜÙ]Ëİ^\™\Ëİ^\™\×İÙX˜\ÜÚÙ[[Û‹Ş\šÚ]™YKÜÜš]Kœ™Ë\ÜÙ]Ëİ^\™\Ëİ^\™\×İÙX˜\ÜÚÙ[[Û‹œ™ËLÍÌLÍŒLLLŒØÍNLÌY™Í˜ÍÍÍÍYMŒXŒLLØÙYMÌÌYŒŒÍ›İXÛX\™Y˜[ÙK™\šYHXXÚš\İX[Ù]Üˆ^ÛYH]œ›ÛHHX›XÈZ[‚˜\ÜÙ]Ëİ^\™\Ëİ^\™\×İÙX˜\ÜÚÙ[[Û‹ŞX[X\ÚËÛXZ[‹\Ú[KÙXœ\ÜÙ]Ëİ^\™\Ëİ^\™\×İÙX˜\ÜÚÙ[[Û‹ÙXœNM‹XÍÌLX™™ÎLŒÍŒÌXMNMÍÍ˜ŒØMXŒMØ™˜MÙNNŒÙYYŒNYÎLY›İXÛX\™Y˜[ÙK™\šYHXXÚš\İX[Ù]Üˆ^ÛYH]œ›ÛHHX›XÈZ[‚˜\ÜÙ]Ëİ^\™\Ëİ^\™\×İÙX˜\ÜÚÙ[[Û‹ŞX[X\ÚËÛXZ[‹ÙXœ\ÜÙ]Ëİ^\™\Ëİ^\™\×İÙX˜\ÜÚÙ[[Û‹ÙXœMLMMXÍŒÙLÙŒXL˜ÍÎNY™ŒÍ™MØŒŒŒ™Ø™YMÎMNYYNØNNXØÍÌ‹›İXÛX\™Y˜[ÙK™\šYHXXÚš\İX[Ù]Üˆ^ÛYH]œ›ÛHHX›XÈZ[‚˜\ÜÙ]Ëİ^\™\Ëİ^\™\×İÙX˜\ÜÚÙ[[Û‹ŞX[X\ÚËÜÜš]K\Ú[Kœ™Ë\ÜÙ]Ëİ^\™\Ëİ^\™\×İÙX˜\ÜÚÙ[[Û‹œ™ËMNNÙYLÍÌM˜LÍÍNYLÌX™ÌÌÌÌÎX˜Ø˜ØÍÍŒ˜ÎMNMM‹›İXÛX\™Y˜[ÙK™\šYHXXÚš\İX[Ù]Üˆ^ÛYH]œ›ÛHHX›XÈZ[‚˜\ÜÙ]Ëİ^\™\Ëİ^\™\×İÙX˜\ÜÚÙ[[Û‹ŞX[X\ÚËÜÜš]Kœ™Ë\ÜÙ]Ëİ^\™\Ëİ^\™\×İÙX˜\ÜÚÙ[[Û‹œ™ËMKÎXMÙŒNMLŒXÌMÌXØÙL˜™MÌ˜ØXÍŒÍØÍYÌXØM˜ÎXÍÙŒNK›İXÛX\™Y˜[ÙK™\šYHXXÚš\İX[Ù]Üˆ^ÛYH]œ›ÛHHX›XÈZ[‚˜\ÜÙ]Ëİ^\™\Ëİ^\™\×İÙX˜\ÜÚÙ[[Û‹ŞX[\\‹ÛXZ[‹\Ú[KÙXœ\ÜÙ]Ëİ^\™\Ëİ^\™\×İÙX˜\ÜÚÙ[[Û‹ÙXœMY™ŒNXÎMMØL˜ÍMÍXXNNM™™ÍÎNXLŒM˜NŒÍNYXÌ™MŒ™YK›İXÛX\™Y˜[ÙK™\šYHXXÚš\İX[Ù]Üˆ^ÛYH]œ›ÛHHX›XÈZ[‚˜\ÜÙ]Ëİ^\™\Ëİ^\™\×İÙX˜\ÜÚÙ[[Û‹ŞX[\\‹ÛXZ[‹ÙXœ\ÜÙ]Ëİ^\™\Ëİ^\™\×İÙX˜\ÜÚÙ[[Û‹ÙXœ™LÌÎØMY™YNØØXMØÍ™XYÍYL™˜ÎMY™L™XNŒ˜ØØ˜YXÙ›İXÛX\™Y˜[ÙK™\šYHXXÚš\İX[Ù]Üˆ^ÛYH]œ›ÛHHX›XÈZ[‚˜\ÜÙ]Ëİ^\™\Ëİ^\™\×İÙX˜\ÜÚÙ[[Û‹ŞX[\\‹ÜÜš]K\Ú[Kœ™Ë\ÜÙ]Ëİ^\™\Ëİ^\™\×İÙX˜\ÜÚÙ[[Û‹œ™ËMNK˜˜ÎLØ˜XXÍØØL˜ÌLÍNLYLŒM˜ÍÍMÌÌŒÙMØŒLXY˜Í˜™ÙN™YY›İXÛX\™Y˜[ÙK™\šYHXXÚš\İX[Ù]Üˆ^ÛYH]œ›ÛHHX›XÈZ[‚˜\ÜÙ]Ëİ^\™\Ëİ^\™\×İÙX˜\ÜÚÙ[[Û‹ŞX[\\‹ÜÜš]Kœ™Ë\ÜÙ]Ëİ^\™\Ëİ^\™\×İÙX˜\ÜÚÙ[[Û‹œ™ËMNKÙ™Î˜ÍMYŒYŒŒMNØÌÌLYY˜Ø™ŒŒØ™NLÌMØ˜ÌY˜XÍŒŒM˜Ë›İXÛX\™Y˜[ÙK™\šYHXXÚš\İX[Ù]Üˆ^ÛYH]œ›ÛHHX›XÈZ[‚˜\ÜÙ]Ëİ^\™\Ëİ^\™\×İÙX˜\ÜÚÙ[[Û‹ŞX[›XKÛXZ[‹\Ú[KÙXœ\ÜÙ]Ëİ^\™\Ëİ^\™\×İÙX˜\ÜÚÙ[[Û‹ÙXœLÍMY˜ÌLÌLMÌŒY˜M™LŒŒŒÎ˜YÙÎXÍÙMLMNNÍÍ˜X˜MÙ™ÍMŒÍMK›İXÛX\™Y˜[ÙK™\šYHXXÚš\İX[Ù]Üˆ^ÛYH]œ›ÛHHX›XÈZ[‚˜\ÜÙ]Ëİ^\™\Ëİ^\™\×İÙX˜\ÜÚÙ[[Û‹ŞX[›XKÛXZ[‹ÙXœ\ÜÙ]Ëİ^\™\Ëİ^\™\×İÙX˜\ÜÚÙ[[Û‹ÙXœNN‹ŒÙYYÙX™˜ÙLLÍXÍYN™NNLMMÍŒMXÙL˜ŒŒØÌÎLÙYMN˜™MXM‹›İXÛX\™Y˜[ÙK™\šYHXXÚš\İX[Ù]Üˆ^ÛYH]œ›ÛHHX›XÈZ[‚˜\ÜÙ]Ëİ^\™\Ëİ^\™\×İÙX˜\ÜÚÙ[[Û‹ŞX[›XKÜÜš]K\Ú[Kœ™Ë\ÜÙ]Ëİ^\™\Ëİ^\™\×İÙX˜\ÜÚÙ[[Û‹œ™ËÍKMLLLMXÙM˜ÎYXMÎMYNLÙLLÍŒÍÍ™YÙÍ˜ŒMÍNL™NM˜ÙÍÌŒŒMLK›İXÛX\™Y˜[ÙK™\šYHXXÚš\İX[Ù]Üˆ^ÛYH]œ›ÛHHX›XÈZ[‚˜\ÜÙ]Ëİ^\™\Ëİ^\™\×İÙX˜\ÜÚÙ[[Û‹ŞX[›XKÜÜš]Kœ™Ë\ÜÙ]Ëİ^\™\Ëİ^\™\×İÙX˜\ÜÚÙ[[Û‹œ™ËÎKYL™ÙÍX˜Ì˜LNÍLÙNÌØÙMÌLM™˜Ù™YMMÌL™M™ŒÙK›İXÛX\™Y˜[ÙK™\šYHXXÚš\İX[Ù]Üˆ^ÛYH]œ›ÛHHX›XÈZ[‚˜\ÜÙ]Ëİ^\™\Ëİ^\™\×İÙX˜\ÜÚÙ[[Û‹ŞX[›YYØKÛXZ[‹\Ú[KÙXœ\ÜÙ]Ëİ^\™\Ëİ^\™\×İÙX˜\ÜÚÙ[[Û‹ÙXœÎÙÍNXLXMÍ™ŒØMLÍY˜ÙLNNMŒNØØ˜YŒLLNM™˜MÌ™ŒNLK›İXÛX\™Y˜[ÙK™\šYHXXÚš\İX[Ù]Üˆ^ÛYH]œ›ÛHHX›XÈZ[‚˜\ÜÙ]Ëİ^\™\Ëİ^\™\×İÙX˜\ÜÚÙ[[Û‹ŞX[›YYØKÛXZ[‹ÙXœ\ÜÙ]Ëİ^\™\Ëİ^\™\×İÙX˜\ÜÚÙ[[Û‹ÙXœÌÌŒ‹™ÍNÌ˜Ø˜ŒÎXMŒÍÌÙLÎN™YLLNLYØÌÙXÌÌNMMÙMÎLLØÍ›İXÛX\™Y˜[ÙK™\šYHXXÚš\İX[Ù]Üˆ^ÛYH]œ›ÛHHX›XÈZ[‚˜\ÜÙ]Ëİ^\™\Ëİ^\™\×İÙX˜\ÜÚÙ[[Û‹ŞX[›YYØKÜÜš]K\Ú[Kœ™Ë\ÜÙ]Ëİ^\™\Ëİ^\™\×İÙX˜\ÜÚÙ[[Û‹œ™ËLKNLÎYÍXŒ˜ÙYNMÌLÌÌL™XNMÙÙMNŒÍÙMXY˜YYŒXXXMÎ›İXÛX\™Y˜[ÙK™\šYHXXÚš\İX[Ù]Üˆ^ÛYH]œ›ÛHHX›XÈZ[‚˜\ÜÙ]Ëİ^\™\Ëİ^\™\×İÙX˜\ÜÚÙ[[Û‹ŞX[›YYØKÜÜš]Kœ™Ë\ÜÙ]Ëİ^\™\Ëİ^\™\×İÙX˜\ÜÚÙ[[Û‹œ™ËL‹ÌY˜ÍÍŒ˜ÙLØŒ˜LŒY™MÌLY™YØ™LÙŒŒÌÙLXØYMNŒŒ›İXÛX\™Y˜[ÙK™\šYHXXÚš\İX[Ù]Üˆ^ÛYH]œ›ÛHHX›XÈZ[‚˜\ÜÙ]Ëİ^\™\Ëİ^\™\×İÙX˜\ÜÚÙ[[Û‹Ş][™ÛÛÜËÛXZ[‹\Ú[KÙXœ\ÜÙ]Ëİ^\™\Ëİ^\™\×İÙX˜\ÜÚÙ[[Û‹ÙXœMLÍŒ˜Œ˜NŒØMÌÙÍØLŒØÌXØNXXØÌXX™MY˜ÍŒLŒŒŒÌÙLÍL‹›İXÛX\™Y˜[ÙK™\šYHXXÚš\İX[Ù]Üˆ^ÛYH]œ›ÛHHX›XÈZ[‚˜\ÜÙ]Ëİ^\™\Ëİ^\™\×İÙX˜\ÜÚÙ[[Û‹Ş][™ÛÛÜËÛXZ[‹ÙXœ\ÜÙ]Ëİ^\™\Ëİ^\™\×İÙX˜\ÜÚÙ[[Û‹ÙXœÌM‹NÌØŒLLXØÌØMØ™LŒÙYNYL™XX˜ÍÎLÍLNLMNMÌYYYM™ŒÎ‹›İXÛX\™Y˜[ÙK™\šYHXXÚš\İX[Ù]Üˆ^ÛYH]œ›ÛHHX›XÈZ[‚˜\ÜÙ]Ëİ^\™\Ëİ^\™\×İÙX˜\ÜÚÙ[[Û‹Ş][™ÛÛÜËÜÜš]K\Ú[Kœ™Ë\ÜÙ]Ëİ^\™\Ëİ^\™\×İÙX˜\ÜÚÙ[[Û‹œ™ËLÍXMNÍ™XÙ˜YÍ™YŒYLÌÌŒ˜NŒÌ˜NŒMMŒL™XÍ˜MLXMLŒL›İXÛX\™Y˜[ÙK™\šYHXXÚš\İX[Ù]Üˆ^ÛYH]œ›ÛHHX›XÈZ[‚˜\ÜÙ]Ëİ^\™\Ëİ^\™\×İÙX˜\ÜÚÙ[[Û‹Ş][™ÛÛÜËÜÜš]Kœ™Ë\ÜÙ]Ëİ^\™\Ëİ^\™\×İÙX˜\ÜÚÙ[[Û‹œ™ËLÌKÍŒLØŒLÍ˜MŒLLŒXLØÍÌ˜MLØMMY™ÙMMLÙXŒŒÎYM™ÌLÙ›İXÛX\™Y˜[ÙK™\šYHXXÚš\İX[Ù]Üˆ^ÛYH]œ›ÛHHX›XÈZ[‚˜\ÜÙ]Ëİ^\™\Ëİ^\™\×İÙX˜\ÜÚÙ[[Û‹Ş]™[[ÛXZ[‹\Ú[KÙXœ\ÜÙ]Ëİ^\™\Ëİ^\™\×İÙX˜\ÜÚÙ[[Û‹ÙXœNL™NÍŒ˜ØÙYÙŒX™Í™™XÌXØ™LMXXŒMŒLÙLMÌXLYMŒŒLÌÍL›İXÛX\™Y˜[ÙK™\šYHXXÚš\İX[Ù]Üˆ^ÛYH]œ›ÛHHX›XÈZ[‚˜\ÜÙ]Ëİ^\™\Ëİ^\™\×İÙX˜\ÜÚÙ[[Û‹Ş]™[[ÛXZ[‹ÙXœ\ÜÙ]Ëİ^\™\Ëİ^\™\×İÙX˜\ÜÚÙ[[Û‹ÙXœLM‹˜NMÍLÙ™˜XÌ˜ÍXÌÎŒ™ÌŒÌL˜Y˜ÎNLLMÌÌÌLNMMØ˜MÍË›İXÛX\™Y˜[ÙK™\šYHXXÚš\İX[Ù]Üˆ^ÛYH]œ›ÛHHX›XÈZ[‚˜\ÜÙ]Ëİ^\™\Ëİ^\™\×İÙX˜\ÜÚÙ[[Û‹Ş]™[[ÜÜš]K\Ú[Kœ™Ë\ÜÙ]Ëİ^\™\Ëİ^\™\×İÙX˜\ÜÚÙ[[Û‹œ™ËMMÎÍÌ˜ØÍØÌNŒŒ™YY˜Ù˜ÙŒŒŒXÌ˜MÍÙŒÙŒŒÌMMŒMX™LØÌXØLŒ‹›İXÛX\™Y˜[ÙK™\šYHXXÚš\İX[Ù]Üˆ^ÛYH]œ›ÛHHX›XÈZ[‚˜\ÜÙ]Ëİ^\™\Ëİ^\™\×İÙX˜\ÜÚÙ[[Û‹Ş]™[[ÜÜš]Kœ™Ë\ÜÙ]Ëİ^\™\Ëİ^\™\×İÙX˜\ÜÚÙ[[Û‹œ™ËMNËÎÎÍÍŒÎØŒYMMØNXŒNMØØÍÍŒN˜Ù™ÎNÌLØLŒMØÌMYMK›İXÛX\™Y˜[ÙK™\šYHXXÚš\İX[Ù]Üˆ^ÛYH]œ›ÛHHX›XÈZ[‚˜\ÜÙ]Ëİ^\™\Ëİ^\™\×İÙX˜\ÜÚÙ[[Û‹Ş˜XÚX[‹XÜ›İÛ™YÛXZ[‹\Ú[KÙXœ\ÜÙ]Ëİ^\™\Ëİ^\™\×İÙX˜\ÜÚÙ[[Û‹ÙXœMNLXLMLXMMÙMLŒ˜ÍXYLYYLNNXÎÍ˜ÍÎMÎLMNYŒYL˜ÌNY™NMÌŒK›İXÛX\™Y˜[ÙK™\šYHXXÚš\İX[Ù]Üˆ^ÛYH]œ›ÛHHX›XÈZ[‚˜\ÜÙ]Ëİ^\™\Ëİ^\™\×İÙX˜\ÜÚÙ[[Û‹Ş˜XÚX[‹XÜ›İÛ™YÛXZ[‹ÙXœ\ÜÙ]Ëİ^\™\Ëİ^\™\×İÙX˜\ÜÚÙ[[Û‹ÙXœLM‹ØÍØ˜ŒÎŒÌM˜˜LXYYL˜LÌLMØŒØÙ™MÌ˜L™ØØXÌLË›İXÛX\™Y˜[ÙK™\šYHXXÚš\İX[Ù]Üˆ^ÛYH]œ›ÛHHX›XÈZ[‚˜\ÜÙ]Ëİ^\™\Ëİ^\™\×İÙX˜\ÜÚÙ[[Û‹Ş˜XÚX[‹XÜ›İÛ™YÜÜš]K\Ú[Kœ™Ë\ÜÙ]Ëİ^\™\Ëİ^\™\×İÙX˜\ÜÚÙ[[Û‹œ™ËMLË™˜XÍN™NLÌÌÍY˜L˜LMXLŒYNM™L˜LX™˜NÍØÌØÙYMN˜ÍNXÌ‹›İXÛX\™Y˜[ÙK™\šYHXXÚš\İX[Ù]Üˆ^ÛYH]œ›ÛHHX›XÈZ[‚˜\ÜÙ]Ëİ^\™\Ëİ^\™\×İÙX˜\ÜÚÙ[[Û‹Ş˜XÚX[‹XÜ›İÛ™YÜÜš]Kœ™Ë\ÜÙ]Ëİ^\™\Ëİ^\™\×İÙX˜\ÜÚÙ[[Û‹œ™ËMLËXØÙ˜Œ™YŒÍ˜ÍÍÍ™YYÍNX˜LØMŒMÌNMÎXÎÙŒYXŒ™LØYMXÍÍY‹›İXÛX\™Y˜[ÙK™\šYHXXÚš\İX[Ù]Üˆ^ÛYH]œ›ÛHHX›XÈZ[‚˜\ÜÙ]Ëİ^\™\Ëİ^\™\×İÙX˜\ÜÚÙ[[Û‹Ş˜XÚX[‹ÛXZ[‹\Ú[KÙXœ\ÜÙ]Ëİ^\™\Ëİ^\™\×İÙX˜\ÜÚÙ[[Û‹ÙXœLLLMÍXØYYNLXÍØ˜ÌÍLYMYNÙLLNMŒÍLÍÙŒÙLŒØÍ™Y˜YLM›İXÛX\™Y˜[ÙK™\šYHXXÚš\İX[Ù]Üˆ^ÛYH]œ›ÛHHX›XÈZ[‚˜\ÜÙ]Ëİ^\™\Ëİ^\™\×İÙX˜\ÜÚÙ[[Û‹Ş˜XÚX[‹ÛXZ[‹ÙXœ\ÜÙ]Ëİ^\™\Ëİ^\™\×İÙX˜\ÜÚÙ[[Û‹ÙXœÌM‹ÌLMÍY˜XN™™ÎMMÍYMØ˜YYLMMÙNXLÌXÍÍÌÙŒNNNMÎM™Ë›İXÛX\™Y˜[ÙK™\šYHXXÚš\İX[Ù]Üˆ^ÛYH]œ›ÛHHX›XÈZ[‚˜\ÜÙ]Ëİ^\™\Ëİ^\™\×İÙX˜\ÜÚÙ[[Û‹Ş˜XÚX[‹ÜÜš]K\Ú[Kœ™Ë\ÜÙ]Ëİ^\™\Ëİ^\™\×İÙX˜\ÜÚÙ[[Û‹œ™ËLŒÍKØXŒLÌÙYXMMXNM˜ØXŒØØÙXÍŒM™LØYXLÎNNNXY™XŒMÍYNXXØ™˜ŒŒÍLK›İXÛX\™Y˜[ÙK™\šYHXXÚš\İX[Ù]Üˆ^ÛYH]œ›ÛHHX›XÈZ[‚˜\ÜÙ]Ëİ^\™\Ëİ^\™\×İÙX˜\ÜÚÙ[[Û‹Ş˜XÚX[‹ÜÜš]Kœ™Ë\ÜÙ]Ëİ^\™\Ëİ^\™\×İÙX˜\ÜÚÙ[[Û‹œ™ËLŒÍKLÍXŒMŒ™ŒÌÌXÍŒŒMXŒÙYØXL™ØÍMMYYMLLÌ™XØYLLYŒ™L‹›İXÛX\™Y˜[ÙK™\šYHXXÚš\İX[Ù]Üˆ^ÛYH]œ›ÛHHX›XÈZ[‚˜\ÜÙ]Ëİ^\™\Ëİ^\™\×İÙX˜\ÜÚÙ[[Û‹Ş˜[X^™[KXÜ›İÛ™YÛXZ[‹\Ú[KÙXœ\ÜÙ]Ëİ^\™\Ëİ^\™\×İÙX˜\ÜÚÙ[[Û‹ÙXœMŒŒŒÎ™˜ÙØ˜˜ØNM˜M™ŒØXØLYMÌ™MØNŒØMØMLMŒÙLÎ˜NŒYK›İXÛX\™Y˜[ÙK™\šYHXXÚš\İX[Ù]Üˆ^ÛYH]œ›ÛHHX›XÈZ[‚˜\ÜÙ]Ëİ^\™\Ëİ^\™\×İÙX˜\ÜÚÙ[[Û‹Ş˜[X^™[KXÜ›İÛ™YÛXZ[‹ÙXœ\ÜÙ]Ëİ^\™\Ëİ^\™\×İÙX˜\ÜÚÙ[[Û‹ÙXœLN‹LŒMLYMÌ˜XÎMŒŒÙLØØXXNMÌNX™XÌÙL˜ÍŒÌÌMÙNYÍLMØY˜™LÎK›İXÛX\™Y˜[ÙK™\šYHXXÚš\İX[Ù]Üˆ^ÛYH]œ›ÛHHX›XÈZ[‚˜\ÜÙ]Ëİ^\™\Ëİ^\™\×İÙX˜\ÜÚÙ[[Û‹Ş˜[X^™[KXÜ›İÛ™YÜÜš]K\Ú[Kœ™Ë\ÜÙ]Ëİ^\™\Ëİ^\™\×İÙX˜\ÜÚÙ[[Û‹œ™ËMMLÍLÌMÙÎXLÙŒ™ÎXÍYYXÎÌÙM˜Y˜ŒÌXÎÌ™™LLÌÍÙLY˜™Y™K›İXÛX\™Y˜[ÙK™\šYHXXÚš\İX[Ù]Üˆ^ÛYH]œ›ÛHHX›XÈZ[‚˜\ÜÙ]Ëİ^\™\Ëİ^\™\×İÙX˜\ÜÚÙ[[Û‹Ş˜[X^™[KXÜ›İÛ™YÜÜš]Kœ™Ë\ÜÙ]Ëİ^\™\Ëİ^\™\×İÙX˜\ÜÚÙ[[Û‹œ™ËMNLL™ŒY˜ØXMŒŒLŒMØ˜XØXÌYXÌNMXØÌ™Y˜L˜MÌ˜YŒNÙ‹›İXÛX\™Y˜[ÙK™\šYHXXÚš\İX[Ù]Üˆ^ÛYH]œ›ÛHHX›XÈZ[‚˜\ÜÙ]Ëİ^\™\Ëİ^\™\×İÙX˜\ÜÚÙ[[Û‹Ş˜[X^™[KÛXZ[‹\Ú[KÙXœ\ÜÙ]Ëİ^\™\Ëİ^\™\×İÙX˜\ÜÚÙ[[Û‹ÙXœNÌÍÌYŒŒÎNYÙLÎYŒX˜ÍŒÌÎØÌLNYŒNÍXÍÌŒØYŒ˜Y™˜K›İXÛX\™Y˜[ÙK™\šYHXXÚš\İX[Ù]Üˆ^ÛYH]œ›ÛHHX›XÈZ[‚˜\ÜÙ]Ëİ^\™\Ëİ^\™\×İÙX˜\ÜÚÙ[[Û‹Ş˜[X^™[KÛXZ[‹ÙXœ\ÜÙ]Ëİ^\™\Ëİ^\™\×İÙX˜\ÜÚÙ[[Û‹ÙXœMLŒŒXÎYYLYLY˜LŒÙXÎMÙL˜ÎLÎÙÌŒMXŒÍLLØXMÎMNLØ˜ŒLÙ˜™YLLÍØ‹›İXÛX\™Y˜[ÙK™\šYHXXÚš\İX[Ù]Üˆ^ÛYH]œ›ÛHHX›XÈZ[‚˜\ÜÙ]Ëİ^\™\Ëİ^\™\×İÙX˜\ÜÚÙ[[Û‹Ş˜[X^™[KÜÜš]K\Ú[Kœ™Ë\ÜÙ]Ëİ^\™\Ëİ^\™\×İÙX˜\ÜÚÙ[[Û‹œ™ËLŒÌLXÙÌÌŒØÙLŒ™ŒLNÌLØ˜ØX™™XÍÍ˜ÙÎMØXÍYØ™ÙØÍØÌNLL™M‹›İXÛX\™Y˜[ÙK™\šYHXXÚš\İX[Ù]Üˆ^ÛYH]œ›ÛHHX›XÈZ[‚˜\ÜÙ]Ëİ^\™\Ëİ^\™\×İÙX˜\ÜÚÙ[[Û‹Ş˜[X^™[KÜÜš]Kœ™Ë\ÜÙ]Ëİ^\™\Ëİ^\™\×İÙX˜\ÜÚÙ[[Û‹œ™ËLYMÌ˜YY˜LNMÍ˜LLMMLXYŒ˜ÌŒ™MÌÎYÌMÍ™M˜ÎNNY™™YØ™›İXÛX\™Y˜[ÙK™\šYHXXÚš\İX[Ù]Üˆ^ÛYH]œ›ÛHHX›XÈZ[‚˜\ÜÙ]Ëİ^\™\Ëİ^\™\×İÙX˜\ÜÚÙ[[Û‹Ş˜[™ÛÛÜÙKÛXZ[‹\Ú[KÙXœ\ÜÙ]Ëİ^\™\Ëİ^\™\×İÙX˜\ÜÚÙ[[Û‹ÙXœÍÍÌŒ‹MÎMLMMMÌÙNXN˜LXÌ˜YŒÍXM™ÌÙŒÌÌMÌÌLÙŒÍÍXÌÍMN›İXÛX\™Y˜[ÙK™\šYHXXÚš\İX[Ù]Üˆ^ÛYH]œ›ÛHHX›XÈZ[‚˜\ÜÙ]Ëİ^\™\Ëİ^\™\×İÙX˜\ÜÚÙ[[Û‹Ş˜[™ÛÛÜÙKÛXZ[‹ÙXœ\ÜÙ]Ëİ^\™\Ëİ^\™\×İÙX˜\ÜÚÙ[[Û‹ÙXœÌÍLÌ‹ŒMÌØŒØLŒXÌŒŒMÎYMXÍNNYXØ™XÌÍØÌNMMYŒÌÙXXÎ™MMŒL™›İXÛX\™Y˜[ÙK™\šYHXXÚš\İX[Ù]Üˆ^ÛYH]œ›ÛHHX›XÈZ[‚˜\ÜÙ]Ëİ^\™\Ëİ^\™\×İÙX˜\ÜÚÙ[[Û‹Ş˜[™ÛÛÜÙKÜÜš]K\Ú[Kœ™Ë\ÜÙ]Ëİ^\™\Ëİ^\™\×İÙX˜\ÜÚÙ[[Û‹œ™ËMËMYYNMY™YÌNYŒYNYNLÌMÙMXM˜LÌÙY˜LMLÌŒØÌÙŒ‹›İXÛX\™Y˜[ÙK™\šYHXXÚš\İX[Ù]Üˆ^ÛYH]œ›ÛHHX›XÈZ[‚˜\ÜÙ]Ëİ^\™\Ëİ^\™\×İÙX˜\ÜÚÙ[[Û‹Ş˜[™ÛÛÜÙKÜÜš]Kœ™Ë\ÜÙ]Ëİ^\™\Ëİ^\™\×İÙX˜\ÜÚÙ[[Û‹œ™ËKŒXØNXYL˜ÍYMLÎMŒÌXÌŒ˜ÍÙXÌÎMNÌYMMMÎNMMNXÌØŒNMXK›İXÛX\™Y˜[ÙK™\šYHXXÚš\İX[Ù]Üˆ^ÛYH]œ›ÛHHX›XÈZ[‚˜\ÜÙ]Ëİ^\™\Ëİ^\™\×İÙX˜\ÜÚÙ[[Û‹Ş˜\ÜËYØ[\‹ÛXZ[‹\Ú[KÙXœ\ÜÙ]Ëİ^\™\Ëİ^\™\×İÙX˜\ÜÚÙ[[Û‹ÙXœMLÌÎLLLÌŒÍÙMØØÍXÙYÍMÌŒXMNYMÌNLXNNMÙ™MXÍMØMÍMŒLØØM™MÙMÌ›İXÛX\™Y˜[ÙK™\šYHXXÚš\İX[Ù]Üˆ^ÛYH]œ›ÛHHX›XÈZ[‚˜\ÜÙ]Ëİ^\™\Ëİ^\™\×İÙX˜\ÜÚÙ[[Û‹Ş˜\ÜËYØ[\‹ÛXZ[‹ÙXœ\ÜÙ]Ëİ^\™\Ëİ^\™\×İÙX˜\ÜÚÙ[[Û‹ÙXœMLÎL™LÍØ˜Ù˜LXÍYYMÍØ™LÌYNXŒYXÍØÌLÙMLÌ˜ŒÙYŒ™X™˜X‹›İXÛX\™Y˜[ÙK™\šYHXXÚš\İX[Ù]Üˆ^ÛYH]œ›ÛHHX›XÈZ[‚˜\ÜÙ]Ëİ^\™\Ëİ^\™\×İÙX˜\ÜÚÙ[[Û‹Ş˜\ÜËYØ[\‹ÜÜš]K\Ú[Kœ™Ë\ÜÙ]Ëİ^\™\Ëİ^\™\×İÙX˜\ÜÚÙ[[Û‹œ™ËLYXÌÌÙYMÍXÌŒÎLÎÌMXÍØ˜Y˜MÌMNXYMMÙÙ˜NLYYYŒ‹›İXÛX\™Y˜[ÙK™\šYHXXÚš\İX[Ù]Üˆ^ÛYH]œ›ÛHHX›XÈZ[‚˜\ÜÙ]Ëİ^\™\Ëİ^\™\×İÙX˜\ÜÚÙ[[Û‹Ş˜\ÜËYØ[\‹ÜÜš]Kœ™Ë\ÜÙ]Ëİ^\™\Ëİ^\™\×İÙX˜\ÜÚÙ[[Û‹œ™ËL˜ŒÌYŒÍÍXXŒÌÙÌŒŒ˜MYMYYMYLYÌNLLXLÍÎY™LLŒMLLXM˜ÌÎÙ›İXÛX\™Y˜[ÙK™\šYHXXÚš\İX[Ù]Üˆ^ÛYH]œ›ÛHHX›XÈZ[‚˜\ÜÙ]Ëİ^\™\Ëİ^\™\×İÙX˜\ÜÚÙ[[Û‹Ş˜\ÜËÛXZ[‹\Ú[KÙXœ\ÜÙ]Ëİ^\™\Ëİ^\™\×İÙX˜\ÜÚÙ[[Û‹ÙXœÌŒÍŒ™MŒŒN™LÍÙ™ÍØÍXLYMMXÍÙMLŒÌÍNXX™MŒŒÙLMÙ˜XLXÍMŒMÌK›İXÛX\™Y˜[ÙK™\šYHXXÚš\İX[Ù]Üˆ^ÛYH]œ›ÛHHX›XÈZ[‚˜\ÜÙ]Ëİ^\™\Ëİ^\™\×İÙX˜\ÜÚÙ[[Û‹Ş˜\ÜËÛXZ[‹ÙXœ\ÜÙ]Ëİ^\™\Ëİ^\™\×İÙX˜\ÜÚÙ[[Û‹ÙXœÌŒÌÌÌM˜ØXÙYLŒ™XÌÙMÍMMNLMMŒNXMLŒXŒŒYXÎÎNÍØNYYLK›İXÛX\™Y˜[ÙK™\šYHXXÚš\İX[Ù]Üˆ^ÛYH]œ›ÛHHX›XÈZ[‚˜\ÜÙ]Ëİ^\™\Ëİ^\™\×İÙX˜\ÜÚÙ[[Û‹Ş˜\ÜËÜÜš]K\Ú[Kœ™Ë\ÜÙ]Ëİ^\™\Ëİ^\™\×İÙX˜\ÜÚÙ[[Û‹œ™ËLÍKÌÌÎYŒÌXŒ˜NXMÙMMÌM˜ŒŒÙ˜XNÙMXNÌXØÍÙNML™YK›İXÛX\™Y˜[ÙK™\šYHXXÚš\İX[Ù]Üˆ^ÛYH]œ›ÛHHX›XÈZ[‚˜\ÜÙ]Ëİ^\™\Ëİ^\™\×İÙX˜\ÜÚÙ[[Û‹Ş˜\ÜËÜÜš]Kœ™Ë\ÜÙ]Ëİ^\™\Ëİ^\™\×İÙX˜\ÜÚÙ[[Û‹œ™ËLÍY™YMÙM˜ÌNLÙXÍŒM™LLLXÍ™MNLØÙY˜ÌÎXÌML˜ÎY™LÌLYK›İXÛX\™Y˜[ÙK™\šYHXXÚš\İX[Ù]Üˆ^ÛYH]œ›ÛHHX›XÈZ[‚˜\ÜÙ]Ëİ^\™\Ëİ^\™\×İÙX˜\ÜÚÙ[[Û‹Ş˜\YKÛXZ[‹\Ú[KÙXœ\ÜÙ]Ëİ^\™\Ëİ^\™\×İÙX˜\ÜÚÙ[[Û‹ÙXœŒM‹NNLØ™NL˜M™XLLXÍ˜MÎÎXNMLNN™NLXŒÍYYŒXM™›İXÛX\™Y˜[ÙK™\šYHXXÚš\İX[Ù]Üˆ^ÛYH]œ›ÛHHX›XÈZ[‚˜\ÜÙ]Ëİ^\™\Ëİ^\™\×İÙX˜\ÜÚÙ[[Û‹Ş˜\YKÛXZ[‹ÙXœ\ÜÙ]Ëİ^\™\Ëİ^\™\×İÙX˜\ÜÚÙ[[Û‹ÙXœŒNLM™LØYLŒMŒÍNÙX™YXYXLMÍØMYYXXYÌØÙ˜ÌÍLÌMÍ™M™ŒË›İXÛX\™Y˜[ÙK™\šYHXXÚš\İX[Ù]Üˆ^ÛYH]œ›ÛHHX›XÈZ[‚˜\ÜÙ]Ëİ^\™\Ëİ^\™\×İÙX˜\ÜÚÙ[[Û‹Ş˜\YKÜÜš]K\Ú[Kœ™Ë\ÜÙ]Ëİ^\™\Ëİ^\™\×İÙX˜\ÜÚÙ[[Û‹œ™ËLŒÌKLØ™™XŒMMLMØŒØÍØ˜ÌLMXÍŒLŒÙÎ˜YŒYYXŒŒLYÍMK›İXÛX\™Y˜[ÙK™\šYHXXÚš\İX[Ù]Üˆ^ÛYH]œ›ÛHHX›XÈZ[‚˜\ÜÙ]Ëİ^\™\Ëİ^\™\×İÙX˜\ÜÚÙ[[Û‹Ş˜\YKÜÜš]Kœ™Ë\ÜÙ]Ëİ^\™\Ëİ^\™\×İÙX˜\ÜÚÙ[[Û‹œ™ËLŒÌKÙMLÌÍÍYXLMÙ™™LNY˜NÎXYŒ˜™™XÙÙLŒØÌÙÎM˜MXØÍÙNË›İXÛX\™Y˜[ÙK™\šYHXXÚš\İX[Ù]Üˆ^ÛYH]œ›ÛHHX›XÈZ[‚˜\ÜÙ]Ëİ^\™\Ëİ^\™\×İÙX˜\ÜÚÙ[[Û‹Ş™XœİšZØKÛXZ[‹\Ú[KÙXœ\ÜÙ]Ëİ^\™\Ëİ^\™\×İÙX˜\ÜÚÙ[[Û‹ÙXœÌLLÎÙNXŒ˜LLÌNMMØØÙLÌØXLMÍLÌLXLÍN™XMÍMXØMMÍÍNYX™MLŒÌL‹›İXÛX\™Y˜[ÙK™\šYHXXÚš\İX[Ù]Üˆ^ÛYH]œ›ÛHHX›XÈZ[‚˜\ÜÙ]Ëİ^\™\Ëİ^\™\×İÙX˜\ÜÚÙ[[Û‹Ş™XœİšZØKÛXZ[‹ÙXœ\ÜÙ]Ëİ^\™\Ëİ^\™\×İÙX˜\ÜÚÙ[[Û‹ÙXœÍNYNXYM˜LÙX™MÌMXŒŒMØL™ÎN™ŒÍNMYLÍNM˜ÙK›İXÛX\™Y˜[ÙK™\šYHXXÚš\İX[Ù]Üˆ^ÛYH]œ›ÛHHX›XÈZ[‚˜\ÜÙ]Ëİ^\™\Ëİ^\™\×İÙX˜\ÜÚÙ[[Û‹Ş™XœİšZØKÜÜš]K\Ú[Kœ™Ë\ÜÙ]Ëİ^\™\Ëİ^\™\×İÙX˜\ÜÚÙ[[Û‹œ™ËLMÍÌYMYX˜NMXÙNY˜YYNL˜MLØÎÍÍ™MMYXÙMÌŒŒYÍÍLLMY‹›İXÛX\™Y˜[ÙK™\šYHXXÚš\İX[Ù]Üˆ^ÛYH]œ›ÛHHX›XÈZ[‚˜\ÜÙ]Ëİ^\™\Ëİ^\™\×İÙX˜\ÜÚÙ[[Û‹Ş™XœİšZØKÜÜš]Kœ™Ë\ÜÙ]Ëİ^\™\Ëİ^\™\×İÙX˜\ÜÚÙ[[Û‹œ™ËLL‹LÎÌXMXÙMY™Œ™LÎLLLÎ™ÙXM™MLXLØLÙŒ™™X˜ÎLLYLMK›İXÛX\™Y˜[ÙK™\šYHXXÚš\İX[Ù]Üˆ^ÛYH]œ›ÛHHX›XÈZ[‚˜\ÜÙ]Ëİ^\™\Ëİ^\™\×İÙX˜\ÜÚÙ[[Û‹Ş™ZÜ›ÛKÛXZ[‹\Ú[KÙXœ\ÜÙ]Ëİ^\™\Ëİ^\™\×İÙX˜\ÜÚÙ[[Û‹ÙXœ‹™˜ÎNMÍÙXXÍØÙ˜™LŒÍMLÌÙL™YMÍXÍXØM˜ÌLXLMLYMMÙXË›İXÛX\™Y˜[ÙK™\šYHXXÚš\İX[Ù]Üˆ^ÛYH]œ›ÛHHX›XÈZ[‚˜\ÜÙ]Ëİ^\™\Ëİ^\™\×İÙX˜\ÜÚÙ[[Û‹Ş™ZÜ›ÛKÛXZ[‹ÙXœ\ÜÙ]Ëİ^\™\Ëİ^\™\×İÙX˜\ÜÚÙ[[Û‹ÙXœÎML‹XØÌÎNNY˜ÌNÎNYLMÙŒÌXL˜XÍØLÎLŒXMYLÎXÍ˜Ø˜M›İXÛX\™Y˜[ÙK™\šYHXXÚš\İX[Ù]Üˆ^ÛYH]œ›ÛHHX›XÈZ[‚˜\ÜÙ]Ëİ^\™\Ëİ^\™\×İÙX˜\ÜÚÙ[[Û‹Ş™ZÜ›ÛKÜÜš]K\Ú[Kœ™Ë\ÜÙ]Ëİ^\™\Ëİ^\™\×İÙX˜\ÜÚÙ[[Û‹œ™ËMLKYLNXNŒŒLÍNYNXŒNÎÙÙŒMŒXLÌL˜ÎMMMÙNMØÙX™›İXÛX\™Y˜[ÙK™\šYHXXÚš\İX[Ù]Üˆ^ÛYH]œ›ÛHHX›XÈZ[‚˜\ÜÙ]Ëİ^\™\Ëİ^\™\×İÙX˜\ÜÚÙ[[Û‹Ş™ZÜ›ÛKÜÜš]Kœ™Ë\ÜÙ]Ëİ^\™\Ëİ^\™\×İÙX˜\ÜÚÙ[[Û‹œ™ËML‹LŒMØØ˜NL™LNYMÌ˜ÙLXÍ™ŒLXM™MNLMLŒXÌ˜ÌŒYÎXØŒL‹›İXÛX\™Y˜[ÙK™\šYHXXÚš\İX[Ù]Üˆ^ÛYH]œ›ÛHHX›XÈZ[‚˜\ÜÙ]Ëİ^\™\Ëİ^\™\×İÙX˜\ÜÚÙ[[Û‹Ş™\˜[Ü˜KÛXZ[‹\Ú[KÙXœ\ÜÙ]Ëİ^\™\Ëİ^\™\×İÙX˜\ÜÚÙ[[Û‹ÙXœ‹M™ŒÍNMLŒN˜NM™MYLL™ÌÙYMŒLÌL˜ÍLÙ˜MÌYXØLØXLÍY™XÍ™MË›İXÛX\™Y˜[ÙK™\šYHXXÚš\İX[Ù]Üˆ^ÛYH]œ›ÛHHX›XÈZ[‚˜\ÜÙ]Ëİ^\™\Ëİ^\™\×İÙX˜\ÜÚÙ[[Û‹Ş™\˜[Ü˜KÛXZ[‹ÙXœ\ÜÙ]Ëİ^\™\Ëİ^\™\×İÙX˜\ÜÚÙ[[Û‹ÙXœMŒMÎLLXXÌXXYŒÍYMÌLŒXÌLYÙMÍÙ˜ÎLØØMNMÌ™MÎLŒLÙNLXÌŒÍÎLK›İXÛX\™Y˜[ÙK™\šYHXXÚš\İX[Ù]Üˆ^ÛYH]œ›ÛHHX›XÈZ[‚˜\ÜÙ]Ëİ^\™\Ëİ^\™\×İÙX˜\ÜÚÙ[[Û‹Ş™\˜[Ü˜KÜÜš]K\Ú[Kœ™Ë\ÜÙ]Ëİ^\™\Ëİ^\™\×İÙX˜\ÜÚÙ[[Û‹œ™ËLÍ‹ŒÌÍNXLÌÎXŒ˜ÎNŒÌÙXÍ˜˜LYL™LÌ™M™ÙÙNNLÌMMMMLÌNK›İXÛX\™Y˜[ÙK™\šYHXXÚš\İX[Ù]Üˆ^ÛYH]œ›ÛHHX›XÈZ[‚˜\ÜÙ]Ëİ^\™\Ëİ^\™\×İÙX˜\ÜÚÙ[[Û‹Ş™\˜[Ü˜KÜÜš]Kœ™Ë\ÜÙ]Ëİ^\™\Ëİ^\™\×İÙX˜\ÜÚÙ[[Û‹œ™ËLÍ‹MÍŒLMNØØŒÎYMM˜ØØØÍÍLØÌ˜L™™ÌÌŒÌ™YXÙLX˜ÎŒŒXÍ˜ÌØMYNMË›İXÛX\™Y˜[ÙK™\šYHXXÚš\İX[Ù]Üˆ^ÛYH]œ›ÛHHX›XÈZ[‚˜\ÜÙ]Ëİ^\™\Ëİ^\™\×İÙX˜\ÜÚÙ[[Û‹ŞšYŞ˜YÛÛÛ‹ÛXZ[‹\Ú[KÙXœ\ÜÙ]Ëİ^\™\Ëİ^\™\×İÙX˜\ÜÚÙ[[Û‹ÙXœÌX™™™ÎÙ˜™MXLMY˜XM™MLÍMÍXY˜Œ™MÙLXNÍL™™LMK›İXÛX\™Y˜[ÙK™\šYHXXÚš\İX[Ù]Üˆ^ÛYH]œ›ÛHHX›XÈZ[‚˜\ÜÙ]Ëİ^\™\Ëİ^\™\×İÙX˜\ÜÚÙ[[Û‹ŞšYŞ˜YÛÛÛ‹ÛXZ[‹ÙXœ\ÜÙ]Ëİ^\™\Ëİ^\™\×İÙX˜\ÜÚÙ[[Û‹ÙXœÌLŒXÌŒ˜ÌM˜LØ™LNLÌ™NYLLÎXM™M˜ŒØYMŒ˜ÌMÎMMÙŒ™ML™ŒMÎ›İXÛX\™Y˜[ÙK™\šYHXXÚš\İX[Ù]Üˆ^ÛYH]œ›ÛHHX›XÈZ[‚˜\ÜÙ]Ëİ^\™\Ëİ^\™\×İÙX˜\ÜÚÙ[[Û‹ŞšYŞ˜YÛÛÛ‹ÜÜš]K\Ú[Kœ™Ë\ÜÙ]Ëİ^\™\Ëİ^\™\×İÙX˜\ÜÚÙ[[Û‹œ™ËÍKMØÍÍLXNYÎXÙLY˜ÙÎY™NÎMÌŒMÎN˜LMÙÙÌLÎX™›İXÛX\™Y˜[ÙK™\šYHXXÚš\İX[Ù]Üˆ^ÛYH]œ›ÛHHX›XÈZ[‚˜\ÜÙ]Ëİ^\™\Ëİ^\™\×İÙX˜\ÜÚÙ[[Û‹ŞšYŞ˜YÛÛÛ‹ÜÜš]Kœ™Ë\ÜÙ]Ëİ^\™\Ëİ^\™\×İÙX˜\ÜÚÙ[[Û‹œ™ËÍKÌÙMMYY˜Y˜ÎNNLÍØÍÌ˜ÙYLM™ÌÌÌNÍY™MŒMÍX™MNNY˜ŒË›İXÛX\™Y˜[ÙK™\šYHXXÚš\İX[Ù]Üˆ^ÛYH]œ›ÛHHX›XÈZ[‚˜\ÜÙ]Ëİ^\™\Ëİ^\™\×İÙX˜\ÜÚÙ[[Û‹Ş›Ü›Ø\šËZ\İZKÛXZ[‹\Ú[KÙXœ\ÜÙ]Ëİ^\™\Ëİ^\™\×İÙX˜\ÜÚÙ[[Û‹ÙXœLÍÍ‹ØÌL™ŒØÎYLÍØŒNLMÙ™XLÎÙŒÍNMMÌXYLØØÙ˜K›İXÛX\™Y˜[ÙK™\šYHXXÚš\İX[Ù]Üˆ^ÛYH]œ›ÛHHX›XÈZ[‚˜\ÜÙ]Ëİ^\™\Ëİ^\™\×İÙX˜\ÜÚÙ[[Û‹Ş›Ü›Ø\šËZ\İZKÛXZ[‹ÙXœ\ÜÙ]Ëİ^\™\Ëİ^\™\×İÙX˜\ÜÚÙ[[Û‹ÙXœÌXLXÙMNYMŒ˜ÍNLL˜ÍYYLÍÍNM™ÍØŒNLLLŒÎ™MŒÍ™NY›İXÛX\™Y˜[ÙK™\šYHXXÚš\İX[Ù]Üˆ^ÛYH]œ›ÛHHX›XÈZ[‚˜\ÜÙ]Ëİ^\™\Ëİ^\™\×İÙX˜\ÜÚÙ[[Û‹Ş›Ü›Ø\šËZ\İZKÜÜš]K\Ú[Kœ™Ë\ÜÙ]Ëİ^\™\Ëİ^\™\×İÙX˜\ÜÚÙ[[Û‹œ™ËMÎM˜ÌMYŒLÎMŒÍÌL˜ŒÍM˜˜L˜LÎ˜˜LLL˜NXÙÌLŒLŒNYXÎYMÍØŒØË›İXÛX\™Y˜[ÙK™\šYHXXÚš\İX[Ù]Üˆ^ÛYH]œ›ÛHHX›XÈZ[‚˜\ÜÙ]Ëİ^\™\Ëİ^\™\×İÙX˜\ÜÚÙ[[Û‹Ş›Ü›Ø\šËZ\İZKÜÜš]Kœ™Ë\ÜÙ]Ëİ^\™\Ëİ^\™\×İÙX˜\ÜÚÙ[[Û‹œ™ËMÎLNMŒŒYLŒÙMM˜LŒÍLLMNNMLXÙ™™ŒX™MLYXÎ™ØYŒÌL™›İXÛX\™Y˜[ÙK™\šYHXXÚš\İX[Ù]Üˆ^ÛYH]œ›ÛHHX›XÈZ[‚˜\ÜÙ]Ëİ^\™\Ëİ^\™\×İÙX˜\ÜÚÙ[[Û‹Ş›Ü›Ø\šËÛXZ[‹\Ú[KÙXœ\ÜÙ]Ëİ^\™\Ëİ^\™\×İÙX˜\ÜÚÙ[[Û‹ÙXœÎ‹Ì˜ŒLØŒY™˜ÍMLÍMXLX˜Ù˜MÙŒÍY™LŒYYLÍØÌÌYXŒXÙLÌLÍ™K›İXÛX\™Y˜[ÙK™\šYHXXÚš\İX[Ù]Üˆ^ÛYH]œ›ÛHHX›XÈZ[‚˜\ÜÙ]Ëİ^\™\Ëİ^\™\×İÙX˜\ÜÚÙ[[Û‹Ş›Ü›Ø\šËÛXZ[‹ÙXœ\ÜÙ]Ëİ^\™\Ëİ^\™\×İÙX˜\ÜÚÙ[[Û‹ÙXœÌNŒÙYNYXŒNMMÙ™˜ÍØÙYXÎMX˜ÌÙLØNYNØYMÍ‹›İXÛX\™Y˜[ÙK™\šYHXXÚš\İX[Ù]Üˆ^ÛYH]œ›ÛHHX›XÈZ[‚˜\ÜÙ]Ëİ^\™\Ëİ^\™\×İÙX˜\ÜÚÙ[[Û‹Ş›Ü›Ø\šËÜÜš]K\Ú[Kœ™Ë\ÜÙ]Ëİ^\™\Ëİ^\™\×İÙX˜\ÜÚÙ[[Û‹œ™ËLMMÎXNÌLÍÙYLMÎ™ØÌXMŒY˜ÌLØÍÎY˜™X˜YXYMMNMLÍLÍÍË›İXÛX\™Y˜[ÙK™\šYHXXÚš\İX[Ù]Üˆ^ÛYH]œ›ÛHHX›XÈZ[‚˜\ÜÙ]Ëİ^\™\Ëİ^\™\×İÙX˜\ÜÚÙ[[Û‹Ş›Ü›Ø\šËÜÜš]Kœ™Ë\ÜÙ]Ëİ^\™\Ëİ^\™\×İÙX˜\ÜÚÙ[[Û‹œ™ËNNØ™˜Ù˜ŒÍÌÍ˜˜LYŒÍÍ™MLŒXÌXÍN˜ŒXÎLØÌÍLŒMŒÌÎMË›İXÛX\™Y˜[ÙK™\šYHXXÚš\İX[Ù]Üˆ^ÛYH]œ›ÛHHX›XÈZ[‚˜\ÜÙ]Ëİ^\™\Ëİ^\™\×İÙX˜\ÜÚÙ[[Û‹Ş›ÜXKZ\İZKÛXZ[‹\Ú[KÙXœ\ÜÙ]Ëİ^\™\Ëİ^\™\×İÙX˜\ÜÚÙ[[Û‹ÙXœÌŒØÍÙŒL˜ÍØXMÍXLLÍÍMÎLÍXÙYŒMØÌÌÍMLŒLX™X˜Ù™LŒYŒK›İXÛX\™Y˜[ÙK™\šYHXXÚš\İX[Ù]Üˆ^ÛYH]œ›ÛHHX›XÈZ[‚˜\ÜÙ]Ëİ^\™\Ëİ^\™\×İÙX˜\ÜÚÙ[[Û‹Ş›ÜXKZ\İZKÛXZ[‹ÙXœ\ÜÙ]Ëİ^\™\Ëİ^\™\×İÙX˜\ÜÚÙ[[Û‹ÙXœNŒL‹ÍYX™MŒMÙ™ŒÍŒØM˜ÙŒÌÌM˜˜ÌØÙL™ŒL˜Œ™˜NMÎÍNLX™N›İXÛX\™Y˜[ÙK™\šYHXXÚš\İX[Ù]Üˆ^ÛYH]œ›ÛHHX›XÈZ[‚˜\ÜÙ]Ëİ^\™\Ëİ^\™\×İÙX˜\ÜÚÙ[[Û‹Ş›ÜXKZ\İZKÜÜš]K\Ú[Kœ™Ë\ÜÙ]Ëİ^\™\Ëİ^\™\×İÙX˜\ÜÚÙ[[Û‹œ™Ë‹ÍÍÙŒMŒÍMNMÌNXY˜ÌMXÍÍNXŒXŒN™XYØÌŒXMY™ŒYÍK›İXÛX\™Y˜[ÙK™\šYHXXÚš\İX[Ù]Üˆ^ÛYH]œ›ÛHHX›XÈZ[‚˜\ÜÙ]Ëİ^\™\Ëİ^\™\×İÙX˜\ÜÚÙ[[Û‹Ş›ÜXKZ\İZKÜÜš]Kœ™Ë\ÜÙ]Ëİ^\™\Ëİ^\™\×İÙX˜\ÜÚÙ[[Û‹œ™ËYŒY˜™Œ˜ŒLØNXŒÙŒXML˜XMØŒMÎXŒ™ŒŒNLÙNXXÍNL˜MNXMØMX˜ÌX‹›İXÛX\™Y˜[ÙK™\šYHXXÚš\İX[Ù]Üˆ^ÛYH]œ›ÛHHX›XÈZ[‚˜\ÜÙ]Ëİ^\™\Ëİ^\™\×İÙX˜\ÜÚÙ[[Û‹Ş›ÜXKÛXZ[‹\Ú[KÙXœ\ÜÙ]Ëİ^\™\Ëİ^\™\×İÙX˜\ÜÚÙ[[Û‹ÙXœŒÍØ˜MYÌ˜˜™ÌMŒØÍÌŒØY™MŒMLÎLYYYMŒÍXÎ™YØM›İXÛX\™Y˜[ÙK™\šYHXXÚš\İX[Ù]Üˆ^ÛYH]œ›ÛHHX›XÈZ[‚˜\ÜÙ]Ëİ^\™\Ëİ^\™\×İÙX˜\ÜÚÙ[[Û‹Ş›ÜXKÛXZ[‹ÙXœ\ÜÙ]Ëİ^\™\Ëİ^\™\×İÙX˜\ÜÚÙ[[Û‹ÙXœÌÎMÌÍ™MÍŒÌMLŒ™ŒLLÌ˜X™NÌMŒÌ˜ÍÍMØMMXŒ˜ÎNLYMË›İXÛX\™Y˜[ÙK™\šYHXXÚš\İX[Ù]Üˆ^ÛYH]œ›ÛHHX›XÈZ[‚˜\ÜÙ]Ëİ^\™\Ëİ^\™\×İÙX˜\ÜÚÙ[[Û‹Ş›ÜXKÜÜš]K\Ú[Kœ™Ë\ÜÙ]Ëİ^\™\Ëİ^\™\×İÙX˜\ÜÚÙ[[Û‹œ™ËNMKÌÍÙÌLÍŒØŒÙ˜MÍÙLMYLLM™XNMØXØŒÙLYYLMMLY˜˜‹›İXÛX\™Y˜[ÙK™\šYHXXÚš\İX[Ù]Üˆ^ÛYH]œ›ÛHHX›XÈZ[‚˜\ÜÙ]Ëİ^\™\Ëİ^\™\×İÙX˜\ÜÚÙ[[Û‹Ş›ÜXKÜÜš]Kœ™Ë\ÜÙ]Ëİ^\™\Ëİ^\™\×İÙX˜\ÜÚÙ[[Û‹œ™ËNM‹Œ™NMÙØYMÍXÙŒÍLMŒXÌNMÍØÌ˜ÍÌNXÙÌÍ˜XYLÌÙY™LÙK›İXÛX\™Y˜[ÙK™\šYHXXÚš\İX[Ù]Üˆ^ÛYH]œ›ÛHHX›XÈZ[‚˜\ÜÙ]Ëİ^\™\Ëİ^\™\×İÙX˜\ÜÚÙ[[Û‹ŞX˜]ÛXZ[‹\Ú[KÙXœ\ÜÙ]Ëİ^\™\Ëİ^\™\×İÙX˜\ÜÚÙ[[Û‹ÙXœÌLŒÎLMYLXŒNLL™YÍŒ˜™LMŒXNMÙ™YXLÌXÍÌXYM™™NLMMÌXÎMÙÍY›İXÛX\™Y˜[ÙK™\šYHXXÚš\İX[Ù]Üˆ^ÛYH]œ›ÛHHX›XÈZ[‚˜\ÜÙ]Ëİ^\™\Ëİ^\™\×İÙX˜\ÜÚÙ[[Û‹ŞX˜]ÛXZ[‹ÙXœ\ÜÙ]Ëİ^\™\Ëİ^\™\×İÙX˜\ÜÚÙ[[Û‹ÙXœM‹ÙŒYXÍLMØ˜Y™Œ™MØ˜ÌÌÍÙŒØÍÍÌŒMMMNMMØÍØÍØNXMÌL™K›İXÛX\™Y˜[ÙK™\šYHXXÚš\İX[Ù]Üˆ^ÛYH]œ›ÛHHX›XÈZ[‚˜\ÜÙ]Ëİ^\™\Ëİ^\™\×İÙX˜\ÜÚÙ[[Û‹ŞX˜]ÜÜš]K\Ú[Kœ™Ë\ÜÙ]Ëİ^\™\Ëİ^\™\×İÙX˜\ÜÚÙ[[Û‹œ™ËMÎKÍLØ˜ÙMXLMÍMÍ™MŒLLMYY™ÎMÌÍŒÙMLMNŒLNMNYXYK›İXÛX\™Y˜[ÙK™\šYHXXÚš\İX[Ù]Üˆ^ÛYH]œ›ÛHHX›XÈZ[‚˜\ÜÙ]Ëİ^\™\Ëİ^\™\×İÙX˜\ÜÚÙ[[Û‹ŞX˜]ÜÜš]Kœ™Ë\ÜÙ]Ëİ^\™\Ëİ^\™\×İÙX˜\ÜÚÙ[[Û‹œ™ËMÍËNŒY˜LÍXØÎMXY™MNLÍLYYMÙŒÍØØXÍÙNY˜ŒÌNXMYMŒÌÍ˜™K›İXÛX\™Y˜[ÙK™\šYHXXÚš\İX[Ù]Üˆ^ÛYH]œ›ÛHHX›XÈZ[‚˜\ÜÙ]Ëİ^\™\Ëİ^\™\×İÙX˜\ÜÚÙ[[Û‹ŞÙZ[İ\ËÛXZ[‹\Ú[KÙXœ\ÜÙ]Ëİ^\™\Ëİ^\™\×İÙX˜\ÜÚÙ[[Û‹ÙXœLLN‹XXÎLX™XØÌÎLÌMŒ™ÙŒÎÙLLÌŒYLÍ™Y˜ŒÙ˜ØY˜ÎL˜LŒNÌ™™MË›İXÛX\™Y˜[ÙK™\šYHXXÚš\İX[Ù]Üˆ^ÛYH]œ›ÛHHX›XÈZ[‚˜\ÜÙ]Ëİ^\™\Ëİ^\™\×İÙX˜\ÜÚÙ[[Û‹ŞÙZ[İ\ËÛXZ[‹ÙXœ\ÜÙ]Ëİ^\™\Ëİ^\™\×İÙX˜\ÜÚÙ[[Û‹ÙXœNLŒL˜YXÎYYÙL™ÎMLNXMLXØ˜Œ™Y˜Í™™NŒÍML˜L˜ØYMM˜L›İXÛX\™Y˜[ÙK™\šYHXXÚš\İX[Ù]Üˆ^ÛYH]œ›ÛHHX›XÈZ[‚˜\ÜÙ]Ëİ^\™\Ëİ^\™\×İÙX˜\ÜÚÙ[[Û‹ŞÙZ[İ\ËÜÜš]K\Ú[Kœ™Ë\ÜÙ]Ëİ^\™\Ëİ^\™\×İÙX˜\ÜÚÙ[[Û‹œ™ËÍ‹MM™XŒÍŒYÙNLÙ˜LÎLÙYMŒXÌLÌŒYXÌ˜™˜ÍŒÎL™XNË›İXÛX\™Y˜[ÙK™\šYHXXÚš\İX[Ù]Üˆ^ÛYH]œ›ÛHHX›XÈZ[‚˜\ÜÙ]Ëİ^\™\Ëİ^\™\×İÙX˜\ÜÚÙ[[Û‹ŞÙZ[İ\ËÜÜš]Kœ™Ë\ÜÙ]Ëİ^\™\Ëİ^\™\×İÙX˜\ÜÚÙ[[Û‹œ™ËÍMÍMLYMLÎMØ™ØMÍXMÍMÙXŒ˜XYL™NYM™MMÍML˜ŒŒÙ‹›İXÛX\™Y˜[ÙK™\šYHXXÚš\İX[Ù]Üˆ^ÛYH]œ›ÛHHX›XÈZ[‚˜\ÜÙ]Ëİ^\™\Ëİ^\™\×İÙX˜\ÜÚÙ[[Û‹ŞYØ\™KLLÛXZ[‹\Ú[KÙXœ\ÜÙ]Ëİ^\™\Ëİ^\™\×İÙX˜\ÜÚÙ[[Û‹ÙXœÎLŒ‹ÌM™ØŒÙXMÍ™ÌLLÍM™ŒM™LMÍYNYLX™YM˜™L™Y˜MNNNŒØË›İXÛX\™Y˜[ÙK™\šYHXXÚš\İX[Ù]Üˆ^ÛYH]œ›ÛHHX›XÈZ[‚˜\ÜÙ]Ëİ^\™\Ëİ^\™\×İÙX˜\ÜÚÙ[[Û‹ŞYØ\™KLLÛXZ[‹ÙXœ\ÜÙ]Ëİ^\™\Ëİ^\™\×İÙX˜\ÜÚÙ[[Û‹ÙXœŒÍLY˜ØÌÍ™˜YX˜˜MLŒŒX˜ÙÌLØÙÌN˜MXŒ™MÍÍÌYLNXÌÌ™NXK›İXÛX\™Y˜[ÙK™\šYHXXÚš\İX[Ù]Üˆ^ÛYH]œ›ÛHHX›XÈZ[‚˜\ÜÙ]Ëİ^\™\Ëİ^\™\×İÙX˜\ÜÚÙ[[Û‹ŞYØ\™KLLÜÜš]K\Ú[Kœ™Ë\ÜÙ]Ëİ^\™\Ëİ^\™\×İÙX˜\ÜÚÙ[[Û‹œ™ËNMŒ‹ÌÌÌÍÌLYLÙŒ™NLÙMØÌ˜LXYMÍ™ÍÎMÍXŒÌÙÙŒ˜ŒNMØMÌM˜ÍLM™Y‹›İXÛX\™Y˜[ÙK™\šYHXXÚš\İX[Ù]Üˆ^ÛYH]œ›ÛHHX›XÈZ[‚˜\ÜÙ]Ëİ^\™\Ëİ^\™\×İÙX˜\ÜÚÙ[[Û‹ŞYØ\™KLLÜÜš]Kœ™Ë\ÜÙ]Ëİ^\™\Ëİ^\™\×İÙX˜\ÜÚÙ[[Û‹œ™ËNLKÎLŒÌÍØMNLNÎNLÌÍX™™M˜˜MY˜ÍÍNLØŒL˜YXMŒXÎLÎLŒÎ‹›İXÛX\™Y˜[ÙK™\šYHXXÚš\İX[Ù]Üˆ^ÛYH]œ›ÛHHX›XÈZ[‚˜\ÜÙ]Ëİ^\™\Ëİ^\™\×İÙX˜\ÜÚÙ[[Û‹ŞYØ\™KXÛÛ\]KÛXZ[‹\Ú[KÙXœ\ÜÙ]Ëİ^\™\Ëİ^\™\×İÙX˜\ÜÚÙ[[Û‹ÙXœLNLÎØØY™˜™M™XÍ˜ÍŒLØÙ™NÌYÎÍYXØÌMŒYYYLŒÙ˜ÍØXØL™Œ™XË›İXÛX\™Y˜[ÙK™\šYHXXÚš\İX[Ù]Üˆ^ÛYH]œ›ÛHHX›XÈZ[‚˜\ÜÙ]Ëİ^\™\Ëİ^\™\×İÙX˜\ÜÚÙ[[Û‹ŞYØ\™KXÛÛ\]KÛXZ[‹ÙXœ\ÜÙ]Ëİ^\™\Ëİ^\™\×İÙX˜\ÜÚÙ[[Û‹ÙXœLLÌÙÌMÎYL˜ØØLXÍNY™ŒXŒŒŒYNMX˜ÙLXØÍYØXÍÍYLÙ˜˜NLÍÍÍÌLË›İXÛX\™Y˜[ÙK™\šYHXXÚš\İX[Ù]Üˆ^ÛYH]œ›ÛHHX›XÈZ[‚˜\ÜÙ]Ëİ^\™\Ëİ^\™\×İÙX˜\ÜÚÙ[[Û‹ŞYØ\™KXÛÛ\]KÜÜš]K\Ú[Kœ™Ë\ÜÙ]Ëİ^\™\Ëİ^\™\×İÙX˜\ÜÚÙ[[Û‹œ™ËNËMNMÍØÙNXNYNL˜Y˜MNLM˜ÍÙMÙ˜LŒ™˜N™ÌŒÌØÌÍÍMŒYÍ˜›İXÛX\™Y˜[ÙK™\šYHXXÚš\İX[Ù]Üˆ^ÛYH]œ›ÛHHX›XÈZ[‚˜\ÜÙ]Ëİ^\™\Ëİ^\™\×İÙX˜\ÜÚÙ[[Û‹ŞYØ\™KXÛÛ\]KÜÜš]Kœ™Ë\ÜÙ]Ëİ^\™\Ëİ^\™\×İÙX˜\ÜÚÙ[[Û‹œ™ËNËX™Œ˜LÎ˜ÌLÍNXÎXXŒY˜Œ˜NŒÎMÎLMØÍNX˜ØÎ™Œ˜™ŒLÌXYL›İXÛX\™Y˜[ÙK™\šYHXXÚš\İX[Ù]Üˆ^ÛYH]œ›ÛHHX›XÈZ[‚˜\ÜÙ]Ëİ^\™\Ëİ^\™\×İÙX˜\ÜÚÙ[[Û‹ŞYØ\™KÛXZ[‹\Ú[KÙXœ\ÜÙ]Ëİ^\™\Ëİ^\™\×İÙX˜\ÜÚÙ[[Û‹ÙXœNLÍ‹˜ÍNX˜ŒXLÍYMLMÌÍLÍNLÌÍYNY™MÎŒMY™X˜˜YÍÌ›İXÛX\™Y˜[ÙK™\šYHXXÚš\İX[Ù]Üˆ^ÛYH]œ›ÛHHX›XÈZ[‚˜\ÜÙ]Ëİ^\™\Ëİ^\™\×İÙX˜\ÜÚÙ[[Û‹ŞYØ\™KÛXZ[‹ÙXœ\ÜÙ]Ëİ^\™\Ëİ^\™\×İÙX˜\ÜÚÙ[[Û‹ÙXœNNLMMÌ˜ÌXXÙLMŒMY™YLMM™˜XMÍÌLŒÌMM˜˜ÙMØÙŒYXL˜ÍÍXØYK›İXÛX\™Y˜[ÙK™\šYHXXÚš\İX[Ù]Üˆ^ÛYH]œ›ÛHHX›XÈZ[‚˜\ÜÙ]Ëİ^\™\Ëİ^\™\×İÙX˜\ÜÚÙ[[Û‹ŞYØ\™KÜÜš]K\Ú[Kœ™Ë\ÜÙ]Ëİ^\™\Ëİ^\™\×İÙX˜\ÜÚÙ[[Û‹œ™ËLÌÍMXÎMÍØLL˜ØÙLÌMØ˜L™LNLÌÙ™ÎMÎŒÌMMXÌLŒÌMÌÌXÎNNØÙX‹›İXÛX\™Y˜[ÙK™\šYHXXÚš\İX[Ù]Üˆ^ÛYH]œ›ÛHHX›XÈZ[‚˜\ÜÙ]Ëİ^\™\Ëİ^\™\×İÙX˜\ÜÚÙ[[Û‹ŞYØ\™KÜÜš]Kœ™Ë\ÜÙ]Ëİ^\™\Ëİ^\™\×İÙX˜\ÜÚÙ[[Û‹œ™ËLÌÍ˜™LL˜ŒØÙLÙ˜ŒM˜Œ™˜MLÌNNŒ˜˜ØMŒÍX˜˜XXŒØÎYLM™™ÙLXM˜K›İXÛX\™Y˜[ÙK™\šYHXXÚš\İX[Ù]Üˆ^ÛYH]œ›ÛHHX›XÈZ[‚˜\ÜÙ]Ëİ^\™\Ëİ^\™\×İÙX˜\ÜÚÙ[[Û—İ˜[œÙ›Ü›\ËÔ‘PQQK›Y\ÜÙ]Ëİ^\™\Ëİ^\™\×İÙX˜\ÜÚÙ[[Û—İ˜[œÙ›Ü›\Ë›YÍÎ˜NMX˜NMÌYŒÙMÍNÍ™MØLMMÍÍMÙYMLÍŒMÍŒÌÍLYLXYŒÎLË›İXÛX\™Y˜[ÙK™\šYHXXÚ˜[œÙ›Ü›X][ÛˆÙ]Üˆ^ÛYH]œ›ÛHHX›XÈZ[‚˜\ÜÙ]Ëİ^\™\Ëİ˜Z[™\œËÛÛ˜›Ø\™[™×ÛX—Ø˜XÚÙÜ›İ[™ÙXœ\ÜÙ]Ëİ^\™\Ëİ˜Z[™\œËÙXœMŒLÎNLLÌ™MÌÙM˜˜MŒ˜YŒŒNNNXLÍÌYLÌMNLMÌÍØ˜NÙNXNLØŒŒMYY™›Ú™XİXÜ™X]Y\[™[™Ë\›ÛÙ‹˜[ÙK\˜Ú]™H]]Ü‹ÛÛœÙ[[™™]\ÙH\›\Ëˆ‚˜\ÜÙ]Ëİ^\™\Ëİ˜Z[™\œËÛÛ˜›Ø\™[™×Ü›Ù™\ÜÛÜ‹œ™Ë\ÜÙ]Ëİ^\™\Ëİ˜Z[™\œËœ™ËMNLŒÌË™ŒØ˜ŒÙ™MX™LXÍXÎYMÙXÌM˜MÌÌ˜LXMLNNX˜XÙXLÙK›Ú™XİXÜ™X]Y\[™[™Ë\›ÛÙ‹˜[ÙK\˜Ú]™H]]Ü‹ÛÛœÙ[[™™]\ÙH\›\Ëˆ‚˜\ÜÙ]Ëİ^\™\Ëİ˜Z[™\œËÛÛ˜›Ø\™[™×İÙ[ÛÛYWØ˜XÚÙÜ›İ[™ÙXœ\ÜÙ]Ëİ^\™\Ëİ˜Z[™\œËÙXœLNMÍ‹Ì™LXLÍLÍÍXLXÍLM˜YÙ™L˜ÙMNL˜NXY˜Œ˜ØØÎXLÍŒ˜™MÎYK›Ú™XİXÜ™X]Y\[™[™Ë\›ÛÙ‹˜[ÙK\˜Ú]™H]]Ü‹ÛÛœÙ[[™™]\ÙH\›\Ëˆ‚˜\ÜÙ]Ëİ^\™\Ëİ˜Z[™\œËÔ‘PQQWÓÓ“ĞT‘S‘Ë›Y\ÜÙ]Ëİ^\™\Ëİ˜Z[™\œË›YLK˜ŒX˜MNYØ™™™ŒLÙ˜ÍÎLŒÙXLMŒÌLYYNÍÍYLÙLYNÙ™ŒYNNN™Ë›Ú™XİXÜ™X]Y\[™[™Ë\›ÛÙ‹˜[ÙK\˜Ú]™H]]Ü‹ÛÛœÙ[[™™]\ÙH\›\Ëˆ‚˜\ÜÙ]Ëİ^\™\Ëİ˜Z[™\œËİ˜Z[™\œËœ™Ë\ÜÙ]Ëİ^\™\Ëİ˜Z[™\œËœ™ËÌŒÌMY™ÙŒŒM™X˜MLŒÎYYXMŒÙ˜˜NÍÌÙL™L˜ŒÎXÌYÙŒÌNLMLÌŒ‹›Ú™XİXÜ™X]Y\[™[™Ë\›ÛÙ‹˜[ÙK\˜Ú]™H]]Ü‹ÛÛœÙ[[™™]\ÙH\›\Ëˆ‚˜\ÜÙ]Ëİ^\™\Ëİ\WÛ˜[Y\ËØXØÚXZ[Ëœ™Ë\ÜÙ]Ëİ^\™\Ëİ\WÛ˜[Y\Ëœ™ËŒ‹ÌY™ØLŒMÍŒÙMŒLÍNLÍLÌØ™™XMMÌÎÍÎLYY˜Ì™YM˜™˜ÎL›Ú™XİXÜ™X]Y\[™[™Ë\›ÛÙ‹˜[ÙK\˜Ú]™HÛİ\˜ÙH\ÛÜšÈ[™]]ÜˆXÛ\˜][Û‹‚˜\ÜÙ]Ëİ^\™\Ëİ\WÛ˜[Y\ËØXÜ]XKœ™Ë\ÜÙ]Ëİ^\™\Ëİ\WÛ˜[Y\Ëœ™ËŒÌËÙYÌÍŒ™MLÍŒÌYLÌ™LØÎLYŒ™Œ™XYÍŒŒMŒÙŒ™XÎXY™MÌË›Ú™XİXÜ™X]Y\[™[™Ë\›ÛÙ‹˜[ÙK\˜Ú]™HÛİ\˜ÙH\ÛÜšÈ[™]]ÜˆXÛ\˜][Û‹‚˜\ÜÙ]Ëİ^\™\Ëİ\WÛ˜[Y\ËØZ[Ëœ™Ë\ÜÙ]Ëİ^\™\Ëİ\WÛ˜[Y\Ëœ™ËŒNL™XÍÍMÎÎYXMŒXÙXLXŒLÍNNXXŒNØØÙØ˜NØ˜ŒÍŒÌ™MË›Ú™XİXÜ™X]Y\[™[™Ë\›ÛÙ‹˜[ÙK\˜Ú]™HÛİ\˜ÙH\ÛÜšÈ[™]]ÜˆXÛ\˜][Û‹‚˜\ÜÙ]Ëİ^\™\Ëİ\WÛ˜[Y\ËØÛÛ[İ\›Ëœ™Ë\ÜÙ]Ëİ^\™\Ëİ\WÛ˜[Y\Ëœ™ËÌÍL˜˜XØXNNYNLÌÌÌÍMMNÙYLÌŒLØÍNLMŒÌÍLYÍLMË›Ú™XİXÜ™X]Y\[™[™Ë\›ÛÙ‹˜[ÙK\˜Ú]™HÛİ\˜ÙH\ÛÜšÈ[™]]ÜˆXÛ\˜][Û‹‚˜\ÜÙ]Ëİ^\™\Ëİ\WÛ˜[Y\ËÙ˜YÛËœ™Ë\ÜÙ]Ëİ^\™\Ëİ\WÛ˜[Y\Ëœ™ËÌÌXÌ˜X™MLØMØÌØMNŒ™ŒŒŒMÍÌÌYÙNX˜ÙŒ˜YŒÌŒÌMMØMŒÍØ‹›Ú™XİXÜ™X]Y\[™[™Ë\›ÛÙ‹˜[ÙK\˜Ú]™HÛİ\˜ÙH\ÛÜšÈ[™]]ÜˆXÛ\˜][Û‹‚˜\ÜÙ]Ëİ^\™\Ëİ\WÛ˜[Y\ËÙ[]›Ëœ™Ë\ÜÙ]Ëİ^\™\Ëİ\WÛ˜[Y\Ëœ™ËŒŒKMÙ˜XŒLN˜NYNÌ˜Ì™XØÙØÙLÙØ™LMNXØÎL˜ŒØØ™K›Ú™XİXÜ™X]Y\[™[™Ë\›ÛÙ‹˜[ÙK\˜Ú]™HÛİ\˜ÙH\ÛÜšÈ[™]]ÜˆXÛ\˜][Û‹‚˜\ÜÙ]Ëİ^\™\Ëİ\WÛ˜[Y\ËÙ[‹ØYËœ™Ë\ÜÙ]Ëİ^\™\Ëİ\WÛ˜[Y\Ëœ™ËNNNLM˜LMØLÍ˜XÍØMÙMXØØÎNL™XÙLØ™LN™XÎXMÍÙŒÌM˜XË›Ú™XİXÜ™X]Y\[™[™Ë\›ÛÙ‹˜[ÙK\˜Ú]™HÛİ\˜ÙH\ÛÜšÈ[™]]ÜˆXÛ\˜][Û‹‚˜\ÜÙ]Ëİ^\™\Ëİ\WÛ˜[Y\ËÙ[‹Ù\šËœ™Ë\ÜÙ]Ëİ^\™\Ëİ\WÛ˜[Y\Ëœ™ËŒMÌKLÍXÙŒØÎYL˜XŒ™Œ˜ØLLMÌ˜ÌMYÌMÍXÎ˜NM™XLÎÌ˜ØŒM™ÙLXL™K›Ú™XİXÜ™X]Y\[™[™Ë\›ÛÙ‹˜[ÙK\˜Ú]™HÛİ\˜ÙH\ÛÜšÈ[™]]ÜˆXÛ\˜][Û‹‚˜\ÜÙ]Ëİ^\™\Ëİ\WÛ˜[Y\ËÙ[‹Ù˜YÛÛ‹œ™Ë\ÜÙ]Ëİ^\™\Ëİ\WÛ˜[Y\Ëœ™ËM‹ÎMXMØ™MÎÌÍXØŒŒÎ˜ÙŒ˜ÎXÌ˜ŒØ˜ÙYX™ŒÍÎŒÙYLØØK›Ú™XİXÜ™X]Y\[™[™Ë\›ÛÙ‹˜[ÙK\˜Ú]™HÛİ\˜ÙH\ÛÜšÈ[™]]ÜˆXÛ\˜][Û‹‚˜\ÜÙ]Ëİ^\™\Ëİ\WÛ˜[Y\ËÙ[‹Ù[XİšXËœ™Ë\ÜÙ]Ëİ^\™\Ëİ\WÛ˜[Y\Ëœ™ËŒŒÍŒŒÎMÌÙNMÌÍNYLÍÎÙX™ÍYM™L™™Í™ÍÌÙ‹›Ú™XİXÜ™X]Y\[™[™Ë\›ÛÙ‹˜[ÙK\˜Ú]™HÛİ\˜ÙH\ÛÜšÈ[™]]ÜˆXÛ\˜][Û‹‚˜\ÜÙ]Ëİ^\™\Ëİ\WÛ˜[Y\ËÙ[‹Ù˜Z\Kœ™Ë\ÜÙ]Ëİ^\™\Ëİ\WÛ˜[Y\Ëœ™ËŒÍËMMYLYŒŒÎXŒŒX˜LÌX™YMÙX˜™LÌNLÎXXÍMLÙ™NNŒLNÎLK›Ú™XİXÜ™X]Y\[™[™Ë\›ÛÙ‹˜[ÙK\˜Ú]™HÛİ\˜ÙH\ÛÜšÈ[™]]ÜˆXÛ\˜][Û‹‚˜\ÜÙ]Ëİ^\™\Ëİ\WÛ˜[Y\ËÙ[‹ÙšYÚ[™Ëœ™Ë\ÜÙ]Ëİ^\™\Ëİ\WÛ˜[Y\Ëœ™ËŒÍMË˜ŒYMÌNXÎMÌØYXM™ÎLÌ™ØYŒØMMÍLÙYŒ˜Í˜ÍNXÌŒX˜ŒMÍK›Ú™XİXÜ™X]Y\[™[™Ë\›ÛÙ‹˜[ÙK\˜Ú]™HÛİ\˜ÙH\ÛÜšÈ[™]]ÜˆXÛ\˜][Û‹‚˜\ÜÙ]Ëİ^\™\Ëİ\WÛ˜[Y\ËÙ[‹Ùš\™Kœ™Ë\ÜÙ]Ëİ^\™\Ëİ\WÛ˜[Y\Ëœ™ËM‹XÌXYYŒŒŒMŒMMN™M™YŒYŒÙNLÌÍMYMØÌÙ™Ù™˜™˜˜‹›Ú™XİXÜ™X]Y\[™[™Ë\›ÛÙ‹˜[ÙK\˜Ú]™HÛİ\˜ÙH\ÛÜšÈ[™]]ÜˆXÛ\˜][Û‹‚˜\ÜÙ]Ëİ^\™\Ëİ\WÛ˜[Y\ËÙ[‹Ù›Z[™Ëœ™Ë\ÜÙ]Ëİ^\™\Ëİ\WÛ˜[Y\Ëœ™ËNN˜XLŒ˜™LMM™™XØÌÍÍÙ™LÌÌÍÙÎXYÎYNØŒÍÎNMØÙLK›Ú™XİXÜ™X]Y\[™[™Ë\›ÛÙ‹˜[ÙK\˜Ú]™HÛİ\˜ÙH\ÛÜšÈ[™]]ÜˆXÛ\˜][Û‹‚˜\ÜÙ]Ëİ^\™\Ëİ\WÛ˜[Y\ËÙ[‹ÙÚÜİœ™Ë\ÜÙ]Ëİ^\™\Ëİ\WÛ˜[Y\Ëœ™ËŒMËØMMÌLÎMLØÙY˜ÌÌXMÌL˜ÍÎÍNYXÙYLÍ™˜˜ÍÍÍYØÍYLLLÍ›Ú™XİXÜ™X]Y\[™[™Ë\›ÛÙ‹˜[ÙK\˜Ú]™HÛİ\˜ÙH\ÛÜšÈ[™]]ÜˆXÛ\˜][Û‹‚˜\ÜÙ]Ëİ^\™\Ëİ\WÛ˜[Y\ËÙ[‹ÙÜ˜\ÜËœ™Ë\ÜÙ]Ëİ^\™\Ëİ\WÛ˜[Y\Ëœ™ËÌ‹Œ˜ŒÎLLMLMLŒŒMLÍLØ™MÌ˜™˜ÙNMYLYMMÙÌØLYYMŒYŒL›Ú™XİXÜ™X]Y\[™[™Ë\›ÛÙ‹˜[ÙK\˜Ú]™HÛİ\˜ÙH\ÛÜšÈ[™]]ÜˆXÛ\˜][Û‹‚˜\ÜÙ]Ëİ^\™\Ëİ\WÛ˜[Y\ËÙ[‹ÙÜ›İ[™œ™Ë\ÜÙ]Ëİ^\™\Ëİ\WÛ˜[Y\Ëœ™ËLÍØÎX˜ØØÍØÌÌÙŒXNYMNXMÙXÍLLÌNNM˜ØMŒLØNLÙ˜ÙMÌÙM‹›Ú™XİXÜ™X]Y\[™[™Ë\›ÛÙ‹˜[ÙK\˜Ú]™HÛİ\˜ÙH\ÛÜšÈ[™]]ÜˆXÛ\˜][Û‹‚˜\ÜÙ]Ëİ^\™\Ëİ\WÛ˜[Y\ËÙ[‹ÚXÙKœ™Ë\ÜÙ]Ëİ^\™\Ëİ\WÛ˜[Y\Ëœ™ËMŒ‹ØÎLNÍXØŒÌL˜ÍLYLNL˜ÎMXXXLYML™Ù™XNŒØØŒŒK›Ú™XİXÜ™X]Y\[™[™Ë\›ÛÙ‹˜[ÙK\˜Ú]™HÛİ\˜ÙH\ÛÜšÈ[™]]ÜˆXÛ\˜][Û‹‚˜\ÜÙ]Ëİ^\™\Ëİ\WÛ˜[Y\ËÙ[‹Û›Ü›X[œ™Ë\ÜÙ]Ëİ^\™\Ëİ\WÛ˜[Y\Ëœ™ËŒÍŒ‹Ù˜Y˜™NMÎMYŒŒXÙŒÍ™LN˜ÙMXŒXŒØØÍMØÍNMXÍŒ˜NÍY›Ú™XİXÜ™X]Y\[™[™Ë\›ÛÙ‹˜[ÙK\˜Ú]™HÛİ\˜ÙH\ÛÜšÈ[™]]ÜˆXÛ\˜][Û‹‚˜\ÜÙ]Ëİ^\™\Ëİ\WÛ˜[Y\ËÙ[‹ÜÚ\ÛÛ‹œ™Ë\ÜÙ]Ëİ^\™\Ëİ\WÛ˜[Y\Ëœ™ËŒKNLLYMX˜ÙÎLØÌ˜ŒXÌÙŒMŒXXY˜X˜Œ˜ÌÌXNÙNNXLMÍX‹›Ú™XİXÜ™X]Y\[™[™Ë\›ÛÙ‹˜[ÙK\˜Ú]™HÛİ\˜ÙH\ÛÜšÈ[™]]ÜˆXÛ\˜][Û‹‚˜\ÜÙ]Ëİ^\™\Ëİ\WÛ˜[Y\ËÙ[‹ÜŞXÚXËœ™Ë\ÜÙ]Ëİ^\™\Ëİ\WÛ˜[Y\Ëœ™ËLËXŒØÙXÙŒÌŒŒØ™Y˜MÌÍL˜ÙYLM™NMŒÙMÍÎL™XMMŒM™LÍÙYÌ˜XÎLK›Ú™XİXÜ™X]Y\[™[™Ë\›ÛÙ‹˜[ÙK\˜Ú]™HÛİ\˜ÙH\ÛÜšÈ[™]]ÜˆXÛ\˜][Û‹‚˜\ÜÙ]Ëİ^\™\Ëİ\WÛ˜[Y\ËÙ[‹Ü›ØÚËœ™Ë\ÜÙ]Ëİ^\™\Ëİ\WÛ˜[Y\Ëœ™ËNMKXÎLÙŒLŒØÍÌÌØXLÌX™YŒY™ÍÌÌMÙ™ŒÎØÌØXLYMXØYÙÍNLMXÍÍ›Ú™XİXÜ™X]Y\[™[™Ë\›ÛÙ‹˜[ÙK\˜Ú]™HÛİ\˜ÙH\ÛÜšÈ[™]]ÜˆXÛ\˜][Û‹‚˜\ÜÙ]Ëİ^\™\Ëİ\WÛ˜[Y\ËÙ[‹ÜİY[œ™Ë\ÜÙ]Ëİ^\™\Ëİ\WÛ˜[Y\Ëœ™ËMÍMËØÎÎMÍÎYÌÎŒXŒMŒŒLØMXÍXYYXÎNLXØŒÙXŒÍÌ˜ÙLÙ˜K›Ú™XİXÜ™X]Y\[™[™Ë\›ÛÙ‹˜[ÙK\˜Ú]™HÛİ\˜ÙH\ÛÜšÈ[™]]ÜˆXÛ\˜][Û‹‚˜\ÜÙ]Ëİ^\™\Ëİ\WÛ˜[Y\ËÙ[‹İØ]\‹œ™Ë\ÜÙ]Ëİ^\™\Ëİ\WÛ˜[Y\Ëœ™ËŒLËMY™NM˜XNYXÙŒÍY™Y˜ŒXLXÍŒÙŒNMÙLÎXLMMLXÍŒX˜Ì˜™˜ÎLNMË›Ú™XİXÜ™X]Y\[™[™Ë\›ÛÙ‹˜[ÙK\˜Ú]™HÛİ\˜ÙH\ÛÜšÈ[™]]ÜˆXÛ\˜][Û‹‚˜\ÜÙ]Ëİ^\™\Ëİ\WÛ˜[Y\ËÙ\˜˜Kœ™Ë\ÜÙ]Ëİ^\™\Ëİ\WÛ˜[Y\Ëœ™ËKMŒLMÍÙ˜MŒ˜ØÌXXŒØØŒ˜ÙYMNX™™XL™MYÍŒÍMX˜Ë›Ú™XİXÜ™X]Y\[™[™Ë\›ÛÙ‹˜[ÙK\˜Ú]™HÛİ\˜ÙH\ÛÜšÈ[™]]ÜˆXÛ\˜][Û‹‚˜\ÜÙ]Ëİ^\™\Ëİ\WÛ˜[Y\ËÙ›Û]Ëœ™Ë\ÜÙ]Ëİ^\™\Ëİ\WÛ˜[Y\Ëœ™ËKNNLYYŒ˜YXÌLÌ˜NYŒLYÍL˜ØÎYXNÌLŒYYMXÍ˜ÎY›Ú™XİXÜ™X]Y\[™[™Ë\›ÛÙ‹˜[ÙK\˜Ú]™HÛİ\˜ÙH\ÛÜšÈ[™]]ÜˆXÛ\˜][Û‹‚˜\ÜÙ]Ëİ^\™\Ëİ\WÛ˜[Y\ËÙ[ØÛËœ™Ë\ÜÙ]Ëİ^\™\Ëİ\WÛ˜[Y\Ëœ™ËŒËL™NXÍÙ˜NLÌ˜ÎXÎLNLLŒYLMYŒŒÙLØ™XMŒØNXÎ™NM™L˜Y‹›Ú™XİXÜ™X]Y\[™[™Ë\›ÛÙ‹˜[ÙK\˜Ú]™HÛİ\˜ÙH\ÛÜšÈ[™]]ÜˆXÛ\˜][Û‹‚˜\ÜÙ]Ëİ^\™\Ëİ\WÛ˜[Y\ËÙÚXXØÚ[Ëœ™Ë\ÜÙ]Ëİ^\™\Ëİ\WÛ˜[Y\Ëœ™ËMËÎNX™Y˜Œ˜˜ØÍÍXÙ˜˜ŒØÌ™XXYLNÙLŒÙMÙMÍŒXLYL˜LÍLNÎ›Ú™XİXÜ™X]Y\[™[™Ë\›ÛÙ‹˜[ÙK\˜Ú]™HÛİ\˜ÙH\ÛÜšÈ[™]]ÜˆXÛ\˜][Û‹‚˜\ÜÙ]Ëİ^\™\Ëİ\WÛ˜[Y\ËÛİKœ™Ë\ÜÙ]Ëİ^\™\Ëİ\WÛ˜[Y\Ëœ™ËŒMKØNÍÍLMŒØÙ™Ì™ŒYØÌØÍLÍØYMÙL™MÙ˜˜X˜ÙLŒŒNXÎ™ŒLØØK›Ú™XİXÜ™X]Y\[™[™Ë\›ÛÙ‹˜[ÙK\˜Ú]™HÛİ\˜ÙH\ÛÜšÈ[™]]ÜˆXÛ\˜][Û‹‚˜\ÜÙ]Ëİ^\™\Ëİ\WÛ˜[Y\ËÛ›Ü›X[Kœ™Ë\ÜÙ]Ëİ^\™\Ëİ\WÛ˜[Y\Ëœ™ËNL˜Ì™™˜YN™ÍNŒØÌÌL˜ØMLØMLØÎLŒ™ÍLÙÍLLMÌLË›Ú™XİXÜ™X]Y\[™[™Ë\›ÛÙ‹˜[ÙK\˜Ú]™HÛİ\˜ÙH\ÛÜšÈ[™]]ÜˆXÛ\˜][Û‹‚˜\ÜÙ]Ëİ^\™\Ëİ\WÛ˜[Y\ËÜÚXÛËœ™Ë\ÜÙ]Ëİ^\™\Ëİ\WÛ˜[Y\Ëœ™ËŒÌ‹XMXMXŒØÙY˜ÙXXNÍÎMØØ™ŒX˜ØLÌÌ™ŒL™™XÙÍXÍNM™›Ú™XİXÜ™X]Y\[™[™Ë\›ÛÙ‹˜[ÙK\˜Ú]™HÛİ\˜ÙH\ÛÜšÈ[™]]ÜˆXÛ\˜][Û‹‚˜\ÜÙ]Ëİ^\™\Ëİ\WÛ˜[Y\ËÜ›ØØÚXKœ™Ë\ÜÙ]Ëİ^\™\Ëİ\WÛ˜[Y\Ëœ™ËŒK™˜ÙŒXÌMŒN™˜ÌŒŒÍNLXÙLMLØØŒLLÌÌYMLNØÌÙYÌMK›Ú™XİXÜ™X]Y\[™[™Ë\›ÛÙ‹˜[ÙK\˜Ú]™HÛİ\˜ÙH\ÛÜšÈ[™]]ÜˆXÛ\˜][Û‹‚˜\ÜÙ]Ëİ^\™\Ëİ\WÛ˜[Y\ËÜÜ]›Ëœ™Ë\ÜÙ]Ëİ^\™\Ëİ\WÛ˜[Y\Ëœ™ËM˜ÙŒÌ™N™Ì™MÌNYYMXŒØÙÍLÍM˜LNXNÌØYM™L™XLLÍÍL˜˜ØÌ‹›Ú™XİXÜ™X]Y\[™[™Ë\›ÛÙ‹˜[ÙK\˜Ú]™HÛİ\˜ÙH\ÛÜšÈ[™]]ÜˆXÛ\˜][Û‹‚˜\ÜÙ]Ëİ^\™\Ëİ\WÛ˜[Y\Ëİ\œ˜Kœ™Ë\ÜÙ]Ëİ^\™\Ëİ\WÛ˜[Y\Ëœ™ËLKXŒ™LLØŒŒXX˜™N˜LÌYŒXÍLÙXYNLŒ™LMÎØØ˜ŒLYLÍLŒŒYŒÍÌŒØË›Ú™XİXÜ™X]Y\[™[™Ë\›ÛÙ‹˜[ÙK\˜Ú]™HÛİ\˜ÙH\ÛÜšÈ[™]]ÜˆXÛ\˜][Û‹‚˜\ÜÙ]Ëİ^\™\Ëİ\WÛ˜[Y\Ëİ™[[›Ëœ™Ë\ÜÙ]Ëİ^\™\Ëİ\WÛ˜[Y\Ëœ™ËMÌËMÙLØŒØL™XMÌ˜ÙMÍM˜M˜LY˜ÌY˜Œ™YØØÍØXŒÌYLM‹›Ú™XİXÜ™X]Y\[™[™Ë\›ÛÙ‹˜[ÙK\˜Ú]™HÛİ\˜ÙH\ÛÜšÈ[™]]ÜˆXÛ\˜][Û‹‚˜\ÜÙ]Ëİ^\™\Ëİ\WÛ˜[Y\Ëİ›Û[Kœ™Ë\ÜÙ]Ëİ^\™\Ëİ\WÛ˜[Y\Ëœ™ËŒŒK™LÍŒ™ØMÌŒ™ÎMÍŒŒŒŒØØM˜ÌLÙÍYŒLLNØ˜ØŒŒMXÎMÌÍÍYM˜‹›Ú™XİXÜ™X]Y\[™[™Ë\›ÛÙ‹˜[ÙK\˜Ú]™HÛİ\˜ÙH\ÛÜšÈ[™]]ÜˆXÛ\˜][Û‹‚