png_path,webp_path,width,height,png_bytes,webp_bytes,saved_bytes,saving_percent,eligible,reason,pixel_sha256
assets/textures/textures_webapp/pokemon/genesect/main-chill.png,assets/textures/textures_webapp/pokemon/genesect/main-chill.webp,512,512,138379,72728,65651,47.4429,true,eligible,a412c31e9d6b1ff65965a7ec73d94b6bba9108b95aac72cff71351fe647403b4
assets/textures/textures_webapp/pokemon/genesect/main-douse.png,assets/textures/textures_webapp/pokemon/genesect/main-douse.webp,512,512,138331,72828,65503,47.3524,true,eligible,89b1db6f72c2306b12488a3fcf6ee9eafefe5975608b6fb2bb7377dc325fde3c
assets/textures/textures_webapp/pokemon/genesect/main-burn.png,assets/textures/textures_webapp/pokemon/genesect/main-burn.webp,512,512,138253,72754,65499,47.3762,true,eligible,2056e6959f8435317b7842dd43558c47a37379c1002cc2f03ceacd6959a7bad1
assets/textures/textures_webapp/pokemon/genesect/main-shock.png,assets/textures/textures_webapp/pokemon/genesect/main-shock.webp,512,512,138438,72948,65490,47.3064,true,eligible,cb767a5af5d78d9e0322efeeafe1f9aa048c060f9851b91a89557e05028628d6
assets/textures/textures_webapp/pokemon/genesect/main-chill-shiny.png,assets/textures/textures_webapp/pokemon/genesect/main-chill-shiny.webp,512,512,135797,73188,62609,46.1048,true,eligible,bfba0c56f16e31db8d417be7783b29a4bbaaf0bdfc4804bacf233fc73da7a742
assets/textures/textures_webapp/pokemon/genesect/main-douse-shiny.png,assets/textures/textures_webapp/pokemon/genesect/main-douse-shiny.webp,512,512,135829,73346,62483,46.0012,true,eligible,e7fdc57b114f900ee7e45a5c0e3b839f2bce566f9b4a614f2d9ffc84c3999186
assets/textures/textures_webapp/pokemon/genesect/main-burn-shiny.png,assets/textures/textures_webapp/pokemon/genesect/main-burn-shiny.webp,512,512,135602,73140,62462,46.0627,true,eligible,33443260ed44665b8a4657b0e181c914f3ceddd12a1ca2280a789ad99538b3f1
assets/textures/textures_webapp/pokemon/genesect/main-shock-shiny.png,assets/textures/textures_webapp/pokemon/genesect/main-shock-shiny.webp,512,512,135804,73364,62440,45.9780,true,eligible,2e362dcadc82b62ccdb82deed66b9301e1904d00a2e75cada448741523c71523
assets/textures/textures_webapp/pokemon/silvally/main-rock.png,assets/textures/textures_webapp/pokemon/silvally/main-rock.webp,512,512,120236,62840,57396,47.7361,true,eligible,a5dbf836d4597c624ffc7f26f75bea3a1748bfbbb9caf32ea6e3c24db13916c1
assets/textures/textures_webapp/pokemon/silvally/main-ice.png,assets/textures/textures_webapp/pokemon/silvally/main-ice.webp,512,512,118792,61494,57298,48.2339,true,eligible,52e0dfa580c403329ead3be59e840eae0e319590ba37837f45b098e874d62c85
assets/textures/textures_webapp/pokemon/silvally/main-steel.png,assets/textures/textures_webapp/pokemon/silvally/main-steel.webp,512,512,119898,62802,57096,47.6205,true,eligible,abb4cf0116b8700700f952fba9d3276ca663818e7d86a5de457386708ea6f5f8
assets/textures/textures_webapp/pokemon/silvally/main-dragon.png,assets/textures/textures_webapp/pokemon/silvally/main-dragon.webp,512,512,120638,63850,56788,47.0731,true,eligible,c8fd2d218ca487bfa71c1c4b12d4b048eed32585e17cfb48f9bd609bb0ddc440
assets/textures/textures_webapp/pokemon/silvally/main-water.png,assets/textures/textures_webapp/pokemon/silvally/main-water.webp,512,512,120947,64184,56763,46.9321,true,eligible,80ad8348e05f795f0fb1e7ce032259a790f8ae1d5077d6e5168d402e19f2b409
assets/textures/textures_webapp/pokemon/silvally/main-ghost.png,assets/textures/textures_webapp/pokemon/silvally/main-ghost.webp,512,512,119793,63088,56705,47.3358,true,eligible,8a12812fc3896f5f44035e4c4b42b11ade2c2608eb9ded2a70dea1412565f449
assets/textures/textures_webapp/pokemon/arceus/main-dark.png,assets/textures/textures_webapp/pokemon/arceus/main-dark.webp,512,512,111835,55304,56531,50.5486,true,eligible,c3463aec03536562474c5de1099eb95c87160ea9ac485ee24fdc615579e453e1
assets/textures/textures_webapp/pokemon/silvally/main-fairy.png,assets/textures/textures_webapp/pokemon/silvally/main-fairy.webp,512,512,118893,62364,56529,47.5461,true,eligible,cf7b3fb5e0d666e15164164f5eb0b5e7fe96c1c4562efc1282c832c95c1c769d
assets/textures/textures_webapp/pokemon/silvally/main-poison.png,assets/textures/textures_webapp/pokemon/silvally/main-poison.webp,512,512,120507,64028,56479,46.8678,true,eligible,cce2e36323f6564a99503da1f7450381254ecfe4c6517dd5cc7b036203911c16
assets/textures/textures_webapp/pokemon/silvally/main-fire.png,assets/textures/textures_webapp/pokemon/silvally/main-fire.webp,512,512,119003,62564,56439,47.4265,true,eligible,2ef54fb0bade98e9a7a2880277f2a56e414c01758f207be165a070d72139d3ae
assets/textures/textures_webapp/pokemon/silvally/main-ice-shiny.png,assets/textures/textures_webapp/pokemon/silvally/main-ice-shiny.webp,512,512,119819,63388,56431,47.0969,true,eligible,2fdbe6fec3ffd753437d0c11bf1680d70659e0f5e2e06a221b0a06930520e660
assets/textures/textures_webapp/pokemon/silvally/main-rock-shiny.png,assets/textures/textures_webapp/pokemon/silvally/main-rock-shiny.webp,512,512,120024,63614,56410,46.9989,true,eligible,0df7ec4ab6aff42a06353be8c3608cb8141c6fe27777672ed3da8ab3de7c1011
assets/textures/textures_webapp/pokemon/silvally/main-steel-shiny.png,assets/textures/textures_webapp/pokemon/silvally/main-steel-shiny.webp,512,512,120076,63792,56284,46.8736,true,eligible,21187d3d80ab828a59acb9f07f1a097425680aa93438fe6ad566b56094124b7d
assets/textures/textures_webapp/pokemon/silvally/main-electric.png,assets/textures/textures_webapp/pokemon/silvally/main-electric.webp,512,512,120765,64484,56281,46.6037,true,eligible,fc7cbdff2923e02bc1f06b4ac51cd7d7ed8fd58428aa025c51287f1b4b592837
assets/textures/textures_webapp/pokemon/silvally/main-psychic.png,assets/textures/textures_webapp/pokemon/silvally/main-psychic.webp,512,512,120761,64500,56261,46.5887,true,eligible,4afd02d9605da0773e669cf1c0865004ff7b04acaf2e5d52884c2fe8c1cc748e
assets/textures/textures_webapp/pokemon/silvally/main-bug.png,assets/textures/textures_webapp/pokemon/silvally/main-bug.webp,512,512,120533,64522,56011,46.4694,true,eligible,ebbeffdbf577cecdf4c64e66d73a47b34653fa759fd8317bb00c342656975594
assets/textures/textures_webapp/pokemon/arceus/main-bug.png,assets/textures/textures_webapp/pokemon/arceus/main-bug.webp,512,512,114545,58564,55981,48.8725,true,eligible,212d1a08a89512b982c4f324aa069f8bac273ead68ea0c49b6535a7993c99218
assets/textures/textures_webapp/pokemon/silvally/main-dragon-shiny.png,assets/textures/textures_webapp/pokemon/silvally/main-dragon-shiny.webp,512,512,120623,64654,55969,46.3999,true,eligible,77abb62084275b31fb5b2b331de4179d0dfe00cf2f4c7fc29167ed2a83225ea0
assets/textures/textures_webapp/pokemon/silvally/main-poison-shiny.png,assets/textures/textures_webapp/pokemon/silvally/main-poison-shiny.webp,512,512,120481,64570,55911,46.4065,true,eligible,97e9d703a4fe8296578f4141d3cfea44aa70714523a8a98b52b5117c7852c9cd
assets/textures/textures_webapp/pokemon/silvally/main-ground.png,assets/textures/textures_webapp/pokemon/silvally/main-ground.webp,512,512,119898,64050,55848,46.5796,true,eligible,f6cb0786da4f44da674cad593d76849657dd61f8c3078000f4e40ad65dcb9bef
assets/textures/textures_webapp/pokemon/silvally/main-ghost-shiny.png,assets/textures/textures_webapp/pokemon/silvally/main-ghost-shiny.webp,512,512,119919,64084,55835,46.5606,true,eligible,d88349e9535091c74340abc22ab93798db565f433ad63c525671a4f9da8b367e
assets/textures/textures_webapp/pokemon/silvally/main-water-shiny.png,assets/textures/textures_webapp/pokemon/silvally/main-water-shiny.webp,512,512,120963,65210,55753,46.0910,true,eligible,9a96e5f7a3393f037b868f77d405d93f3af752b6fdcc0b84d314165ed55c0420
assets/textures/textures_webapp/pokemon/silvally/main-fairy-shiny.png,assets/textures/textures_webapp/pokemon/silvally/main-fairy-shiny.webp,512,512,119193,63444,55749,46.7720,true,eligible,cd55bfb57d62932861ff328b9ea001340ed72d74486d8849224b898ef6b03b36
assets/textures/textures_webapp/pokemon/silvally/main-electric-shiny.png,assets/textures/textures_webapp/pokemon/silvally/main-electric-shiny.webp,512,512,120463,64908,55555,46.1179,true,eligible,97a5e4f7b07b3a23e23fc62514ffaab27ce63d7f7dcc017963515a61f6fd78bb
assets/textures/textures_webapp/pokemon/silvally/main-bug-shiny.png,assets/textures/textures_webapp/pokemon/silvally/main-bug-shiny.webp,512,512,120371,64818,55553,46.1515,true,eligible,796299a1cbdef75f29b3d4d7c5161386a1d858685394b5ecd28befe19cc81939
assets/textures/textures_webapp/pokemon/silvally/main-dark.png,assets/textures/textures_webapp/pokemon/silvally/main-dark.webp,512,512,113882,58358,55524,48.7557,true,eligible,71312283f03fb855aa205c30e95c3b120b4eb2d91d1741d18c093c0ef538256f
assets/textures/textures_webapp/pokemon/silvally/main-grass.png,assets/textures/textures_webapp/pokemon/silvally/main-grass.webp,512,512,118673,63160,55513,46.7781,true,eligible,732eceb5d15f421a2959c310f25da67a47733b8bc9f6e800b68f4783fd04c0e8
assets/textures/textures_webapp/pokemon/arceus/main-steel.png,assets/textures/textures_webapp/pokemon/arceus/main-steel.webp,512,512,109108,53634,55474,50.8432,true,eligible,9c539b349d6416d5c6ade7c0d0ae12a5dd4bb5a7b987f36138a082cef2cd3c2b
assets/textures/textures_webapp/pokemon/silvally/main-ground-shiny.png,assets/textures/textures_webapp/pokemon/silvally/main-ground-shiny.webp,512,512,119878,64438,55440,46.2470,true,eligible,99072a839171cbf12603fd24c5aef821189a1a394a7d7d51ab36ebaf48b15771
assets/textures/textures_webapp/pokemon/silvally/main-fire-shiny.png,assets/textures/textures_webapp/pokemon/silvally/main-fire-shiny.webp,512,512,119119,63680,55439,46.5409,true,eligible,d61d2da9abd2185997d505451ba3f860560b5fed0a4ea1cd61c865441017bf57
assets/textures/textures_webapp/pokemon/silvally/main-flying.png,assets/textures/textures_webapp/pokemon/silvally/main-flying.webp,512,512,119238,63838,55400,46.4617,true,eligible,64bdfac42f9dd0a3e84674182b3eb5578763de4744cc067973767336d2c5e48e
assets/textures/textures_webapp/pokemon/silvally/main-psychic-shiny.png,assets/textures/textures_webapp/pokemon/silvally/main-psychic-shiny.webp,512,512,120295,65026,55269,45.9446,true,eligible,f5c7b108039bc58a7f9ba5af029c8631707d92dbf81e2e08cf2470c49b51066c
assets/textures/textures_webapp/pokemon/silvally/main-fighting.png,assets/textures/textures_webapp/pokemon/silvally/main-fighting.webp,512,512,118961,63866,55095,46.3135,true,eligible,1193812757f29ea52dbc19acf8365a776a3c97dfce7baf73b1ebaf8a70227378
assets/textures/textures_webapp/pokemon/arceus/main-rock.png,assets/textures/textures_webapp/pokemon/arceus/main-rock.webp,512,512,113314,58398,54916,48.4636,true,eligible,9499d69512b0b832b694c9fd8e2fb36072c5cca948d3b8727cda577df5e9351a
assets/textures/textures_webapp/pokemon/arceus/main-rock-shiny.png,assets/textures/textures_webapp/pokemon/arceus/main-rock-shiny.webp,512,512,113030,58168,54862,48.5376,true,eligible,e02ce7fe2ef8a3655bb8a294b6065edae69b5996ba3809317822cb44e16d2af8
assets/textures/textures_webapp/pokemon/arceus/main-flying.png,assets/textures/textures_webapp/pokemon/arceus/main-flying.webp,512,512,111095,56336,54759,49.2902,true,eligible,3904bd309b15e43697256b07324a9b8483e1b0c26a78b4550e29f3a35e3955d2
assets/textures/textures_webapp/pokemon/silvally/main-grass-shiny.png,assets/textures/textures_webapp/pokemon/silvally/main-grass-shiny.webp,512,512,118342,63710,54632,46.1645,true,eligible,b006470fed445b55d7f2d3ba13679030beb11ef6c242f319ca89ccf946126dd6
assets/textures/textures_webapp/pokemon/arceus/main-bug-shiny.png,assets/textures/textures_webapp/pokemon/arceus/main-bug-shiny.webp,512,512,113764,59164,54600,47.9941,true,eligible,cb1380b6f73fc4f66e7cada8f8eeed386da19540cf490c65b41914d1b2ad64eb
assets/textures/textures_webapp/pokemon/silvally/main-fighting-shiny.png,assets/textures/textures_webapp/pokemon/silvally/main-fighting-shiny.webp,512,512,118651,64058,54593,46.0114,true,eligible,6b38a3c671fdbde8cd65770e4fc0cee49ed0f022c7fc94baa01747a3917baff9
assets/textures/textures_webapp/pokemon/silvally/main-dark-shiny.png,assets/textures/textures_webapp/pokemon/silvally/main-dark-shiny.webp,512,512,113851,59276,54575,47.9355,true,eligible,54b2be86bb731fc91df566872edc4b80a6fb91f86b7f3e31861683c1fadca1a8
assets/textures/textures_webapp/pokemon/arceus/main-poison.png,assets/textures/textures_webapp/pokemon/arceus/main-poison.webp,512,512,114612,60050,54562,47.6058,true,eligible,65f693336695343c01c555791eb9de77e1acee775fc5f0bd9e8c59fe9ab4b2d6
assets/textures/textures_webapp/pokemon/arceus/main-dragon.png,assets/textures/textures_webapp/pokemon/arceus/main-dragon.webp,512,512,115512,60950,54562,47.2349,true,eligible,ea9a2d6b6f688dc739e3f4182b0197d4ea2cb625cf9bbbc225c37388343065fe
assets/textures/textures_webapp/pokemon/arceus/main-fighting.png,assets/textures/textures_webapp/pokemon/arceus/main-fighting.webp,512,512,114804,60278,54526,47.4949,true,eligible,90d4cb320209bcd57a64fefbab980b208c0f8e33c27601bcb87222ad71c0e0b8
assets/textures/textures_webapp/pokemon/silvally/main-flying-shiny.png,assets/textures/textures_webapp/pokemon/silvally/main-flying-shiny.webp,512,512,119089,64570,54519,45.7800,true,eligible,f8f6a8ed5c3c0b734606f9e92ffaa85104c3d5bd0ca11a8de9f0db720ca26796
assets/textures/textures_webapp/pokemon/arceus/main-dark-shiny.png,assets/textures/textures_webapp/pokemon/arceus/main-dark-shiny.webp,512,512,112928,58476,54452,48.2183,true,eligible,6f3bec8a98435990f9ec9332fb63a6c2719065080c531296a801cf689450bccf
assets/textures/textures_webapp/pokemon/arceus/main-psychic.png,assets/textures/textures_webapp/pokemon/arceus/main-psychic.webp,512,512,113612,59194,54418,47.8981,true,eligible,8999c2ec743cc93378b87608c63750e99a7ae17926d134dbdb4d862c587be37d
assets/textures/textures_webapp/pokemon/arceus/main-steel-shiny.png,assets/textures/textures_webapp/pokemon/arceus/main-steel-shiny.webp,512,512,111152,57200,53952,48.5389,true,eligible,d0310d1ec046693697f6407b49a966bb8cb913dba4b63f2abbbcf5368c149520
assets/textures/textures_webapp/pokemon/arceus/main-ghost.png,assets/textures/textures_webapp/pokemon/arceus/main-ghost.webp,512,512,114251,60538,53713,47.0132,true,eligible,61f81165f08171062726d0ccf99aaebb29bd6f8113e4f62f1afa7043405d4ecc
assets/textures/textures_webapp/pokemon/arceus/main-flying-shiny.png,assets/textures/textures_webapp/pokemon/arceus/main-flying-shiny.webp,512,512,112492,58806,53686,47.7243,true,eligible,6d67f74e3edf0c049a1a6cc863995ef16708b6a0a3d30a53892a9dd9db0d7931
assets/textures/textures_webapp/pokemon/arceus/main-grass.png,assets/textures/textures_webapp/pokemon/arceus/main-grass.webp,512,512,114332,60860,53472,46.7691,true,eligible,7bbca825b824aabf661d1bcded1b1451dfa2f02c36c8c677ddc7c69fb70b4101
assets/textures/textures_webapp/pokemon/arceus/main-fairy.png,assets/textures/textures_webapp/pokemon/arceus/main-fairy.webp,512,512,112255,58868,53387,47.5587,true,eligible,679e941d1a962dbeba6d919e6538a8cf796fb55081e3d7dd7633783aa0fbaa96
assets/textures/textures_webapp/pokemon/arceus/main-ghost-shiny.png,assets/textures/textures_webapp/pokemon/arceus/main-ghost-shiny.webp,512,512,113585,60312,53273,46.9014,true,eligible,30a83a5b54e7f8052a0220b9e2d08803085c4d0bc6a2e59f4011c9b4d217c797
assets/textures/textures_webapp/pokemon/arceus/main-ground-shiny.png,assets/textures/textures_webapp/pokemon/arceus/main-ground-shiny.webp,512,512,114109,60862,53247,46.6633,true,eligible,cd3b6c4d5711e7ba0ff925c35ac41c3f6d9f65f498d6a02931c0b11f3a176205
assets/textures/textures_webapp/pokemon/arceus/main-poison-shiny.png,assets/textures/textures_webapp/pokemon/arceus/main-poison-shiny.webp,512,512,113391,60174,53217,46.9323,true,eligible,ed065d3383d93cbe45e953e91175f39c678e0aa3cd6ccf6d32cba1e7c4809bda
assets/textures/textures_webapp/pokemon/arceus/main-dragon-shiny.png,assets/textures/textures_webapp/pokemon/arceus/main-dragon-shiny.webp,512,512,114293,61194,53099,46.4587,true,eligible,92c08bbe0bd5e972897d94219ba6bcea0d968f76a97c2059de2871be715a6832
assets/textures/textures_webapp/pokemon/arceus/main-ground.png,assets/textures/textures_webapp/pokemon/arceus/main-ground.webp,512,512,115916,62876,53040,45.7573,true,eligible,1fe5325b290f939d3f1497e89da0f5268e0626d176ca8fc71807ce02c088b98e
assets/textures/textures_webapp/pokemon/arceus/main-electric-shiny.png,assets/textures/textures_webapp/pokemon/arceus/main-electric-shiny.webp,512,512,114101,61098,53003,46.4527,true,eligible,18379fd336920a12d3df2331d771a6e7183424be6d9003b10c20c20d6d4f9481
assets/textures/textures_webapp/pokemon/arceus/main-fighting-shiny.png,assets/textures/textures_webapp/pokemon/arceus/main-fighting-shiny.webp,512,512,113638,60894,52744,46.4141,true,eligible,db2f97f566a3e12d7ac46b1abbb01204dc9e64a22fedd46af40b9c3b6bcb48c4
assets/textures/textures_webapp/pokemon/arceus/main-grass-shiny.png,assets/textures/textures_webapp/pokemon/arceus/main-grass-shiny.webp,512,512,113018,60372,52646,46.5820,true,eligible,b72f7d58f258dee9f195ef51dc1ebc4f78dd4c88741519c7d1020d8e4919504c
assets/textures/textures_webapp/pokemon/arceus/main-fire.png,assets/textures/textures_webapp/pokemon/arceus/main-fire.webp,512,512,113782,61202,52580,46.2112,true,eligible,e9f5df5bd6ff53f1798e085da0b11edf34d870ab764aa184b01750929f2ff30d
assets/textures/textures_webapp/pokemon/arceus/main-electric.png,assets/textures/textures_webapp/pokemon/arceus/main-electric.webp,512,512,115408,62842,52566,45.5480,true,eligible,dfb2a1b9bd5f83100a5307c735075f86b47d8edf837bfc21006a3405cc3906dd
assets/textures/textures_webapp/pokemon/arceus/main-ice.png,assets/textures/textures_webapp/pokemon/arceus/main-ice.webp,512,512,112745,60222,52523,46.5857,true,eligible,f220d17abf18c9552ad1fea42c2ee5c2c0a5e0af7bbac6e7917be68556e6ee7b
assets/textures/textures_webapp/pokemon/arceus/main-ice-shiny.png,assets/textures/textures_webapp/pokemon/arceus/main-ice-shiny.webp,512,512,113785,61374,52411,46.0614,true,eligible,fa0ea60738ae6af34d24a808bad7a31a1037473cde92b5273d4a6bfc5e8ff2e6
assets/textures/textures_webapp/pokemon/arceus/main-fire-shiny.png,assets/textures/textures_webapp/pokemon/arceus/main-fire-shiny.webp,512,512,113755,61526,52229,45.9136,true,eligible,2c4f1029d9cca67987fed509c356e8c7e4c7666bffd36a8466da7cf7fc954312
assets/textures/textures_webapp/pokemon/arceus/main-water.png,assets/textures/textures_webapp/pokemon/arceus/main-water.webp,512,512,115070,62912,52158,45.3272,true,eligible,7f685bf807c28803ae1628df0f5ca600ef22a6c6908da8f3463e42c78d02998b
assets/textures/textures_webapp/pokemon/arceus/main-psychic-shiny.png,assets/textures/textures_webapp/pokemon/arceus/main-psychic-shiny.webp,512,512,112974,60822,52152,46.1628,true,eligible,34ba6da6718a0f94d159493e8489e643f944e9b5bdc8049b6a1ed50e0ec68ff5
assets/textures/textures_webapp/pokemon/arceus/main-water-shiny.png,assets/textures/textures_webapp/pokemon/arceus/main-water-shiny.webp,512,512,114422,62496,51926,45.3811,true,eligible,a68a56b33f24b744ff453ac60c7b29fb8db30e469c239a3c28e7f95293d05997
assets/textures/textures_webapp/pokemon/arceus/main-fairy-shiny.png,assets/textures/textures_webapp/pokemon/arceus/main-fairy-shiny.webp,512,512,112702,60812,51890,46.0418,true,eligible,2ee8160c507c95c1600a62fdd3718c7f72f7e86c53744288315fdf83a4abe77d
assets/textures/textures_webapp/pokemon/nacli/sprite.png,assets/textures/textures_webapp/pokemon/nacli/sprite.webp,96,96,3797,418,3379,88.9913,false,below-byte-threshold,06745b6d05814c92b62c5910bf83138fbcc072c6e53c437d800b01ed2b7dc442
assets/textures/textures_webapp/pokemon/glimmet/sprite.png,assets/textures/textures_webapp/pokemon/glimmet/sprite.webp,96,96,3744,428,3316,88.5684,false,below-byte-threshold,58221c33381650e99d8686887cd5f9b68a841b92dca7e5b63a1d68922431aa8d
assets/textures/textures_webapp/pokemon/koraidon/sprite.png,assets/textures/textures_webapp/pokemon/koraidon/sprite.webp,96,96,4476,1636,2840,63.4495,false,below-byte-threshold,e9b9e15149b67fa38fbcf9cf65966ff65ac9e4e66b1c5126b2cfa5e26b1ea163
assets/textures/textures_webapp/pokemon/annihilape/sprite.png,assets/textures/textures_webapp/pokemon/annihilape/sprite.webp,96,96,3991,1166,2825,70.7843,false,below-byte-threshold,7310cdcdbd3bcf88ebedf20eabd51cc89f80f3b6de4a3fa32cc6b0f6648374ca
assets/textures/textures_webapp/pokemon/annihilape/sprite-shiny.png,assets/textures/textures_webapp/pokemon/annihilape/sprite-shiny.webp,96,96,3990,1170,2820,70.6767,false,below-byte-threshold,95744d9a0e34970ad697a4151b753a5481f68f64c15a252ce599557d1276fd22
assets/textures/textures_webapp/pokemon/miraidon/sprite-shiny.png,assets/textures/textures_webapp/pokemon/miraidon/sprite-shiny.webp,96,96,4165,1380,2785,66.8667,false,below-byte-threshold,0f47d6e357daaec661dfd4c2494387fd6f86ce6ede48455a60757111aed7020d
assets/textures/textures_webapp/pokemon/miraidon/sprite.png,assets/textures/textures_webapp/pokemon/miraidon/sprite.webp,96,96,4162,1384,2778,66.7468,false,below-byte-threshold,9501a7cc10f71dd8893f5fa2a379d935e52a90acb04512c56b4ae66fc5b2887c
assets/textures/textures_webapp/pokemon/koraidon/sprite-shiny.png,assets/textures/textures_webapp/pokemon/koraidon/sprite-shiny.webp,96,96,4394,1626,2768,62.9950,false,below-byte-threshold,c695daebcd23833e7cfd5036970a625b9ddce8a059da276600e612e28d39b516
assets/textures/textures_webapp/pokemon/clawitzer/sprite-shiny.png,assets/textures/textures_webapp/pokemon/clawitzer/sprite-shiny.webp,128,128,7747,4998,2749,35.4847,false,below-byte-threshold,ced59ce8715aefc1192a5fde674fb741e63a9328370e879d3a08af5fe9043d2f
assets/textures/textures_webapp/pokemon/gouging-fire/sprite.png,assets/textures/textures_webapp/pokemon/gouging-fire/sprite.webp,96,96,4325,1584,2741,63.3757,false,below-byte-threshold,3e8960476c4742e3db5f7e979fc52c6ea2b55aa4f8ad9ea9cf1041a9ba300e95
assets/textures/textures_webapp/pokemon/terapagos-stellar/sprite.png,assets/textures/textures_webapp/pokemon/terapagos-stellar/sprite.webp,96,96,4355,1614,2741,62.9392,false,below-byte-threshold,e3ee970e007483d922210636c962097e9a35504d504fc3056ffdaa1cd549df75
assets/textures/textures_webapp/pokemon/wo-chien/sprite.png,assets/textures/textures_webapp/pokemon/wo-chien/sprite.webp,96,96,4348,1640,2708,62.2815,false,below-byte-threshold,d39bab1e5daddf26fa82962709db9e639e85813e527b3839a27e2b4547a4fbc3
assets/textures/textures_webapp/pokemon/wo-chien/sprite-shiny.png,assets/textures/textures_webapp/pokemon/wo-chien/sprite-shiny.webp,96,96,4330,1632,2698,62.3095,false,below-byte-threshold,e884409f74918491e6484b070d8c8078314910d38a7da0c071d47939d6fda5b0
assets/textures/textures_webapp/pokemon/gouging-fire/sprite-shiny.png,assets/textures/textures_webapp/pokemon/gouging-fire/sprite-shiny.webp,96,96,4224,1562,2662,63.0208,false,below-byte-threshold,a960514264e3eeeccae6d597d0d0fb19f8072274f1fae2b409b1ec08ae6ec951
assets/textures/textures_webapp/pokemon/roaring-moon/sprite.png,assets/textures/textures_webapp/pokemon/roaring-moon/sprite.webp,96,96,4055,1414,2641,65.1295,false,below-byte-threshold,d7d93fd0091963dc24e73dc59a0374000c7ff1b64bc9fc888c84c67a574e350a
assets/textures/textures_webapp/pokemon/terapagos-stellar/sprite-shiny.png,assets/textures/textures_webapp/pokemon/terapagos-stellar/sprite-shiny.webp,96,96,4315,1680,2635,61.0660,false,below-byte-threshold,2b0ffaf309ccbf358215cb80e651dc3ec695f955b0d7e23e5acd01ca350ee15d
assets/textures/textures_webapp/pokemon/roaring-moon/sprite-shiny.png,assets/textures/textures_webapp/pokemon/roaring-moon/sprite-shiny.webp,96,96,4039,1406,2633,65.1894,false,below-byte-threshold,98c07bb3399e9fc5a46b93faa1c9625ca15cde0a418dc34019a2928bd703765c
assets/textures/textures_webapp/pokemon/iron-moth/sprite.png,assets/textures/textures_webapp/pokemon/iron-moth/sprite.webp,96,96,3906,1300,2606,66.7179,false,below-byte-threshold,19cfe27e40f354b86134b7d4364ec2981ef189ce952f4324b12887e1a390db18
assets/textures/textures_webapp/pokemon/iron-moth/sprite-shiny.png,assets/textures/textures_webapp/pokemon/iron-moth/sprite-shiny.webp,96,96,3876,1318,2558,65.9959,false,below-byte-threshold,8f01d99a4503224c9bb2019413e54568c22d9f3ff22af9462778a82d333f5d32
assets/textures/textures_webapp/pokemon/ursaluna-bloodmoon/sprite-shiny.png,assets/textures/textures_webapp/pokemon/ursaluna-bloodmoon/sprite-shiny.webp,96,96,3786,1276,2510,66.2969,false,below-byte-threshold,6517654fa50cf8905328568c1e9811f6d4f12e23da0e1fe3705f36f645ea3351
assets/textures/textures_webapp/pokemon/okidogi/sprite-shiny.png,assets/textures/textures_webapp/pokemon/okidogi/sprite-shiny.webp,96,96,3761,1348,2413,64.1585,false,below-byte-threshold,b8007eb866de582bc2b3b924eb6f4b51c9ee7dd126fa5e4bea160d0d9039ec61
assets/textures/textures_webapp/pokemon/ursaluna-bloodmoon/sprite.png,assets/textures/textures_webapp/pokemon/ursaluna-bloodmoon/sprite.webp,96,96,3681,1282,2399,65.1725,false,below-byte-threshold,5affa9a0a322949059ccedaab9914e11178ca8d260601311fe2dbdc2df8f355c
assets/textures/textures_webapp/pokemon/dondozo/sprite.png,assets/textures/textures_webapp/pokemon/dondozo/sprite.webp,96,96,3639,1244,2395,65.8148,false,below-byte-threshold,1cedd3cc58560b16d6da0283a5195e0e29a3f7a1defdc48eaf45f930e55418fa
assets/textures/textures_webapp/pokemon/okidogi/sprite.png,assets/textures/textures_webapp/pokemon/okidogi/sprite.webp,96,96,3723,1350,2373,63.7389,false,below-byte-threshold,aab2c8328071c07dd0978aef70d3c6ff3c67471d4325b35eed46a1492c962feb
assets/textures/textures_webapp/pokemon/dondozo/sprite-shiny.png,assets/textures/textures_webapp/pokemon/dondozo/sprite-shiny.webp,96,96,3609,1242,2367,65.5860,false,below-byte-threshold,30f57c14b6300b098366d37af1f2af04ef26a381a47f7803e564dc7382ed9f16
assets/textures/textures_webapp/pokemon/ting-lu/sprite-shiny.png,assets/textures/textures_webapp/pokemon/ting-lu/sprite-shiny.webp,96,96,3455,1192,2263,65.4993,false,below-byte-threshold,ff6ee233e6cc092fb55ca5155a8ea9baa1a8f25889c0da212a881bbfb5ece035
assets/textures/textures_webapp/pokemon/terapagos-terastal/sprite-shiny.png,assets/textures/textures_webapp/pokemon/terapagos-terastal/sprite-shiny.webp,96,96,3358,1116,2242,66.7659,false,below-byte-threshold,be2a875e38e83c2dbdad21a63eb22001c7b39cf93d2cc8494da629cde0e21f14
assets/textures/textures_webapp/pokemon/iron-hands/sprite.png,assets/textures/textures_webapp/pokemon/iron-hands/sprite.webp,96,96,3631,1464,2167,59.6805,false,below-byte-threshold,132683b0d9f8a6739b4c8402bd3525f436553247bd78e4c67ec495cc928cab18
assets/textures/textures_webapp/pokemon/gholdengo/sprite-shiny.png,assets/textures/textures_webapp/pokemon/gholdengo/sprite-shiny.webp,96,96,3174,1018,2156,67.9269,false,below-byte-threshold,c8fc6eee1006b6cbc7cd474f14e5c8479766161f5d6d90bbc49f5033921e9d54
assets/textures/textures_webapp/pokemon/terapagos-terastal/sprite.png,assets/textures/textures_webapp/pokemon/terapagos-terastal/sprite.webp,96,96,3267,1128,2139,65.4729,false,below-byte-threshold,29215def5fc197e51615574b8b554b2006496c1a81db9548ce11a0ecde917568
assets/textures/textures_webapp/pokemon/hydrapple/sprite-shiny.png,assets/textures/textures_webapp/pokemon/hydrapple/sprite-shiny.webp,96,96,3238,1102,2136,65.9666,false,below-byte-threshold,d49834f4a094a3c7bef2e350952d86e56725ae3ffc85dbf96a082c6ff8c77ae8
assets/textures/textures_webapp/pokemon/galarian-rapidash/sprite.png,assets/textures/textures_webapp/pokemon/galarian-rapidash/sprite.webp,96,96,3331,1196,2135,64.0949,false,below-byte-threshold,f0ea091e1d540404595a2e09291998c6e7dcfa7fff7a712c40c695dbb998a123
assets/textures/textures_webapp/pokemon/galarian-rapidash/sprite-shiny.png,assets/textures/textures_webapp/pokemon/galarian-rapidash/sprite-shiny.webp,96,96,3337,1202,2135,63.9796,false,below-byte-threshold,bf3f1c61cebbd966922fd7bcafe33344983a34dd27977c171374026425fec28e
assets/textures/textures_webapp/pokemon/gholdengo/sprite.png,assets/textures/textures_webapp/pokemon/gholdengo/sprite.webp,96,96,3132,1006,2126,67.8799,false,below-byte-threshold,d4f77f30bf4ff15165380f62237280123ce32f6538c40f8a7793fd702f059c9a
assets/textures/textures_webapp/pokemon/iron-hands/sprite-shiny.png,assets/textures/textures_webapp/pokemon/iron-hands/sprite-shiny.webp,96,96,3586,1466,2120,59.1188,false,below-byte-threshold,b3ed6b03d094ba9ea088dca8cffe392fb0d8c014e259d95abd230b7e37356538
assets/textures/textures_webapp/pokemon/skeledirge/sprite-shiny.png,assets/textures/textures_webapp/pokemon/skeledirge/sprite-shiny.webp,96,96,3336,1218,2118,63.4892,false,below-byte-threshold,cb3202225f50ab85697d1ac9980236f44405deb4ac77464ccf65e406fe46601b
assets/textures/textures_webapp/pokemon/great-tusk/sprite-shiny.png,assets/textures/textures_webapp/pokemon/great-tusk/sprite-shiny.webp,96,96,3355,1244,2111,62.9210,false,below-byte-threshold,c313b64fcdfffef386e1c517d408550fc2255ae04673e5296b388b770aaa23c5
assets/textures/textures_webapp/pokemon/hydrapple/sprite.png,assets/textures/textures_webapp/pokemon/hydrapple/sprite.webp,96,96,3205,1096,2109,65.8034,false,below-byte-threshold,e129d7983f64eb0436d4a832cdf5eebe77e74e22ce6338f411eb4151375ed37b
assets/textures/textures_webapp/pokemon/chien-pao/sprite-shiny.png,assets/textures/textures_webapp/pokemon/chien-pao/sprite-shiny.webp,96,96,3245,1136,2109,64.9923,false,below-byte-threshold,1be7b680b9f97dc1eb279a54520052732b0ae6eb6c7a50de8e17f907de203cea
assets/textures/textures_webapp/pokemon/garganacl/sprite-shiny.png,assets/textures/textures_webapp/pokemon/garganacl/sprite-shiny.webp,96,96,3314,1208,2106,63.5486,false,below-byte-threshold,578709591cb088ccd8f49fe7750b2ad350001633303611909d328aafc4f4166e
assets/textures/textures_webapp/pokemon/great-tusk/sprite.png,assets/textures/textures_webapp/pokemon/great-tusk/sprite.webp,96,96,3353,1250,2103,62.7200,false,below-byte-threshold,d0818744ac98c5c4c093c14526127f52aaf59a233610f7f5679a731a4db65c5f
assets/textures/textures_webapp/pokemon/ceruledge/sprite-shiny.png,assets/textures/textures_webapp/pokemon/ceruledge/sprite-shiny.webp,96,96,3212,1118,2094,65.1930,false,below-byte-threshold,df7e8a9faf8500d979d6bfaf789e36c2988f61e2e32fb83c320f970af6d3a7da
assets/textures/textures_webapp/pokemon/ceruledge/sprite.png,assets/textures/textures_webapp/pokemon/ceruledge/sprite.webp,96,96,3211,1118,2093,65.1822,false,below-byte-threshold,e9942717764caaedbe4097ad0b3f75f63f5e29e75d85e56233115320e48e7186
assets/textures/textures_webapp/pokemon/spidops/sprite.png,assets/textures/textures_webapp/pokemon/spidops/sprite.webp,96,96,3110,1022,2088,67.1383,false,below-byte-threshold,2c12880fa4859ddf52e168519c0b300f673bd3a09a8d69552c1a16b75a73d5a1
assets/textures/textures_webapp/pokemon/garganacl/sprite.png,assets/textures/textures_webapp/pokemon/garganacl/sprite.webp,96,96,3284,1208,2076,63.2156,false,below-byte-threshold,741759d215da839a235b44ee46459120c909e31600779456325e7a68705fab90
assets/textures/textures_webapp/pokemon/arceus/sprite-fairy.png,assets/textures/textures_webapp/pokemon/arceus/sprite-fairy.webp,96,96,3230,1170,2060,63.7771,false,below-byte-threshold,4dd2ce9416da56819cad7ca88ba1136f76069dd353d9da849b8b9e5341aeb382
assets/textures/textures_webapp/pokemon/spidops/sprite-shiny.png,assets/textures/textures_webapp/pokemon/spidops/sprite-shiny.webp,96,96,3073,1024,2049,66.6775,false,below-byte-threshold,b226f634a43e4b6ccf5729ecd4ceca48f39d9cf4c95b3f10e3d205999bde48d1
assets/textures/textures_webapp/pokemon/chien-pao/sprite.png,assets/textures/textures_webapp/pokemon/chien-pao/sprite.webp,96,96,3185,1142,2043,64.1444,false,below-byte-threshold,865fc614bf1bd11d804d9f4845ef04d529501e145c4f8f5b090316382282d234
assets/textures/textures_webapp/pokemon/tyrunt/sprite-shiny.png,assets/textures/textures_webapp/pokemon/tyrunt/sprite-shiny.webp,96,96,2894,884,2010,69.4540,false,below-byte-threshold,42447d0cc74fcc026e63f4fca94a093261aae75d771b71779a8308b57f3ed36f
assets/textures/textures_webapp/pokemon/fezandipiti/sprite.png,assets/textures/textures_webapp/pokemon/fezandipiti/sprite.webp,96,96,3025,1024,2001,66.1488,false,below-byte-threshold,9a0c9864d9deed0d1b27e4cd5f547f65ebfbbaca3cf932da1d34977f961541ce
assets/textures/textures_webapp/pokemon/iron-valiant/sprite-shiny.png,assets/textures/textures_webapp/pokemon/iron-valiant/sprite-shiny.webp,96,96,3172,1174,1998,62.9887,false,below-byte-threshold,b7d78fa6ccee6721399f68a53720e6cede3895e727707d6f4f7cfedc635fa449
assets/textures/textures_webapp/pokemon/fezandipiti/sprite-shiny.png,assets/textures/textures_webapp/pokemon/fezandipiti/sprite-shiny.webp,96,96,3023,1026,1997,66.0602,false,below-byte-threshold,5bdb1af78b18c5551106980469d2fc04acc1ab549a2e44a3f3b49fed56bb70da
assets/textures/textures_webapp/pokemon/meowscarada/sprite.png,assets/textures/textures_webapp/pokemon/meowscarada/sprite.webp,96,96,2994,1024,1970,65.7983,false,below-byte-threshold,f6c9f70bad253f845c4fe64966ee40ed83897642b2ccc4b283a12aaac6d42050
assets/textures/textures_webapp/pokemon/quaquaval/sprite-shiny.png,assets/textures/textures_webapp/pokemon/quaquaval/sprite-shiny.webp,96,96,3001,1034,1967,65.5448,false,below-byte-threshold,12077d99029f04f17a16fdf1bc886b26e1ffdb44def566a605eabefc9b6ced71
assets/textures/textures_webapp/pokemon/iron-valiant/sprite.png,assets/textures/textures_webapp/pokemon/iron-valiant/sprite.webp,96,96,3147,1184,1963,62.3769,false,below-byte-threshold,f4b1f0680444a0d7f6616de7d9f32e77db7fdff1c855511ce1729d42c2c78bf0
assets/textures/textures_webapp/pokemon/iron-jugulis/sprite.png,assets/textures/textures_webapp/pokemon/iron-jugulis/sprite.webp,96,96,3258,1296,1962,60.2210,false,below-byte-threshold,4cfad89effafdee0aba93bfc0d0be1042bf222b580fc598e569fc94b872717af
assets/textures/textures_webapp/pokemon/quaquaval/sprite.png,assets/textures/textures_webapp/pokemon/quaquaval/sprite.webp,96,96,2988,1036,1952,65.3280,false,below-byte-threshold,345f23fdbc652bd57abb1a6de6eb4c6792fe21a06c0e907ab55a183b3ec4a912
assets/textures/textures_webapp/pokemon/cramorant-gulping/sprite.png,assets/textures/textures_webapp/pokemon/cramorant-gulping/sprite.webp,96,96,2752,808,1944,70.6395,false,below-byte-threshold,86c3f4444591ea61f0e67dbdb8ac49d05b58d5336821b3cfc5bde6e10da59391
assets/textures/textures_webapp/pokemon/cetitan/sprite-shiny.png,assets/textures/textures_webapp/pokemon/cetitan/sprite-shiny.webp,96,96,3067,1124,1943,63.3518,false,below-byte-threshold,15104483bc8a9ae0359c666d3d679c657acb5cd07fae519e88e05c4254f7b08c
assets/textures/textures_webapp/pokemon/meowscarada/sprite-shiny.png,assets/textures/textures_webapp/pokemon/meowscarada/sprite-shiny.webp,96,96,2956,1020,1936,65.4939,false,below-byte-threshold,361840c5dc5b9f55fe4d611335efd2b72718c04ea0a799058939f6c7ffc17a61
assets/textures/textures_webapp/pokemon/iron-jugulis/sprite-shiny.png,assets/textures/textures_webapp/pokemon/iron-jugulis/sprite-shiny.webp,96,96,3243,1312,1931,59.5436,false,below-byte-threshold,3a798cab0d58f1105960a726194e0ed2c79c418c56d1675d0a845b52833f4c5b
assets/textures/textures_webapp/pokemon/walking-wake/sprite-shiny.png,assets/textures/textures_webapp/pokemon/walking-wake/sprite-shiny.webp,96,96,3348,1426,1922,57.4074,false,below-byte-threshold,991f5a282f17fdc7beb1e8c747eb118c1aeb7f6d453b75d3d9ef7cfb8fba1d4d
assets/textures/textures_webapp/pokemon/walking-wake/sprite.png,assets/textures/textures_webapp/pokemon/walking-wake/sprite.webp,96,96,3349,1434,1915,57.1812,false,below-byte-threshold,ca1a64148d11a295ea3f6d08d758bb569fd535aba5ccd4b2939752f84ec7a01d
assets/textures/textures_webapp/pokemon/cramorant-gorging/sprite.png,assets/textures/textures_webapp/pokemon/cramorant-gorging/sprite.webp,96,96,2909,996,1913,65.7614,false,below-byte-threshold,2141525f6d6011063aab034681e74562fff693a1a7c488691afa24963af4adfa
assets/textures/textures_webapp/pokemon/arceus/sprite-fairy-shiny.png,assets/textures/textures_webapp/pokemon/arceus/sprite-fairy-shiny.webp,96,96,3075,1170,1905,61.9512,false,below-byte-threshold,194acbc94bd72bbbd8b99b3070ffc519d74a5bc67065dbc41c07c012ef581f71
assets/textures/textures_webapp/pokemon/cramorant-gorging/sprite-shiny.png,assets/textures/textures_webapp/pokemon/cramorant-gorging/sprite-shiny.webp,96,96,2909,1010,1899,65.2802,false,below-byte-threshold,9f82919de355c96f80f5b9dc53c87f2a1f0092893a2aa6b6cd7d0934a3f1df73
assets/textures/textures_webapp/pokemon/cetitan/sprite.png,assets/textures/textures_webapp/pokemon/cetitan/sprite.webp,96,96,3033,1134,1899,62.6113,false,below-byte-threshold,febf0aad4caee773d39e12c91d708ced4187465cb03ba60649a0ed9a4a45e33f
assets/textures/textures_webapp/pokemon/raging-bolt/sprite.png,assets/textures/textures_webapp/pokemon/raging-bolt/sprite.webp,96,96,3318,1422,1896,57.1429,false,below-byte-threshold,eedb372d3f88da6aec89e9bd126d2fa649ae86892b7c73fa34104cb6785647d6
assets/textures/textures_webapp/pokemon/cramorant-gulping/sprite-shiny.png,assets/textures/textures_webapp/pokemon/cramorant-gulping/sprite-shiny.webp,96,96,2717,824,1893,69.6724,false,below-byte-threshold,84236fbd8a564398f3fe2c79f21e6b22aaccf09d34664986cd4b2597b71d0f77
assets/textures/textures_webapp/pokemon/armarouge/sprite-shiny.png,assets/textures/textures_webapp/pokemon/armarouge/sprite-shiny.webp,96,96,2907,1016,1891,65.0499,false,below-byte-threshold,f6218d3997ea5102f91f347010543a5861df28a33b409ff2925406192d630556
assets/textures/textures_webapp/pokemon/baxcalibur/sprite.png,assets/textures/textures_webapp/pokemon/baxcalibur/sprite.webp,96,96,2928,1042,1886,64.4126,false,below-byte-threshold,9b02ce3cce4cf0e059bbcc90ab93b6fe5237629613eb3437864080751684dea1
assets/textures/textures_webapp/pokemon/sandy-shocks/sprite.png,assets/textures/textures_webapp/pokemon/sandy-shocks/sprite.webp,96,96,3203,1322,1881,58.7262,false,below-byte-threshold,9cae46fba911bd10feb5a8cfffc520f7f3dc63cb7f8c5c46eb57be243e394340
assets/textures/textures_webapp/pokemon/iron-treads/sprite-shiny.png,assets/textures/textures_webapp/pokemon/iron-treads/sprite-shiny.webp,96,96,3000,1120,1880,62.6667,false,below-byte-threshold,b07ca4e9d4df0bfbd5a22188387c78d880e604c63839be490f3e9413208e8bf6
assets/textures/textures_webapp/pokemon/baxcalibur/sprite-shiny.png,assets/textures/textures_webapp/pokemon/baxcalibur/sprite-shiny.webp,96,96,2923,1046,1877,64.2148,false,below-byte-threshold,a0137b237f80dc460c46a100c40527757ea63130a7298e79fb61b197a1c0b734
assets/textures/textures_webapp/pokemon/iron-treads/sprite.png,assets/textures/textures_webapp/pokemon/iron-treads/sprite.webp,96,96,2991,1114,1877,62.7549,false,below-byte-threshold,7b674c0a7e8e42a9315c1b775a4330eb8cf24041c2aa52a918d80907638db740
assets/textures/textures_webapp/pokemon/armarouge/sprite.png,assets/textures/textures_webapp/pokemon/armarouge/sprite.webp,96,96,2908,1032,1876,64.5117,false,below-byte-threshold,559c12a5762b4ea04a6e468ddbf8cbf7b4a76da21f9a68524e556cebfc4e610a
assets/textures/textures_webapp/pokemon/raging-bolt/sprite-shiny.png,assets/textures/textures_webapp/pokemon/raging-bolt/sprite-shiny.webp,96,96,3311,1436,1875,56.6294,false,below-byte-threshold,f12a6ea4d1bd99d309d71ae7a5fe58815157832c03a0306c26bfb2efbbd77978
assets/textures/textures_webapp/pokemon/sandy-shocks/sprite-shiny.png,assets/textures/textures_webapp/pokemon/sandy-shocks/sprite-shiny.webp,96,96,3149,1296,1853,58.8441,false,below-byte-threshold,36d07659d46bf9c135ba31cd399fbe8380fd63f67963db01c49877caa76170a7
assets/textures/textures_webapp/pokemon/tinkaton/sprite.png,assets/textures/textures_webapp/pokemon/tinkaton/sprite.webp,96,96,3160,1330,1830,57.9114,false,below-byte-threshold,af56ad141753e4449594518a7c59aee4fe4875f9c428719edec5035ef71da3d5
assets/textures/textures_webapp/pokemon/arceus/sprite-psychic-shiny.png,assets/textures/textures_webapp/pokemon/arceus/sprite-psychic-shiny.webp,96,96,2963,1144,1819,61.3905,false,below-byte-threshold,521a1e5a17fb6b35bc378d0fd47b3f5df1115dfcc56c77d4abfada32b16c553c
assets/textures/textures_webapp/pokemon/arceus/sprite-electric.png,assets/textures/textures_webapp/pokemon/arceus/sprite-electric.webp,96,96,2958,1146,1812,61.2576,false,below-byte-threshold,4bec2efe6b97a716eb3045292d2a75c6779adebff575320cef2d8b16ec813b0e
assets/textures/textures_webapp/pokemon/arceus/sprite-steel-shiny.png,assets/textures/textures_webapp/pokemon/arceus/sprite-steel-shiny.webp,96,96,2952,1144,1808,61.2466,false,below-byte-threshold,1988343293f5251a2f3b52f626d1d0e2b66c9b9dbcd88aefcbce5b68af6e8957
assets/textures/textures_webapp/pokemon/arceus/sprite-poison-shiny.png,assets/textures/textures_webapp/pokemon/arceus/sprite-poison-shiny.webp,96,96,2965,1158,1807,60.9444,false,below-byte-threshold,2b86f1cb6e98b0a14e252f44d7fcfcc36cfca9088e048ee73a4b67083eb24ddd
assets/textures/textures_webapp/pokemon/arceus/sprite-ice-shiny.png,assets/textures/textures_webapp/pokemon/arceus/sprite-ice-shiny.webp,96,96,2956,1154,1802,60.9608,false,below-byte-threshold,443c497b3f48ee9d838583af2efc9f0ce2393d6bc9434fb9187671bd6422d7a7
assets/textures/textures_webapp/pokemon/tinkaton/sprite-shiny.png,assets/textures/textures_webapp/pokemon/tinkaton/sprite-shiny.webp,96,96,3146,1346,1800,57.2155,false,below-byte-threshold,21a75787b1de734242078efb2929ea6416816f7892a6744001023cc369666533
assets/textures/textures_webapp/pokemon/wyrdeer/sprite-shiny.png,assets/textures/textures_webapp/pokemon/wyrdeer/sprite-shiny.webp,96,96,2947,1154,1793,60.8415,false,below-byte-threshold,99edbda7f63550b54bb389d32a613ff8320a242dfcd9b3014fb59bfbe424186f
assets/textures/textures_webapp/pokemon/arceus/sprite-ground.png,assets/textures/textures_webapp/pokemon/arceus/sprite-ground.webp,96,96,2946,1156,1790,60.7604,false,below-byte-threshold,8782de8f2e926b87b3b45ecea1e65dca91584b324ceafec5345a53dbd075b7c1
assets/textures/textures_webapp/pokemon/arceus/sprite-ghost-shiny.png,assets/textures/textures_webapp/pokemon/arceus/sprite-ghost-shiny.webp,96,96,2926,1140,1786,61.0390,false,below-byte-threshold,19e4bd6ef425d596af1794863e15f7630f65c5e5f78efa18ac7787e51a3f512d
assets/textures/textures_webapp/pokemon/arceus/sprite-water-shiny.png,assets/textures/textures_webapp/pokemon/arceus/sprite-water-shiny.webp,96,96,2925,1140,1785,61.0256,false,below-byte-threshold,43b2214d82d30799987f4225daa2370cad777b7d447f6d3820de6f89a5e76401
assets/textures/textures_webapp/pokemon/arceus/sprite-psychic.png,assets/textures/textures_webapp/pokemon/arceus/sprite-psychic.webp,96,96,2939,1154,1785,60.7349,false,below-byte-threshold,5d37ccb8a43dd2f075e9f098ac31ac42f8fcc4a7d71ca18435843be2f2851020
assets/textures/textures_webapp/pokemon/arceus/sprite-flying-shiny.png,assets/textures/textures_webapp/pokemon/arceus/sprite-flying-shiny.webp,96,96,2928,1146,1782,60.8607,false,below-byte-threshold,ef5a8432eb5e373623330b2a3037d257f3b3d63e838c7ccb08a96c75e4d4440f
assets/textures/textures_webapp/pokemon/palafin-hero/sprite-shiny.png,assets/textures/textures_webapp/pokemon/palafin-hero/sprite-shiny.webp,96,96,2775,996,1779,64.1081,false,below-byte-threshold,67ebcf06f03cb0590fe8ee3d17c7b64a23ce13ec15398a24a548bbb44f07eb29
assets/textures/textures_webapp/pokemon/arceus/sprite-ground-shiny.png,assets/textures/textures_webapp/pokemon/arceus/sprite-ground-shiny.webp,96,96,2932,1154,1778,60.6412,false,below-byte-threshold,572981e923f596da2d2528bb986da2010d964a62285fb4d792ab7b94bf162641
assets/textures/textures_webapp/pokemon/arceus/sprite-fighting.png,assets/textures/textures_webapp/pokemon/arceus/sprite-fighting.webp,96,96,2915,1138,1777,60.9605,false,below-byte-threshold,900be4709dd03b2c2956915ed217dfc42c71c2ca106baee6d53bb7e45f346fda
assets/textures/textures_webapp/pokemon/arceus/sprite-dragon-shiny.png,assets/textures/textures_webapp/pokemon/arceus/sprite-dragon-shiny.webp,96,96,2929,1152,1777,60.6692,false,below-byte-threshold,50eb6715499b8b0bd78d0451c2d02435d0d288a87b90ab6fb9ab44c89f6c02cc
assets/textures/textures_webapp/pokemon/arceus/sprite-ice.png,assets/textures/textures_webapp/pokemon/arceus/sprite-ice.webp,96,96,2907,1132,1775,61.0595,false,below-byte-threshold,3a89169e087265876adc9c7c41d2a3a2a40a397fde2b0fbd2e271156b363bab4
assets/textures/textures_webapp/pokemon/arceus/sprite-dark-shiny.png,assets/textures/textures_webapp/pokemon/arceus/sprite-dark-shiny.webp,96,96,2928,1154,1774,60.5874,false,below-byte-threshold,2caa28309b12e131e4a9f30c097f7c8c622254aac67b7c886bd091658abe12c6
assets/textures/textures_webapp/pokemon/arceus/sprite-poison.png,assets/textures/textures_webapp/pokemon/arceus/sprite-poison.webp,96,96,2920,1150,1770,60.6164,false,below-byte-threshold,efdb85aff3c13561cb8bd6ee2daf4dc223cd185cfdb697908ea94ed7aedeae67
assets/textures/textures_webapp/pokemon/palafin-hero/sprite.png,assets/textures/textures_webapp/pokemon/palafin-hero/sprite.webp,96,96,2760,992,1768,64.0580,false,below-byte-threshold,c63b1fceb9686dac4ab59af8b44d8472d97391870f75a22a053ea180bc9d4a00
assets/textures/textures_webapp/pokemon/arceus/sprite-dragon.png,assets/textures/textures_webapp/pokemon/arceus/sprite-dragon.webp,96,96,2922,1154,1768,60.5065,false,below-byte-threshold,ec2f49bd96bc418c85bc87bb41ff20fef1df0bd81861f11f9b09205dc6e0b5f4
assets/textures/textures_webapp/pokemon/arceus/sprite-fighting-shiny.png,assets/textures/textures_webapp/pokemon/arceus/sprite-fighting-shiny.webp,96,96,2919,1152,1767,60.5344,false,below-byte-threshold,e250e706998c27ae1fdaa935d8b99a89ddc43ba71689a6e6290b8be0066ee878
assets/textures/textures_webapp/pokemon/arceus/sprite-bug.png,assets/textures/textures_webapp/pokemon/arceus/sprite-bug.webp,96,96,2919,1154,1765,60.4659,false,below-byte-threshold,d2379e5330745cdf5807ec1e5a528750c1f7f0c489d92b66298a23f6a89424b2
assets/textures/textures_webapp/pokemon/arceus/sprite-bug-shiny.png,assets/textures/textures_webapp/pokemon/arceus/sprite-bug-shiny.webp,96,96,2909,1150,1759,60.4675,false,below-byte-threshold,a2df55e6fc8668d4487a89eb66451e8d5e611c5633b2d7d2552f8bd39b301d9c
assets/textures/textures_webapp/pokemon/arceus/sprite-flying.png,assets/textures/textures_webapp/pokemon/arceus/sprite-flying.webp,96,96,2906,1148,1758,60.4955,false,below-byte-threshold,91a9f9b31a49b8402b27d1509a321b6b432bafe0671d29268fe697036fd08cf9
assets/textures/textures_webapp/pokemon/arceus/sprite-rock-shiny.png,assets/textures/textures_webapp/pokemon/arceus/sprite-rock-shiny.webp,96,96,2904,1148,1756,60.4683,false,below-byte-threshold,892317906a87e71deb062dfca739ba2b428ceb4b6368dfb9b42d9111d47804cd
assets/textures/textures_webapp/pokemon/arceus/sprite-grass.png,assets/textures/textures_webapp/pokemon/arceus/sprite-grass.webp,96,96,2899,1148,1751,60.4001,false,below-byte-threshold,dd798f5add27f39de2dda4659a42733e343447fbb452c7bd48c77c97f13f24bf
assets/textures/textures_webapp/pokemon/arceus/sprite-electric-shiny.png,assets/textures/textures_webapp/pokemon/arceus/sprite-electric-shiny.webp,96,96,2876,1126,1750,60.8484,false,below-byte-threshold,007af4f15d5925639537652b6001dd6e57a08d27d598f36d2b0d2a127feb2b0d
assets/textures/textures_webapp/pokemon/arceus/sprite-water.png,assets/textures/textures_webapp/pokemon/arceus/sprite-water.webp,96,96,2888,1140,1748,60.5263,false,below-byte-threshold,ffb7c6735afafc22dcd8661ff8b43d0ab74c5d9895caa85649243d34af991ee4
assets/textures/textures_webapp/pokemon/arceus/sprite-grass-shiny.png,assets/textures/textures_webapp/pokemon/arceus/sprite-grass-shiny.webp,96,96,2897,1150,1747,60.3038,false,below-byte-threshold,c247e40f9fdd93bf423ecafc764ca0f6baa6619f3d0fcfb267ec6f8348aa31ac
assets/textures/textures_webapp/pokemon/arceus/sprite-ghost.png,assets/textures/textures_webapp/pokemon/arceus/sprite-ghost.webp,96,96,2901,1154,1747,60.2206,false,below-byte-threshold,86b7b65193a063bedfc7bcf0e062403029ac26a8ef2e9a9a2807807e9b021d1f
assets/textures/textures_webapp/pokemon/arceus/sprite-fire.png,assets/textures/textures_webapp/pokemon/arceus/sprite-fire.webp,96,96,2891,1148,1743,60.2906,false,below-byte-threshold,7deae8527ad6f3e3377573f6675559f38fe4134002c6a714aa0445931e5d5943
assets/textures/textures_webapp/pokemon/arceus/sprite-dark.png,assets/textures/textures_webapp/pokemon/arceus/sprite-dark.webp,96,96,2888,1148,1740,60.2493,false,below-byte-threshold,252cbc83870845675c08942fcb04cc791f275677956ad3ac9745aed9523aca6c
assets/textures/textures_webapp/pokemon/xerneas/sprite-shiny.png,assets/textures/textures_webapp/pokemon/xerneas/sprite-shiny.webp,96,96,2998,1270,1728,57.6384,false,below-byte-threshold,0a6dfacd07aee66bdbb07843bb507fbbdd16d0e3665aa59a4c1f867db172bb71
assets/textures/textures_webapp/pokemon/arceus/sprite-fire-shiny.png,assets/textures/textures_webapp/pokemon/arceus/sprite-fire-shiny.webp,96,96,2870,1152,1718,59.8606,false,below-byte-threshold,acaede16e972f4524c00ec262d1724d696d1ff26f6f714519e61a6ec018d49e0
assets/textures/textures_webapp/pokemon/arceus/sprite-rock.png,assets/textures/textures_webapp/pokemon/arceus/sprite-rock.webp,96,96,2855,1150,1705,59.7198,false,below-byte-threshold,e654ecab5250e3494972a7fb660475a2ca8f6d24342178eb280215ed633a647c
assets/textures/textures_webapp/pokemon/diancie/sprite-shiny.png,assets/textures/textures_webapp/pokemon/diancie/sprite-shiny.webp,96,96,2534,838,1696,66.9298,false,below-byte-threshold,80fe38e0d8c2074fad99d7b47a1e01eab01c3a80ea72689004fdcfa63fdfb909
assets/textures/textures_webapp/pokemon/bombirdier/sprite-shiny.png,assets/textures/textures_webapp/pokemon/bombirdier/sprite-shiny.webp,96,96,2644,970,1674,63.3132,false,below-byte-threshold,93e69a375e2bf3948d4e0a83b3f7adb70d51f67da9439c514be169ca57da1887
assets/textures/textures_webapp/pokemon/arceus/sprite-steel.png,assets/textures/textures_webapp/pokemon/arceus/sprite-steel.webp,96,96,2701,1030,1671,61.8660,false,below-byte-threshold,85f1002129d773b4ac43e08dc3a962e278c3fb9a993cb10f3d43ceed54ea8f95
assets/textures/textures_webapp/pokemon/bombirdier/sprite.png,assets/textures/textures_webapp/pokemon/bombirdier/sprite.webp,96,96,2629,972,1657,63.0278,false,below-byte-threshold,c181eba226cda96164f9cbdd1ebcfe22a4b8e0bc2aea59666837dfd7020725bc
assets/textures/textures_webapp/pokemon/silvally/sprite-ghost-shiny.png,assets/textures/textures_webapp/pokemon/silvally/sprite-ghost-shiny.webp,96,96,2695,1050,1645,61.0390,false,below-byte-threshold,13f3bd91d5d5279c286e9f5db7cb01e59e61e70ab3feb4cc44ea51d69dd70e7f
assets/textures/textures_webapp/pokemon/arboliva/sprite.png,assets/textures/textures_webapp/pokemon/arboliva/sprite.webp,96,96,2732,1088,1644,60.1757,false,below-byte-threshold,fa833a9f30b7324914312bdb85b60ca1bdaec2861b7bbf53969c1ebb0246203e
assets/textures/textures_webapp/pokemon/tauros-paldea-aqua-breed/sprite-shiny.png,assets/textures/textures_webapp/pokemon/tauros-paldea-aqua-breed/sprite-shiny.webp,96,96,2557,914,1643,64.2550,false,below-byte-threshold,cafd171d5210ee2878f346390baa0314dd7b7b62b6b865f9a1622be5cf0bfeb5
assets/textures/textures_webapp/pokemon/klawf/sprite-shiny.png,assets/textures/textures_webapp/pokemon/klawf/sprite-shiny.webp,96,96,2584,944,1640,63.4675,false,below-byte-threshold,7135b78c7b871666f345923582e1c23142f9e1539977b0dc9df086690b729919
assets/textures/textures_webapp/pokemon/arboliva/sprite-shiny.png,assets/textures/textures_webapp/pokemon/arboliva/sprite-shiny.webp,96,96,2716,1090,1626,59.8675,false,below-byte-threshold,114c3c5b9bd9a8ecb06fd6f024311381e81cc0ad457ab9ebdc12994dcb1c210c
assets/textures/textures_webapp/pokemon/klawf/sprite.png,assets/textures/textures_webapp/pokemon/klawf/sprite.webp,96,96,2562,940,1622,63.3099,false,below-byte-threshold,07f46f2d9c1cc4f4df6f718166464cbdaddf750f723be8ad0748ef502f2ff7b2
assets/textures/textures_webapp/pokemon/flutter-mane/sprite.png,assets/textures/textures_webapp/pokemon/flutter-mane/sprite.webp,96,96,2445,824,1621,66.2986,false,below-byte-threshold,a709dffd38752e64d4ae43a85237f4792f0e1f27041374947dca81c1454cba15
assets/textures/textures_webapp/pokemon/flutter-mane/sprite-shiny.png,assets/textures/textures_webapp/pokemon/flutter-mane/sprite-shiny.webp,96,96,2444,824,1620,66.2848,false,below-byte-threshold,68972774e286c85357a43a2239c9e48dde4ce576cb68c2c059bfafc7a1ed8018
assets/textures/textures_webapp/pokemon/silvally/sprite-dark-shiny.png,assets/textures/textures_webapp/pokemon/silvally/sprite-dark-shiny.webp,96,96,2662,1042,1620,60.8565,false,below-byte-threshold,681d321108d4422ed5871ae3345e0f20b5ee7aa5904e52a32d8b65ae8cb02e7c
assets/textures/textures_webapp/pokemon/silvally/sprite-flying-shiny.png,assets/textures/textures_webapp/pokemon/silvally/sprite-flying-shiny.webp,96,96,2672,1052,1620,60.6287,false,below-byte-threshold,37631e586049230acfb90aed9a50dfd26c28a4fb4bf8a04652e5303df81d7dcb
assets/textures/textures_webapp/pokemon/tauros-paldea-aqua-breed/sprite.png,assets/textures/textures_webapp/pokemon/tauros-paldea-aqua-breed/sprite.webp,96,96,2531,912,1619,63.9668,false,below-byte-threshold,911a01fc260925f6534b38693de602fe099777fdccfac2384010608c6589552a
assets/textures/textures_webapp/pokemon/silvally/sprite-fire-shiny.png,assets/textures/textures_webapp/pokemon/silvally/sprite-fire-shiny.webp,96,96,2664,1048,1616,60.6607,false,below-byte-threshold,56b8af02ac299507aba407effb9aad28214e3189820060f9250cd6898113b830
assets/textures/textures_webapp/pokemon/silvally/sprite-electric-shiny.png,assets/textures/textures_webapp/pokemon/silvally/sprite-electric-shiny.webp,96,96,2668,1052,1616,60.5697,false,below-byte-threshold,ec8d067da04539475781524ba8492063e5864ae60ba835c741053a74d2532287
assets/textures/textures_webapp/pokemon/silvally/sprite-grass-shiny.png,assets/textures/textures_webapp/pokemon/silvally/sprite-grass-shiny.webp,96,96,2669,1056,1613,60.4346,false,below-byte-threshold,50ce7f05b12529481dfab98a92f7842553129badfb455c69bec5787c56c50f3d
assets/textures/textures_webapp/pokemon/silvally/sprite-ice-shiny.png,assets/textures/textures_webapp/pokemon/silvally/sprite-ice-shiny.webp,96,96,2657,1048,1609,60.5570,false,below-byte-threshold,1e14904181c2eb4ee915cbea77c21e105b18ba8fbed3e5d666b86cd8bd3f29e7
assets/textures/textures_webapp/pokemon/brute-bonnet/sprite-shiny.png,assets/textures/textures_webapp/pokemon/brute-bonnet/sprite-shiny.webp,96,96,2500,894,1606,64.2400,false,below-byte-threshold,7d5ceae08f1b69dfc2e6acda3a614476db79d2d9c7178788bbf9e658bd7bc663
assets/textures/textures_webapp/pokemon/ogerpon-hearthflame-mask/sprite.png,assets/textures/textures_webapp/pokemon/ogerpon-hearthflame-mask/sprite.webp,96,96,2662,1056,1606,60.3306,false,below-byte-threshold,90586714ff3f3092b92737c1b6e70a8a7b322d3224f9760763f79102bb74f775
assets/textures/textures_webapp/pokemon/slither-wing/sprite-shiny.png,assets/textures/textures_webapp/pokemon/slither-wing/sprite-shiny.webp,96,96,2820,1214,1606,56.9504,false,below-byte-threshold,d38c2ee381f79a94aa4d5953d26fd64757c99edaaf902f698b3e880c5dc535d8
assets/textures/textures_webapp/pokemon/silvally/sprite-dark.png,assets/textures/textures_webapp/pokemon/silvally/sprite-dark.webp,96,96,2651,1048,1603,60.4677,false,below-byte-threshold,221ab3d1d37221384b980fe616599bb86216287e6ed5085bc60d2c4135b7f57f
assets/textures/textures_webapp/pokemon/silvally/sprite-rock-shiny.png,assets/textures/textures_webapp/pokemon/silvally/sprite-rock-shiny.webp,96,96,2651,1048,1603,60.4677,false,below-byte-threshold,ec6959c321701a5c82c9c78aa85d0db0bf2fe7085aed76806fa8b0c21eb68b0b
assets/textures/textures_webapp/pokemon/silvally/sprite-poison-shiny.png,assets/textures/textures_webapp/pokemon/silvally/sprite-poison-shiny.webp,96,96,2652,1050,1602,60.4072,false,below-byte-threshold,14c2bf29c44ecae1a2570b565a87c1a89e77ad4d325bce403c89ad9d46ad0535
assets/textures/textures_webapp/pokemon/silvally/sprite-fairy-shiny.png,assets/textures/textures_webapp/pokemon/silvally/sprite-fairy-shiny.webp,96,96,2657,1056,1601,60.2559,false,below-byte-threshold,8789dab9a8c0361d604ff09ce918d025392a17c63a6df439b28414fd18eef032
assets/textures/textures_webapp/pokemon/silvally/sprite-water-shiny.png,assets/textures/textures_webapp/pokemon/silvally/sprite-water-shiny.webp,96,96,2659,1058,1601,60.2106,false,below-byte-threshold,41f2cb8efe1c2d3011a3ed39a57de4b288d5145ce0cebe77a085cf11def9194b
assets/textures/textures_webapp/pokemon/silvally/sprite-steel-shiny.png,assets/textures/textures_webapp/pokemon/silvally/sprite-steel-shiny.webp,96,96,2648,1048,1600,60.4230,false,below-byte-threshold,10f217bc45de68e3a14af84324e6be87bb42b4266ca6bf93c44b3b0f31a1826a
assets/textures/textures_webapp/pokemon/silvally/sprite-fighting.png,assets/textures/textures_webapp/pokemon/silvally/sprite-fighting.webp,96,96,2639,1040,1599,60.5911,false,below-byte-threshold,4c988b37408b4e690dce09dbddc541dd84d79ffb7d373cd48d77a851a0e94b8f
assets/textures/textures_webapp/pokemon/silvally/sprite-dragon-shiny.png,assets/textures/textures_webapp/pokemon/silvally/sprite-dragon-shiny.webp,96,96,2657,1060,1597,60.1054,false,below-byte-threshold,b63c64526fb8a492f92c729a739c3d09c0a7ca142f5f6dbd55a46cd119601b9a
assets/textures/textures_webapp/pokemon/floragato/sprite.png,assets/textures/textures_webapp/pokemon/floragato/sprite.webp,96,96,2348,756,1592,67.8024,false,below-byte-threshold,30a4e0aeae16ea3345d846d4c36fe7c5e05a1985d84c68c0778a7dd8b330c830
assets/textures/textures_webapp/pokemon/brute-bonnet/sprite.png,assets/textures/textures_webapp/pokemon/brute-bonnet/sprite.webp,96,96,2500,910,1590,63.6000,false,below-byte-threshold,6f79c7c7463fe4ae417498640716173f71abc5b6db1e4675ac70a9ca7f7dc55c
assets/textures/textures_webapp/pokemon/silvally/sprite-fighting-shiny.png,assets/textures/textures_webapp/pokemon/silvally/sprite-fighting-shiny.webp,96,96,2642,1052,1590,60.1817,false,below-byte-threshold,cd5b2f9a051adcfd294cdda544b66d6f1ae97306321a64e1ae7d9ec523695ea8
assets/textures/textures_webapp/pokemon/silvally/sprite-bug-shiny.png,assets/textures/textures_webapp/pokemon/silvally/sprite-bug-shiny.webp,96,96,2641,1052,1589,60.1666,false,below-byte-threshold,3b9a898a99e85db8e937cb8e24dc7a013fd5272ff82ddfac9caede03c71b2ca6
assets/textures/textures_webapp/pokemon/silvally/sprite-ground.png,assets/textures/textures_webapp/pokemon/silvally/sprite-ground.webp,96,96,2643,1054,1589,60.1211,false,below-byte-threshold,81478f64f372283a527d9d44c1ef2eb50273dd3b04a2ca7afd7a75dbb2de9d41
assets/textures/textures_webapp/pokemon/slither-wing/sprite.png,assets/textures/textures_webapp/pokemon/slither-wing/sprite.webp,96,96,2815,1226,1589,56.4476,false,below-byte-threshold,7696683c6aa01f731a4dcfb0aff01114ad81767b7849a636bf4f4604c76e7cb3
assets/textures/textures_webapp/pokemon/silvally/sprite-electric.png,assets/textures/textures_webapp/pokemon/silvally/sprite-electric.webp,96,96,2645,1058,1587,60.0000,false,below-byte-threshold,50417ac61cedbe04d06c1750a286c99b0db3f33c69866cacfe117beacd24d0c2
assets/textures/textures_webapp/pokemon/silvally/sprite-psychic-shiny.png,assets/textures/textures_webapp/pokemon/silvally/sprite-psychic-shiny.webp,96,96,2647,1060,1587,59.9547,false,below-byte-threshold,57428880b596b6847ad8287f0ee23d7a98a22fa4ea31b1736b7e237230b2f13a
assets/textures/textures_webapp/pokemon/silvally/sprite-fire.png,assets/textures/textures_webapp/pokemon/silvally/sprite-fire.webp,96,96,2640,1054,1586,60.0758,false,below-byte-threshold,fca632c92cc53dabb89cc91a30e4aa5d8016f3a0caed31327ba34d4d9f0a52a1
assets/textures/textures_webapp/pokemon/silvally/sprite-ground-shiny.png,assets/textures/textures_webapp/pokemon/silvally/sprite-ground-shiny.webp,96,96,2640,1054,1586,60.0758,false,below-byte-threshold,4ba8fd6a0ac15c9b6ff7d595180ab4d8a8b02b144ca09a111441ea8f02c50b8f
assets/textures/textures_webapp/pokemon/iron-boulder/sprite.png,assets/textures/textures_webapp/pokemon/iron-boulder/sprite.webp,96,96,2786,1202,1584,56.8557,false,below-byte-threshold,ef912b8973dc07e458629c5c1cc3622d56cd9074627390f5498265fc7d02816c
assets/textures/textures_webapp/pokemon/ogerpon-cornerstone-mask/sprite.png,assets/textures/textures_webapp/pokemon/ogerpon-cornerstone-mask/sprite.webp,96,96,2437,854,1583,64.9569,false,below-byte-threshold,07fbde45c334046138a0dfb05f9d30306d04cce7f43324544dce656aa7b6d0a7
assets/textures/textures_webapp/pokemon/silvally/sprite-psychic.png,assets/textures/textures_webapp/pokemon/silvally/sprite-psychic.webp,96,96,2631,1048,1583,60.1672,false,below-byte-threshold,bf8abbea6fc13b0f535697259aa22a9d5cdc766ee2c4dc8a51c37761229722bf
assets/textures/textures_webapp/pokemon/silvally/sprite-rock.png,assets/textures/textures_webapp/pokemon/silvally/sprite-rock.webp,96,96,2631,1048,1583,60.1672,false,below-byte-threshold,e365c4f220b43dc37b23b4e8868a24dd08ecd5916a184ffc753dfc425074ca10
assets/textures/textures_webapp/pokemon/silvally/sprite-grass.png,assets/textures/textures_webapp/pokemon/silvally/sprite-grass.webp,96,96,2635,1052,1583,60.0759,false,below-byte-threshold,29edd9c90dbde51aeaaeaa93af53fb14706cd06ba5035a530f69fa00ae8b808c
assets/textures/textures_webapp/pokemon/silvally/sprite-water.png,assets/textures/textures_webapp/pokemon/silvally/sprite-water.webp,96,96,2641,1058,1583,59.9394,false,below-byte-threshold,9d39d661165b52c28be1d5b92a8c04a2c05419a5db162e400f86afe79e4dc1cc
assets/textures/textures_webapp/pokemon/lokix/sprite.png,assets/textures/textures_webapp/pokemon/lokix/sprite.webp,96,96,2494,912,1582,63.4322,false,below-byte-threshold,87855a78b5e8b7734badce0b46df518dd5d8785414293b992e47afb442e72217
assets/textures/textures_webapp/pokemon/silvally/sprite-dragon.png,assets/textures/textures_webapp/pokemon/silvally/sprite-dragon.webp,96,96,2634,1052,1582,60.0607,false,below-byte-threshold,7f926a2aac90220b64d40d2b14d9194d61c6998f63b2b0f36b4dc6b03eb00321
assets/textures/textures_webapp/pokemon/silvally/sprite-bug.png,assets/textures/textures_webapp/pokemon/silvally/sprite-bug.webp,96,96,2638,1056,1582,59.9697,false,below-byte-threshold,3ebdf87bd9a6276e44c2ef1c10b3b2d5dd00e85747008a99e5b2d0afede15879
assets/textures/textures_webapp/pokemon/silvally/sprite-flying.png,assets/textures/textures_webapp/pokemon/silvally/sprite-flying.webp,96,96,2631,1050,1581,60.0912,false,below-byte-threshold,d3e3e40eab4ba1c6ab7acc50efb2d7a2a5bb952a2375a8487477da2ac8e95b97
assets/textures/textures_webapp/pokemon/revavroom/sprite.png,assets/textures/textures_webapp/pokemon/revavroom/sprite.webp,96,96,2645,1064,1581,59.7732,false,below-byte-threshold,3a0b36fc04a557d3eceeeb8d9cc738f3fc6c3f1d130573fab6498b93d6e1b4ce
assets/textures/textures_webapp/pokemon/silvally/sprite-ghost.png,assets/textures/textures_webapp/pokemon/silvally/sprite-ghost.webp,96,96,2630,1052,1578,60.0000,false,below-byte-threshold,4f166447777a716d779123f944f538d6087fecc817c1c9fe696cdaffb0bfaa2d
assets/textures/textures_webapp/pokemon/brambleghast/sprite.png,assets/textures/textures_webapp/pokemon/brambleghast/sprite.webp,96,96,2379,802,1577,66.2884,false,below-byte-threshold,6d550304a8d450ecbffd7ba609dbab79ba975c2f59073a354c47ed854d272dab
assets/textures/textures_webapp/pokemon/silvally/sprite-steel.png,assets/textures/textures_webapp/pokemon/silvally/sprite-steel.webp,96,96,2625,1048,1577,60.0762,false,below-byte-threshold,cfe2b87acec23dc08666361f5267ea1d13c8662b42dbd577f0d905c795e533da
assets/textures/textures_webapp/pokemon/lokix/sprite-shiny.png,assets/textures/textures_webapp/pokemon/lokix/sprite-shiny.webp,96,96,2498,924,1574,63.0104,false,below-byte-threshold,33dd5824f9b16974857fd8b8b824408409436ecd0643805250e11e8d6bab6a9d
assets/textures/textures_webapp/pokemon/silvally/sprite-fairy.png,assets/textures/textures_webapp/pokemon/silvally/sprite-fairy.webp,96,96,2625,1052,1573,59.9238,false,below-byte-threshold,0ec947eed71d6df8ab378c0b1b683eee96303abea574545af0beb68d4f0ab692
assets/textures/textures_webapp/pokemon/silvally/sprite-poison.png,assets/textures/textures_webapp/pokemon/silvally/sprite-poison.webp,96,96,2626,1054,1572,59.8629,false,below-byte-threshold,0f6b10489460bba4737e85b737c7b6e70ae75baecdc1fee243db4c6080ef36e5
assets/textures/textures_webapp/pokemon/mabosstiff/sprite-shiny.png,assets/textures/textures_webapp/pokemon/mabosstiff/sprite-shiny.webp,96,96,2455,884,1571,63.9919,false,below-byte-threshold,93bd1ce3eb923bbc6279b30c283d52952fd5f7bcfb449cf9697cec061e6d4b87
assets/textures/textures_webapp/pokemon/iron-boulder/sprite-shiny.png,assets/textures/textures_webapp/pokemon/iron-boulder/sprite-shiny.webp,96,96,2771,1200,1571,56.6943,false,below-byte-threshold,03c2d53d9d3818549c42a9dd7221b717ff9319af1d6b03e1881a704c209ef10d
assets/textures/textures_webapp/pokemon/farigiraf/sprite-shiny.png,assets/textures/textures_webapp/pokemon/farigiraf/sprite-shiny.webp,96,96,2480,910,1570,63.3065,false,below-byte-threshold,568eb9a293597e24728e26edee5d061ea6095e301b135eca06b33551b141b9e9
assets/textures/textures_webapp/pokemon/floragato/sprite-shiny.png,assets/textures/textures_webapp/pokemon/floragato/sprite-shiny.webp,96,96,2324,756,1568,67.4699,false,below-byte-threshold,c243ad1a05056f9d019a60b88225e8276d0ae2263a2f89de29376afdec69e7c3
assets/textures/textures_webapp/pokemon/revavroom/sprite-shiny.png,assets/textures/textures_webapp/pokemon/revavroom/sprite-shiny.webp,96,96,2622,1058,1564,59.6491,false,below-byte-threshold,d522f7d414aad735cec17f9a00f76c29f1475f5312b810eed31c88426d14c9c8
assets/textures/textures_webapp/pokemon/silvally/sprite-ice.png,assets/textures/textures_webapp/pokemon/silvally/sprite-ice.webp,96,96,2622,1058,1564,59.6491,false,below-byte-threshold,28b255936803046e8823558b2bb74a78bc1e4f41fb59f213e09aeead0a5e8d6a
assets/textures/textures_webapp/pokemon/brambleghast/sprite-shiny.png,assets/textures/textures_webapp/pokemon/brambleghast/sprite-shiny.webp,96,96,2369,806,1563,65.9772,false,below-byte-threshold,33b734f50e13e343b46b78a3a5ffac94ae4a16530ed3447bc34e26f6c5e03a2b
assets/textures/textures_webapp/pokemon/cyclizar/sprite-shiny.png,assets/textures/textures_webapp/pokemon/cyclizar/sprite-shiny.webp,96,96,2418,856,1562,64.5988,false,below-byte-threshold,e8a05a25733684b62bf6af92b0008834ba85e64c14ccbedd55b73b214f17e5de
assets/textures/textures_webapp/pokemon/espathra/sprite-shiny.png,assets/textures/textures_webapp/pokemon/espathra/sprite-shiny.webp,96,96,2531,978,1553,61.3591,false,below-byte-threshold,7e4b9a21cb16bba5b9d91e79c7f399338a14ea15f5d09ea4e097308329fbe36b
assets/textures/textures_webapp/pokemon/mabosstiff/sprite.png,assets/textures/textures_webapp/pokemon/mabosstiff/sprite.webp,96,96,2440,888,1552,63.6066,false,below-byte-threshold,fb10c9b8fb9f1eecf7b67cdb38c59fb2ab547378eef2dcf9f29b8f00b21cf85a
assets/textures/textures_webapp/pokemon/cyclizar/sprite.png,assets/textures/textures_webapp/pokemon/cyclizar/sprite.webp,96,96,2412,864,1548,64.1791,false,below-byte-threshold,fd19fc781320cea06ffdf238fed2f021a6fa7a649176ab57c4b36fc9cb8db2c7
assets/textures/textures_webapp/pokemon/tauros-paldea-blaze-breed/sprite-shiny.png,assets/textures/textures_webapp/pokemon/tauros-paldea-blaze-breed/sprite-shiny.webp,96,96,2366,820,1546,65.3423,false,below-byte-threshold,b04cc25ce6b05fb769400517a66f9d800d3fd04bbe498c6b8778ede384c1aa7f
assets/textures/textures_webapp/pokemon/espathra/sprite.png,assets/textures/textures_webapp/pokemon/espathra/sprite.webp,96,96,2530,992,1538,60.7905,false,below-byte-threshold,bb1f1e88d071e07279606a6f6c14e23c575fa06e91fb18b7f1423659b739eabc
assets/textures/textures_webapp/pokemon/ogerpon/sprite.png,assets/textures/textures_webapp/pokemon/ogerpon/sprite.webp,96,96,2544,1012,1532,60.2201,false,below-byte-threshold,e32a630c3ce87a3066376194a5be41d7131d21389fd3be42d373e1afd623a5da
assets/textures/textures_webapp/pokemon/ogerpon-hearthflame-mask/sprite-shiny.png,assets/textures/textures_webapp/pokemon/ogerpon-hearthflame-mask/sprite-shiny.webp,96,96,2584,1056,1528,59.1331,false,below-byte-threshold,73aab42851bf8d827b9fe471b5121852f2ea39285a3f94729b1bc8e468e382aa
assets/textures/textures_webapp/pokemon/tauros-paldea-blaze-breed/sprite.png,assets/textures/textures_webapp/pokemon/tauros-paldea-blaze-breed/sprite.webp,96,96,2330,836,1494,64.1202,false,below-byte-threshold,924a5aa1b8ec9435865376ec7df9deca98214fe5dae5a50b43bb8107cdb8e2f2
assets/textures/textures_webapp/pokemon/crocalor/sprite.png,assets/textures/textures_webapp/pokemon/crocalor/sprite.webp,96,95,2256,772,1484,65.7801,false,below-byte-threshold,e9394c619d33d697b89fb9c3aaec1109e67f92ccbcd76cdd84e2fb6b3cdba120
assets/textures/textures_webapp/pokemon/crocalor/sprite-shiny.png,assets/textures/textures_webapp/pokemon/crocalor/sprite-shiny.webp,96,95,2244,766,1478,65.8645,false,below-byte-threshold,deace292ebb7a95e47903070d5f57f81c17e356ba2ccc69706dd0f5ba08ac887
assets/textures/textures_webapp/pokemon/tauros-paldea-combat-breed/sprite.png,assets/textures/textures_webapp/pokemon/tauros-paldea-combat-breed/sprite.webp,96,96,2206,736,1470,66.6364,false,below-byte-threshold,2fd2400f6e7177adad48221dfad5c71718d64fc1fa0b3285488f06c14706c37e
assets/textures/textures_webapp/pokemon/tauros-paldea-combat-breed/sprite-shiny.png,assets/textures/textures_webapp/pokemon/tauros-paldea-combat-breed/sprite-shiny.webp,96,96,2209,740,1469,66.5007,false,below-byte-threshold,621731554ed7acdba8373899b5ee8562f318888d5839793da08ca9c8d7475717
assets/textures/textures_webapp/pokemon/ogerpon/sprite-shiny.png,assets/textures/textures_webapp/pokemon/ogerpon/sprite-shiny.webp,96,96,2487,1018,1469,59.0671,false,below-byte-threshold,2c76639a3000b4ccf95541f29419a231a521833651b2ddfa8a2a19aebf424cbf
assets/textures/textures_webapp/pokemon/dudunsparce/sprite.png,assets/textures/textures_webapp/pokemon/dudunsparce/sprite.webp,96,96,2233,782,1451,64.9798,false,below-byte-threshold,26b004326ad3f7997ca93cc2b61f727713e64b51f3950d8433b025a8e12e8902
assets/textures/textures_webapp/pokemon/toedscruel/sprite-shiny.png,assets/textures/textures_webapp/pokemon/toedscruel/sprite-shiny.webp,96,96,2573,1124,1449,56.3156,false,below-byte-threshold,3ffe272e6cc6eace3cf56787b776a456066005f65d0b148a753e73c934d86536
assets/textures/textures_webapp/pokemon/ogerpon-wellspring-mask/sprite.png,assets/textures/textures_webapp/pokemon/ogerpon-wellspring-mask/sprite.webp,96,96,2361,930,1431,60.6099,false,below-byte-threshold,aa412a557b369984e2efad24bc96f5f3cc0a6e0c6676083a9c0822d0fbac38d7
assets/textures/textures_webapp/pokemon/furfrou/sprite.png,assets/textures/textures_webapp/pokemon/furfrou/sprite.webp,96,96,2064,638,1426,69.0891,false,below-byte-threshold,f0758e24230134ae1cc051f4ace140b51f1e8411c0465e1821c7e19e37beb116
assets/textures/textures_webapp/pokemon/dudunsparce/sprite-shiny.png,assets/textures/textures_webapp/pokemon/dudunsparce/sprite-shiny.webp,96,96,2200,780,1420,64.5455,false,below-byte-threshold,dda82ccb894c703974fc728dddd3ec9074e4cb8ff45ea9114cdf50453b70ca26
assets/textures/textures_webapp/pokemon/ogerpon-wellspring-mask/sprite-shiny.png,assets/textures/textures_webapp/pokemon/ogerpon-wellspring-mask/sprite-shiny.webp,96,96,2306,892,1414,61.3183,false,below-byte-threshold,6685ae10d0977168afabc188d878848bc14c0675c8e967853b8164f5603c5481
assets/textures/textures_webapp/pokemon/genesect/sprite-chill-shiny.png,assets/textures/textures_webapp/pokemon/genesect/sprite-chill-shiny.webp,96,96,2275,874,1401,61.5824,false,below-byte-threshold,f0be54e3a59379be33b6669bffc7f13962992f77c6f34930eb68d63b6e23e07c
assets/textures/textures_webapp/pokemon/floette-eternal/sprite-shiny.png,assets/textures/textures_webapp/pokemon/floette-eternal/sprite-shiny.webp,96,96,2053,666,1387,67.5597,false,below-byte-threshold,7f3e9b928324079b9cf42e02a083d412aac12cbbff1e11082d68502ec541f683
assets/textures/textures_webapp/pokemon/floette-eternal/sprite.png,assets/textures/textures_webapp/pokemon/floette-eternal/sprite.webp,96,96,2052,666,1386,67.5439,false,below-byte-threshold,1fccf6c1023aec8ed2c120323d6bb882e2aa00976b13e298015b13ab18df5db9
assets/textures/textures_webapp/pokemon/orthworm/sprite.png,assets/textures/textures_webapp/pokemon/orthworm/sprite.webp,96,96,2067,688,1379,66.7150,false,below-byte-threshold,c3c9fa2a192d73cf254a5bc95956f0260befea4f3562ffaa48739822fd84cf53
assets/textures/textures_webapp/pokemon/genesect/sprite-chill.png,assets/textures/textures_webapp/pokemon/genesect/sprite-chill.webp,96,96,2255,876,1379,61.1530,false,below-byte-threshold,a000f7494f45b53ca626f2b8a8605af820ad894213a431a288f41b68f1783fd0
assets/textures/textures_webapp/pokemon/orthworm/sprite-shiny.png,assets/textures/textures_webapp/pokemon/orthworm/sprite-shiny.webp,96,96,2073,696,1377,66.4255,false,below-byte-threshold,1002f031b326c452242fee684834e6d38778ff3d36b07b983a71a5f38403bc3c
assets/textures/textures_webapp/pokemon/quaxwell/sprite.png,assets/textures/textures_webapp/pokemon/quaxwell/sprite.webp,96,96,2075,704,1371,66.0723,false,below-byte-threshold,5e617171a25ae8e28bf191ba9a26f2946d14bc10752874f48649218318931a45
assets/textures/textures_webapp/pokemon/ogerpon-cornerstone-mask/sprite-shiny.png,assets/textures/textures_webapp/pokemon/ogerpon-cornerstone-mask/sprite-shiny.webp,96,96,2232,868,1364,61.1111,false,below-byte-threshold,be57b938d2b04b9852fce02d10636d90d0221381e219f246f311cdd1027af8d5
assets/textures/textures_webapp/pokemon/munkidori/sprite.png,assets/textures/textures_webapp/pokemon/munkidori/sprite.webp,96,96,2007,646,1361,67.8127,false,below-byte-threshold,604fdd1d16be1881278fee7c0a6706c99633282768792f8693c5747e8db8cae8
assets/textures/textures_webapp/pokemon/quaxwell/sprite-shiny.png,assets/textures/textures_webapp/pokemon/quaxwell/sprite-shiny.webp,96,96,2063,702,1361,65.9719,false,below-byte-threshold,02e8d2139caf96b1a45c76d6996c49fec98e885cbe0c9b19b2d9a9523fa7eb33
assets/textures/textures_webapp/pokemon/glimmora/sprite-shiny.png,assets/textures/textures_webapp/pokemon/glimmora/sprite-shiny.webp,96,96,2094,734,1360,64.9475,false,below-byte-threshold,1dd135728beb3c7e7fc6477daae66484b05c228a9077a3485073f0a15f695ebd
assets/textures/textures_webapp/pokemon/munkidori/sprite-shiny.png,assets/textures/textures_webapp/pokemon/munkidori/sprite-shiny.webp,96,96,2006,648,1358,67.6969,false,below-byte-threshold,9ef6f2b570c0d3348916fe76fcdd3658dbb4e94aabfda8f2c5be2cd97f706c22
assets/textures/textures_webapp/pokemon/pawmot/sprite.png,assets/textures/textures_webapp/pokemon/pawmot/sprite.webp,96,96,2103,748,1355,64.4318,false,below-byte-threshold,506edee7d751145e1f286484913231e8f3d5968cb700484df563a89b432a96df
assets/textures/textures_webapp/pokemon/pawmot/sprite-shiny.png,assets/textures/textures_webapp/pokemon/pawmot/sprite-shiny.webp,96,96,2099,750,1349,64.2687,false,below-byte-threshold,d479882645b452a8a7364dfd5f4ef3ee006012b01d9772b0e9c41e352aec0f84
assets/textures/textures_webapp/pokemon/houndstone/sprite-shiny.png,assets/textures/textures_webapp/pokemon/houndstone/sprite-shiny.webp,96,96,2226,880,1346,60.4672,false,below-byte-threshold,2302b23d6ffaa96515b680df450daa79addc19868a1cf71efe3381ef36093787
assets/textures/textures_webapp/pokemon/terapagos/sprite-shiny.png,assets/textures/textures_webapp/pokemon/terapagos/sprite-shiny.webp,96,96,1967,622,1345,68.3782,false,below-byte-threshold,021c65f45cf8c5ea713507486648d52699f590f98cbe1fb1ca1c0305311457b6
assets/textures/textures_webapp/pokemon/scream-tail/sprite.png,assets/textures/textures_webapp/pokemon/scream-tail/sprite.webp,96,96,2039,696,1343,65.8656,false,below-byte-threshold,a93d9ff98e4a94aa83446453d9423604414f5842d662306dee57c187bd58ac07
assets/textures/textures_webapp/pokemon/tarountula/sprite-shiny.png,assets/textures/textures_webapp/pokemon/tarountula/sprite-shiny.webp,96,96,1991,656,1335,67.0517,false,below-byte-threshold,c446e42abdc3fe65c7e63b47367c88b1d06a6b4aed1a5961b8d75e642768049f
assets/textures/textures_webapp/pokemon/scream-tail/sprite-shiny.png,assets/textures/textures_webapp/pokemon/scream-tail/sprite-shiny.webp,96,96,2033,702,1331,65.4697,false,below-byte-threshold,3033d69684f6d75eb7982ce8ff4d089d7cd6d5a3cfed4b729fa4ea6d5ffc9d6a
assets/textures/textures_webapp/pokemon/glimmora/sprite.png,assets/textures/textures_webapp/pokemon/glimmora/sprite.webp,96,96,2074,746,1328,64.0309,false,below-byte-threshold,b807d0b8f28b32c459cbe141a05ba0eef663259fcdcb9713285ac48cde8e557f
assets/textures/textures_webapp/pokemon/houndstone/sprite.png,assets/textures/textures_webapp/pokemon/houndstone/sprite.webp,96,96,2208,882,1326,60.0543,false,below-byte-threshold,513b7606899f0523699d551537c70820f5d9670f8f264310a53be42402a00b1a
assets/textures/textures_webapp/pokemon/gimmighoul/sprite.png,assets/textures/textures_webapp/pokemon/gimmighoul/sprite.webp,96,96,2000,680,1320,66.0000,false,below-byte-threshold,f46d7bf7940f23379a58ceecb5983d0cc909b0002c838cb88c20a532dfb7c5c8
assets/textures/textures_webapp/pokemon/dipplin/sprite-shiny.png,assets/textures/textures_webapp/pokemon/dipplin/sprite-shiny.webp,96,96,2025,714,1311,64.7407,false,below-byte-threshold,4ac15c1a910f275cf498cc92e80e965db8832ceb1b8753f17b01cef6aa545989
assets/textures/textures_webapp/pokemon/gimmighoul/sprite-shiny.png,assets/textures/textures_webapp/pokemon/gimmighoul/sprite-shiny.webp,96,96,1987,680,1307,65.7776,false,below-byte-threshold,70c2c025869f7b74b620c1f1f56fe280de9787f345ea7232a985a679cfdf2ed3
assets/textures/textures_webapp/pokemon/terapagos/sprite.png,assets/textures/textures_webapp/pokemon/terapagos/sprite.webp,96,96,1915,620,1295,67.6240,false,below-byte-threshold,3f661eed877ef42ab6b3fc000734b4021753b318eee8241a8831ca74b1ca9caf
assets/textures/textures_webapp/pokemon/xerneas/sprite.png,assets/textures/textures_webapp/pokemon/xerneas/sprite.webp,96,96,2665,1372,1293,48.5178,false,below-byte-threshold,dedfd4dd523ed796b44bf1a8e337538919ee9338878e0a3ee9c14e468e5410dc
assets/textures/textures_webapp/pokemon/sinistcha/sprite-shiny.png,assets/textures/textures_webapp/pokemon/sinistcha/sprite-shiny.webp,96,96,2095,804,1291,61.6229,false,below-byte-threshold,ce6d36dc6698385f36b8d730b6791e7048f13038708d6b8f230ee2d14ce6b995
assets/textures/textures_webapp/pokemon/sinistcha/sprite.png,assets/textures/textures_webapp/pokemon/sinistcha/sprite.webp,96,96,2068,778,1290,62.3791,false,below-byte-threshold,5f24f0b0ec2c5384236030bc994e0db60784fcaec4fd20ed0822f6e1d22907bb
assets/textures/textures_webapp/pokemon/tarountula/sprite.png,assets/textures/textures_webapp/pokemon/tarountula/sprite.webp,96,96,1939,656,1283,66.1681,false,below-byte-threshold,f7ac54ffdc49e87fb034e8d3d4c4c2ccc9c7a3fa97bf4b3a44e0249e283806d9
assets/textures/textures_webapp/pokemon/chi-yu/sprite.png,assets/textures/textures_webapp/pokemon/chi-yu/sprite.webp,96,96,1954,672,1282,65.6090,false,below-byte-threshold,4a1d562091892fea86946aa73f14a3968b566cebad3171ee32bda50c046e27c5
assets/textures/textures_webapp/pokemon/tinkatuff/sprite.png,assets/textures/textures_webapp/pokemon/tinkatuff/sprite.webp,96,96,2075,798,1277,61.5422,false,below-byte-threshold,992227a8a2c1074b50b48b53bf85103efe685ea33677f7e135d503b3fd04f040
assets/textures/textures_webapp/pokemon/tinkatuff/sprite-shiny.png,assets/textures/textures_webapp/pokemon/tinkatuff/sprite-shiny.webp,96,96,2066,792,1274,61.6651,false,below-byte-threshold,9b1e9310d70aa89433dfdd164e3881af46fcec7238be8d46f3e6de9dc421799b
assets/textures/textures_webapp/pokemon/poltchageist/sprite.png,assets/textures/textures_webapp/pokemon/poltchageist/sprite.webp,96,96,1977,704,1273,64.3905,false,below-byte-threshold,f88a35e83a7c9c818fbf9d1ae0b585a32652b5ed4e3dde95476d254c8725854c
assets/textures/textures_webapp/pokemon/wugtrio/sprite.png,assets/textures/textures_webapp/pokemon/wugtrio/sprite.webp,96,96,1980,712,1268,64.0404,false,below-byte-threshold,04be2a594479ef99cd61f9723d993063626bac8a2866e93b448986dfbcb9e48f
assets/textures/textures_webapp/pokemon/wugtrio/sprite-shiny.png,assets/textures/textures_webapp/pokemon/wugtrio/sprite-shiny.webp,96,96,1977,714,1263,63.8847,false,below-byte-threshold,44c8dcd4665937639b298bbf02c25e6f8d58b42e94b241b0773cbfd624ced117
assets/textures/textures_webapp/pokemon/scovillain/sprite.png,assets/textures/textures_webapp/pokemon/scovillain/sprite.webp,96,96,1998,736,1262,63.1632,false,below-byte-threshold,a9ef05db68f26a0ebb12b6f668cfee127ebb41c73bd8b3bd91deaf35475313d3
assets/textures/textures_webapp/pokemon/dipplin/sprite.png,assets/textures/textures_webapp/pokemon/dipplin/sprite.webp,96,96,1963,704,1259,64.1365,false,below-byte-threshold,2ea91308e574c475aa7f85c96325b09b7554c6d57718055bdd4726568274dec3
assets/textures/textures_webapp/pokemon/scovillain/sprite-shiny.png,assets/textures/textures_webapp/pokemon/scovillain/sprite-shiny.webp,96,96,1998,740,1258,62.9630,false,below-byte-threshold,4fe607d3026cbf3dda5ea3053ddc78fcf634f6ddb9c4dd1c20f4419b32e99a9d
assets/textures/textures_webapp/pokemon/chi-yu/sprite-shiny.png,assets/textures/textures_webapp/pokemon/chi-yu/sprite-shiny.webp,96,96,1922,680,1242,64.6202,false,below-byte-threshold,d8473abca39a25bd3ba5b35849258f9bd9e8305299ad7c38a204012a3fb2ef37
assets/textures/textures_webapp/pokemon/grafaiai/sprite-shiny.png,assets/textures/textures_webapp/pokemon/grafaiai/sprite-shiny.webp,96,96,2118,888,1230,58.0737,false,below-byte-threshold,c65b5bc666a680781d5846221004843526c492482a444bdfd0bdfcfdbce5cc68
assets/textures/textures_webapp/pokemon/zygarde-10/sprite-shiny.png,assets/textures/textures_webapp/pokemon/zygarde-10/sprite-shiny.webp,96,96,1962,738,1224,62.3853,false,below-byte-threshold,f9b87612b26e20a902dab3b56dc0e14fda9892474fef158b595cf94aed76a43f
assets/textures/textures_webapp/pokemon/arctibax/sprite.png,assets/textures/textures_webapp/pokemon/arctibax/sprite.webp,96,96,1863,644,1219,65.4321,false,below-byte-threshold,a6ba0beee17a9af167cc24d1beb08c3ac62b243f4fd782ece8499c5d7523409d
assets/textures/textures_webapp/pokemon/arctibax/sprite-shiny.png,assets/textures/textures_webapp/pokemon/arctibax/sprite-shiny.webp,96,96,1854,640,1214,65.4800,false,below-byte-threshold,001fc3c00369ce77ca8aeeb3ca509d05b11e679dc0746f36cb06355fc960d7ac
assets/textures/textures_webapp/pokemon/kilowattrel/sprite-shiny.png,assets/textures/textures_webapp/pokemon/kilowattrel/sprite-shiny.webp,96,96,1814,624,1190,65.6009,false,below-byte-threshold,fd2199a63c4e204b5537b8aa7bb26ea050b416219bfced92a2e17c31f4aa201e
assets/textures/textures_webapp/pokemon/greavard/sprite.png,assets/textures/textures_webapp/pokemon/greavard/sprite.webp,96,96,1798,618,1180,65.6285,false,below-byte-threshold,8e03f99105af03282e24ec311ffd06828c1da1fb186080362891a94c45063a2a
assets/textures/textures_webapp/pokemon/kilowattrel/sprite.png,assets/textures/textures_webapp/pokemon/kilowattrel/sprite.webp,96,96,1799,620,1179,65.5364,false,below-byte-threshold,0619d71fffa15ae7c6e4fa52a8185934f4f9ed042200820b195efc4394235bb7
assets/textures/textures_webapp/pokemon/greavard/sprite-shiny.png,assets/textures/textures_webapp/pokemon/greavard/sprite-shiny.webp,96,96,1796,620,1176,65.4788,false,below-byte-threshold,bd34dc1ce79767f73ffb67e203ff433a8f07bfd4a9e307ca7f2119fdca51d342
assets/textures/textures_webapp/pokemon/zygarde-10/sprite.png,assets/textures/textures_webapp/pokemon/zygarde-10/sprite.webp,96,96,1905,738,1167,61.2598,false,below-byte-threshold,0a76628c9f026d22467cb3f5448feb777032b52417a5c76d65ae4f505d50efd2
assets/textures/textures_webapp/pokemon/bramblin/sprite-shiny.png,assets/textures/textures_webapp/pokemon/bramblin/sprite-shiny.webp,96,96,1694,542,1152,68.0047,false,below-byte-threshold,73ef156b09ac8fa6f9c1859e20834a157ba4da3247866866e2be15f42903f7ed
assets/textures/textures_webapp/pokemon/squawkabilly/sprite.png,assets/textures/textures_webapp/pokemon/squawkabilly/sprite.webp,96,96,1736,592,1144,65.8986,false,below-byte-threshold,3a75eaaccfc00ce8768270a2a5199af1a28e9df2bf2e5503c01c617454dd5cb1
assets/textures/textures_webapp/pokemon/bellibolt/sprite.png,assets/textures/textures_webapp/pokemon/bellibolt/sprite.webp,96,96,1703,564,1139,66.8820,false,below-byte-threshold,531622a16a1a363bb2cc587db87eecf0427f060599fb8aa511820a4dc386f1bf
assets/textures/textures_webapp/pokemon/maschiff/sprite.png,assets/textures/textures_webapp/pokemon/maschiff/sprite.webp,96,96,1717,580,1137,66.2202,false,below-byte-threshold,85b942c0998297044409b90f3be572eb86909287f5b1a1265934407bbc6c3c16
assets/textures/textures_webapp/pokemon/maschiff/sprite-shiny.png,assets/textures/textures_webapp/pokemon/maschiff/sprite-shiny.webp,96,96,1705,576,1129,66.2170,false,below-byte-threshold,238db8206d735e22af50bf8e4110bfd6f444af8e7c485acf97cd004d987b96fd
assets/textures/textures_webapp/pokemon/squawkabilly/sprite-shiny.png,assets/textures/textures_webapp/pokemon/squawkabilly/sprite-shiny.webp,96,96,1711,584,1127,65.8679,false,below-byte-threshold,0f9de5d64985b067f52cd03c455bb04d73db3f679102ed2ff3f5fc7f9b5d1170
assets/textures/textures_webapp/pokemon/palafin/sprite.png,assets/textures/textures_webapp/pokemon/palafin/sprite.webp,96,96,1695,574,1121,66.1357,false,below-byte-threshold,7b52156bc4130a5c613366c7dd6a015addcc78da3f6e9a90cb50dd52444dd471
assets/textures/textures_webapp/pokemon/dolliv/sprite-shiny.png,assets/textures/textures_webapp/pokemon/dolliv/sprite-shiny.webp,96,96,1709,590,1119,65.4769,false,below-byte-threshold,e89a2f9585abbe467b18dc0b6cb358fc79f424d59ab5272966ba9fc385221d75
assets/textures/textures_webapp/pokemon/bellibolt/sprite-shiny.png,assets/textures/textures_webapp/pokemon/bellibolt/sprite-shiny.webp,96,96,1679,564,1115,66.4086,false,below-byte-threshold,09d403a3109e9a9a8d798844db67c644544f2dbf1c1bacfa3c46108cc3fa8531
assets/textures/textures_webapp/pokemon/dolliv/sprite.png,assets/textures/textures_webapp/pokemon/dolliv/sprite.webp,96,96,1707,592,1115,65.3193,false,below-byte-threshold,2b0ea04cb4c18a4f921dfbfac4358716ea8600163bd34dfd9f23db20a9b9689d
assets/textures/textures_webapp/pokemon/fidough/sprite-shiny.png,assets/textures/textures_webapp/pokemon/fidough/sprite-shiny.webp,96,96,1622,510,1112,68.5573,false,below-byte-threshold,55206cf8dcb56d9d646820843d85c834a97a0b8b68957ccd2bba5163618e42ab
assets/textures/textures_webapp/pokemon/oinkologne-female/sprite-shiny.png,assets/textures/textures_webapp/pokemon/oinkologne-female/sprite-shiny.webp,96,96,1851,740,1111,60.0216,false,below-byte-threshold,cb5d38d1bf8b89b8f8de1b910df9a20e83abb965cdb1b5da75db6c24fb119e97
assets/textures/textures_webapp/pokemon/fidough/sprite.png,assets/textures/textures_webapp/pokemon/fidough/sprite.webp,96,96,1623,516,1107,68.2070,false,below-byte-threshold,57384f3ded1ebc842d8ab5406d0d833b1f66eb3d3086853e4caee9bb58f96932
assets/textures/textures_webapp/pokemon/rabsca/sprite-shiny.png,assets/textures/textures_webapp/pokemon/rabsca/sprite-shiny.webp,96,96,1947,846,1101,56.5485,false,below-byte-threshold,c67e9e4b9a048301b35b774df6ae36031ddf9bb8a3508357f2274fc796eccf33
assets/textures/textures_webapp/pokemon/bramblin/sprite.png,assets/textures/textures_webapp/pokemon/bramblin/sprite.webp,96,96,1639,542,1097,66.9311,false,below-byte-threshold,46eff936ffa7cd249fd2a5e8e00756c1f5fd35ff5e3260f97f44d0a2757f59b6
assets/textures/textures_webapp/pokemon/palafin/sprite-shiny.png,assets/textures/textures_webapp/pokemon/palafin/sprite-shiny.webp,96,96,1665,568,1097,65.8859,false,below-byte-threshold,ae71b37407b7b9f28833f7e43a9ed3ffecbbebd6b3cef7199313461fd2ba35b9
assets/textures/textures_webapp/pokemon/poltchageist/sprite-shiny.png,assets/textures/textures_webapp/pokemon/poltchageist/sprite-shiny.webp,96,96,1791,700,1091,60.9157,false,below-byte-threshold,8f7ee38d88709c442f65ed33c9df90184c82aec519d9516cd371589e399fc726
assets/textures/textures_webapp/pokemon/finizen/sprite.png,assets/textures/textures_webapp/pokemon/finizen/sprite.webp,96,96,1628,550,1078,66.2162,false,below-byte-threshold,16988883ba7d4a22d6a587ad7d99875782f73f6e4b45a2d9e914dcc8405cd4a9
assets/textures/textures_webapp/pokemon/flamigo/sprite.png,assets/textures/textures_webapp/pokemon/flamigo/sprite.webp,96,96,1535,458,1077,70.1629,false,below-byte-threshold,2ce9d02a168644c576e7a5a21dda60a2cc462afd31b865e45284f490705d0518
assets/textures/textures_webapp/pokemon/charcadet/sprite-shiny.png,assets/textures/textures_webapp/pokemon/charcadet/sprite-shiny.webp,96,96,1566,506,1060,67.6884,false,below-byte-threshold,f2b1814835effcf6b94d0d3977714318894bdc515d254728edb69c862a0c1578
assets/textures/textures_webapp/pokemon/cetoddle/sprite-shiny.png,assets/textures/textures_webapp/pokemon/cetoddle/sprite-shiny.webp,96,96,1593,538,1055,66.2272,false,below-byte-threshold,8b4b25e16c86650933b574343b824a35df8269a583e714487b2152e853303f03
assets/textures/textures_webapp/pokemon/charcadet/sprite.png,assets/textures/textures_webapp/pokemon/charcadet/sprite.webp,96,96,1568,514,1054,67.2194,false,below-byte-threshold,4160203bce6ff5f0c36a6c3c04103b9c825a2bf204e51eed97462d96163cfd33
assets/textures/textures_webapp/pokemon/finizen/sprite-shiny.png,assets/textures/textures_webapp/pokemon/finizen/sprite-shiny.webp,96,96,1597,550,1047,65.5604,false,below-byte-threshold,e327bfa07d42413fe250eda6b64bcf8c5ab9c96c384a45df885867c83182fee2
assets/textures/textures_webapp/pokemon/flamigo/sprite-shiny.png,assets/textures/textures_webapp/pokemon/flamigo/sprite-shiny.webp,96,96,1500,458,1042,69.4667,false,below-byte-threshold,1aff0c963b643e21b81aba823c21628f878fa58a9f7a8662ce5916d060c6ff1f
assets/textures/textures_webapp/pokemon/cetoddle/sprite.png,assets/textures/textures_webapp/pokemon/cetoddle/sprite.webp,96,96,1577,536,1041,66.0114,false,below-byte-threshold,145da050f2aec36a6deceaa6d198127cd53bc47912db3c5252ba659989ae8152
assets/textures/textures_webapp/pokemon/varoom/sprite-shiny.png,assets/textures/textures_webapp/pokemon/varoom/sprite-shiny.webp,96,96,1581,558,1023,64.7059,false,below-byte-threshold,3fb8b373f7a1355a2aef856c92247319c9dd1ff064a7f4bd0aa7a351ae82c8b1
assets/textures/textures_webapp/pokemon/varoom/sprite.png,assets/textures/textures_webapp/pokemon/varoom/sprite.webp,96,96,1587,564,1023,64.4612,false,below-byte-threshold,563740a7dd061d4567e975fa96fcf4c990e0bb48a80d5046bc06433ff0842017
assets/textures/textures_webapp/pokemon/toedscool/sprite-shiny.png,assets/textures/textures_webapp/pokemon/toedscool/sprite-shiny.webp,96,96,1520,504,1016,66.8421,false,below-byte-threshold,143f81ec5658b71bb35b0881cc4eed75201eafac473890853880cd02693f29cf
assets/textures/textures_webapp/pokemon/tinkatink/sprite.png,assets/textures/textures_webapp/pokemon/tinkatink/sprite.webp,96,96,1552,546,1006,64.8196,false,below-byte-threshold,91738447342ea84762d0845f7047d4a0b54e892066d43410de298089659b08c1
assets/textures/textures_webapp/pokemon/flittle/sprite.png,assets/textures/textures_webapp/pokemon/flittle/sprite.webp,96,96,1523,520,1003,65.8569,false,below-byte-threshold,11dbe34cb62933e93f7e44cee585f6deaf7820b3a353a445a302dbd0947e9a72
assets/textures/textures_webapp/pokemon/toedscool/sprite.png,assets/textures/textures_webapp/pokemon/toedscool/sprite.webp,96,96,1513,514,999,66.0278,false,below-byte-threshold,d2d54fc535e8d9aebda6249214b36ec68a74a416418e0dd0ee7bee524b44516f
assets/textures/textures_webapp/pokemon/tinkatink/sprite-shiny.png,assets/textures/textures_webapp/pokemon/tinkatink/sprite-shiny.webp,96,96,1541,544,997,64.6982,false,below-byte-threshold,a85b3665d795591fc77c99feb4e13c9c93b8d09cecb584050d52626cec05ec74
assets/textures/textures_webapp/pokemon/pawmo/sprite-shiny.png,assets/textures/textures_webapp/pokemon/pawmo/sprite-shiny.webp,96,96,1653,656,997,60.3146,false,below-byte-threshold,129a8cbfa97a23a779899be2ca56e43bdedc21fe1a703d6188f8b8168280136f
assets/textures/textures_webapp/pokemon/flittle/sprite-shiny.png,assets/textures/textures_webapp/pokemon/flittle/sprite-shiny.webp,96,96,1511,518,993,65.7181,false,below-byte-threshold,3c404cae300f6a3bc6c0e08b6e855f849a10b8c2fed069792d1f9b0ea3ba41c1
assets/textures/textures_webapp/pokemon/tadbulb/sprite.png,assets/textures/textures_webapp/pokemon/tadbulb/sprite.webp,96,96,1367,378,989,72.3482,false,below-byte-threshold,db6de71e95e23eca213f7a1ff4d170bd3607e650ba76c73f4f84f94277ebfe40
assets/textures/textures_webapp/pokemon/vivillon/sprite.png,assets/textures/textures_webapp/pokemon/vivillon/sprite.webp,96,96,1778,798,980,55.1181,false,below-byte-threshold,9d0f3472ff3a01d2968ee175741bfa9fa0f413ba34e15e48e3dc7845d25c9db2
assets/textures/textures_webapp/pokemon/minior-core-blue/sprite-shiny.png,assets/textures/textures_webapp/pokemon/minior-core-blue/sprite-shiny.webp,96,96,1332,386,946,71.0210,false,below-byte-threshold,c1f697dd8f73dd65285c6447e1ec6fcb5f9659e65a141d872dda5bffb1a8aece
assets/textures/textures_webapp/pokemon/minior-core-green/sprite-shiny.png,assets/textures/textures_webapp/pokemon/minior-core-green/sprite-shiny.webp,96,96,1332,386,946,71.0210,false,below-byte-threshold,c1f697dd8f73dd65285c6447e1ec6fcb5f9659e65a141d872dda5bffb1a8aece
assets/textures/textures_webapp/pokemon/minior-core-indigo/sprite-shiny.png,assets/textures/textures_webapp/pokemon/minior-core-indigo/sprite-shiny.webp,96,96,1332,386,946,71.0210,false,below-byte-threshold,c1f697dd8f73dd65285c6447e1ec6fcb5f9659e65a141d872dda5bffb1a8aece
assets/textures/textures_webapp/pokemon/minior-core-orange/sprite-shiny.png,assets/textures/textures_webapp/pokemon/minior-core-orange/sprite-shiny.webp,96,96,1332,386,946,71.0210,false,below-byte-threshold,c1f697dd8f73dd65285c6447e1ec6fcb5f9659e65a141d872dda5bffb1a8aece
assets/textures/textures_webapp/pokemon/minior-core-red/sprite-shiny.png,assets/textures/textures_webapp/pokemon/minior-core-red/sprite-shiny.webp,96,96,1332,386,946,71.0210,false,below-byte-threshold,c1f697dd8f73dd65285c6447e1ec6fcb5f9659e65a141d872dda5bffb1a8aece
assets/textures/textures_webapp/pokemon/minior-core-violet/sprite-shiny.png,assets/textures/textures_webapp/pokemon/minior-core-violet/sprite-shiny.webp,96,96,1332,386,946,71.0210,false,below-byte-threshold,c1f697dd8f73dd65285c6447e1ec6fcb5f9659e65a141d872dda5bffb1a8aece
assets/textures/textures_webapp/pokemon/minior-core-yellow/sprite-shiny.png,assets/textures/textures_webapp/pokemon/minior-core-yellow/sprite-shiny.webp,96,96,1332,386,946,71.0210,false,below-byte-threshold,c1f697dd8f73dd65285c6447e1ec6fcb5f9659e65a141d872dda5bffb1a8aece
assets/textures/textures_webapp/pokemon/minior-core/sprite-blue-shiny.png,assets/textures/textures_webapp/pokemon/minior-core/sprite-blue-shiny.webp,96,96,1332,386,946,71.0210,false,below-byte-threshold,c1f697dd8f73dd65285c6447e1ec6fcb5f9659e65a141d872dda5bffb1a8aece
assets/textures/textures_webapp/pokemon/minior-core/sprite-green-shiny.png,assets/textures/textures_webapp/pokemon/minior-core/sprite-green-shiny.webp,96,96,1332,386,946,71.0210,false,below-byte-threshold,c1f697dd8f73dd65285c6447e1ec6fcb5f9659e65a141d872dda5bffb1a8aece
assets/textures/textures_webapp/pokemon/minior-core/sprite-indigo-shiny.png,assets/textures/textures_webapp/pokemon/minior-core/sprite-indigo-shiny.webp,96,96,1332,386,946,71.0210,false,below-byte-threshold,c1f697dd8f73dd65285c6447e1ec6fcb5f9659e65a141d872dda5bffb1a8aece
assets/textures/textures_webapp/pokemon/minior-core/sprite-orange-shiny.png,assets/textures/textures_webapp/pokemon/minior-core/sprite-orange-shiny.webp,96,96,1332,386,946,71.0210,false,below-byte-threshold,c1f697dd8f73dd65285c6447e1ec6fcb5f9659e65a141d872dda5bffb1a8aece
assets/textures/textures_webapp/pokemon/minior-core/sprite-red-shiny.png,assets/textures/textures_webapp/pokemon/minior-core/sprite-red-shiny.webp,96,96,1332,386,946,71.0210,false,below-byte-threshold,c1f697dd8f73dd65285c6447e1ec6fcb5f9659e65a141d872dda5bffb1a8aece
assets/textures/textures_webapp/pokemon/minior-core/sprite-shiny.png,assets/textures/textures_webapp/pokemon/minior-core/sprite-shiny.webp,96,96,1332,386,946,71.0210,false,below-byte-threshold,c1f697dd8f73dd65285c6447e1ec6fcb5f9659e65a141d872dda5bffb1a8aece
assets/textures/textures_webapp/pokemon/minior-core/sprite-violet-shiny.png,assets/textures/textures_webapp/pokemon/minior-core/sprite-violet-shiny.webp,96,96,1332,386,946,71.0210,false,below-byte-threshold,c1f697dd8f73dd65285c6447e1ec6fcb5f9659e65a141d872dda5bffb1a8aece
assets/textures/textures_webapp/pokemon/minior-core/sprite-yellow-shiny.png,assets/textures/textures_webapp/pokemon/minior-core/sprite-yellow-shiny.webp,96,96,1332,386,946,71.0210,false,below-byte-threshold,c1f697dd8f73dd65285c6447e1ec6fcb5f9659e65a141d872dda5bffb1a8aece
assets/textures/textures_webapp/pokemon/minior-meteor-form/sprite-shiny.png,assets/textures/textures_webapp/pokemon/minior-meteor-form/sprite-shiny.webp,96,96,1332,386,946,71.0210,false,below-byte-threshold,c1f697dd8f73dd65285c6447e1ec6fcb5f9659e65a141d872dda5bffb1a8aece
assets/textures/textures_webapp/pokemon/rellor/sprite-shiny.png,assets/textures/textures_webapp/pokemon/rellor/sprite-shiny.webp,96,96,1497,574,923,61.6566,false,below-byte-threshold,3fcecf28ff9b1c12e1d33d256e8413e1f6de6b63d7e05cdb5d155ae3e0b781c9
assets/textures/textures_webapp/pokemon/pyroar/sprite.png,assets/textures/textures_webapp/pokemon/pyroar/sprite.webp,96,96,1910,1000,910,47.6440,false,below-byte-threshold,548f69ad910244278def0ddf6eca25fa1d25317d374968ea47cf57c4bdff927b
assets/textures/textures_webapp/pokemon/pecharunt/sprite-shiny.png,assets/textures/textures_webapp/pokemon/pecharunt/sprite-shiny.webp,96,96,1715,824,891,51.9534,false,below-byte-threshold,b2c14ae63dc63b362d83424fbd00fc65e2c469c6b0473eddcc1194675728e5b1
assets/textures/textures_webapp/pokemon/nacli/sprite-shiny.png,assets/textures/textures_webapp/pokemon/nacli/sprite-shiny.webp,96,96,1307,418,889,68.0184,false,below-byte-threshold,8bae371907e803167048c12f8c400c719a370eea388427d04bd828bb38f033a4
assets/textures/textures_webapp/pokemon/pecharunt/sprite.png,assets/textures/textures_webapp/pokemon/pecharunt/sprite.webp,96,96,1715,826,889,51.8367,false,below-byte-threshold,f9503bbbf23698fbf48f3e242f03450e697ea5e2d434fa6f3f9077e7754a4e49
assets/textures/textures_webapp/pokemon/wooper-paldea/sprite-shiny.png,assets/textures/textures_webapp/pokemon/wooper-paldea/sprite-shiny.webp,96,96,1314,428,886,67.4277,false,below-byte-threshold,8221d8ced36a250bc97ac4c9a7539b2819460974767f1b8f1562acbe84e74b17
assets/textures/textures_webapp/pokemon/gimmighoul-roaming/sprite.png,assets/textures/textures_webapp/pokemon/gimmighoul-roaming/sprite.webp,96,96,1242,360,882,71.0145,false,below-byte-threshold,efdf76dfc412ec489043089e896be8b034a2368cfbea4bb1d79ef4bd0ccebde4
assets/textures/textures_webapp/pokemon/capsakid/sprite.png,assets/textures/textures_webapp/pokemon/capsakid/sprite.webp,96,96,1288,412,876,68.0124,false,below-byte-threshold,d99bedf03df7bdd7462bfc41279835dc6eeede133c6fbdb4b8db0b6a4e34cbb8
assets/textures/textures_webapp/pokemon/naclstack/sprite-shiny.png,assets/textures/textures_webapp/pokemon/naclstack/sprite-shiny.webp,96,96,1390,518,872,62.7338,false,below-byte-threshold,c65daa28181c5559047a222a620ae062dd8af873327d103f57c93b1673668878
assets/textures/textures_webapp/pokemon/capsakid/sprite-shiny.png,assets/textures/textures_webapp/pokemon/capsakid/sprite-shiny.webp,96,96,1274,416,858,67.3469,false,below-byte-threshold,83bb088abb72b249fb605c7946868abf004045aeb5a7627aee9001c2e91a73ed
assets/textures/textures_webapp/pokemon/wattrel/sprite-shiny.png,assets/textures/textures_webapp/pokemon/wattrel/sprite-shiny.webp,96,96,1376,518,858,62.3547,false,below-byte-threshold,bfc175cc22b30757187d9f591a4d76eafbf7401805dac3675efec5f590f971b4
assets/textures/textures_webapp/pokemon/wooper-paldea/sprite.png,assets/textures/textures_webapp/pokemon/wooper-paldea/sprite.webp,96,96,1281,424,857,66.9009,false,below-byte-threshold,0b9b7d2d35118f3f4832f977ed0d7028a8c0e04c10b9b5f7209861a4d97002b6
assets/textures/textures_webapp/pokemon/electrode-hisui/sprite-shiny.png,assets/textures/textures_webapp/pokemon/electrode-hisui/sprite-shiny.webp,96,96,1414,568,846,59.8303,false,below-byte-threshold,3bd4ce65a7c0430343dcf52031f7d73b5a0363d9fd85bae68ebcb12c3bb3c6d5
assets/textures/textures_webapp/pokemon/electrode-hisui/sprite.png,assets/textures/textures_webapp/pokemon/electrode-hisui/sprite.webp,96,96,1424,582,842,59.1292,false,below-byte-threshold,960f42923c62f4f925e0687d3ef67e9249dbab9bbb30959c014df3b01b3f88ef
assets/textures/textures_webapp/pokemon/gimmighoul-roaming/sprite-shiny.png,assets/textures/textures_webapp/pokemon/gimmighoul-roaming/sprite-shiny.webp,96,96,1180,352,828,70.1695,false,below-byte-threshold,a11292cd5717ce65fb1d8879a50ee45feb8f1bb672481be63fcc058c05ed6e8e
assets/textures/textures_webapp/pokemon/frigibax/sprite.png,assets/textures/textures_webapp/pokemon/frigibax/sprite.webp,96,96,1256,430,826,65.7643,false,below-byte-threshold,827183cbbb44866f928f7f0feabba2a9b3605d3c891fed5cbe35ff97d1e2c5c3
assets/textures/textures_webapp/pokemon/frigibax/sprite-shiny.png,assets/textures/textures_webapp/pokemon/frigibax/sprite-shiny.webp,96,96,1234,438,796,64.5057,false,below-byte-threshold,adf6d03f685369c0d0294381541ae4b7f725c3a35dd89a37812195a71af47e65
assets/textures/textures_webapp/pokemon/glimmet/sprite-shiny.png,assets/textures/textures_webapp/pokemon/glimmet/sprite-shiny.webp,96,96,1209,422,787,65.0951,false,below-byte-threshold,ca3c4514a4e8af478f32239bbb54302948f27624aba4ef7bdf9c04476c94bd19
assets/textures/textures_webapp/pokemon/meowstic-f/sprite.png,assets/textures/textures_webapp/pokemon/meowstic-f/sprite.webp,96,96,1337,588,749,56.0209,false,below-byte-threshold,050eb58bfa468b9fc7f2e310d02d33762a005615954f23b046eaacc7b592de7a
assets/textures/textures_webapp/pokemon/tadbulb/sprite-shiny.png,assets/textures/textures_webapp/pokemon/tadbulb/sprite-shiny.webp,96,96,1094,346,748,68.3729,false,below-byte-threshold,2bb57ad5520cfa7aae8ed7deac45895c1c3341905b7051b0662a052e3bbb35ed
assets/textures/textures_webapp/pokemon/iron-crown/sprite.png,assets/textures/textures_webapp/pokemon/iron-crown/sprite.webp,96,96,1783,1060,723,40.5496,false,below-byte-threshold,35266840ccb03b97839664665481afc649a45586b4c02f54cdba529196ee6aa6
assets/textures/textures_webapp/pokemon/iron-crown/sprite-shiny.png,assets/textures/textures_webapp/pokemon/iron-crown/sprite-shiny.webp,96,96,1732,1080,652,37.6443,false,below-byte-threshold,8128bfc0222b5774821b12048aea7b673ecebd7a35f10b764a405531b528ede3
assets/textures/textures_webapp/pokemon/flabebe/sprite.png,assets/textures/textures_webapp/pokemon/flabebe/sprite.webp,96,96,1269,662,607,47.8329,false,below-byte-threshold,23a6f426ce5ffe3c9937e8ce3fbd4b16840bdde5a8e82eee89e04e7df0ccffd0
assets/textures/textures_webapp/pokemon/shroodle/sprite-shiny.png,assets/textures/textures_webapp/pokemon/shroodle/sprite-shiny.webp,96,96,857,316,541,63.1272,false,below-byte-threshold,fc8ebc66dbfb254c5c1c4d052a75b873dce56de274d1bc46c4184dded8c64d9c
assets/textures/textures_webapp/pokemon/smoliv/sprite-shiny.png,assets/textures/textures_webapp/pokemon/smoliv/sprite-shiny.webp,96,96,923,382,541,58.6132,false,below-byte-threshold,e7e0ed4a08bb777884351c26b30d9cdb02af7760938200f2c5e614496bd53f18
assets/textures/textures_webapp/pokemon/archaludon/sprite-shiny.png,assets/textures/textures_webapp/pokemon/archaludon/sprite-shiny.webp,96,96,1618,1342,276,17.0581,false,below-byte-threshold,9fd83421dd1786d0e38498af0bbeeaedad1030e3215f66627579b16133e72e74
assets/textures/textures_webapp/pokemon/archaludon/sprite.png,assets/textures/textures_webapp/pokemon/archaludon/sprite.webp,96,96,1620,1344,276,17.0370,false,below-byte-threshold,ee6b48d9a9da8e47f4aaa7f226e6dd04857cc5b8f6d3d0fe762eb5225979f89d
assets/textures/textures_webapp/pokemon/tornadus-therian/sprite-shiny.png,assets/textures/textures_webapp/pokemon/tornadus-therian/sprite-shiny.webp,96,96,1500,1272,228,15.2000,false,below-byte-threshold,eb0dc283a79194e08f18d27cbce732cb2e3f38ac9cac4c505321a5f0cbe7bd43
assets/textures/textures_webapp/pokemon/ting-lu/sprite.png,assets/textures/textures_webapp/pokemon/ting-lu/sprite.webp,96,96,1396,1176,220,15.7593,false,below-byte-threshold,fb7b1ac88b784f9f88f351df44a78847b8437f40021283d5ebcba37303015784
assets/textures/textures_webapp/pokemon/aurorus/sprite.png,assets/textures/textures_webapp/pokemon/aurorus/sprite.webp,96,96,1413,1222,191,13.5173,false,below-byte-threshold,d6ad46d84942f5e95dc63600f8947f472e07160afd4498631af08f206e0f94e0
assets/textures/textures_webapp/pokemon/landorus-therian/sprite-shiny.png,assets/textures/textures_webapp/pokemon/landorus-therian/sprite-shiny.webp,96,96,1513,1328,185,12.2274,false,below-byte-threshold,8b73b00ce09efb4ec988982740e8e755ada21fcbdfc4c13785dfd71f942a6198
assets/textures/textures_webapp/pokemon/dachsbun/sprite-shiny.png,assets/textures/textures_webapp/pokemon/dachsbun/sprite-shiny.webp,96,96,1109,926,183,16.5014,false,below-byte-threshold,5d2dde7de8a3a5ba5345db1497f49beeddef667151f49dead47d76646f83eab3
assets/textures/textures_webapp/pokemon/aurorus/sprite-shiny.png,assets/textures/textures_webapp/pokemon/aurorus/sprite-shiny.webp,96,96,1405,1222,183,13.0249,false,below-byte-threshold,8a3bb4ce948e8bb9f1b23c3d21c6eb34b5c38fd1fbe5a5674201a2f0f98a3bb7
assets/textures/textures_webapp/pokemon/floette/sprite.png,assets/textures/textures_webapp/pokemon/floette/sprite.webp,96,96,791,614,177,22.3767,false,below-byte-threshold,78aab1d84c094b85fa91d36cbee6211d21481714cbd6599442bc875e23bfba77
assets/textures/textures_webapp/pokemon/shroodle/sprite.png,assets/textures/textures_webapp/pokemon/shroodle/sprite.webp,96,96,484,312,172,35.5372,false,below-byte-threshold,7b4f72511c7482c57d4c09720bace5cd6f4a7f1ff445e04e4991dfe5be204795
assets/textures/textures_webapp/pokemon/pawmo/sprite.png,assets/textures/textures_webapp/pokemon/pawmo/sprite.webp,96,96,820,648,172,20.9756,false,below-byte-threshold,3d69faab231b9881b8fd5c2f89e27f014701ca5a04f8e8ff8c13c3bff702a3c5
assets/textures/textures_webapp/pokemon/dachsbun/sprite.png,assets/textures/textures_webapp/pokemon/dachsbun/sprite.webp,96,96,1124,952,172,15.3025,false,below-byte-threshold,6a58d462f86ebad594f284d83ff85fce2a49262e5234b87f40a49819bb25b4fd
assets/textures/textures_webapp/pokemon/thundurus-therian/sprite-shiny.png,assets/textures/textures_webapp/pokemon/thundurus-therian/sprite-shiny.webp,96,96,1482,1312,170,11.4710,false,below-byte-threshold,4eadb5714fb9dd429d69fe71580b618c00cb44ab4871fa2ad7f58442ad04d2ba
assets/textures/textures_webapp/pokemon/aromatisse/sprite-shiny.png,assets/textures/textures_webapp/pokemon/aromatisse/sprite-shiny.webp,96,96,1169,1004,165,14.1146,false,below-byte-threshold,11e86e3fc81572b144c6a7f46e124bdc197a2c2b20091711636a875acab41360
assets/textures/textures_webapp/pokemon/malamar/sprite-shiny.png,assets/textures/textures_webapp/pokemon/malamar/sprite-shiny.webp,96,96,1133,972,161,14.2101,false,below-byte-threshold,03cfa47b9eee342e0cedc1e87431af477e78b7d98142b89bb29f644144af14e1
assets/textures/textures_webapp/pokemon/braviary-hisui/sprite-shiny.png,assets/textures/textures_webapp/pokemon/braviary-hisui/sprite-shiny.webp,96,96,1477,1316,161,10.9005,false,below-byte-threshold,6b0d8487cc8f4b9bc8d0fba61ca49227fdff1d68070981e3b6cb3e520e303d85
assets/textures/textures_webapp/pokemon/braviary-hisui/sprite.png,assets/textures/textures_webapp/pokemon/braviary-hisui/sprite.webp,96,96,1478,1318,160,10.8254,false,below-byte-threshold,4fb0895afd04eb2f17e540ac7861a118b79ae1d6dda1b7f69d2efc94222bb86c
assets/textures/textures_webapp/pokemon/toedscruel/sprite.png,assets/textures/textures_webapp/pokemon/toedscruel/sprite.webp,96,96,1105,948,157,14.2081,false,below-byte-threshold,1a487235d03d94f301b212dede0acf5140ecc333979440e9d2281fbfecdb7db6
assets/textures/textures_webapp/pokemon/oinkologne-female/sprite.png,assets/textures/textures_webapp/pokemon/oinkologne-female/sprite.webp,96,96,888,732,156,17.5676,false,below-byte-threshold,05c65456f2568e146b23e626e513cb0926e2b94dd12cb0d18eb1378c430632c4
assets/textures/textures_webapp/pokemon/rellor/sprite.png,assets/textures/textures_webapp/pokemon/rellor/sprite.webp,96,96,800,646,154,19.2500,false,below-byte-threshold,5fc5c34408e10e9f77d95e8b737e628d0d071410badea53cc94eacd615e81f1a
assets/textures/textures_webapp/pokemon/braviary/sprite-shiny.png,assets/textures/textures_webapp/pokemon/braviary/sprite-shiny.webp,96,96,1340,1190,150,11.1940,false,below-byte-threshold,3c616c4aae2de3a4916754f8e71d9c0f8d7698f9685d38691c16ef0fbd8cb425
assets/textures/textures_webapp/pokemon/naclstack/sprite.png,assets/textures/textures_webapp/pokemon/naclstack/sprite.webp,96,96,669,524,145,21.6741,false,below-byte-threshold,be08ba456a8cd23d4fab27ccf01b3a50c91bf5ed206e84e425cc266612ec8ee0
assets/textures/textures_webapp/pokemon/arcanine-hisui/sprite-shiny.png,assets/textures/textures_webapp/pokemon/arcanine-hisui/sprite-shiny.webp,96,96,1327,1182,145,10.9269,false,below-byte-threshold,5a9b44990f5ff1e93ab75c7da9332d20f7ff7ee2472e984dbab0d54f881d2dc8
assets/textures/textures_webapp/pokemon/rabsca/sprite.png,assets/textures/textures_webapp/pokemon/rabsca/sprite.webp,96,96,982,840,142,14.4603,false,below-byte-threshold,6f366b57826acfc80c3dcfa5973a57d33fb23e01a62c0299b2df0d8acb2bc7ab
assets/textures/textures_webapp/pokemon/noivern/sprite.png,assets/textures/textures_webapp/pokemon/noivern/sprite.webp,96,96,1372,1230,142,10.3499,false,below-byte-threshold,3c370ea9e7d3d011adb6fc3ac8e2c390e0b4aa1c71d0682557e70930a9a50580
assets/textures/textures_webapp/pokemon/giratina-origin-forme/sprite.png,assets/textures/textures_webapp/pokemon/giratina-origin-forme/sprite.webp,96,96,1692,1550,142,8.3924,false,below-byte-threshold,b38afd55d9b4092106df5f66db12fd77f434ff0c72e8283a3e3150302e89979a
assets/textures/textures_webapp/pokemon/nymble/sprite.png,assets/textures/textures_webapp/pokemon/nymble/sprite.webp,96,96,609,468,141,23.1527,false,below-byte-threshold,f47cd860ca2ac4cea47d199c9d73ef3225de68e85807b5820680d056948adcb4
assets/textures/textures_webapp/pokemon/milotic/sprite-shiny.png,assets/textures/textures_webapp/pokemon/milotic/sprite-shiny.webp,96,96,1252,1112,140,11.1821,false,below-byte-threshold,517b0a7470954df710312bb65ddc59d51c1d4ee455dcd86288768ed1cabc1a8e
assets/textures/textures_webapp/pokemon/tropius/sprite.png,assets/textures/textures_webapp/pokemon/tropius/sprite.webp,96,96,1318,1178,140,10.6222,false,below-byte-threshold,53c8e3a0113fe659349f49271f74ae1a312799d2f2f002cf104a9b360b52d2ab
assets/textures/textures_webapp/pokemon/braviary/sprite.png,assets/textures/textures_webapp/pokemon/braviary/sprite.webp,96,96,1346,1206,140,10.4012,false,below-byte-threshold,9ddc92d25abe689dcda77e74efd513d4c1e9b96c2bb935cba23e448006bb2e43
assets/textures/textures_webapp/pokemon/clawitzer/sprite.png,assets/textures/textures_webapp/pokemon/clawitzer/sprite.webp,96,96,1199,1060,139,11.5930,false,below-byte-threshold,9ac632465873bf05cdebc5f8493647cf79c69f8c0afb7d0a21aaf9f89b0f0a63
assets/textures/textures_webapp/pokemon/avalugg-hisui/sprite-shiny.png,assets/textures/textures_webapp/pokemon/avalugg-hisui/sprite-shiny.webp,96,96,1319,1180,139,10.5383,false,below-byte-threshold,f54bbc631c24cc652d33392366ed97ff8ff6ffe870a4a4f46985014421321849
assets/textures/textures_webapp/pokemon/arcanine-hisui/sprite.png,assets/textures/textures_webapp/pokemon/arcanine-hisui/sprite.webp,96,96,1325,1186,139,10.4906,false,below-byte-threshold,aacc5861985ec9b145596d511b890cc0582e9fc2029af17017400fa15de580ba
assets/textures/textures_webapp/pokemon/basculegion-f/sprite-shiny.png,assets/textures/textures_webapp/pokemon/basculegion-f/sprite-shiny.webp,96,96,1116,978,138,12.3656,false,below-byte-threshold,cdfaf95850c6540a61a1063eda55a7c93129c43df3f0551b55dd8ab8ff5802cc
assets/textures/textures_webapp/pokemon/wattrel/sprite.png,assets/textures/textures_webapp/pokemon/wattrel/sprite.webp,96,96,649,512,137,21.1094,false,below-byte-threshold,5c9e2e8bb3457572185bdcfe47378d79db0da2ee53de58fa50314dd16c3b21e6
assets/textures/textures_webapp/pokemon/tropius/sprite-shiny.png,assets/textures/textures_webapp/pokemon/tropius/sprite-shiny.webp,96,96,1319,1182,137,10.3867,false,below-byte-threshold,d19f430ab47786ffc3e0332a803574babdaed629b340175574182e7eb4e2a5a1
assets/textures/textures_webapp/pokemon/kingambit/sprite-shiny.png,assets/textures/textures_webapp/pokemon/kingambit/sprite-shiny.webp,96,96,1425,1288,137,9.6140,false,below-byte-threshold,2c2f406992e3e98dd225fd17aaa1392356c346eb3264da02cd48a6aecc8ae0c8
assets/textures/textures_webapp/pokemon/nymble/sprite-shiny.png,assets/textures/textures_webapp/pokemon/nymble/sprite-shiny.webp,96,96,608,472,136,22.3684,false,below-byte-threshold,16e5e3a17c6ebed3485f7ffe76338d53744000b57c905553268870adf8504b40
assets/textures/textures_webapp/pokemon/kingambit/sprite.png,assets/textures/textures_webapp/pokemon/kingambit/sprite.webp,96,96,1424,1288,136,9.5506,false,below-byte-threshold,daf2e6e194fb697ed8695f82ba4b40153b9fb95cc9ed267ac3e8c3e4360e2b84
assets/textures/textures_webapp/pokemon/clodsire/sprite-shiny.png,assets/textures/textures_webapp/pokemon/clodsire/sprite-shiny.webp,96,96,621,486,135,21.7391,false,below-byte-threshold,ece8accbd04a2ab00e88698cf393f4cf9c2c4805b662273efafd4d1b8654a8cc
assets/textures/textures_webapp/pokemon/oinkologne-male/sprite-shiny.png,assets/textures/textures_webapp/pokemon/oinkologne-male/sprite-shiny.webp,96,96,729,594,135,18.5185,false,below-byte-threshold,2006a124ad0b5163e17b99d72fc7aff654e036c05974adc6865dc2ca1671a5c4
assets/textures/textures_webapp/pokemon/florges/sprite.png,assets/textures/textures_webapp/pokemon/florges/sprite.webp,96,96,1073,938,135,12.5815,false,below-byte-threshold,9e87413e81dbe4a3b774ee5b791ec02e64a70faa6a8eb422104f8d509b835414
assets/textures/textures_webapp/pokemon/cofagrigus/sprite.png,assets/textures/textures_webapp/pokemon/cofagrigus/sprite.webp,96,96,1207,1072,135,11.1848,false,below-byte-threshold,20b1cb9769aad5f0ac2baef9bc2d4b32c49d64e54e91145145064ae13f79f723
assets/textures/textures_webapp/pokemon/samurott/sprite-shiny.png,assets/textures/textures_webapp/pokemon/samurott/sprite-shiny.webp,96,96,1184,1050,134,11.3176,false,below-byte-threshold,ef0845a16109b8900a5213fea7a65d5fe8658e5aeb9f955124bfe6036f815f8d
assets/textures/textures_webapp/pokemon/milotic/sprite.png,assets/textures/textures_webapp/pokemon/milotic/sprite.webp,96,96,1236,1102,134,10.8414,false,below-byte-threshold,db508ad4ba34a76595b7e74559bf79f4430e49224e149a80764c4ff50d127863
assets/textures/textures_webapp/pokemon/zekrom/sprite.png,assets/textures/textures_webapp/pokemon/zekrom/sprite.webp,96,96,1692,1558,134,7.9196,false,below-byte-threshold,f8829aeda50e58857ae308ac2d2cfb916bd74492fd5f462aecd2e843540bb967
assets/textures/textures_webapp/pokemon/clodsire/sprite.png,assets/textures/textures_webapp/pokemon/clodsire/sprite.webp,96,96,621,488,133,21.4171,false,below-byte-threshold,ad30eda2b19f9cdb3fa227b55e0f8e8872dc307d9a2f34a403dad0e932a3a7ea
assets/textures/textures_webapp/pokemon/wailord/sprite.png,assets/textures/textures_webapp/pokemon/wailord/sprite.webp,96,96,1001,868,133,13.2867,false,below-byte-threshold,5d08c79d99c7d6829751497d1d6571eb1d807026326196154522006c93284a0f
assets/textures/textures_webapp/pokemon/zekrom/sprite-shiny.png,assets/textures/textures_webapp/pokemon/zekrom/sprite-shiny.webp,96,96,1691,1558,133,7.8652,false,below-byte-threshold,bce3244a0e43f240ba2065c64a10f9fd1cbb3cb811bac7a5a2c71e52a3b9cc35
assets/textures/textures_webapp/pokemon/oinkologne-male/sprite.png,assets/textures/textures_webapp/pokemon/oinkologne-male/sprite.webp,96,96,728,596,132,18.1319,false,below-byte-threshold,3daa1447625a70e876e4cb06ff7f843759aa9243a2fe8abc3e41ca9eb3b0b367
assets/textures/textures_webapp/pokemon/basculegion-f/sprite.png,assets/textures/textures_webapp/pokemon/basculegion-f/sprite.webp,96,96,1116,984,132,11.8280,false,below-byte-threshold,5d3bee027e624b4b3bc2654b29be2736c7e5c75c5aa8a521c1ddc601d631081e
assets/textures/textures_webapp/pokemon/farigiraf/sprite.png,assets/textures/textures_webapp/pokemon/farigiraf/sprite.webp,96,96,1122,990,132,11.7647,false,below-byte-threshold,5b5df4e6c4da911bce770fe13ebab3e33330d6f8272a25f5a0ce69aeeb027dbb
assets/textures/textures_webapp/pokemon/avalugg-hisui/sprite.png,assets/textures/textures_webapp/pokemon/avalugg-hisui/sprite.webp,96,96,1317,1186,131,9.9468,false,below-byte-threshold,9a9e538f44fc8505f8460d1dc6d7689d0e6801ae74ca89c1710c99942cef7b8f
assets/textures/textures_webapp/pokemon/wailord/sprite-shiny.png,assets/textures/textures_webapp/pokemon/wailord/sprite-shiny.webp,96,96,1002,872,130,12.9741,false,below-byte-threshold,305177f3c8901bd79243343170a2693aa7a09b11e4fa20629e1f86c94e6b06f7
assets/textures/textures_webapp/pokemon/reshiram/sprite.png,assets/textures/textures_webapp/pokemon/reshiram/sprite.webp,96,96,1564,1434,130,8.3120,false,below-byte-threshold,c01d8c9afbbf1d7a9a1a97854d5497feae07c40a3c1d9e26d56e16575ef0d302
assets/textures/textures_webapp/pokemon/gourgeist/sprite.png,assets/textures/textures_webapp/pokemon/gourgeist/sprite.webp,96,96,947,818,129,13.6220,false,below-byte-threshold,3d49aa8dd54ed780f5f519f809fd7f2c8242f13cfd2414637742b2d251d7dada
assets/textures/textures_webapp/pokemon/cofagrigus/sprite-shiny.png,assets/textures/textures_webapp/pokemon/cofagrigus/sprite-shiny.webp,96,96,1207,1080,127,10.5220,false,below-byte-threshold,5d5c79c84d9db955bf22a506aa8b87ba668cf4c52d3073d6a5fcd24957f3a545
assets/textures/textures_webapp/pokemon/tandemaus/sprite-shiny.png,assets/textures/textures_webapp/pokemon/tandemaus/sprite-shiny.webp,96,96,662,536,126,19.0332,false,below-byte-threshold,3b575eacd2b7ea6d9ca812cb39824555df561a6aca209ce42629adb20ef81ac4
assets/textures/textures_webapp/pokemon/maushold/sprite-shiny.png,assets/textures/textures_webapp/pokemon/maushold/sprite-shiny.webp,96,96,754,628,126,16.7109,false,below-byte-threshold,034f63a8027fd0520155aff93ff1bb6da192ac5f7b66e631c296d6c74fb6ca9f
assets/textures/textures_webapp/pokemon/wyrdeer/sprite.png,assets/textures/textures_webapp/pokemon/wyrdeer/sprite.webp,96,96,1263,1138,125,9.8971,false,below-byte-threshold,32b7834d8a3e8d3c93031607d9f6a61505dc37e8c8842c1be456e5492d75e282
assets/textures/textures_webapp/pokemon/ho-oh/sprite-shiny.png,assets/textures/textures_webapp/pokemon/ho-oh/sprite-shiny.webp,96,96,1771,1646,125,7.0582,false,below-byte-threshold,9fe1d2177b2805e40dbe06c688edbd6fad62185e311b3ed43449bbf3252a5a48
assets/textures/textures_webapp/pokemon/terrakion/sprite.png,assets/textures/textures_webapp/pokemon/terrakion/sprite.webp,96,96,1182,1060,122,10.3215,false,below-byte-threshold,6b73491b6783181d9fc4e8ea1f2ac2d2389deae247853067696e6b08440af611
assets/textures/textures_webapp/pokemon/chesnaught/sprite-shiny.png,assets/textures/textures_webapp/pokemon/chesnaught/sprite-shiny.webp,96,96,1328,1206,122,9.1867,false,below-byte-threshold,4376e806c71b3ac0680ebcba2adafa732ee74185bed8f6cdb2066edbb19cad75
assets/textures/textures_webapp/pokemon/sprigatito/sprite-shiny.png,assets/textures/textures_webapp/pokemon/sprigatito/sprite-shiny.webp,96,96,626,506,120,19.1693,false,below-byte-threshold,3757f6c7c2efde8f8f772e0c8b7a5e632afdeda2fe9c093de7874963e014498d
assets/textures/textures_webapp/pokemon/grafaiai/sprite.png,assets/textures/textures_webapp/pokemon/grafaiai/sprite.webp,96,96,1002,882,120,11.9760,false,below-byte-threshold,5e2afa9a8834050914a902a09b5e459f9302291c9cf37b089f122deb91085b52
assets/textures/textures_webapp/pokemon/chesnaught/sprite.png,assets/textures/textures_webapp/pokemon/chesnaught/sprite.webp,96,96,1325,1206,119,8.9811,false,below-byte-threshold,2c2b67d5eaf40b790ade0fac9944441660651c98bfba2298686500518831cacb
assets/textures/textures_webapp/pokemon/beartic/sprite.png,assets/textures/textures_webapp/pokemon/beartic/sprite.webp,96,96,878,760,118,13.4396,false,below-byte-threshold,f0285d50543868ba759178be91d1919eb6b5b98d90953ba68817ba640b317616
assets/textures/textures_webapp/pokemon/reshiram/sprite-shiny.png,assets/textures/textures_webapp/pokemon/reshiram/sprite-shiny.webp,96,96,1660,1542,118,7.1084,false,below-byte-threshold,04bdf4db8ad1b9ce6fb263634102f7f6c002c06d4ba60150a0cc9396e2385cbd
assets/textures/textures_webapp/pokemon/veluza/sprite-shiny.png,assets/textures/textures_webapp/pokemon/veluza/sprite-shiny.webp,96,96,729,612,117,16.0494,false,below-byte-threshold,25fa2d810f61abad48446efc559a8e60040c28287925873250752d832b661662
assets/textures/textures_webapp/pokemon/rotom-frost/sprite.png,assets/textures/textures_webapp/pokemon/rotom-frost/sprite.webp,96,96,865,748,117,13.5260,false,below-byte-threshold,63703ab5202454ec4ed4703d4ef136e3e9b2cc648c19e5003cb1795860c37b03
assets/textures/textures_webapp/pokemon/ursaring/sprite.png,assets/textures/textures_webapp/pokemon/ursaring/sprite.webp,96,96,963,846,117,12.1495,false,below-byte-threshold,6f927b627e3569cefc4f2c68b594b21f9ef360a7010ee59bd6acd728bc8cc3e8
assets/textures/textures_webapp/pokemon/sneasel-hisui/sprite.png,assets/textures/textures_webapp/pokemon/sneasel-hisui/sprite.webp,96,96,806,690,116,14.3921,false,below-byte-threshold,5667568fd5ca8e77c8a1506369ea83cc6a08b939787cb2a53266058a30c4b4b9
assets/textures/textures_webapp/pokemon/beartic/sprite-shiny.png,assets/textures/textures_webapp/pokemon/beartic/sprite-shiny.webp,96,96,880,764,116,13.1818,false,below-byte-threshold,26188b046cddbe3864c47d03ebb03f6d3351718e571608ac3139985365db62d6
assets/textures/textures_webapp/pokemon/scizor/sprite.png,assets/textures/textures_webapp/pokemon/scizor/sprite.webp,96,96,1082,966,116,10.7209,false,below-byte-threshold,4f286345df5a346e6320956d5d4a1a8bac6b4df4f01ac97413003d5ff68e2b62
assets/textures/textures_webapp/pokemon/veluza/sprite.png,assets/textures/textures_webapp/pokemon/veluza/sprite.webp,96,96,729,614,115,15.7750,false,below-byte-threshold,4df1fbcc026b1d70e820b1eb69cbd44a9d4d93891e02667c21927afb5342e0a7
assets/textures/textures_webapp/pokemon/deoxys-attack/sprite.png,assets/textures/textures_webapp/pokemon/deoxys-attack/sprite.webp,96,96,1069,954,115,10.7577,false,below-byte-threshold,d16e30975395e83ab4087614d76acc043abd49299c2cccf827bd888d4ea5ca27
assets/textures/textures_webapp/pokemon/goodra-hisui/sprite.png,assets/textures/textures_webapp/pokemon/goodra-hisui/sprite.webp,96,96,1251,1136,115,9.1926,false,below-byte-threshold,cf04376e6019dfe4d140b7032a42809ba8c5f77b8cd37abf8948eed477988209
assets/textures/textures_webapp/pokemon/ho-oh/sprite.png,assets/textures/textures_webapp/pokemon/ho-oh/sprite.webp,96,96,1771,1656,115,6.4935,false,below-byte-threshold,4ebdf266610e3f4366631883c3c5c63abce52e1bfa51568ed508eec5e20aa554
assets/textures/textures_webapp/pokemon/quilladin/sprite-shiny.png,assets/textures/textures_webapp/pokemon/quilladin/sprite-shiny.webp,96,96,1002,888,114,11.3772,false,below-byte-threshold,4de24474cd9201801ed3de46d2380e7ee51d9ce315ae90d4036d9e56fbd44971
assets/textures/textures_webapp/pokemon/goodra-hisui/sprite-shiny.png,assets/textures/textures_webapp/pokemon/goodra-hisui/sprite-shiny.webp,96,96,1250,1136,114,9.1200,false,below-byte-threshold,91f07947e1ad12af7ace253e624fb564afa95857f3912d14da759c738ae2a921
assets/textures/textures_webapp/pokemon/electivire/sprite-shiny.png,assets/textures/textures_webapp/pokemon/electivire/sprite-shiny.webp,96,96,1306,1192,114,8.7289,false,below-byte-threshold,a6b56478d260c4637c8a9b1270ba6faac4c7ccae7f7ef8b1422462064291ad47
assets/textures/textures_webapp/pokemon/sliggoo-hisui/sprite-shiny.png,assets/textures/textures_webapp/pokemon/sliggoo-hisui/sprite-shiny.webp,96,96,755,642,113,14.9669,false,below-byte-threshold,f21706a44aa865e3f4c31d8451cb395298da490dcac74dd8ea533584b8ef7b6d
assets/textures/textures_webapp/pokemon/rhyhorn/sprite.png,assets/textures/textures_webapp/pokemon/rhyhorn/sprite.webp,96,96,851,738,113,13.2785,false,below-byte-threshold,51a7e2d5df78ad3719349c09750fb0f2ef5157fc80bae70ecd00018f97ef2ff6
assets/textures/textures_webapp/pokemon/ursaring/sprite-shiny.png,assets/textures/textures_webapp/pokemon/ursaring/sprite-shiny.webp,96,96,963,850,113,11.7342,false,below-byte-threshold,870f1a7352f27b6fb0f2c8616ec4a8733178e1a006710132a2cc4ba0bf17a88a
assets/textures/textures_webapp/pokemon/haxorus/sprite-shiny.png,assets/textures/textures_webapp/pokemon/haxorus/sprite-shiny.webp,96,96,1237,1124,113,9.1350,false,below-byte-threshold,2f066e5d272fc8eecbe68910b2912cd07f8498eb32eb64a83e066f00939acdd9
assets/textures/textures_webapp/pokemon/regigigas/sprite.png,assets/textures/textures_webapp/pokemon/regigigas/sprite.webp,96,96,1410,1298,112,7.9433,false,below-byte-threshold,d339a41b4a96d478af872238be806dfa5c4f7653c1f1ed7e84da48e276632e51
assets/textures/textures_webapp/pokemon/giratina-altered-forme/sprite.png,assets/textures/textures_webapp/pokemon/giratina-altered-forme/sprite.webp,96,96,1628,1516,112,6.8796,false,below-byte-threshold,bd8bf2a5b05c6db0cd6047828864aa8db702c05d6b3b473b6dc6b39ea6926c85
assets/textures/textures_webapp/pokemon/qwilfish-hisui/sprite-shiny.png,assets/textures/textures_webapp/pokemon/qwilfish-hisui/sprite-shiny.webp,96,96,633,522,111,17.5355,false,below-byte-threshold,28dc7d56207c9b8080be1d851578ac98629aafb7092e95c804d99d0a51f8eab5
assets/textures/textures_webapp/pokemon/sneasel-hisui/sprite-shiny.png,assets/textures/textures_webapp/pokemon/sneasel-hisui/sprite-shiny.webp,96,96,805,694,111,13.7888,false,below-byte-threshold,bedbf4c243b2d2b46b1ed0ec9a5be5214afd59da21469d403af5992d176c58d4
assets/textures/textures_webapp/pokemon/rhyhorn/sprite-shiny.png,assets/textures/textures_webapp/pokemon/rhyhorn/sprite-shiny.webp,96,96,851,740,111,13.0435,false,below-byte-threshold,0d82b45a5ae5d7be9171124e5cb32a11f11b009e3bc361cfb91f06846a612ddb
assets/textures/textures_webapp/pokemon/bunnelby/sprite-shiny.png,assets/textures/textures_webapp/pokemon/bunnelby/sprite-shiny.webp,96,96,1023,912,111,10.8504,false,below-byte-threshold,0986c5270ec06b99faab4e2a3e0293a2b482d813c75faf2b38c5be352424c32a
assets/textures/textures_webapp/pokemon/overqwil/sprite-shiny.png,assets/textures/textures_webapp/pokemon/overqwil/sprite-shiny.webp,96,96,1335,1224,111,8.3146,false,below-byte-threshold,fbe5ceeeeea2cc5ca11bd71d922f6b951e9717ac6f44233895130a04612434c0
assets/textures/textures_webapp/pokemon/overqwil/sprite.png,assets/textures/textures_webapp/pokemon/overqwil/sprite.webp,96,96,1335,1224,111,8.3146,false,below-byte-threshold,9bfbaefa57fd8b318d2fb1e5c028860530815799b7d7dc2fcbfba2fe9da85671
assets/textures/textures_webapp/pokemon/arbok/sprite-shiny.png,assets/textures/textures_webapp/pokemon/arbok/sprite-shiny.webp,96,96,946,836,110,11.6279,false,below-byte-threshold,d7ebda7b6ff0da508fb1c2b66e6eb1d24525a516b340d43db9e649f366aac0c9
assets/textures/textures_webapp/pokemon/zebstrika/sprite-shiny.png,assets/textures/textures_webapp/pokemon/zebstrika/sprite-shiny.webp,96,96,1014,904,110,10.8481,false,below-byte-threshold,e58a7045479435efc97f6665c79856225dac98cc69b69237bf034cb02d93283e
assets/textures/textures_webapp/pokemon/scizor/sprite-shiny.png,assets/textures/textures_webapp/pokemon/scizor/sprite-shiny.webp,96,96,1082,972,110,10.1664,false,below-byte-threshold,f3d849470a421f71990d26b4fe0ad4c7bdf3b342f5f3aeecf7212adbed50a87c
assets/textures/textures_webapp/pokemon/gigalith/sprite.png,assets/textures/textures_webapp/pokemon/gigalith/sprite.webp,96,96,1166,1056,110,9.4340,false,below-byte-threshold,c65005125a64d7206f6b7312fd37c9ac28b09252b79f00d9356239a881ecc77d
assets/textures/textures_webapp/pokemon/electivire/sprite.png,assets/textures/textures_webapp/pokemon/electivire/sprite.webp,96,96,1308,1198,110,8.4098,false,below-byte-threshold,f345cc8e556c906df27c167c0075fe4d57d35d1c698f5df1c5d0d0c109b2f878
assets/textures/textures_webapp/pokemon/sliggoo-hisui/sprite.png,assets/textures/textures_webapp/pokemon/sliggoo-hisui/sprite.webp,96,96,757,648,109,14.3989,false,below-byte-threshold,eca95ba6d22b5e6131ed7d13415479a8d5ed4ad370bb8b0b63e06707c2a00eef
assets/textures/textures_webapp/pokemon/mewtwo/sprite.png,assets/textures/textures_webapp/pokemon/mewtwo/sprite.webp,96,96,929,820,109,11.7330,false,below-byte-threshold,0a4c5d464150d1d7a86d744073ca2868dc324993d7ec6c2586882c9cf17cd629
assets/textures/textures_webapp/pokemon/arbok/sprite.png,assets/textures/textures_webapp/pokemon/arbok/sprite.webp,96,96,945,836,109,11.5344,false,below-byte-threshold,086af202e340ccedbeb1299839b62fb5ebcbe67d36c8137d14e2c1fb969353bf
assets/textures/textures_webapp/pokemon/basculin-white-striped/sprite-shiny.png,assets/textures/textures_webapp/pokemon/basculin-white-striped/sprite-shiny.webp,96,96,624,516,108,17.3077,false,below-byte-threshold,9882fc2a55a4d9ae2c56a2ac13aa5c1fd3df90c336b39df1ef602ef24e757fbb
assets/textures/textures_webapp/pokemon/blitzle/sprite.png,assets/textures/textures_webapp/pokemon/blitzle/sprite.webp,96,96,632,524,108,17.0886,false,below-byte-threshold,d535400b7528f23e73f896eaa85aa222a12847b4f8ce0de2f4f1008bf6483555
assets/textures/textures_webapp/pokemon/bergmite/sprite-shiny.png,assets/textures/textures_webapp/pokemon/bergmite/sprite-shiny.webp,96,96,896,788,108,12.0536,false,below-byte-threshold,9078272388ddda9120493dcc0a8fc7e3e197ab01440e9db84581ef51d56996ae
assets/textures/textures_webapp/pokemon/zebstrika/sprite.png,assets/textures/textures_webapp/pokemon/zebstrika/sprite.webp,96,96,1012,904,108,10.6719,false,below-byte-threshold,309356755821055e909b29c7b36900436e7b70aa9b81620e9c0f8f86c0a0011d
assets/textures/textures_webapp/pokemon/haxorus/sprite.png,assets/textures/textures_webapp/pokemon/haxorus/sprite.webp,96,96,1236,1128,108,8.7379,false,below-byte-threshold,9e9edc7399f403d741e2ca81f74777957918d2cf82a76aba13d3f3060c305c95
assets/textures/textures_webapp/pokemon/qwilfish-hisui/sprite.png,assets/textures/textures_webapp/pokemon/qwilfish-hisui/sprite.webp,96,96,633,526,107,16.9036,false,below-byte-threshold,03c77a64e6078df8698f15b373b40f44766d8169be42b9d8df9de6073697568a
assets/textures/textures_webapp/pokemon/deoxys-attack/sprite-shiny.png,assets/textures/textures_webapp/pokemon/deoxys-attack/sprite-shiny.webp,96,96,1067,960,107,10.0281,false,below-byte-threshold,ca4a8a0942613bfa9510d2798b0ba8d270d78669a9852c819c12c32f80cb6f70
assets/textures/textures_webapp/pokemon/onix/sprite-shiny.png,assets/textures/textures_webapp/pokemon/onix/sprite-shiny.webp,96,96,1077,970,107,9.9350,false,below-byte-threshold,35e3d9d1e97b0b6e9271bfc12487205824e281ef1a3a41ec6eeb92b9a38e46e7
assets/textures/textures_webapp/pokemon/garchomp/sprite-shiny.png,assets/textures/textures_webapp/pokemon/garchomp/sprite-shiny.webp,96,96,1261,1154,107,8.4853,false,below-byte-threshold,21cb281158a652249058e1604f1ba876ffa1bea7c77eba0ef3cf1ce80775aab9
assets/textures/textures_webapp/pokemon/zorua-hisui/sprite-shiny.png,assets/textures/textures_webapp/pokemon/zorua-hisui/sprite-shiny.webp,96,96,842,736,106,12.5891,false,below-byte-threshold,16545c7adaa4cac2dac007043c265b5ffcb08751c21d7ed0567dbdec941daf2f
assets/textures/textures_webapp/pokemon/crustle/sprite-shiny.png,assets/textures/textures_webapp/pokemon/crustle/sprite-shiny.webp,96,96,982,876,106,10.7943,false,below-byte-threshold,009f68728c47972aadbe8fc52fbddf28c2e929d05d5d6ded1c1f2098915d66db
assets/textures/textures_webapp/pokemon/rayquaza/sprite-shiny.png,assets/textures/textures_webapp/pokemon/rayquaza/sprite-shiny.webp,96,96,1422,1316,106,7.4543,false,below-byte-threshold,0e4ebd3de00aca310fcd538eb4e324f3fd3abece25402d81d630ff1ddb65efb0
assets/textures/textures_webapp/pokemon/venusaur/sprite-shiny.png,assets/textures/textures_webapp/pokemon/venusaur/sprite-shiny.webp,96,96,1534,1428,106,6.9100,false,below-byte-threshold,710ddcc40dfbbbd4f4f69364bd41909841eaafef75e127c303ea04c7f01de420
assets/textures/textures_webapp/pokemon/wiglett/sprite-shiny.png,assets/textures/textures_webapp/pokemon/wiglett/sprite-shiny.webp,96,96,423,318,105,24.8227,false,below-byte-threshold,b80a27e11da78a8c3faa2490a0051300a05c3f9a808b5e578ba6965877b4c7d7
assets/textures/textures_webapp/pokemon/fuecoco/sprite-shiny.png,assets/textures/textures_webapp/pokemon/fuecoco/sprite-shiny.webp,96,96,685,580,105,15.3285,false,below-byte-threshold,97dcc80a9dc3da4b29970fe3b63c7f8e857a804b4ec153fb546cc3cdfd99c4d4
assets/textures/textures_webapp/pokemon/pawmi/sprite.png,assets/textures/textures_webapp/pokemon/pawmi/sprite.webp,96,96,707,602,105,14.8515,false,below-byte-threshold,9397116e3a590de03ffdaa51ad05021a142388bdacbe409588b07b624e466c69
assets/textures/textures_webapp/pokemon/lanturn/sprite.png,assets/textures/textures_webapp/pokemon/lanturn/sprite.webp,96,96,767,662,105,13.6897,false,below-byte-threshold,76f525c9b0b41971f3ce83ef1320dd1468f0420bf9b66a0f15984372eab5a3aa
assets/textures/textures_webapp/pokemon/dewgong/sprite.png,assets/textures/textures_webapp/pokemon/dewgong/sprite.webp,96,96,867,762,105,12.1107,false,below-byte-threshold,90e979c25ca082c514ec93af3c5cfa4ba32de8f6b2ca44830ec6dd398b1b14d4
assets/textures/textures_webapp/pokemon/pidgeot/sprite.png,assets/textures/textures_webapp/pokemon/pidgeot/sprite.webp,96,96,955,850,105,10.9948,false,below-byte-threshold,4b5b0c696803e5bbdbdc9f22d612b1be4d76e35c6643d127c51a13c1c1e0c444
assets/textures/textures_webapp/pokemon/genesect/sprite-douse-shiny.png,assets/textures/textures_webapp/pokemon/genesect/sprite-douse-shiny.webp,96,96,979,874,105,10.7252,false,below-byte-threshold,c787ca215213e55b0c6957378bac7917abaaeb85eb5a17700a4e619be21c22f9
assets/textures/textures_webapp/pokemon/genesect/sprite-burn-shiny.png,assets/textures/textures_webapp/pokemon/genesect/sprite-burn-shiny.webp,96,96,981,876,105,10.7034,false,below-byte-threshold,aabda689958d4e77b666792f442c97850d0580da0f66b61b5c955349d5a30ae3
assets/textures/textures_webapp/pokemon/onix/sprite.png,assets/textures/textures_webapp/pokemon/onix/sprite.webp,96,96,1077,972,105,9.7493,false,below-byte-threshold,a6ff189d3e443dd850ad75fb66099ba7be38563f73b34a272e6d1872459aec59
assets/textures/textures_webapp/pokemon/empoleon/sprite.png,assets/textures/textures_webapp/pokemon/empoleon/sprite.webp,96,96,1137,1032,105,9.2348,false,below-byte-threshold,1bd935d3949908ce9223d71f5db1ae76c72bcaea17317229a88f06d6723f2d15
assets/textures/textures_webapp/pokemon/venusaur/sprite.png,assets/textures/textures_webapp/pokemon/venusaur/sprite.webp,96,96,1531,1426,105,6.8583,false,below-byte-threshold,5b519e37a0b3166e187071e1a23fcfdc2b41386f5ee3028698c36655f21046f4
assets/textures/textures_webapp/pokemon/blitzle/sprite-shiny.png,assets/textures/textures_webapp/pokemon/blitzle/sprite-shiny.webp,96,96,632,528,104,16.4557,false,below-byte-threshold,6f83379ad293d67603b1d56b20da896a3063a1fd705765c06d43bda611f01af6
assets/textures/textures_webapp/pokemon/lanturn/sprite-shiny.png,assets/textures/textures_webapp/pokemon/lanturn/sprite-shiny.webp,96,96,770,666,104,13.5065,false,below-byte-threshold,9e14f6365fcb75e17c08e8fcfeeb1ab0c90df3fcb8c974f1d5606a17e4acde03
assets/textures/textures_webapp/pokemon/swellow/sprite.png,assets/textures/textures_webapp/pokemon/swellow/sprite.webp,96,96,874,770,104,11.8993,false,below-byte-threshold,9020fbacfcd1df9610ddb8fb18a885b76f16d6bc722a846915d96e3735e0ae59
assets/textures/textures_webapp/pokemon/pidgeot/sprite-shiny.png,assets/textures/textures_webapp/pokemon/pidgeot/sprite-shiny.webp,96,96,954,850,104,10.9015,false,below-byte-threshold,272233eca003ed68bde7df43af163e33b3a58a95235a438aea0b081c9ac387e2
assets/textures/textures_webapp/pokemon/volcarona/sprite.png,assets/textures/textures_webapp/pokemon/volcarona/sprite.webp,96,96,1114,1010,104,9.3357,false,below-byte-threshold,23aaf8dc9e8767397750d7a60fb950df82d1f59d048d5a80a136ad89c36059d5
assets/textures/textures_webapp/pokemon/swellow/sprite-shiny.png,assets/textures/textures_webapp/pokemon/swellow/sprite-shiny.webp,96,96,873,770,103,11.7984,false,below-byte-threshold,62e922bc0790e5b0f630658ab6a1e09fd5bcc9492d03f793a0bbf5299e2a1bb2
assets/textures/textures_webapp/pokemon/zangoose/sprite.png,assets/textures/textures_webapp/pokemon/zangoose/sprite.webp,96,96,881,778,103,11.6913,false,below-byte-threshold,937817957396eed97bcda697f4723ca7e327292f5f468658f80dda24840a7409
assets/textures/textures_webapp/pokemon/mightyena/sprite-shiny.png,assets/textures/textures_webapp/pokemon/mightyena/sprite-shiny.webp,96,96,903,800,103,11.4064,false,below-byte-threshold,499f6c717f23e19255da27423a62bf2b445c14d9639df3ae88f80d8eaa24ab68
assets/textures/textures_webapp/pokemon/genesect/sprite-shiny.png,assets/textures/textures_webapp/pokemon/genesect/sprite-shiny.webp,96,96,981,878,103,10.4995,false,below-byte-threshold,2fa294411ff829fd36c2113548e5304c5340210c7b8c8c7015844467eaeae0cd
assets/textures/textures_webapp/pokemon/machamp/sprite.png,assets/textures/textures_webapp/pokemon/machamp/sprite.webp,96,96,1197,1094,103,8.6048,false,below-byte-threshold,21168b3d1d8f573744eac3a722dcc35a989da4369f0696c93e2d1f6d4035092d
assets/textures/textures_webapp/pokemon/krookodile/sprite.png,assets/textures/textures_webapp/pokemon/krookodile/sprite.webp,96,96,1243,1140,103,8.2864,false,below-byte-threshold,5f597483f8ad355479c49a0324d809aa1d5ab606973ed3db729c6906eb59564c
assets/textures/textures_webapp/pokemon/nidoking/sprite.png,assets/textures/textures_webapp/pokemon/nidoking/sprite.webp,96,96,1263,1160,103,8.1552,false,below-byte-threshold,b35a2359243c6a47fc3f1bd9a3c0ba42fc8e3df55621aa958c08e9aa21df2f62
assets/textures/textures_webapp/pokemon/ursaluna/sprite-shiny.png,assets/textures/textures_webapp/pokemon/ursaluna/sprite-shiny.webp,96,96,1273,1170,103,8.0911,false,below-byte-threshold,44817f1e6b98c72fcdf6eedc8465dae451a2ec3cc0df21581ee679799685d98d
assets/textures/textures_webapp/pokemon/kyogre/sprite.png,assets/textures/textures_webapp/pokemon/kyogre/sprite.webp,96,96,1343,1240,103,7.6694,false,below-byte-threshold,1cd2ea575f9a4726ff84def6a5e637ab51e8b96892f1687d6a0f81d1deb3823f
assets/textures/textures_webapp/pokemon/regigigas/sprite-shiny.png,assets/textures/textures_webapp/pokemon/regigigas/sprite-shiny.webp,96,96,1403,1300,103,7.3414,false,below-byte-threshold,c1c662aaddde1296bf882524dab20a735719b17d71bbdf9aff662639baae23c9
assets/textures/textures_webapp/pokemon/furret/sprite.png,assets/textures/textures_webapp/pokemon/furret/sprite.webp,96,96,726,624,102,14.0496,false,below-byte-threshold,cf0b1661cee330dabe78e79e359e23a9c8c20feeb315882ffee8a449dee80de8
assets/textures/textures_webapp/pokemon/bibarel/sprite.png,assets/textures/textures_webapp/pokemon/bibarel/sprite.webp,96,96,836,734,102,12.2010,false,below-byte-threshold,6176cda719cfc215b8c476d0e5639305abd5adbd7cbed6bba5aa9c47d620a000
assets/textures/textures_webapp/pokemon/cobalion/sprite-shiny.png,assets/textures/textures_webapp/pokemon/cobalion/sprite-shiny.webp,96,96,1034,932,102,9.8646,false,below-byte-threshold,b177a1789d91b501c2a9c199088498e8629a9a7fcf209255ba1eea9d84934cad
assets/textures/textures_webapp/pokemon/deoxys/sprite.png,assets/textures/textures_webapp/pokemon/deoxys/sprite.webp,96,96,1046,944,102,9.7514,false,below-byte-threshold,3b80e14ee9a8020530cb61373adb9d89a0894aae08ce39ca139a3c1a78360e0d
assets/textures/textures_webapp/pokemon/ninetales/sprite.png,assets/textures/textures_webapp/pokemon/ninetales/sprite.webp,96,96,1054,952,102,9.6774,false,below-byte-threshold,00d5b77cf6d44b96567ab461e6bcb97a171497406eda821a18a6dcceef5c4fe2
assets/textures/textures_webapp/pokemon/sneasler/sprite.png,assets/textures/textures_webapp/pokemon/sneasler/sprite.webp,96,96,1058,956,102,9.6408,false,below-byte-threshold,ff8a4791743a6cb5b726845380eb257e7c1c912addd728ae464abf0175e6c6f8
assets/textures/textures_webapp/pokemon/nidoking/sprite-shiny.png,assets/textures/textures_webapp/pokemon/nidoking/sprite-shiny.webp,96,96,1262,1160,102,8.0824,false,below-byte-threshold,b084b851c3ad7b8ee5d9c59d5163b3ede57cdcfbff267cbd35789108b75664ed
assets/textures/textures_webapp/pokemon/wiglett/sprite.png,assets/textures/textures_webapp/pokemon/wiglett/sprite.webp,96,96,423,322,101,23.8771,false,below-byte-threshold,fbbcbf15b8202a33891378caf2031168b20c120aeda555e77dedb9b0cbdd1876
assets/textures/textures_webapp/pokemon/tatsugiri/sprite.png,assets/textures/textures_webapp/pokemon/tatsugiri/sprite.webp,96,96,513,412,101,19.6881,false,below-byte-threshold,6e80f856cffa6d69f148abc7ee691aeccb5453542c2d89a6157ddc887df2328c
assets/textures/textures_webapp/pokemon/lechonk/sprite-shiny.png,assets/textures/textures_webapp/pokemon/lechonk/sprite-shiny.webp,96,96,525,424,101,19.2381,false,below-byte-threshold,d84e50fd82d3c9c6d941d30a57fcd56c13ca12cc484633accbcf5932f35ceb14
assets/textures/textures_webapp/pokemon/lilligant-hisui/sprite.png,assets/textures/textures_webapp/pokemon/lilligant-hisui/sprite.webp,96,96,893,792,101,11.3102,false,below-byte-threshold,2217ea35f5f1df17878b29cb86e3a422d6a5da17c81c77e383ca11d251347449
assets/textures/textures_webapp/pokemon/zangoose/sprite-shiny.png,assets/textures/textures_webapp/pokemon/zangoose/sprite-shiny.webp,96,96,897,796,101,11.2598,false,below-byte-threshold,b9d2f4c3ec16ae744e4b443495b9794c0a3ccbda2fd250d27a70296fca2865de
assets/textures/textures_webapp/pokemon/garchomp/sprite.png,assets/textures/textures_webapp/pokemon/garchomp/sprite.webp,96,96,1261,1160,101,8.0095,false,below-byte-threshold,c23aa76e301d669088d9238d9648bbf75714fac52619233b3623fc7f54ac73df
assets/textures/textures_webapp/pokemon/charizard/sprite-shiny.png,assets/textures/textures_webapp/pokemon/charizard/sprite-shiny.webp,96,96,1331,1230,101,7.5883,false,below-byte-threshold,37bd5ef6f53b6378c6425366fb2e04b2328d5e72ca909a04d0ab5577b7c72806
assets/textures/textures_webapp/pokemon/rayquaza/sprite.png,assets/textures/textures_webapp/pokemon/rayquaza/sprite.webp,96,96,1423,1322,101,7.0977,false,below-byte-threshold,29c0613b8d33c2c091cdeef2dcbb53da0983fc6814c1e8b1ac9e2a2217bb718a
assets/textures/textures_webapp/pokemon/tatsugiri/sprite-shiny.png,assets/textures/textures_webapp/pokemon/tatsugiri/sprite-shiny.webp,96,96,512,412,100,19.5312,false,below-byte-threshold,2cc101386ba3a76a67d12b378fced48cbb20b7ab872f7a5173c454a58022b2c9
assets/textures/textures_webapp/pokemon/heracross/sprite.png,assets/textures/textures_webapp/pokemon/heracross/sprite.webp,96,96,778,678,100,12.8535,false,below-byte-threshold,d541c7d2661f48bfa11fbbf12c2b321d9d667bcee1ae56501fcd514653bcda3d
assets/textures/textures_webapp/pokemon/doublade/sprite.png,assets/textures/textures_webapp/pokemon/doublade/sprite.webp,96,96,786,686,100,12.7226,false,below-byte-threshold,adb9e5bc0ef8912212f087ddc51d204139a6b62568dbcc70dd4d0be508b950ab
assets/textures/textures_webapp/pokemon/bibarel/sprite-shiny.png,assets/textures/textures_webapp/pokemon/bibarel/sprite-shiny.webp,96,96,834,734,100,11.9904,false,below-byte-threshold,c4818f579d1a1068aefadbc0bb3cc4f48716cf9dc0790e1327fe89114338d3af
assets/textures/textures_webapp/pokemon/zorua-hisui/sprite.png,assets/textures/textures_webapp/pokemon/zorua-hisui/sprite.webp,96,96,844,744,100,11.8483,false,below-byte-threshold,daf013c8d4d194e0e33a56463b8d715455dff2d04eac9e380edf61af36e6810d
assets/textures/textures_webapp/pokemon/absol/sprite.png,assets/textures/textures_webapp/pokemon/absol/sprite.webp,96,96,892,792,100,11.2108,false,below-byte-threshold,a5066c4986cb9a114109caeca93205765477c724a3fb30f5cf7e858c648deeee
assets/textures/textures_webapp/pokemon/ninetales/sprite-shiny.png,assets/textures/textures_webapp/pokemon/ninetales/sprite-shiny.webp,96,96,1054,954,100,9.4877,false,below-byte-threshold,c495bf11102fdedfc2ad5df5d58b7d1a99b992edfb0a23e4500661ba97ea6f06
assets/textures/textures_webapp/pokemon/wailmer/sprite-shiny.png,assets/textures/textures_webapp/pokemon/wailmer/sprite-shiny.webp,96,96,765,666,99,12.9412,false,below-byte-threshold,0b7434ad317b10d717e69fe90c4e89410b93c4cc3f16ce0b3bfb6fd2fe1daacf
assets/textures/textures_webapp/pokemon/liepard/sprite-shiny.png,assets/textures/textures_webapp/pokemon/liepard/sprite-shiny.webp,96,96,873,774,99,11.3402,false,below-byte-threshold,07da973c59622a58bf50ec70ce9e0cea804be99c3f74edbf300c1fd4bcbe86d7
assets/textures/textures_webapp/pokemon/cresselia/sprite-shiny.png,assets/textures/textures_webapp/pokemon/cresselia/sprite-shiny.webp,96,96,973,874,99,10.1747,false,below-byte-threshold,f16dd14ae004ea520d6cb9b7bede7545f67f88354b9415cd5d47629975a04c42
assets/textures/textures_webapp/pokemon/crustle/sprite.png,assets/textures/textures_webapp/pokemon/crustle/sprite.webp,96,96,981,882,99,10.0917,false,below-byte-threshold,3464f11a1f6e0f32ebc93f75b59047370e7ab51a046605ebdf03206c5af4f3bb
assets/textures/textures_webapp/pokemon/sceptile/sprite-shiny.png,assets/textures/textures_webapp/pokemon/sceptile/sprite-shiny.webp,96,96,1025,926,99,9.6585,false,below-byte-threshold,a978af4d4c742d0b18a171abee896119143bfd08d8c4535470b3a35bc702ed94
assets/textures/textures_webapp/pokemon/regice/sprite.png,assets/textures/textures_webapp/pokemon/regice/sprite.webp,96,96,1097,998,99,9.0246,false,below-byte-threshold,d59d594f154c2fb461d097e975b5f743f7e05f78a93d9f13b1e2983e432a7b95
assets/textures/textures_webapp/pokemon/fuecoco/sprite.png,assets/textures/textures_webapp/pokemon/fuecoco/sprite.webp,96,96,684,586,98,14.3275,false,below-byte-threshold,78c3a0f399ccefa731ebc064cd835dac94ca28e9f718f13bdbc28c3d6dc84555
assets/textures/textures_webapp/pokemon/pawmi/sprite-shiny.png,assets/textures/textures_webapp/pokemon/pawmi/sprite-shiny.webp,96,96,706,608,98,13.8810,false,below-byte-threshold,f80ae48ce359b9dbd9c39dc518cb7a69b8b544cbb4d4c48303b9d2fecac0fb9d
assets/textures/textures_webapp/pokemon/jolteon/sprite-shiny.png,assets/textures/textures_webapp/pokemon/jolteon/sprite-shiny.webp,96,96,708,610,98,13.8418,false,below-byte-threshold,16f720f56bea5d7291b2122237a6087cf5e5f8c6e6d09e2f4f9c163abb23edfd
assets/textures/textures_webapp/pokemon/growlithe-hisui/sprite-shiny.png,assets/textures/textures_webapp/pokemon/growlithe-hisui/sprite-shiny.webp,96,96,820,722,98,11.9512,false,below-byte-threshold,19f0d5ba924c4cf10298c858a5e15189c4066cc5b89bd5f2912c3520252e5d56
assets/textures/textures_webapp/pokemon/sawk/sprite-shiny.png,assets/textures/textures_webapp/pokemon/sawk/sprite-shiny.webp,96,96,954,856,98,10.2725,false,below-byte-threshold,6e4a8c6de4e16ed66107bcbd9606bc8f08a8e9286de89ea2734fcc2784ea151e
assets/textures/textures_webapp/pokemon/genesect/sprite-shock-shiny.png,assets/textures/textures_webapp/pokemon/genesect/sprite-shock-shiny.webp,96,96,980,882,98,10.0000,false,below-byte-threshold,68dcba830a08b22fab37794b791b68806d4baa2fed6740f91232816228a78ff1
assets/textures/textures_webapp/pokemon/rhydon/sprite-shiny.png,assets/textures/textures_webapp/pokemon/rhydon/sprite-shiny.webp,96,96,1096,998,98,8.9416,false,below-byte-threshold,384f672bb0739414383a2ba99112355b2bdc47e99c1a64af3048862afe467566
assets/textures/textures_webapp/pokemon/enamorus-therian/sprite-shiny.png,assets/textures/textures_webapp/pokemon/enamorus-therian/sprite-shiny.webp,96,96,1214,1116,98,8.0725,false,below-byte-threshold,699bb6b494fd6e65d811c6c1abbaa44ff653981bd6b859391e6291158f8fc9a0
assets/textures/textures_webapp/pokemon/kyogre-primal/sprite-shiny.png,assets/textures/textures_webapp/pokemon/kyogre-primal/sprite-shiny.webp,96,96,1324,1226,98,7.4018,false,below-byte-threshold,910d2052fac614213cd3ea12d9594f3b2585d2e338a1c30f2a583686608a898c
assets/textures/textures_webapp/pokemon/gothorita/sprite.png,assets/textures/textures_webapp/pokemon/gothorita/sprite.webp,96,96,703,606,97,13.7980,false,below-byte-threshold,27f096e6d6525223c826f9e86c6b8246b9c0e145c12ae0131cb5066fe14fab10
assets/textures/textures_webapp/pokemon/doublade/sprite-shiny.png,assets/textures/textures_webapp/pokemon/doublade/sprite-shiny.webp,96,96,787,690,97,12.3253,false,below-byte-threshold,d18b9545d0b6e13f66aa6c8f2ef1aff516aac7d7aa61371c8eca40fa7d0483b1
assets/textures/textures_webapp/pokemon/dewgong/sprite-shiny.png,assets/textures/textures_webapp/pokemon/dewgong/sprite-shiny.webp,96,96,867,770,97,11.1880,false,below-byte-threshold,75a1e834779b7e78eadf2b48c05283e8eebbc5ec24f2fc939402c9e5d7d15053
assets/textures/textures_webapp/pokemon/lilligant-hisui/sprite-shiny.png,assets/textures/textures_webapp/pokemon/lilligant-hisui/sprite-shiny.webp,96,96,897,800,97,10.8138,false,below-byte-threshold,02adf11dc755fcea49e8a92dac075e1b99ec58c6fe3e89e56694d95da4f0ea29
assets/textures/textures_webapp/pokemon/probopass/sprite.png,assets/textures/textures_webapp/pokemon/probopass/sprite.webp,96,96,909,812,97,10.6711,false,below-byte-threshold,aa69b54c6b7501b90696b807539c827f889fee06c51a3c8dcc5dafbcbb83c7ec
assets/textures/textures_webapp/pokemon/kabutops/sprite-shiny.png,assets/textures/textures_webapp/pokemon/kabutops/sprite-shiny.webp,96,96,919,822,97,10.5550,false,below-byte-threshold,f91578781de6a3f215a2b1746433e0787fd65e79b3b2a08597b309cfb628d5a7
assets/textures/textures_webapp/pokemon/genesect/sprite-shock.png,assets/textures/textures_webapp/pokemon/genesect/sprite-shock.webp,96,96,979,882,97,9.9081,false,below-byte-threshold,8a27070be68876e9d2c8e119749d506c90d9a351227422acf976ab542c224d34
assets/textures/textures_webapp/pokemon/rhydon/sprite.png,assets/textures/textures_webapp/pokemon/rhydon/sprite.webp,96,96,1095,998,97,8.8584,false,below-byte-threshold,61da819640d68d773ec9f5e02c73c0295fc6fa5021cc253c49d5e1d9e142ecf0
assets/textures/textures_webapp/pokemon/regice/sprite-shiny.png,assets/textures/textures_webapp/pokemon/regice/sprite-shiny.webp,96,96,1099,1002,97,8.8262,false,below-byte-threshold,67e35f9da812743cdca5a02628f4a7fababbba8c19f4714162bdbe2daf8f1561
assets/textures/textures_webapp/pokemon/magmar/sprite.png,assets/textures/textures_webapp/pokemon/magmar/sprite.webp,96,96,1111,1014,97,8.7309,false,below-byte-threshold,7af78695596a0a9f483e306ec5108a6746b001a0726a69ee006b2e9c24955813
assets/textures/textures_webapp/pokemon/seismitoad/sprite.png,assets/textures/textures_webapp/pokemon/seismitoad/sprite.webp,96,96,1131,1034,97,8.5765,false,below-byte-threshold,995a5b5aae88fbb10954116529bf8d74dcbbbc41d8fa9058d475d1fca2490c3f
assets/textures/textures_webapp/pokemon/machamp/sprite-shiny.png,assets/textures/textures_webapp/pokemon/machamp/sprite-shiny.webp,96,96,1197,1100,97,8.1036,false,below-byte-threshold,7510954a6ab929983676aa761e2ac1496b1358dd9b9784dafdf4a3572b1d9704
assets/textures/textures_webapp/pokemon/giratina-altered-forme/sprite-shiny.png,assets/textures/textures_webapp/pokemon/giratina-altered-forme/sprite-shiny.webp,96,96,1625,1528,97,5.9692,false,below-byte-threshold,b428e124204ac15099f8fda27c216114977aaa7b40217a1f791673949b36fa64
assets/textures/textures_webapp/pokemon/basculin-white-striped/sprite.png,assets/textures/textures_webapp/pokemon/basculin-white-striped/sprite.webp,96,96,626,530,96,15.3355,false,below-byte-threshold,1145cf8451a70cdc736a21c74d14e91bcc7a040a04c7a5b5f4a9d4e927da2602
assets/textures/textures_webapp/pokemon/doduo/sprite.png,assets/textures/textures_webapp/pokemon/doduo/sprite.webp,96,96,688,592,96,13.9535,false,below-byte-threshold,e3153e184343af8bd6020adf77477985be33e402b78ca6141bceeb1c16a11a3e
assets/textures/textures_webapp/pokemon/klang/sprite-shiny.png,assets/textures/textures_webapp/pokemon/klang/sprite-shiny.webp,96,96,828,732,96,11.5942,false,below-byte-threshold,3c871d16c54820cec530d552f3bb3af6c3cf0bbdf3e5c3ce699fd00ab58d700c
assets/textures/textures_webapp/pokemon/liepard/sprite.png,assets/textures/textures_webapp/pokemon/liepard/sprite.webp,96,96,872,776,96,11.0092,false,below-byte-threshold,075f581050973c91978c86952581f0bf3babc387996f6832c0db376bbe11a883
assets/textures/textures_webapp/pokemon/mewtwo/sprite-shiny.png,assets/textures/textures_webapp/pokemon/mewtwo/sprite-shiny.webp,96,96,928,832,96,10.3448,false,below-byte-threshold,4674fd4bde5dab51fad8194c4bebb0bd4d8fea19349623a3599a743a185ed0f8
assets/textures/textures_webapp/pokemon/brionne/sprite-shiny.png,assets/textures/textures_webapp/pokemon/brionne/sprite-shiny.webp,96,96,1020,924,96,9.4118,false,below-byte-threshold,eb96b73f452e7f3920acc32682af5d046d37282a5f1e91f48ce8ddf472539f97
assets/textures/textures_webapp/pokemon/sneasler/sprite-shiny.png,assets/textures/textures_webapp/pokemon/sneasler/sprite-shiny.webp,96,96,1058,962,96,9.0737,false,below-byte-threshold,01b92cd07d2568c395e4ebfb9424a74f8559ffef19707c311cc759c6eafa006d
assets/textures/textures_webapp/pokemon/typhlosion-hisui/sprite.png,assets/textures/textures_webapp/pokemon/typhlosion-hisui/sprite.webp,96,96,1076,980,96,8.9219,false,below-byte-threshold,93982b9636cc77ef7446b0960698984bb037d063077e2a074d883f9c80f3a89e
assets/textures/textures_webapp/pokemon/seismitoad/sprite-shiny.png,assets/textures/textures_webapp/pokemon/seismitoad/sprite-shiny.webp,96,96,1132,1036,96,8.4806,false,below-byte-threshold,217063e6d707d91e8eac1a9114ecf53aea3d139ba687a40b02521aeefac89520
assets/textures/textures_webapp/pokemon/arcanine/sprite.png,assets/textures/textures_webapp/pokemon/arcanine/sprite.webp,96,96,1198,1102,96,8.0134,false,below-byte-threshold,ed3095399f1d645048d2aa8805b550b499bd877b9f420a8d029051cd8b2aaf12
assets/textures/textures_webapp/pokemon/granbull/sprite.png,assets/textures/textures_webapp/pokemon/granbull/sprite.webp,96,96,713,618,95,13.3240,false,below-byte-threshold,5732218d698f3363db043a19e15a96cd45e3083d61d53fd728eb12b7ea3df210
assets/textures/textures_webapp/pokemon/heracross/sprite-shiny.png,assets/textures/textures_webapp/pokemon/heracross/sprite-shiny.webp,96,96,779,684,95,12.1951,false,below-byte-threshold,0aab003e8ee4a9e9ad955c3ab969911799dff850cf5583fd4782cdf0fd1c1c59
assets/textures/textures_webapp/pokemon/deoxys-defense/sprite.png,assets/textures/textures_webapp/pokemon/deoxys-defense/sprite.webp,96,96,949,854,95,10.0105,false,below-byte-threshold,44ff474ad860ce2bd9190e36b889ac3323bef4f10cd8ef7468f7eb45a7a3f81e
assets/textures/textures_webapp/pokemon/genesect/sprite-burn.png,assets/textures/textures_webapp/pokemon/genesect/sprite-burn.webp,96,96,979,884,95,9.7038,false,below-byte-threshold,ce5e0af644a231daf30674ff8f02ba308f7cb71a98eaf27c0fb79022fb1e1050
assets/textures/textures_webapp/pokemon/genesect/sprite.png,assets/textures/textures_webapp/pokemon/genesect/sprite.webp,96,96,979,884,95,9.7038,false,below-byte-threshold,bb8e9b65513ceac61bf1aeb5cdec88c072584df81e23df05c7b70c714d54ba89
assets/textures/textures_webapp/pokemon/magmar/sprite-shiny.png,assets/textures/textures_webapp/pokemon/magmar/sprite-shiny.webp,96,96,1111,1016,95,8.5509,false,below-byte-threshold,6dac710989815d96655f64d2db5a3ae5c05b8a7626f95961ab0702311df9b48f
assets/textures/textures_webapp/pokemon/decidueye-hisui/sprite.png,assets/textures/textures_webapp/pokemon/decidueye-hisui/sprite.webp,96,96,1137,1042,95,8.3553,false,below-byte-threshold,58e76b8b78d397c813382a777dd3851f29e2edc11fe604f09300fbb97970abcb
assets/textures/textures_webapp/pokemon/arcanine/sprite-shiny.png,assets/textures/textures_webapp/pokemon/arcanine/sprite-shiny.webp,96,96,1199,1104,95,7.9233,false,below-byte-threshold,31d576c3c9092ccae576663761408b394ba7124f8da05d2ddff2def2758fec00
assets/textures/textures_webapp/pokemon/umbreon/sprite-shiny.png,assets/textures/textures_webapp/pokemon/umbreon/sprite-shiny.webp,96,96,576,482,94,16.3194,false,below-byte-threshold,8137093d3e0fef02753dd9e79f8dade4c046c1f23f3a90f3287626ace1959e76
assets/textures/textures_webapp/pokemon/eevee/sprite-shiny.png,assets/textures/textures_webapp/pokemon/eevee/sprite-shiny.webp,96,96,582,488,94,16.1512,false,below-byte-threshold,862bfb5978a3639a019943f5530fad5da8cd32f289b40c2856cf4216b5fdfdec
assets/textures/textures_webapp/pokemon/abra/sprite.png,assets/textures/textures_webapp/pokemon/abra/sprite.webp,96,96,652,558,94,14.4172,false,below-byte-threshold,6d7d89a1c3d7c29d1ffbfe8b9ed48e2b852c364e0cf96cd1146a3e65a3709c4a
assets/textures/textures_webapp/pokemon/smeargle/sprite.png,assets/textures/textures_webapp/pokemon/smeargle/sprite.webp,96,96,718,624,94,13.0919,false,below-byte-threshold,7cb0beec9385930edac2e76fd614276d04f2fa20a43d9154807dec4cf6678074
assets/textures/textures_webapp/pokemon/persian/sprite.png,assets/textures/textures_webapp/pokemon/persian/sprite.webp,96,96,730,636,94,12.8767,false,below-byte-threshold,8707cb46b8639006704939bec26a13cec2abf7be6d6953cb352d2e73a0f50569
assets/textures/textures_webapp/pokemon/flareon/sprite-shiny.png,assets/textures/textures_webapp/pokemon/flareon/sprite-shiny.webp,96,96,782,688,94,12.0205,false,below-byte-threshold,bfd1b98fb410dfed58f4411fe7af0c92f220bec9435c56de50d14fa9540863d2
assets/textures/textures_webapp/pokemon/golduck/sprite.png,assets/textures/textures_webapp/pokemon/golduck/sprite.webp,96,96,802,708,94,11.7207,false,below-byte-threshold,4c465c0999e16c4616a7a518e61590c61c3453043de2541c30691d5a1f13e116
assets/textures/textures_webapp/pokemon/drifblim/sprite.png,assets/textures/textures_webapp/pokemon/drifblim/sprite.webp,96,96,874,780,94,10.7551,false,below-byte-threshold,bb84519096d09957ee64a73f14ecf1af3cc175c0d85b17b9a6bb9c08c7d6fa14
assets/textures/textures_webapp/pokemon/absol/sprite-shiny.png,assets/textures/textures_webapp/pokemon/absol/sprite-shiny.webp,96,96,894,800,94,10.5145,false,below-byte-threshold,9046be963366385ad80e0d75e0ba5d602064d67c812e8197b0b46e0779d38082
assets/textures/textures_webapp/pokemon/kabutops/sprite.png,assets/textures/textures_webapp/pokemon/kabutops/sprite.webp,96,96,918,824,94,10.2397,false,below-byte-threshold,a0e339e92171bfb8b9d55d382f374ca135cdf4701bd6d10ce252882621d222b6
assets/textures/textures_webapp/pokemon/hippowdon/sprite-m.png,assets/textures/textures_webapp/pokemon/hippowdon/sprite-m.webp,96,96,1098,1004,94,8.5610,false,below-byte-threshold,8d706a5dd3d8078702c7655ca239de24e43cc3f5805799b55c320ab855948fee
assets/textures/textures_webapp/pokemon/hippowdon/sprite.png,assets/textures/textures_webapp/pokemon/hippowdon/sprite.webp,96,96,1098,1004,94,8.5610,false,below-byte-threshold,8d706a5dd3d8078702c7655ca239de24e43cc3f5805799b55c320ab855948fee
assets/textures/textures_webapp/pokemon/lugia/sprite.png,assets/textures/textures_webapp/pokemon/lugia/sprite.webp,96,96,1200,1106,94,7.8333,false,below-byte-threshold,14b2f0fee44666c3b7caa3afb1b5f64ab3b414f2b9cd4cda6a1dd50497e93648
assets/textures/textures_webapp/pokemon/golurk/sprite.png,assets/textures/textures_webapp/pokemon/golurk/sprite.webp,96,96,1456,1362,94,6.4560,false,below-byte-threshold,fd85e9886e06b8e94dd49328034c1c2d53e631f5d40e27da27fd580e371c9e3d
assets/textures/textures_webapp/pokemon/lechonk/sprite.png,assets/textures/textures_webapp/pokemon/lechonk/sprite.webp,96,96,521,428,93,17.8503,false,below-byte-threshold,91bc8f120f3b2d5cb9573a49a13b5b55ffb9e0b7ad2aac939e7233e59bdf241e
assets/textures/textures_webapp/pokemon/alomomola/sprite-shiny.png,assets/textures/textures_webapp/pokemon/alomomola/sprite-shiny.webp,96,96,711,618,93,13.0802,false,below-byte-threshold,8ea3a67fde40a81020fe04404cc8419f05e3c9d9bab90cbaa7bcfb7bbb801103
assets/textures/textures_webapp/pokemon/watchog/sprite.png,assets/textures/textures_webapp/pokemon/watchog/sprite.webp,96,96,737,644,93,12.6187,false,below-byte-threshold,4510e2f0b7e05c25a33143806a1e1c01efee20a96d2d03e911422482d63a2688
assets/textures/textures_webapp/pokemon/lopunny/sprite-shiny.png,assets/textures/textures_webapp/pokemon/lopunny/sprite-shiny.webp,96,96,845,752,93,11.0059,false,below-byte-threshold,e7d14deaafdc295caabe763bb75d262f1f86bf605fc53172d361b8e53dc3ac02
assets/textures/textures_webapp/pokemon/deoxys/sprite-shiny.png,assets/textures/textures_webapp/pokemon/deoxys/sprite-shiny.webp,96,96,1045,952,93,8.8995,false,below-byte-threshold,2e88d859705236ffeeb198ee9097d4959dcaf09be936b3c8853fb8b416439e8c
assets/textures/textures_webapp/pokemon/enamorus-therian/sprite.png,assets/textures/textures_webapp/pokemon/enamorus-therian/sprite.webp,96,96,1213,1120,93,7.6669,false,below-byte-threshold,1d3dd896f84ce152f179d1269f123e334b1494e8b187d39a791aee307c80e533
assets/textures/textures_webapp/pokemon/golurk/sprite-shiny.png,assets/textures/textures_webapp/pokemon/golurk/sprite-shiny.webp,96,96,1483,1390,93,6.2711,false,below-byte-threshold,d3d1d2371c3081306a98131a8d776ef2fc2fe96d2aa7e7ae62ded630829f336c
assets/textures/textures_webapp/pokemon/spinda/sprite.png,assets/textures/textures_webapp/pokemon/spinda/sprite.webp,96,96,560,468,92,16.4286,false,below-byte-threshold,11a7afbbc5bff7e313282734b650b66b71773f903e29858966b2370d92e8fc85
assets/textures/textures_webapp/pokemon/eevee/sprite.png,assets/textures/textures_webapp/pokemon/eevee/sprite.webp,96,96,582,490,92,15.8076,false,below-byte-threshold,c76c461d3c0203be90a8eff9581650a577371358988c9edcb9ec8e95682aa943
assets/textures/textures_webapp/pokemon/tirtouga/sprite-shiny.png,assets/textures/textures_webapp/pokemon/tirtouga/sprite-shiny.webp,96,96,628,536,92,14.6497,false,below-byte-threshold,9babde4b2d5b6eea97a8ed717875f2c11e292b64ddc0765232de361c53730c22
assets/textures/textures_webapp/pokemon/quagsire/sprite-shiny.png,assets/textures/textures_webapp/pokemon/quagsire/sprite-shiny.webp,96,96,650,558,92,14.1538,false,below-byte-threshold,37453042cb4d894bfef05081dfdc870e29ec7dc9b3f84b46efe8d88fdea3f5bd
assets/textures/textures_webapp/pokemon/vanillish/sprite-shiny.png,assets/textures/textures_webapp/pokemon/vanillish/sprite-shiny.webp,96,96,664,572,92,13.8554,false,below-byte-threshold,ef1074354c96f1a423cf9bb2b1287a5e25c566fcc0ed6f747b873648595946c7
assets/textures/textures_webapp/pokemon/azumarill/sprite.png,assets/textures/textures_webapp/pokemon/azumarill/sprite.webp,96,96,712,620,92,12.9213,false,below-byte-threshold,590be7050284b5b0d4dbd0e3c587c8ede8e241d89ce2a703e95b9f22c37217e7
assets/textures/textures_webapp/pokemon/growlithe-hisui/sprite.png,assets/textures/textures_webapp/pokemon/growlithe-hisui/sprite.webp,96,96,820,728,92,11.2195,false,below-byte-threshold,975b259b6cb7ea14b78c041812f10d4329735aa412368dbef2fb3e8503a4e72b
assets/textures/textures_webapp/pokemon/cinccino/sprite.png,assets/textures/textures_webapp/pokemon/cinccino/sprite.webp,96,96,892,800,92,10.3139,false,below-byte-threshold,1e5410d9e17c8b84fe954be5001b8f0dff32c4a5a0bf75f4cf0ff19c6f8cbfd5
assets/textures/textures_webapp/pokemon/mienshao/sprite.png,assets/textures/textures_webapp/pokemon/mienshao/sprite.webp,96,96,918,826,92,10.0218,false,below-byte-threshold,f540d3c7a33d1a2813b76975f47515e636907d3777a7547dace52849ab7744fa
assets/textures/textures_webapp/pokemon/abomasnow/sprite.png,assets/textures/textures_webapp/pokemon/abomasnow/sprite.webp,96,96,1176,1084,92,7.8231,false,below-byte-threshold,8be5b49460ccf6cc0ffce7e86da50678b48a41f48c2e52336264f8284bc970a3
assets/textures/textures_webapp/pokemon/zoroark-hisui/sprite-shiny.png,assets/textures/textures_webapp/pokemon/zoroark-hisui/sprite-shiny.webp,96,96,1438,1346,92,6.3978,false,below-byte-threshold,b51d07902dae70cd6e961f756a316ff419805dca1dea6c56de740927ed903fa5
assets/textures/textures_webapp/pokemon/voltorb-hisui/sprite-shiny.png,assets/textures/textures_webapp/pokemon/voltorb-hisui/sprite-shiny.webp,96,96,503,412,91,18.0915,false,below-byte-threshold,fec16a3634f376ab20abc5fd96cf8e6bc2ed84f4c03b0dc7c0861c44c79d7529
assets/textures/textures_webapp/pokemon/venipede/sprite-shiny.png,assets/textures/textures_webapp/pokemon/venipede/sprite-shiny.webp,96,96,591,500,91,15.3976,false,below-byte-threshold,839e78373772d859b1512578cf6c91ce7ddd381e5f52ee6a317cecfbbfd65905
assets/textures/textures_webapp/pokemon/quaxly/sprite-shiny.png,assets/textures/textures_webapp/pokemon/quaxly/sprite-shiny.webp,96,96,603,512,91,15.0912,false,below-byte-threshold,88bd573516790b09b0aec678798d65d8ab5e228420057318e818c1d4bd4fead0
assets/textures/textures_webapp/pokemon/quagsire/sprite.png,assets/textures/textures_webapp/pokemon/quagsire/sprite.webp,96,96,649,558,91,14.0216,false,below-byte-threshold,ffdc6a17e02d724a96855f90798b3731d088f77c8d2a6e8b904f3dbd85a45922
assets/textures/textures_webapp/pokemon/tranquill/sprite.png,assets/textures/textures_webapp/pokemon/tranquill/sprite.webp,96,96,693,602,91,13.1313,false,below-byte-threshold,3f0268fbca30f6a5dc982a8d9e346a83b3f44c9f33a97920f2e633db5c06b880
assets/textures/textures_webapp/pokemon/alomomola/sprite.png,assets/textures/textures_webapp/pokemon/alomomola/sprite.webp,96,96,711,620,91,12.7989,false,below-byte-threshold,58c5df2a37fd0bdff7dd149bdb2584bf9b68ee75838d152032a6bf4e6811dedc
assets/textures/textures_webapp/pokemon/banette/sprite.png,assets/textures/textures_webapp/pokemon/banette/sprite.webp,96,96,741,650,91,12.2807,false,below-byte-threshold,f92c20e2d1256be5beb2421aa9ff56e8635ae9e8a572ab10a61227c16a51181e
assets/textures/textures_webapp/pokemon/frillish/sprite-shiny-f.png,assets/textures/textures_webapp/pokemon/frillish/sprite-shiny-f.webp,96,96,749,658,91,12.1495,false,below-byte-threshold,5de43aad1aaf32e70d64404a667a18b4db7747cdcea5ca60b03677b36980e43d
assets/textures/textures_webapp/pokemon/manectric/sprite-shiny.png,assets/textures/textures_webapp/pokemon/manectric/sprite-shiny.webp,96,96,917,826,91,9.9237,false,below-byte-threshold,c6fb11ea19c1657b900ec6f79f7f210e2a83117c6c0f56d04390ee4b60552ceb
assets/textures/textures_webapp/pokemon/sawk/sprite.png,assets/textures/textures_webapp/pokemon/sawk/sprite.webp,96,96,953,862,91,9.5488,false,below-byte-threshold,8435c8f05dbde50824c8ce7e5e5e4e46eae5507617bded72756f00ced57cadc6
assets/textures/textures_webapp/pokemon/bastiodon/sprite-shiny.png,assets/textures/textures_webapp/pokemon/bastiodon/sprite-shiny.webp,96,96,1007,916,91,9.0367,false,below-byte-threshold,d1c56b9fa365899eab5ea498f4bc5ec237c03a432a01ab48573b51801bf831a1
assets/textures/textures_webapp/pokemon/cobalion/sprite.png,assets/textures/textures_webapp/pokemon/cobalion/sprite.webp,96,96,1033,942,91,8.8093,false,below-byte-threshold,fb6f6965ef720afd4d3b38155a2cf7d680148d0cb344b8d85715aa8c230c579b
assets/textures/textures_webapp/pokemon/nidoqueen/sprite-shiny.png,assets/textures/textures_webapp/pokemon/nidoqueen/sprite-shiny.webp,96,96,1067,976,91,8.5286,false,below-byte-threshold,a9ab9fa93082e2bd2241ef7a5a1ecbe0917afd7d5a3fa98d5caf3e89b2667aa2
assets/textures/textures_webapp/pokemon/stoutland/sprite.png,assets/textures/textures_webapp/pokemon/stoutland/sprite.webp,96,96,1139,1048,91,7.9895,false,below-byte-threshold,7f7d336d5558367d56db970debc2a3dc42dcfb56dceaf9d3700f711bff72b687
assets/textures/textures_webapp/pokemon/skiddo/sprite-shiny.png,assets/textures/textures_webapp/pokemon/skiddo/sprite-shiny.webp,96,96,1151,1060,91,7.9062,false,below-byte-threshold,8ea2f8253b5af6d55fdd2f59bfad79891f648b318802c781cd35fca82ffb65f3
assets/textures/textures_webapp/pokemon/abomasnow/sprite-shiny.png,assets/textures/textures_webapp/pokemon/abomasnow/sprite-shiny.webp,96,96,1175,1084,91,7.7447,false,below-byte-threshold,a80b956356995f444afb28e93903623627223499777a5df384996facaa85252a
assets/textures/textures_webapp/pokemon/lugia/sprite-shiny.png,assets/textures/textures_webapp/pokemon/lugia/sprite-shiny.webp,96,96,1201,1110,91,7.5770,false,below-byte-threshold,6f1573afc649daf77635a24e26f72bdb2d4ef4c00768d51e6cb5059406b16d91
assets/textures/textures_webapp/pokemon/espurr/sprite.png,assets/textures/textures_webapp/pokemon/espurr/sprite.webp,96,96,480,390,90,18.7500,false,below-byte-threshold,46cb9c8e13723bd5d51a45486655beb1c8505f68a1d5bdcf1cf3815e38e61146
assets/textures/textures_webapp/pokemon/mew/sprite.png,assets/textures/textures_webapp/pokemon/mew/sprite.webp,96,96,556,466,90,16.1871,false,below-byte-threshold,de0c0eab1024d60078cc556e34460852d361366bd19df8c85f88c8946b677c19
assets/textures/textures_webapp/pokemon/spinda/sprite-shiny.png,assets/textures/textures_webapp/pokemon/spinda/sprite-shiny.webp,96,96,560,470,90,16.0714,false,below-byte-threshold,9832b23ec5d820439332ecd22c79f11390b1ea5a61d3cd22124e201e7b3c3f23
assets/textures/textures_webapp/pokemon/umbreon/sprite.png,assets/textures/textures_webapp/pokemon/umbreon/sprite.webp,96,96,580,490,90,15.5172,false,below-byte-threshold,68306725d52c69347eedf65cd6a82e1910250606e483048879be95280cfec3be
assets/textures/textures_webapp/pokemon/sentret/sprite.png,assets/textures/textures_webapp/pokemon/sentret/sprite.webp,96,96,660,570,90,13.6364,false,below-byte-threshold,ce5f79b5aaf736f7fa7c0aed1d58598ecf079770f2cad35c2faf86029af1cdb2
assets/textures/textures_webapp/pokemon/gothorita/sprite-shiny.png,assets/textures/textures_webapp/pokemon/gothorita/sprite-shiny.webp,96,96,704,614,90,12.7841,false,below-byte-threshold,9332383e1d6befba7568cd2825d94dbaf548a3c011f3c2f95f651f3e91a4694b
assets/textures/textures_webapp/pokemon/watchog/sprite-shiny.png,assets/textures/textures_webapp/pokemon/watchog/sprite-shiny.webp,96,96,738,648,90,12.1951,false,below-byte-threshold,790efefe9699e95973273b8e7a28176d61c9f4b9106fb1585361e9774d9c84ed
assets/textures/textures_webapp/pokemon/swanna/sprite-shiny.png,assets/textures/textures_webapp/pokemon/swanna/sprite-shiny.webp,96,96,748,658,90,12.0321,false,below-byte-threshold,1be26738796313100177e44aaf95d24b32f9195d295fe77f4e8a810fb75f31e5
assets/textures/textures_webapp/pokemon/frillish/sprite-f.png,assets/textures/textures_webapp/pokemon/frillish/sprite-f.webp,96,96,750,660,90,12.0000,false,below-byte-threshold,b9b7f5e7009a81f25533edf19b7894ac3e6fbf516b626b64875fe4a503f73691
assets/textures/textures_webapp/pokemon/poliwhirl/sprite.png,assets/textures/textures_webapp/pokemon/poliwhirl/sprite.webp,96,96,794,704,90,11.3350,false,below-byte-threshold,e03f49be555a14f0fd7e02ac56ca39ce4b433bd821a6777a0dc5f704e950ce65
assets/textures/textures_webapp/pokemon/gengar/sprite.png,assets/textures/textures_webapp/pokemon/gengar/sprite.webp,96,96,802,712,90,11.2219,false,below-byte-threshold,24e56c24b6b87565bae756cef8ddd961a8afe8551a880527f619d128929eadd7
assets/textures/textures_webapp/pokemon/unfezant/sprite-f.png,assets/textures/textures_webapp/pokemon/unfezant/sprite-f.webp,96,96,804,714,90,11.1940,false,below-byte-threshold,4af3d25dd74a2178aeae11175ff46571f737794d97dcbeb195cad6508427dedc
assets/textures/textures_webapp/pokemon/latias/sprite.png,assets/textures/textures_webapp/pokemon/latias/sprite.webp,96,96,870,780,90,10.3448,false,below-byte-threshold,49815b616219c0433834ba255c8e09b3e25c087bcc145981de5b0517db025afc
assets/textures/textures_webapp/pokemon/stantler/sprite.png,assets/textures/textures_webapp/pokemon/stantler/sprite.webp,96,96,884,794,90,10.1810,false,below-byte-threshold,969dc69e46d230fc1178afb18f7418b2f29ca1f6ae46b8a3a2ef3651d9bc798c
assets/textures/textures_webapp/pokemon/cinccino/sprite-shiny.png,assets/textures/textures_webapp/pokemon/cinccino/sprite-shiny.webp,96,96,892,802,90,10.0897,false,below-byte-threshold,60aa73ee370f635fa0b6dbbe79f4349f5368721f95671ef627ced1701514b41e
assets/textures/textures_webapp/pokemon/houndoom/sprite-shiny.png,assets/textures/textures_webapp/pokemon/houndoom/sprite-shiny.webp,96,96,922,832,90,9.7614,false,below-byte-threshold,4feb3185281ec94b96f86ceea7a0150ef63546639bee7a20a4db19c980aa6831
assets/textures/textures_webapp/pokemon/floatzel/sprite-shiny.png,assets/textures/textures_webapp/pokemon/floatzel/sprite-shiny.webp,96,96,938,848,90,9.5949,false,below-byte-threshold,ec24aec9342ee0f5c58ec25c11a3db6bcbe480ae093de90624607e2178a53d64
assets/textures/textures_webapp/pokemon/muk/sprite-shiny.png,assets/textures/textures_webapp/pokemon/muk/sprite-shiny.webp,96,96,952,862,90,9.4538,false,below-byte-threshold,850f2d1018507c547a961b465f598cd293e71da933e5a070f5d8a25a27fbd482
assets/textures/textures_webapp/pokemon/genesect/sprite-douse.png,assets/textures/textures_webapp/pokemon/genesect/sprite-douse.webp,96,96,978,888,90,9.2025,false,below-byte-threshold,a4493baeea8ef4398d8bf6231a202737bf3c673e6b3293c41ea4c0727fab14a9
assets/textures/textures_webapp/pokemon/metang/sprite.png,assets/textures/textures_webapp/pokemon/metang/sprite.webp,96,96,1004,914,90,8.9641,false,below-byte-threshold,41a201ab5801a03af03572163769e8046b91666bdad4917f8899acb46c816c1d
assets/textures/textures_webapp/pokemon/machoke/sprite-shiny.png,assets/textures/textures_webapp/pokemon/machoke/sprite-shiny.webp,96,96,1020,930,90,8.8235,false,below-byte-threshold,7d765e9683d7cbc89a872045ca270a7aec487b00811d41ec3410d3d1f2279c4d
assets/textures/textures_webapp/pokemon/dragonite/sprite.png,assets/textures/textures_webapp/pokemon/dragonite/sprite.webp,96,96,1132,1042,90,7.9505,false,below-byte-threshold,0a60f3ec3c0f2d5ed114eae0ef8d7f99afdd653a09aef7994988629a8adfaced
assets/textures/textures_webapp/pokemon/alakazam/sprite.png,assets/textures/textures_webapp/pokemon/alakazam/sprite.webp,96,96,1136,1046,90,7.9225,false,below-byte-threshold,c167add746227e5fa1ef1267fd344d67d0282547543c47d3a966ea09b4ec02ef
assets/textures/textures_webapp/pokemon/enamorus/sprite-shiny.png,assets/textures/textures_webapp/pokemon/enamorus/sprite-shiny.webp,96,96,1154,1064,90,7.7990,false,below-byte-threshold,0b78ca8f34946fb3ef5071df20f71d0ca5b74e77a9fa563ffdb3252bd48104bd
assets/textures/textures_webapp/pokemon/zoroark-hisui/sprite.png,assets/textures/textures_webapp/pokemon/zoroark-hisui/sprite.webp,96,96,1438,1348,90,6.2587,false,below-byte-threshold,b05d1b01465d9205412517e74f79ce5fb08644fba490b9d372b523e761d0a1c9
assets/textures/textures_webapp/pokemon/voltorb-hisui/sprite.png,assets/textures/textures_webapp/pokemon/voltorb-hisui/sprite.webp,96,96,503,414,89,17.6938,false,below-byte-threshold,5aaf584a43e31c81e3b781abbfdac3dc5f5a4b798f8d86c753c24beddd166caa
assets/textures/textures_webapp/pokemon/charmander/sprite.png,assets/textures/textures_webapp/pokemon/charmander/sprite.webp,96,96,583,494,89,15.2659,false,below-byte-threshold,8567d54b2562c51c3fe55279b37ecaaeafaadb7ec71d8ac2c737c3202db60d3f
assets/textures/textures_webapp/pokemon/furret/sprite-shiny.png,assets/textures/textures_webapp/pokemon/furret/sprite-shiny.webp,96,96,727,638,89,12.2421,false,below-byte-threshold,2a9ca30effdacad194f68e44212f47f468eda523567ef4eeffb09edd85dca528
assets/textures/textures_webapp/pokemon/banette/sprite-shiny.png,assets/textures/textures_webapp/pokemon/banette/sprite-shiny.webp,96,96,743,654,89,11.9785,false,below-byte-threshold,c9800f102cf24a26f16c9edab1e864454c20c34b13bc593389bd37fef5b89c8c
assets/textures/textures_webapp/pokemon/delcatty/sprite-shiny.png,assets/textures/textures_webapp/pokemon/delcatty/sprite-shiny.webp,96,96,765,676,89,11.6340,false,below-byte-threshold,3c29e232bebc56fe453ac7ddfb72e1b7a2a27cf780c0ab51243a0b70c4c21d71
assets/textures/textures_webapp/pokemon/glameow/sprite.png,assets/textures/textures_webapp/pokemon/glameow/sprite.webp,96,96,883,794,89,10.0793,false,below-byte-threshold,2f2164e0f2d49605e5550cc6b8bb14f50c36757521801b3ea405c7b4e9124c89
assets/textures/textures_webapp/pokemon/deoxys-defense/sprite-shiny.png,assets/textures/textures_webapp/pokemon/deoxys-defense/sprite-shiny.webp,96,96,949,860,89,9.3783,false,below-byte-threshold,ded7d4f2ccfc6bab8c344ee7899c771280e47ab440362892b9a560b71fae9961
assets/textures/textures_webapp/pokemon/bastiodon/sprite.png,assets/textures/textures_webapp/pokemon/bastiodon/sprite.webp,96,96,1007,918,89,8.8381,false,below-byte-threshold,030531dfbd41b31e5ec51116608d982b897b7687a1ee571afb448f6c3e13c109
assets/textures/textures_webapp/pokemon/tentacruel/sprite.png,assets/textures/textures_webapp/pokemon/tentacruel/sprite.webp,96,96,1019,930,89,8.7341,false,below-byte-threshold,1b98e8ba116e735c3536d2a9c89d2f0ba2825d390c42058f4693b8a301b795af
assets/textures/textures_webapp/pokemon/camerupt/sprite.png,assets/textures/textures_webapp/pokemon/camerupt/sprite.webp,96,96,1089,1000,89,8.1726,false,below-byte-threshold,9c39f4af74b5df0ff1712917aad227e7439915380514a77c0e7cb0d882f2631f
assets/textures/textures_webapp/pokemon/metagross/sprite-shiny.png,assets/textures/textures_webapp/pokemon/metagross/sprite-shiny.webp,96,96,1119,1030,89,7.9535,false,below-byte-threshold,fa4574ab6c9f25742cdf137901737d742651de813454ff4c88755c70722e3db1
assets/textures/textures_webapp/pokemon/decidueye-hisui/sprite-shiny.png,assets/textures/textures_webapp/pokemon/decidueye-hisui/sprite-shiny.webp,96,96,1137,1048,89,7.8276,false,below-byte-threshold,55c63de3aa95d6a1bc6594aa4bbabb2aa81975cea5dfd2351c8ed7c9c4647d3f
assets/textures/textures_webapp/pokemon/empoleon/sprite-shiny.png,assets/textures/textures_webapp/pokemon/empoleon/sprite-shiny.webp,96,96,1139,1050,89,7.8139,false,below-byte-threshold,43583649036fdfb6340162f9eb45ece544f39c7f7caabec6d377464dda36ef5f
assets/textures/textures_webapp/pokemon/urshifu-rapid/sprite.png,assets/textures/textures_webapp/pokemon/urshifu-rapid/sprite.webp,96,96,1221,1132,89,7.2891,false,below-byte-threshold,d209ccb3a1f335279b9d1c3e99e3f82b228055fc7a9b9402de4f6c0cf1cd498e
assets/textures/textures_webapp/pokemon/ursaluna/sprite.png,assets/textures/textures_webapp/pokemon/ursaluna/sprite.webp,96,96,1271,1182,89,7.0024,false,below-byte-threshold,4c7f2064f73b88c11a785ac2f4618a696316eeebcce2afac6a5b79407f91ea3c
assets/textures/textures_webapp/pokemon/suicune/sprite.png,assets/textures/textures_webapp/pokemon/suicune/sprite.webp,96,96,1293,1204,89,6.8832,false,below-byte-threshold,bf3b941b2db0e8bad1f649d9c1b0fa8b2b2dbeaf14e960dd0edcd5b0ba60cc64
assets/textures/textures_webapp/pokemon/roggenrola/sprite.png,assets/textures/textures_webapp/pokemon/roggenrola/sprite.webp,96,96,398,310,88,22.1106,false,below-byte-threshold,a14115f405ff56985ac555604f897d06e0a389346a44c123ffc9d826cc4b96b7
assets/textures/textures_webapp/pokemon/espurr/sprite-shiny.png,assets/textures/textures_webapp/pokemon/espurr/sprite-shiny.webp,96,96,480,392,88,18.3333,false,below-byte-threshold,d05f197f416ba357bd08e18f247a1a7df1ad3b60d4be806326334ae810fac59b
assets/textures/textures_webapp/pokemon/silcoon/sprite-shiny.png,assets/textures/textures_webapp/pokemon/silcoon/sprite-shiny.webp,96,96,512,424,88,17.1875,false,below-byte-threshold,76ea7e777802612d15ea652d2f7c53554481c839fa8792a2568dfea2d1e5ca90
assets/textures/textures_webapp/pokemon/azurill/sprite.png,assets/textures/textures_webapp/pokemon/azurill/sprite.webp,96,96,594,506,88,14.8148,false,below-byte-threshold,bf439871d8ca9478234d436ad6ea08a90a4ce3181621a75076a12a5b03035830
assets/textures/textures_webapp/pokemon/doduo/sprite-shiny.png,assets/textures/textures_webapp/pokemon/doduo/sprite-shiny.webp,96,96,688,600,88,12.7907,false,below-byte-threshold,3b8a5b247a0636f0a8edde5a925fe442691ff95bfadfe65c94e73644b5cf1317
assets/textures/textures_webapp/pokemon/chandelure/sprite-shiny.png,assets/textures/textures_webapp/pokemon/chandelure/sprite-shiny.webp,96,96,728,640,88,12.0879,false,below-byte-threshold,b17aee8d7ad5cf0cb93895269d46b3a9d5f10e8498d60882700c53da617e4127
assets/textures/textures_webapp/pokemon/granbull/sprite-shiny.png,assets/textures/textures_webapp/pokemon/granbull/sprite-shiny.webp,96,96,740,652,88,11.8919,false,below-byte-threshold,3995abe80866f41e516d4d6e677cf1df1fc20568a4a7f860a0f22747ed3c63d1
assets/textures/textures_webapp/pokemon/delcatty/sprite.png,assets/textures/textures_webapp/pokemon/delcatty/sprite.webp,96,96,762,674,88,11.5486,false,below-byte-threshold,c64ca385996eddeba7a81e2109e2cae2f0b2f2c860c9b51c66bceb0ea9c5570d
assets/textures/textures_webapp/pokemon/poliwhirl/sprite-shiny.png,assets/textures/textures_webapp/pokemon/poliwhirl/sprite-shiny.webp,96,96,794,706,88,11.0831,false,below-byte-threshold,ad2f4d8e977d5f376ca6294043cdba1feeb2a3a5a5580fbb6f9582fb420cffab
assets/textures/textures_webapp/pokemon/meloetta-pirouette/sprite-shiny.png,assets/textures/textures_webapp/pokemon/meloetta-pirouette/sprite-shiny.webp,96,96,800,712,88,11.0000,false,below-byte-threshold,ac0964b4fbbd4f13c3cef731eeef4231724535f605622b0fbb7a451c32b476b5
assets/textures/textures_webapp/pokemon/golduck/sprite-shiny.png,assets/textures/textures_webapp/pokemon/golduck/sprite-shiny.webp,96,96,802,714,88,10.9726,false,below-byte-threshold,03fdb7769d9f406e2bd984b123c63df9b5414b8d11ef3f6a33c35ace2e3d4191
assets/textures/textures_webapp/pokemon/kingdra/sprite.png,assets/textures/textures_webapp/pokemon/kingdra/sprite.webp,96,96,816,728,88,10.7843,false,below-byte-threshold,41c333e420451953569ad94f0c4987b0418557eb110a86f6c61965a96c0f4a7f
assets/textures/textures_webapp/pokemon/mothim/sprite-shiny.png,assets/textures/textures_webapp/pokemon/mothim/sprite-shiny.webp,96,96,822,734,88,10.7056,false,below-byte-threshold,622c48f9f0f7fe6ff5be14a692bbafcbf859f3477e25d2b379dfb0dd48224740
assets/textures/textures_webapp/pokemon/krokorok/sprite.png,assets/textures/textures_webapp/pokemon/krokorok/sprite.webp,96,96,832,744,88,10.5769,false,below-byte-threshold,046509c6f8e2836f301736dbc9bf1c3958464926ace2d6bc6538224fb0af34c2
assets/textures/textures_webapp/pokemon/kricketune/sprite.png,assets/textures/textures_webapp/pokemon/kricketune/sprite.webp,96,96,842,754,88,10.4513,false,below-byte-threshold,09cf11ebdb6c12d71efbfb85371150521f172c5f1e7f83de210ec56a14b81a5c
assets/textures/textures_webapp/pokemon/cresselia/sprite.png,assets/textures/textures_webapp/pokemon/cresselia/sprite.webp,96,96,972,884,88,9.0535,false,below-byte-threshold,fd3a787d8aab6d80b763948070e86b92f4140d0d2f24ee3dc50c0b49690609b2
assets/textures/textures_webapp/pokemon/excadrill/sprite.png,assets/textures/textures_webapp/pokemon/excadrill/sprite.webp,96,96,1084,996,88,8.1181,false,below-byte-threshold,18ee80cacdec8437166a7f83dcb41bfd5c17c5f714fc0475d7d2910cbf6cc8ed
assets/textures/textures_webapp/pokemon/krookodile/sprite-shiny.png,assets/textures/textures_webapp/pokemon/krookodile/sprite-shiny.webp,96,96,1244,1156,88,7.0740,false,below-byte-threshold,92d9e6e5de83e0981dfec1c37b85346efa31947e0e82d4d1b55f5dd685d2c363
assets/textures/textures_webapp/pokemon/zygarde/sprite-shiny.png,assets/textures/textures_webapp/pokemon/zygarde/sprite-shiny.webp,96,96,1334,1246,88,6.5967,false,below-byte-threshold,90ebbaa806eb494e442ea3b80522c9092ee401b0cd502fe22c99fa47681c615a
assets/textures/textures_webapp/pokemon/ditto/sprite-shiny.png,assets/textures/textures_webapp/pokemon/ditto/sprite-shiny.webp,96,96,349,262,87,24.9284,false,below-byte-threshold,379649df3ab99874cea3166e3f9bd5600688644b319b24b18648bbb87e586d30
assets/textures/textures_webapp/pokemon/yamask/sprite.png,assets/textures/textures_webapp/pokemon/yamask/sprite.webp,96,96,495,408,87,17.5758,false,below-byte-threshold,60ccef5587904c48c02f4a65193bb40650115606e0a6f31a9b7518d71843cd44
assets/textures/textures_webapp/pokemon/pikachu/sprite-m.png,assets/textures/textures_webapp/pokemon/pikachu/sprite-m.webp,96,96,597,510,87,14.5729,false,below-byte-threshold,3d306ba2cf6bed9f315f0b5d2d444a5f76c3d45a9f9a8ab4666f3e99b79cc343
assets/textures/textures_webapp/pokemon/pikachu/sprite.png,assets/textures/textures_webapp/pokemon/pikachu/sprite.webp,96,96,597,510,87,14.5729,false,below-byte-threshold,3d306ba2cf6bed9f315f0b5d2d444a5f76c3d45a9f9a8ab4666f3e99b79cc343
assets/textures/textures_webapp/pokemon/staravia/sprite.png,assets/textures/textures_webapp/pokemon/staravia/sprite.webp,96,96,667,580,87,13.0435,false,below-byte-threshold,8193581f9f1bb0804e869786731a65393085eb77c6ad9ef1f96d7500d2ec73ac
assets/textures/textures_webapp/pokemon/jolteon/sprite.png,assets/textures/textures_webapp/pokemon/jolteon/sprite.webp,96,96,721,634,87,12.0666,false,below-byte-threshold,8753f3c6ae8df8554c3f0604ad2e754e86e847e4a594175460616a5a1987dc7e
assets/textures/textures_webapp/pokemon/flareon/sprite.png,assets/textures/textures_webapp/pokemon/flareon/sprite.webp,96,96,783,696,87,11.1111,false,below-byte-threshold,7fa4bbc837d1c02c77076d592a3dcb8b192769c39607f8d505db815e6b3f69d5
assets/textures/textures_webapp/pokemon/boldore/sprite.png,assets/textures/textures_webapp/pokemon/boldore/sprite.webp,96,96,791,704,87,10.9987,false,below-byte-threshold,559ad3a31afae5df3256bab175160ec57da6860ce02cb350cec7ff35d5827d64
assets/textures/textures_webapp/pokemon/unfezant/sprite-f-shiny.png,assets/textures/textures_webapp/pokemon/unfezant/sprite-f-shiny.webp,96,96,803,716,87,10.8344,false,below-byte-threshold,fc22dd7a6cc2280f62eebc1b576553126e084f251b8dac33aebd44cd3a26acba
assets/textures/textures_webapp/pokemon/sawsbuck/sprite-shiny.png,assets/textures/textures_webapp/pokemon/sawsbuck/sprite-shiny.webp,96,96,811,724,87,10.7275,false,below-byte-threshold,c3e24f5c8bc77bf9f0763ed9e3cd746a775f5d5e8dbc7e27d7da7cbd5c83bfff
assets/textures/textures_webapp/pokemon/kingdra/sprite-shiny.png,assets/textures/textures_webapp/pokemon/kingdra/sprite-shiny.webp,96,96,817,730,87,10.6487,false,below-byte-threshold,f8a77f70a1b7cfe1a7d8d329f51d68ac1c1ad03d6f63dd3432699560a366a8cc
assets/textures/textures_webapp/pokemon/krokorok/sprite-shiny.png,assets/textures/textures_webapp/pokemon/krokorok/sprite-shiny.webp,96,96,835,748,87,10.4192,false,below-byte-threshold,4ee75cf4343f9f670d6f225b26827684a1667fba58f2ee5d868aa77e0cb54c14
assets/textures/textures_webapp/pokemon/kricketune/sprite-shiny.png,assets/textures/textures_webapp/pokemon/kricketune/sprite-shiny.webp,96,96,843,756,87,10.3203,false,below-byte-threshold,9aa15c5393a0547e36cba085f50ca3f60c59864e8a471a47561e69ef8ad5ce3e
assets/textures/textures_webapp/pokemon/lopunny/sprite.png,assets/textures/textures_webapp/pokemon/lopunny/sprite.webp,96,96,845,758,87,10.2959,false,below-byte-threshold,18e0b6b0b7991a0ac16d20aca52d4d112650e2ff2409c67211132a5f7a5208ae
assets/textures/textures_webapp/pokemon/raichu/sprite-m-shiny.png,assets/textures/textures_webapp/pokemon/raichu/sprite-m-shiny.webp,96,96,937,850,87,9.2850,false,below-byte-threshold,693cfa0bb4abc6545664ca382f0dc7a1aa9d89ce9bf2e79c2631bd8cacd8b468
assets/textures/textures_webapp/pokemon/raichu/sprite-shiny.png,assets/textures/textures_webapp/pokemon/raichu/sprite-shiny.webp,96,96,937,850,87,9.2850,false,below-byte-threshold,693cfa0bb4abc6545664ca382f0dc7a1aa9d89ce9bf2e79c2631bd8cacd8b468
assets/textures/textures_webapp/pokemon/seviper/sprite.png,assets/textures/textures_webapp/pokemon/seviper/sprite.webp,96,96,991,904,87,8.7790,false,below-byte-threshold,781b67b1f680485fd2e7688366d002b38090eae6ddc32c064552577ffe3bb8ff
assets/textures/textures_webapp/pokemon/gabite/sprite-shiny.png,assets/textures/textures_webapp/pokemon/gabite/sprite-shiny.webp,96,96,999,912,87,8.7087,false,below-byte-threshold,54e83dcaded60518030e0729294f3e3665c1bebeeb326372c0036b6b56791bb1
assets/textures/textures_webapp/pokemon/typhlosion-hisui/sprite-shiny.png,assets/textures/textures_webapp/pokemon/typhlosion-hisui/sprite-shiny.webp,96,96,1077,990,87,8.0780,false,below-byte-threshold,8aabea4aae9859001e7b0b4e19e5da80b8efbf098094a04fb8cdf70e8527661a
assets/textures/textures_webapp/pokemon/klinklang/sprite-shiny.png,assets/textures/textures_webapp/pokemon/klinklang/sprite-shiny.webp,96,96,1083,996,87,8.0332,false,below-byte-threshold,53ef10227b618a4be0f69dd5a115c5568c4f5386db877a8006049df0ff22eaca
assets/textures/textures_webapp/pokemon/gigalith/sprite-shiny.png,assets/textures/textures_webapp/pokemon/gigalith/sprite-shiny.webp,96,96,1161,1074,87,7.4935,false,below-byte-threshold,fd84340c2219c0c6523c2f0ff82738477fd46b1c2ad42ac964049f561c5cff06
assets/textures/textures_webapp/pokemon/arceus/sprite-shiny.png,assets/textures/textures_webapp/pokemon/arceus/sprite-shiny.webp,96,96,1213,1126,87,7.1723,false,below-byte-threshold,685e0b4a99f1e2e1716049d466c99bb706e9c811bb3f5f7a15a2b264b2e8c081
assets/textures/textures_webapp/pokemon/weezing/sprite-shiny.png,assets/textures/textures_webapp/pokemon/weezing/sprite-shiny.webp,96,96,1245,1158,87,6.9880,false,below-byte-threshold,b8d06e491d95861f468155a29a49639294b2b3498381f65beef8dee4b5709ef9
assets/textures/textures_webapp/pokemon/coalossal/sprite-shiny.png,assets/textures/textures_webapp/pokemon/coalossal/sprite-shiny.webp,96,96,1481,1394,87,5.8744,false,below-byte-threshold,be393d64a10b9daa64baf18d6d592db5c7b25d0b5efa343f890352ab59334343
assets/textures/textures_webapp/pokemon/coalossal/sprite.png,assets/textures/textures_webapp/pokemon/coalossal/sprite.webp,96,96,1481,1394,87,5.8744,false,below-byte-threshold,c931d6f6cdf80ff343ade8bd027b41ce03c2755360104edb13a0e4b2f33fa362
assets/textures/textures_webapp/pokemon/togetic/sprite-shiny.png,assets/textures/textures_webapp/pokemon/togetic/sprite-shiny.webp,96,96,484,398,86,17.7686,false,below-byte-threshold,a1ff512fb1624de0c6346418b4ce4878287976954a9182a0288455b0de8f97a9
assets/textures/textures_webapp/pokemon/vanillish/sprite.png,assets/textures/textures_webapp/pokemon/vanillish/sprite.webp,96,96,664,578,86,12.9518,false,below-byte-threshold,1f54a4958d81d217236c46f823d4ce9f64b07f982fb67f05a4ae1155f22ea081
assets/textures/textures_webapp/pokemon/minccino/sprite-shiny.png,assets/textures/textures_webapp/pokemon/minccino/sprite-shiny.webp,96,96,678,592,86,12.6844,false,below-byte-threshold,86fc74a9c82884703c148f3640605dc29cc309a21166732a90c44143582c1c61
assets/textures/textures_webapp/pokemon/lumineon/sprite.png,assets/textures/textures_webapp/pokemon/lumineon/sprite.webp,96,96,688,602,86,12.5000,false,below-byte-threshold,288ca93dfd9a49845c66fd3278b53c2915a842f8a21feab623b482a5fe150cbc
assets/textures/textures_webapp/pokemon/ponyta/sprite-shiny.png,assets/textures/textures_webapp/pokemon/ponyta/sprite-shiny.webp,96,96,746,660,86,11.5282,false,below-byte-threshold,338dfad4fe32efb5933d0d78214095189a71a3c4ed04c02d88ac564bfb82ae1f
assets/textures/textures_webapp/pokemon/aromatisse/sprite.png,assets/textures/textures_webapp/pokemon/aromatisse/sprite.webp,96,96,834,748,86,10.3118,false,below-byte-threshold,282c12156a3c3eb4fbce9e33ea25abc9f782fbfcdad9c376090a6a98e3e24585
assets/textures/textures_webapp/pokemon/muk/sprite.png,assets/textures/textures_webapp/pokemon/muk/sprite.webp,96,96,950,864,86,9.0526,false,below-byte-threshold,23d38c3b72dbe83b6dde3ea0d46e968496a637b7ab758d7bea1d975eb7bc5c89
assets/textures/textures_webapp/pokemon/tentacruel/sprite-shiny.png,assets/textures/textures_webapp/pokemon/tentacruel/sprite-shiny.webp,96,96,1018,932,86,8.4479,false,below-byte-threshold,3ee6771cfbfa559a9d5c22a8326cd0a493de6ca78fde1a34ae0c3474eb5c91d1
assets/textures/textures_webapp/pokemon/ambipom/sprite-shiny.png,assets/textures/textures_webapp/pokemon/ambipom/sprite-shiny.webp,96,96,1118,1032,86,7.6923,false,below-byte-threshold,1c8b710dba38ba8a00368a03c115e87f5fa3d858b2bb76636bf2004602e008b1
assets/textures/textures_webapp/pokemon/rampardos/sprite-shiny.png,assets/textures/textures_webapp/pokemon/rampardos/sprite-shiny.webp,96,96,1124,1038,86,7.6512,false,below-byte-threshold,f70899612622a31f560b9630673feb5f640fd652f8e0c186e2792b6e1ab99ab4
assets/textures/textures_webapp/pokemon/zygarde/sprite.png,assets/textures/textures_webapp/pokemon/zygarde/sprite.webp,96,96,1334,1248,86,6.4468,false,below-byte-threshold,cf57090dddc2bf197609851c9834574c36e9622d5b1103ecbee4570b3208638b
assets/textures/textures_webapp/pokemon/gothita/sprite.png,assets/textures/textures_webapp/pokemon/gothita/sprite.webp,96,96,513,428,85,16.5692,false,below-byte-threshold,3b1a0eff2e4766006c343986e076bc1e5210c94748ca21946be04199e2c409b9
assets/textures/textures_webapp/pokemon/rainy-castform/sprite.png,assets/textures/textures_webapp/pokemon/rainy-castform/sprite.webp,96,96,561,476,85,15.1515,false,below-byte-threshold,90b5f759709d21e104e88a3c9c30167d96df23ec7f57288e37466c2ee791b426
assets/textures/textures_webapp/pokemon/pikachu/sprite-f.png,assets/textures/textures_webapp/pokemon/pikachu/sprite-f.webp,96,96,595,510,85,14.2857,false,below-byte-threshold,e1a7eec0effac1eab1677014d38486f72bdca3a2d41b85d38455f6a256542286
assets/textures/textures_webapp/pokemon/sableye/sprite-shiny.png,assets/textures/textures_webapp/pokemon/sableye/sprite-shiny.webp,96,96,631,546,85,13.4707,false,below-byte-threshold,05a74776cbf3d99c2a0dd675374fc072f7e7050374b7492130f08e2c8c93304c
assets/textures/textures_webapp/pokemon/abra/sprite-shiny.png,assets/textures/textures_webapp/pokemon/abra/sprite-shiny.webp,96,96,651,566,85,13.0568,false,below-byte-threshold,16d2f69da2f990b8f41861a2935e3c9c820d7989e744ba97669fecf0ad999c65
assets/textures/textures_webapp/pokemon/audino/sprite-shiny.png,assets/textures/textures_webapp/pokemon/audino/sprite-shiny.webp,96,96,689,604,85,12.3367,false,below-byte-threshold,bd5bfcf3f4a1696ba4fea722ab67a09d8eb1342fa56cc34fda455c640d4c171f
assets/textures/textures_webapp/pokemon/lumineon/sprite-shiny.png,assets/textures/textures_webapp/pokemon/lumineon/sprite-shiny.webp,96,96,691,606,85,12.3010,false,below-byte-threshold,b7609c21cfd4420a391036ada9583ee02b751aab0067fd43940d220f93c29dab
assets/textures/textures_webapp/pokemon/glaceon/sprite-shiny.png,assets/textures/textures_webapp/pokemon/glaceon/sprite-shiny.webp,96,96,731,646,85,11.6279,false,below-byte-threshold,d8553c79d1149cfc6eca120dacf87c6966dab317b324a395d86ade76d06d7a03
assets/textures/textures_webapp/pokemon/beheeyem/sprite.png,assets/textures/textures_webapp/pokemon/beheeyem/sprite.webp,96,96,755,670,85,11.2583,false,below-byte-threshold,57ae82fcd7b335a8cf5c031e22ac90bbe340c49b5ef9de3b18e9244540a2d4ac
assets/textures/textures_webapp/pokemon/wailmer/sprite.png,assets/textures/textures_webapp/pokemon/wailmer/sprite.webp,96,96,757,672,85,11.2285,false,below-byte-threshold,2ebff2dab2f9ecb3a2730a6f6ba9e6f651be188d92e675cdb422e4be5c39ed8b
assets/textures/textures_webapp/pokemon/quilava/sprite-shiny.png,assets/textures/textures_webapp/pokemon/quilava/sprite-shiny.webp,96,96,809,724,85,10.5068,false,below-byte-threshold,eb58fc3542d6cd6f33d3ce1f2327e815bd5cd03ead2956058eda532fb0bd41d8
assets/textures/textures_webapp/pokemon/graveler/sprite-shiny.png,assets/textures/textures_webapp/pokemon/graveler/sprite-shiny.webp,96,96,825,740,85,10.3030,false,below-byte-threshold,5de1c638881434b341dc700818693bce90326838216c4b774dd1c8ac7b93e71b
assets/textures/textures_webapp/pokemon/latias/sprite-shiny.png,assets/textures/textures_webapp/pokemon/latias/sprite-shiny.webp,96,96,869,784,85,9.7814,false,below-byte-threshold,08b7c4c8926ddc1a5cbc3ad2bb1fe634e5175eb82e25f3a064f6a699ae96dbe0
assets/textures/textures_webapp/pokemon/electabuzz/sprite.png,assets/textures/textures_webapp/pokemon/electabuzz/sprite.webp,96,96,1033,948,85,8.2285,false,below-byte-threshold,504ba6da9843f1d9fd4a70a364049ee5c7c25393a50592ee8c3039b76426ecb8
assets/textures/textures_webapp/pokemon/nidoqueen/sprite.png,assets/textures/textures_webapp/pokemon/nidoqueen/sprite.webp,96,96,1067,982,85,7.9663,false,below-byte-threshold,1aae55364c40f7bc95f0fea03b34b9491c3318d4723c18f21cf0dc52b4ab8eba
assets/textures/textures_webapp/pokemon/grotle/sprite.png,assets/textures/textures_webapp/pokemon/grotle/sprite.webp,96,96,1119,1034,85,7.5961,false,below-byte-threshold,3e19eda6befd6be9d9e68a64cbf125212a08da30edbea9ff3f679748c9fe4a22
assets/textures/textures_webapp/pokemon/metagross/sprite.png,assets/textures/textures_webapp/pokemon/metagross/sprite.webp,96,96,1119,1034,85,7.5961,false,below-byte-threshold,e001565335e1a6f21722b083f0affc6bc99ce56cdd0900b191c2539945854fa5
assets/textures/textures_webapp/pokemon/moltres/sprite.png,assets/textures/textures_webapp/pokemon/moltres/sprite.webp,96,96,1209,1124,85,7.0306,false,below-byte-threshold,d7e68626279f071d5109abb8551a68828c3fbb9366721b337861464eea10a84b
assets/textures/textures_webapp/pokemon/munna/sprite.png,assets/textures/textures_webapp/pokemon/munna/sprite.webp,96,96,448,364,84,18.7500,false,below-byte-threshold,8ad9079918e0387364692766da96d60b7a8fa7aa7451b466c8b4369d06ac1b01
assets/textures/textures_webapp/pokemon/silcoon/sprite.png,assets/textures/textures_webapp/pokemon/silcoon/sprite.webp,96,96,510,426,84,16.4706,false,below-byte-threshold,03fa187877af0321c944aecf21828c62b341a1bb65e15759c7b018759ded285f
assets/textures/textures_webapp/pokemon/clefairy/sprite.png,assets/textures/textures_webapp/pokemon/clefairy/sprite.webp,96,96,580,496,84,14.4828,false,below-byte-threshold,39d74b6af010fe34ad2bd003e3d2f9f9060c7a186cedea809725e1e659a6a5a8
assets/textures/textures_webapp/pokemon/durant/sprite.png,assets/textures/textures_webapp/pokemon/durant/sprite.webp,96,96,586,502,84,14.3345,false,below-byte-threshold,32f3dbc74597ea21f56d1e292aebf9a199b395f4b4a3a7dd319eeb67af738261
assets/textures/textures_webapp/pokemon/zorua/sprite.png,assets/textures/textures_webapp/pokemon/zorua/sprite.webp,96,96,596,512,84,14.0940,false,below-byte-threshold,cf95b9903590674e4880b2e67cb5610816184ec988c4ca64b05d316dd6798d61
assets/textures/textures_webapp/pokemon/pikachu/sprite-m-shiny.png,assets/textures/textures_webapp/pokemon/pikachu/sprite-m-shiny.webp,96,96,598,514,84,14.0468,false,below-byte-threshold,d327256e04eb99a332a0f22c156d37d71d23c50be091ec91754f861a399f8cab
assets/textures/textures_webapp/pokemon/pikachu/sprite-shiny.png,assets/textures/textures_webapp/pokemon/pikachu/sprite-shiny.webp,96,96,598,514,84,14.0468,false,below-byte-threshold,d327256e04eb99a332a0f22c156d37d71d23c50be091ec91754f861a399f8cab
assets/textures/textures_webapp/pokemon/chandelure/sprite.png,assets/textures/textures_webapp/pokemon/chandelure/sprite.webp,96,96,726,642,84,11.5702,false,below-byte-threshold,139f6d284ad42bc1071f0b066c1bcc2ec6cfd2907b5c5d0b8c8e19593d3e35f7
assets/textures/textures_webapp/pokemon/persian/sprite-shiny.png,assets/textures/textures_webapp/pokemon/persian/sprite-shiny.webp,96,96,728,644,84,11.5385,false,below-byte-threshold,f3ec393dc7c9d3ef01e5a95835d41d649eef9efbee3698cab7e830f3b2913410
assets/textures/textures_webapp/pokemon/glaceon/sprite.png,assets/textures/textures_webapp/pokemon/glaceon/sprite.webp,96,96,732,648,84,11.4754,false,below-byte-threshold,5f41940300ad19439fa2bc5c4e6d937fe7cf4e2f1124a9431abdcbf4deeac35e
assets/textures/textures_webapp/pokemon/bayleef/sprite.png,assets/textures/textures_webapp/pokemon/bayleef/sprite.webp,96,96,784,700,84,10.7143,false,below-byte-threshold,46e852240fe281b20e25138c10594743a4e1a0fad64f672535fb1768e342f665
assets/textures/textures_webapp/pokemon/boldore/sprite-shiny.png,assets/textures/textures_webapp/pokemon/boldore/sprite-shiny.webp,96,96,788,704,84,10.6599,false,below-byte-threshold,7d6931e20a512a7c101604f84e18561887582b137d27019b7f9fc70d24e7f52d
assets/textures/textures_webapp/pokemon/gengar/sprite-shiny.png,assets/textures/textures_webapp/pokemon/gengar/sprite-shiny.webp,96,96,802,718,84,10.4738,false,below-byte-threshold,2500290e9a4d328ffe52719c8a547eeccaf423a657289c1dff52adcf7bd6d467
assets/textures/textures_webapp/pokemon/quilava/sprite.png,assets/textures/textures_webapp/pokemon/quilava/sprite.webp,96,96,808,724,84,10.3960,false,below-byte-threshold,7190c80701bf2370f3ed3b8221b4dd75d79c0425c637d8306241498ff6218e60
assets/textures/textures_webapp/pokemon/zweilous/sprite.png,assets/textures/textures_webapp/pokemon/zweilous/sprite.webp,96,96,874,790,84,9.6110,false,below-byte-threshold,681634cf30546d5589c4cc6fa92da3fc8f5f8ff593f8d4bdb0381e63c6e7faff
assets/textures/textures_webapp/pokemon/morgrem/sprite.png,assets/textures/textures_webapp/pokemon/morgrem/sprite.webp,96,96,896,812,84,9.3750,false,below-byte-threshold,711554fe75328e2606d1a8ce7b79ff949a804070656a2a3043b0a8c537a48d16
assets/textures/textures_webapp/pokemon/mienshao/sprite-shiny.png,assets/textures/textures_webapp/pokemon/mienshao/sprite-shiny.webp,96,96,918,834,84,9.1503,false,below-byte-threshold,15b12924098bb9780153e0d873b3ca6bb278bfd14e8daaf515a7f2deb90d9bb3
assets/textures/textures_webapp/pokemon/houndoom/sprite.png,assets/textures/textures_webapp/pokemon/houndoom/sprite.webp,96,96,922,838,84,9.1106,false,below-byte-threshold,3f20c26401199b5fc656a947d57a6a4d516ce6b54d75fc0b52e0650f50c89adc
assets/textures/textures_webapp/pokemon/raichu/sprite-m.png,assets/textures/textures_webapp/pokemon/raichu/sprite-m.webp,96,96,938,854,84,8.9552,false,below-byte-threshold,98b643c49acccbf0181ae8e65a1895b1b419d5ff22c0c2fb30f7e2976c538820
assets/textures/textures_webapp/pokemon/raichu/sprite.png,assets/textures/textures_webapp/pokemon/raichu/sprite.webp,96,96,938,854,84,8.9552,false,below-byte-threshold,98b643c49acccbf0181ae8e65a1895b1b419d5ff22c0c2fb30f7e2976c538820
assets/textures/textures_webapp/pokemon/electabuzz/sprite-shiny.png,assets/textures/textures_webapp/pokemon/electabuzz/sprite-shiny.webp,96,96,1034,950,84,8.1238,false,below-byte-threshold,0df5e612c2a57782a6ee2fa34dd18ac66e7d97489e0626118f17abb83fdc397a
assets/textures/textures_webapp/pokemon/rapidash/sprite-shiny.png,assets/textures/textures_webapp/pokemon/rapidash/sprite-shiny.webp,96,96,1234,1150,84,6.8071,false,below-byte-threshold,e27766ff7d9fec7818e0d048cffdd2887c681905fb3228671dfcf21a0c6a3164
assets/textures/textures_webapp/pokemon/salamence/sprite-shiny.png,assets/textures/textures_webapp/pokemon/salamence/sprite-shiny.webp,96,96,1260,1176,84,6.6667,false,below-byte-threshold,21ffe453ca23ac60990ec0a5d23637fd23125824161a3ba76b211084d57ee353
assets/textures/textures_webapp/pokemon/tangrowth/sprite-shiny.png,assets/textures/textures_webapp/pokemon/tangrowth/sprite-shiny.webp,96,96,1260,1176,84,6.6667,false,below-byte-threshold,0f2cd70b5503cb46e510458ab60abf05c994918625f296040146decf61f7f70f
assets/textures/textures_webapp/pokemon/drapion/sprite.png,assets/textures/textures_webapp/pokemon/drapion/sprite.webp,96,96,1316,1232,84,6.3830,false,below-byte-threshold,e13b5b732e039fa5617813ecdb668d679d587e4fb36ec7f50ea1e650393fe028
assets/textures/textures_webapp/pokemon/mew/sprite-shiny.png,assets/textures/textures_webapp/pokemon/mew/sprite-shiny.webp,96,96,555,472,83,14.9550,false,below-byte-threshold,6313a2e343e039e87ac62a14c379e304272137c6b2247858c41f83ca0e35bc00
assets/textures/textures_webapp/pokemon/nosepass/sprite.png,assets/textures/textures_webapp/pokemon/nosepass/sprite.webp,96,96,559,476,83,14.8479,false,below-byte-threshold,a1e5029821f7fd1f9649282f2fbeb8a21dec2a5f3ecfd7e0c188b33093d5edcf
assets/textures/textures_webapp/pokemon/durant/sprite-shiny.png,assets/textures/textures_webapp/pokemon/durant/sprite-shiny.webp,96,96,587,504,83,14.1397,false,below-byte-threshold,3c775a83433689906c65f4e4a7d2459caad46f5d8905ab29fe25773a7ec8dfbe
assets/textures/textures_webapp/pokemon/pikachu/sprite-f-shiny.png,assets/textures/textures_webapp/pokemon/pikachu/sprite-f-shiny.webp,96,96,595,512,83,13.9496,false,below-byte-threshold,b0bc08ea7e9636be62e7fafd493a6ddebe3c31db91be5586cf7aa1c4e872b44c
assets/textures/textures_webapp/pokemon/octillery/sprite-shiny.png,assets/textures/textures_webapp/pokemon/octillery/sprite-shiny.webp,96,96,613,530,83,13.5400,false,below-byte-threshold,dfa70bbcf4bd699c76206a3689ae7ae3016b03e0adf5f1bc6271bce9ff97c05c
assets/textures/textures_webapp/pokemon/machop/sprite.png,assets/textures/textures_webapp/pokemon/machop/sprite.webp,96,96,671,588,83,12.3696,false,below-byte-threshold,4dbd27cb1551ec8084750b70591599eb3b6f3aaae0389352f469153946043e64
assets/textures/textures_webapp/pokemon/minccino/sprite.png,assets/textures/textures_webapp/pokemon/minccino/sprite.webp,96,96,679,596,83,12.2239,false,below-byte-threshold,bf2a6443609af7f94d3efc4aa13b8b82b5c7a48553f4dc0f5dc6bedcd7870795
assets/textures/textures_webapp/pokemon/tranquill/sprite-shiny.png,assets/textures/textures_webapp/pokemon/tranquill/sprite-shiny.webp,96,96,693,610,83,11.9769,false,below-byte-threshold,c7e7604e174103c89e957a255797a300ed6c1090ad6385a5e162be166bf3e49b
assets/textures/textures_webapp/pokemon/medicham/sprite-shiny.png,assets/textures/textures_webapp/pokemon/medicham/sprite-shiny.webp,96,96,737,654,83,11.2619,false,below-byte-threshold,5593b3bfbec9ca27db595c901925b665e1cd2376192cb562b5b4f0d33197d718
assets/textures/textures_webapp/pokemon/sawsbuck/sprite.png,assets/textures/textures_webapp/pokemon/sawsbuck/sprite.webp,96,96,827,744,83,10.0363,false,below-byte-threshold,9fd5591c326d6878ff25d69a9ca81b80db032d69111e6b104bb1a6befd1bae71
assets/textures/textures_webapp/pokemon/probopass/sprite-shiny.png,assets/textures/textures_webapp/pokemon/probopass/sprite-shiny.webp,96,96,913,830,83,9.0909,false,below-byte-threshold,c3d97219d791584fd4206f98e439a24b7cc34bf5c0211b9141bf577ed01821a0
assets/textures/textures_webapp/pokemon/floatzel/sprite.png,assets/textures/textures_webapp/pokemon/floatzel/sprite.webp,96,96,937,854,83,8.8581,false,below-byte-threshold,85cfd1ffbf0528bbaca77cf46a7160f94cca95d6a0d51344fe22c94832291654
assets/textures/textures_webapp/pokemon/gabite/sprite.png,assets/textures/textures_webapp/pokemon/gabite/sprite.webp,96,96,997,914,83,8.3250,false,below-byte-threshold,b625e672f18967afd18e6e0c39e0e622ac19a32e69a8615722ea18b38e88809f
assets/textures/textures_webapp/pokemon/metang/sprite-shiny.png,assets/textures/textures_webapp/pokemon/metang/sprite-shiny.webp,96,96,1007,924,83,8.2423,false,below-byte-threshold,f5078caa7cf7fddcc16646e1473a0e63284179c10bd0175662aa0af2b0ff9251
assets/textures/textures_webapp/pokemon/carnivine/sprite.png,assets/textures/textures_webapp/pokemon/carnivine/sprite.webp,96,96,1025,942,83,8.0976,false,below-byte-threshold,a1f779d9b9bd378f077a4225071ce236d7028fc1c11cd9fe5f68f9c9081a82a6
assets/textures/textures_webapp/pokemon/kingler/sprite-shiny.png,assets/textures/textures_webapp/pokemon/kingler/sprite-shiny.webp,96,96,1097,1014,83,7.5661,false,below-byte-threshold,f7d66a5522a7072dc78455d8ed5d8ecdbf2d1ff7f1ffc2932a7d6cfb7bcbdeeb
assets/textures/textures_webapp/pokemon/ambipom/sprite.png,assets/textures/textures_webapp/pokemon/ambipom/sprite.webp,96,96,1121,1038,83,7.4041,false,below-byte-threshold,f13cc05373c54a1f27f745d63068ce2019c24212db1567bbbaadd84514d75676
assets/textures/textures_webapp/pokemon/rampardos/sprite.png,assets/textures/textures_webapp/pokemon/rampardos/sprite.webp,96,96,1125,1042,83,7.3778,false,below-byte-threshold,cd55a08d083b61b571b8012c84c380afb01bf202811819a310b62193c75dc6c3
assets/textures/textures_webapp/pokemon/scolipede/sprite.png,assets/textures/textures_webapp/pokemon/scolipede/sprite.webp,96,96,1287,1204,83,6.4491,false,below-byte-threshold,029c499d9682c182f31e915cd11c34a3cedf691c275b8fe219a53b505a1d75c0
assets/textures/textures_webapp/pokemon/scolipede/sprite-shiny.png,assets/textures/textures_webapp/pokemon/scolipede/sprite-shiny.webp,96,96,1293,1210,83,6.4192,false,below-byte-threshold,2aea83dda7b67b23bf838c9026ababbf6e484985ac8a19b965cd9f08dc7c3785
assets/textures/textures_webapp/pokemon/incineroar/sprite-shiny.png,assets/textures/textures_webapp/pokemon/incineroar/sprite-shiny.webp,96,96,1303,1220,83,6.3699,false,below-byte-threshold,9cb7f5825e2f67aa776cdf16cb3bc43ba93c5f3d91e7e05479be250932e97daa
assets/textures/textures_webapp/pokemon/samurott-hisui/sprite.png,assets/textures/textures_webapp/pokemon/samurott-hisui/sprite.webp,96,96,1393,1310,83,5.9584,false,below-byte-threshold,4ff3f7286515d8fc265645abcdeef0bf8a07d646866df1eaad9330c4870d4089
assets/textures/textures_webapp/pokemon/samurott-hisui/sprite-shiny.png,assets/textures/textures_webapp/pokemon/samurott-hisui/sprite-shiny.webp,96,96,1409,1326,83,5.8907,false,below-byte-threshold,2110c3b49fc4c7bc8d4e07783f5c7480893c6914ca6f9bd14d7590ea24638eab
assets/textures/textures_webapp/pokemon/palkia-origin/sprite.png,assets/textures/textures_webapp/pokemon/palkia-origin/sprite.webp,96,96,1733,1650,83,4.7894,false,below-byte-threshold,3f68869183c7d2570065b272c89f1a7f6cb57a034c0bb964338b815a9939246b
assets/textures/textures_webapp/pokemon/vanillite/sprite.png,assets/textures/textures_webapp/pokemon/vanillite/sprite.webp,96,96,454,372,82,18.0617,false,below-byte-threshold,37c0441d00c4adb063f6d3ef1cd6667a5dc28a83a885c5388e2d3385907fcb1b
assets/textures/textures_webapp/pokemon/cascoon/sprite.png,assets/textures/textures_webapp/pokemon/cascoon/sprite.webp,96,96,554,472,82,14.8014,false,below-byte-threshold,a7ebc763a5bbb90a6d856b090ce7d23c33c17dadb2de86801f0030fa8cbcded1
assets/textures/textures_webapp/pokemon/staravia/sprite-shiny.png,assets/textures/textures_webapp/pokemon/staravia/sprite-shiny.webp,96,96,648,566,82,12.6543,false,below-byte-threshold,98cea2ffb8f6606f42be9c76186868ba2676a618d9c213a49ec8a4a9bc00ff0f
assets/textures/textures_webapp/pokemon/ekans/sprite.png,assets/textures/textures_webapp/pokemon/ekans/sprite.webp,96,96,678,596,82,12.0944,false,below-byte-threshold,413b00252f45e5baa058c30fd7f0ec145bd1ff244c0a120d68219b67fcbb94cf
assets/textures/textures_webapp/pokemon/weepinbell/sprite-shiny.png,assets/textures/textures_webapp/pokemon/weepinbell/sprite-shiny.webp,96,96,696,614,82,11.7816,false,below-byte-threshold,788f6218083a8d1dc65d800801991b38741338eff6386c9a7268f418811d909a
assets/textures/textures_webapp/pokemon/klang/sprite.png,assets/textures/textures_webapp/pokemon/klang/sprite.webp,96,96,826,744,82,9.9274,false,below-byte-threshold,81fba34590462eb615ec1b28f666cb3dad4c994b0ddb3315a1c1003d73bb6cb1
assets/textures/textures_webapp/pokemon/drifblim/sprite-shiny.png,assets/textures/textures_webapp/pokemon/drifblim/sprite-shiny.webp,96,96,866,784,82,9.4688,false,below-byte-threshold,b0c069bec700f8aaa3699eaeb1e5a6c22732842aaf35787cb6a682d95b5a11a2
assets/textures/textures_webapp/pokemon/zweilous/sprite-shiny.png,assets/textures/textures_webapp/pokemon/zweilous/sprite-shiny.webp,96,96,876,794,82,9.3607,false,below-byte-threshold,2b643ad18f8d5dd83e01eb23d30cc60c266e08e8c5907b6e3c02084a34a64758
assets/textures/textures_webapp/pokemon/glameow/sprite-shiny.png,assets/textures/textures_webapp/pokemon/glameow/sprite-shiny.webp,96,96,884,802,82,9.2760,false,below-byte-threshold,ab6a65105854f94c5a9cfe2f703e4059a9a5a4de5d81a80a994590ebefcf4edb
assets/textures/textures_webapp/pokemon/stantler/sprite-shiny.png,assets/textures/textures_webapp/pokemon/stantler/sprite-shiny.webp,96,96,884,802,82,9.2760,false,below-byte-threshold,b52b8ca5fc9d7abcb4e0bc035e23e677acb9f6daa0dbde04dcb0dd52cbad9f2d
assets/textures/textures_webapp/pokemon/raichu/sprite-f-shiny.png,assets/textures/textures_webapp/pokemon/raichu/sprite-f-shiny.webp,96,96,932,850,82,8.7983,false,below-byte-threshold,96e9bed2db27e53ee7f713802f279168a9579c88377b690237f3622d39f145b0
assets/textures/textures_webapp/pokemon/exeggutor/sprite-shiny.png,assets/textures/textures_webapp/pokemon/exeggutor/sprite-shiny.webp,96,96,976,894,82,8.4016,false,below-byte-threshold,c6cae2bd891d317458d38bba8ba76487d19286ec0cdc75edbd90fdb89e627d76
assets/textures/textures_webapp/pokemon/seviper/sprite-shiny.png,assets/textures/textures_webapp/pokemon/seviper/sprite-shiny.webp,96,96,990,908,82,8.2828,false,below-byte-threshold,838a832308d25d532e3d6b4aa261ccafefde097a1974cb18391f2d899244dfbe
assets/textures/textures_webapp/pokemon/yanmega/sprite.png,assets/textures/textures_webapp/pokemon/yanmega/sprite.webp,96,96,1006,924,82,8.1511,false,below-byte-threshold,0798ca85deffe03e9a7287b1a6e1528d5d65f955ddf187c9595652fd9338d07d
assets/textures/textures_webapp/pokemon/klinklang/sprite.png,assets/textures/textures_webapp/pokemon/klinklang/sprite.webp,96,96,1082,1000,82,7.5786,false,below-byte-threshold,578f4ab26c2f86edc6b7abe830243161c36aa2dfa40c4606ff4770ea0395230d
assets/textures/textures_webapp/pokemon/sceptile/sprite.png,assets/textures/textures_webapp/pokemon/sceptile/sprite.webp,96,96,1102,1020,82,7.4410,false,below-byte-threshold,12c03ab857dba0e5d4444a19fd783d07ccf8294cb569eece8962035305965ea7
assets/textures/textures_webapp/pokemon/volcarona/sprite-shiny.png,assets/textures/textures_webapp/pokemon/volcarona/sprite-shiny.webp,96,96,1114,1032,82,7.3609,false,below-byte-threshold,abc8018b72bf72222266da894fa4a7b3d8635da1f89303afcbfa226d33e97fca
assets/textures/textures_webapp/pokemon/kangaskhan/sprite.png,assets/textures/textures_webapp/pokemon/kangaskhan/sprite.webp,96,96,1172,1090,82,6.9966,false,below-byte-threshold,6bc6d1c97263a5792a7cd2f26fbfe8b9897309f08582d1745f414a767e9e458a
assets/textures/textures_webapp/pokemon/kangaskhan/sprite-shiny.png,assets/textures/textures_webapp/pokemon/kangaskhan/sprite-shiny.webp,96,96,1174,1092,82,6.9847,false,below-byte-threshold,15c4ff5708436644cbd02b1f9498a2714128747dd7a4e21a7d7be6790e7dbcc1
assets/textures/textures_webapp/pokemon/charizard/sprite.png,assets/textures/textures_webapp/pokemon/charizard/sprite.webp,96,96,1330,1248,82,6.1654,false,below-byte-threshold,90422814c034c7d9426a65a07930a763542be61b0b018ad44c8ed673bf358a21
assets/textures/textures_webapp/pokemon/rhyperior/sprite.png,assets/textures/textures_webapp/pokemon/rhyperior/sprite.webp,96,96,1466,1384,82,5.5935,false,below-byte-threshold,91c36a7fb27d33118d6808ef1435ccf15284ed732cb65a5f5591e5175f3f6264
assets/textures/textures_webapp/pokemon/ditto/sprite.png,assets/textures/textures_webapp/pokemon/ditto/sprite.webp,96,96,349,268,81,23.2092,false,below-byte-threshold,bef5065c0b551df3d13dee61d69493d27a4ff8b602e5fd60856e13926804293d
assets/textures/textures_webapp/pokemon/bronzor/sprite-shiny.png,assets/textures/textures_webapp/pokemon/bronzor/sprite-shiny.webp,96,96,429,348,81,18.8811,false,below-byte-threshold,d65f7f3fa743652544d3ad129309d72f2576bdd3a3dbcc36aa8f393ed9b17a9c
assets/textures/textures_webapp/pokemon/bronzor/sprite.png,assets/textures/textures_webapp/pokemon/bronzor/sprite.webp,96,96,429,348,81,18.8811,false,below-byte-threshold,66463ffc0b36501237f96bf97009f4e9f3ad4f0d0f8632922b859c0852fa383c
assets/textures/textures_webapp/pokemon/vanillite/sprite-shiny.png,assets/textures/textures_webapp/pokemon/vanillite/sprite-shiny.webp,96,96,455,374,81,17.8022,false,below-byte-threshold,28d9f56d4522a94bba2b3bf7101e5891a3d2f685e45bb923fb8e91bdc3a736c2
assets/textures/textures_webapp/pokemon/deino/sprite.png,assets/textures/textures_webapp/pokemon/deino/sprite.webp,96,96,553,472,81,14.6474,false,below-byte-threshold,0b0302582360cfbe2d28d5c62aa7083e5c6b1e308a020cfa5b4baa2651d87975
assets/textures/textures_webapp/pokemon/meltan/sprite.png,assets/textures/textures_webapp/pokemon/meltan/sprite.webp,96,96,589,508,81,13.7521,false,below-byte-threshold,76eebc75b0151e953a35325e337952fdf04842139c0c70205f7b1e4570c2da6e
assets/textures/textures_webapp/pokemon/venipede/sprite.png,assets/textures/textures_webapp/pokemon/venipede/sprite.webp,96,96,589,508,81,13.7521,false,below-byte-threshold,e196cf83925ed59f5ed405a5137a763a891638536eb541019e46096c72b476ea
assets/textures/textures_webapp/pokemon/zorua/sprite-shiny.png,assets/textures/textures_webapp/pokemon/zorua/sprite-shiny.webp,96,96,595,514,81,13.6134,false,below-byte-threshold,8c1ee28419999df741ca9415de0b8322a48b26f20dd957bc0aebbea28bfec788
assets/textures/textures_webapp/pokemon/purrloin/sprite-shiny.png,assets/textures/textures_webapp/pokemon/purrloin/sprite-shiny.webp,96,96,597,516,81,13.5678,false,below-byte-threshold,75450eb62acee1fb0091b13da66fccb2b30eda2256a5908d4b2b17d30941052a
assets/textures/textures_webapp/pokemon/purrloin/sprite.png,assets/textures/textures_webapp/pokemon/purrloin/sprite.webp,96,96,597,516,81,13.5678,false,below-byte-threshold,860e0dfa6a18997e53a0985044305257ba967c0bbae4b9a6ad43ead999944c2a
assets/textures/textures_webapp/pokemon/treecko/sprite-shiny.png,assets/textures/textures_webapp/pokemon/treecko/sprite-shiny.webp,96,96,611,530,81,13.2570,false,below-byte-threshold,b1373bf703ef4f9b9734278c06e1ca87b27278ced4acfefae2ca7767116f93fd
assets/textures/textures_webapp/pokemon/octillery/sprite.png,assets/textures/textures_webapp/pokemon/octillery/sprite.webp,96,96,613,532,81,13.2137,false,below-byte-threshold,20168da9d4165d30b7f2da9ab614860e58c7b2a31aaa06baf169682c7146feaf
assets/textures/textures_webapp/pokemon/buizel/sprite-shiny.png,assets/textures/textures_webapp/pokemon/buizel/sprite-shiny.webp,96,96,623,542,81,13.0016,false,below-byte-threshold,9dd3a2c73906b04f735d838c2564e513b8faa0e7d2daeea47481d1b234005501
assets/textures/textures_webapp/pokemon/aipom/sprite-shiny.png,assets/textures/textures_webapp/pokemon/aipom/sprite-shiny.webp,96,96,653,572,81,12.4043,false,below-byte-threshold,3eb2d740fdae4c7c48ec22b8226f376e3ae521210cc88849f940a425aa58fff3
assets/textures/textures_webapp/pokemon/makuhita/sprite.png,assets/textures/textures_webapp/pokemon/makuhita/sprite.webp,96,96,685,604,81,11.8248,false,below-byte-threshold,af6569651159f4c83dffa3e8aaeddf610d6376a1f1feab0abac5d17e855c1f11
assets/textures/textures_webapp/pokemon/weepinbell/sprite.png,assets/textures/textures_webapp/pokemon/weepinbell/sprite.webp,96,96,695,614,81,11.6547,false,below-byte-threshold,6fbb569fb3bdb8972e8a42412db6019161b68ef7adbb6ff4de2484be9d89bd31
assets/textures/textures_webapp/pokemon/clefable/sprite-shiny.png,assets/textures/textures_webapp/pokemon/clefable/sprite-shiny.webp,96,96,697,616,81,11.6212,false,below-byte-threshold,4479f48301fa91ee110b2044095f0a00ed56ce332ad077aa398cfe191058eb73
assets/textures/textures_webapp/pokemon/nidorina/sprite-shiny.png,assets/textures/textures_webapp/pokemon/nidorina/sprite-shiny.webp,96,96,709,628,81,11.4245,false,below-byte-threshold,4437b7d24da3a815a1bcc6a24674a8e1b9e7cc1066c20fef00ecc8eef71eb627
assets/textures/textures_webapp/pokemon/azumarill/sprite-shiny.png,assets/textures/textures_webapp/pokemon/azumarill/sprite-shiny.webp,96,96,713,632,81,11.3604,false,below-byte-threshold,1fe3f668833f7f71fc5199991b957452cad81eeafb4c4884ad9fec300687bfb7
assets/textures/textures_webapp/pokemon/nidorino/sprite-shiny.png,assets/textures/textures_webapp/pokemon/nidorino/sprite-shiny.webp,96,96,759,678,81,10.6719,false,below-byte-threshold,b94e246bdaeeb647f16df2c6e9b10c6a8920bcd0c85d54fdb1b5b22581b02014
assets/textures/textures_webapp/pokemon/graveler/sprite.png,assets/textures/textures_webapp/pokemon/graveler/sprite.webp,96,96,825,744,81,9.8182,false,below-byte-threshold,f126c9f802ad07083c1a7afd230c4ef693b7ddce3c37a2d8fb4892579f0d050c
assets/textures/textures_webapp/pokemon/mightyena/sprite.png,assets/textures/textures_webapp/pokemon/mightyena/sprite.webp,96,96,899,818,81,9.0100,false,below-byte-threshold,15c35755c51bdceb96d436e9a80c32ca68efab4e0df7b31c93c8d523f4e615f5
assets/textures/textures_webapp/pokemon/swoobat/sprite.png,assets/textures/textures_webapp/pokemon/swoobat/sprite.webp,96,96,949,868,81,8.5353,false,below-byte-threshold,75d1dbbe0fc2c295c1f829afd9d611d61935e69be6b124acee160ff5839aeb82
assets/textures/textures_webapp/pokemon/swoobat/sprite-shiny.png,assets/textures/textures_webapp/pokemon/swoobat/sprite-shiny.webp,96,96,951,870,81,8.5174,false,below-byte-threshold,8291a48e409a75507ca43e803261568922a20f10d1410a7239c5a2d094d27a31
assets/textures/textures_webapp/pokemon/yanmega/sprite-shiny.png,assets/textures/textures_webapp/pokemon/yanmega/sprite-shiny.webp,96,96,1005,924,81,8.0597,false,below-byte-threshold,64d89421f1fc2af0ea2470506f4ca1153855ea7b1c5021368a9e1d4f22e06e43
assets/textures/textures_webapp/pokemon/carnivine/sprite-shiny.png,assets/textures/textures_webapp/pokemon/carnivine/sprite-shiny.webp,96,96,1025,944,81,7.9024,false,below-byte-threshold,18a3c79e7c70608df52b37755ab7736368fcf60bf2eaff7515eef984e875e219
assets/textures/textures_webapp/pokemon/aerodactyl/sprite.png,assets/textures/textures_webapp/pokemon/aerodactyl/sprite.webp,96,96,1047,966,81,7.7364,false,below-byte-threshold,65dcff759aac619b5f709e0f6f798649c7539f4085f225f7f5c77b2764ad5c92
assets/textures/textures_webapp/pokemon/kingler/sprite.png,assets/textures/textures_webapp/pokemon/kingler/sprite.webp,96,96,1099,1018,81,7.3703,false,below-byte-threshold,cd0e6fd0e30c30ded478186dbef03b57621ec7b986cb13b819ec52675b0624db
assets/textures/textures_webapp/pokemon/conkeldurr/sprite-shiny.png,assets/textures/textures_webapp/pokemon/conkeldurr/sprite-shiny.webp,96,96,1105,1024,81,7.3303,false,below-byte-threshold,10f14c978f4885f486bdc164214b332cad3049ac1d7eb274e32f7054c32df960
assets/textures/textures_webapp/pokemon/kadabra/sprite-shiny.png,assets/textures/textures_webapp/pokemon/kadabra/sprite-shiny.webp,96,96,1115,1034,81,7.2646,false,below-byte-threshold,c5391442752f66ba686840413bba454c8dda813da8e9f4f625a3cb4a275ffaf8
assets/textures/textures_webapp/pokemon/dragonite/sprite-shiny.png,assets/textures/textures_webapp/pokemon/dragonite/sprite-shiny.webp,96,96,1131,1050,81,7.1618,false,below-byte-threshold,2fdb194fa391c914b1a41b82d8d7f8068d4da45b0ffaa701e297275885435693
assets/textures/textures_webapp/pokemon/steelix/sprite-shiny.png,assets/textures/textures_webapp/pokemon/steelix/sprite-shiny.webp,96,96,1267,1186,81,6.3931,false,below-byte-threshold,18128b6352c0e8129e3fe5cc902e360bda02cda1028b0b2f9517e957e6d9512a
assets/textures/textures_webapp/pokemon/palkia-origin/sprite-shiny.png,assets/textures/textures_webapp/pokemon/palkia-origin/sprite-shiny.webp,96,96,1733,1652,81,4.6740,false,below-byte-threshold,9fb8191e99538e1570a7d27968cfa85607425136cd9eed1c32baa17bed4bebdc
assets/textures/textures_webapp/pokemon/minun/sprite.png,assets/textures/textures_webapp/pokemon/minun/sprite.webp,96,96,450,370,80,17.7778,false,below-byte-threshold,81753072f990443e94d6067267de41fddef508a3eb195b2d055914b9c31ed614
assets/textures/textures_webapp/pokemon/shuppet/sprite.png,assets/textures/textures_webapp/pokemon/shuppet/sprite.webp,96,96,478,398,80,16.7364,false,below-byte-threshold,f1bb62b03c34e15e543042044a47b6b763a24f03d937077fb25f993f185067a1
assets/textures/textures_webapp/pokemon/riolu/sprite.png,assets/textures/textures_webapp/pokemon/riolu/sprite.webp,96,96,576,496,80,13.8889,false,below-byte-threshold,de42ee3822c55e3d82dd892b9db8c007c25ce6ad29de66263dc261dd8dad4809
assets/textures/textures_webapp/pokemon/charmander/sprite-shiny.png,assets/textures/textures_webapp/pokemon/charmander/sprite-shiny.webp,96,96,582,502,80,13.7457,false,below-byte-threshold,fec8c71fb8cb959ed3ab463b8dc5412606af6d1e90127c0d1b79b47658cc64d9
assets/textures/textures_webapp/pokemon/dunsparce/sprite.png,assets/textures/textures_webapp/pokemon/dunsparce/sprite.webp,96,96,588,508,80,13.6054,false,below-byte-threshold,dddd7593a7c0175d7c0f4ba65423f105fe2a915ff0f0f14db9fd3c1249bcff36
assets/textures/textures_webapp/pokemon/deerling/sprite-shiny.png,assets/textures/textures_webapp/pokemon/deerling/sprite-shiny.webp,96,96,590,510,80,13.5593,false,below-byte-threshold,b0ee594b946b70919e8dcb2aebcc0f7ba54bf33f57cf869fa05f21c506f1a029
assets/textures/textures_webapp/pokemon/pansear/sprite-shiny.png,assets/textures/textures_webapp/pokemon/pansear/sprite-shiny.webp,96,96,618,538,80,12.9450,false,below-byte-threshold,c84f1125413502002ce4a472d10ebfbb856dd87af8372a1cc9045ebae05c3c39
assets/textures/textures_webapp/pokemon/espeon/sprite.png,assets/textures/textures_webapp/pokemon/espeon/sprite.webp,96,96,622,542,80,12.8617,false,below-byte-threshold,e31036c03497290e97889386efd95ff31a6052e1f1d102d725c53d807750712d
assets/textures/textures_webapp/pokemon/snubbull/sprite-shiny.png,assets/textures/textures_webapp/pokemon/snubbull/sprite-shiny.webp,96,96,622,542,80,12.8617,false,below-byte-threshold,eaa22c7d04f358297e166d227ab55e098cbac3ebe358bba2952d107dbef87f44
assets/textures/textures_webapp/pokemon/sentret/sprite-shiny.png,assets/textures/textures_webapp/pokemon/sentret/sprite-shiny.webp,96,96,660,580,80,12.1212,false,below-byte-threshold,cda6e66370c261d3e65a41548a912251025befe5179a3bc90407b87b935acf13
assets/textures/textures_webapp/pokemon/flaaffy/sprite.png,assets/textures/textures_webapp/pokemon/flaaffy/sprite.webp,96,96,694,614,80,11.5274,false,below-byte-threshold,6625b2404658e1c67616e008b94ea185be7f8c9dcf2b95ca339356322f9d3d30
assets/textures/textures_webapp/pokemon/piloswine/sprite.png,assets/textures/textures_webapp/pokemon/piloswine/sprite.webp,96,96,706,626,80,11.3314,false,below-byte-threshold,95ec0b408b8343a62729df9ede039f865a4a7007aeca33bb275c3fee0a05e619
assets/textures/textures_webapp/pokemon/musharna/sprite.png,assets/textures/textures_webapp/pokemon/musharna/sprite.webp,96,96,710,630,80,11.2676,false,below-byte-threshold,7e1f56bac629950685eef94db9ecda8a05c124a216a2005d2f906786fd2b5b89
assets/textures/textures_webapp/pokemon/ampharos/sprite-shiny.png,assets/textures/textures_webapp/pokemon/ampharos/sprite-shiny.webp,96,96,762,682,80,10.4987,false,below-byte-threshold,3d6967aacfaf86efd407cdbc56d18be1c0a279bbf588288352ce6b762eeee9f7
assets/textures/textures_webapp/pokemon/maractus/sprite.png,assets/textures/textures_webapp/pokemon/maractus/sprite.webp,96,96,990,910,80,8.0808,false,below-byte-threshold,4b8c0f28846d9a5be04307df3eb61cf0b998077f6c13c1651ee87f5a6167aef3
assets/textures/textures_webapp/pokemon/golem/sprite.png,assets/textures/textures_webapp/pokemon/golem/sprite.webp,96,96,1044,964,80,7.6628,false,below-byte-threshold,4d3e8dee98697aee5545c62a2dbd035b45054086573b15241982d5d42677ce9a
assets/textures/textures_webapp/pokemon/steelix/sprite.png,assets/textures/textures_webapp/pokemon/steelix/sprite.webp,96,96,1266,1186,80,6.3191,false,below-byte-threshold,883fee9b08fe5f82c283fefcdb8b58f93f90316da831f36042bf9bb111de15c5
assets/textures/textures_webapp/pokemon/suicune/sprite-shiny.png,assets/textures/textures_webapp/pokemon/suicune/sprite-shiny.webp,96,96,1292,1212,80,6.1920,false,below-byte-threshold,fd38fa5e1da884e53eade7e78b9228ed67e72c27cf6dd7c49418296bb8503099
assets/textures/textures_webapp/pokemon/incineroar/sprite.png,assets/textures/textures_webapp/pokemon/incineroar/sprite.webp,96,96,1294,1214,80,6.1824,false,below-byte-threshold,448ba8c146c84ba72ceac7ee8393aa25351d98da4138f193ac67bcb2a1327b09
assets/textures/textures_webapp/pokemon/torterra/sprite.png,assets/textures/textures_webapp/pokemon/torterra/sprite.webp,96,96,1400,1320,80,5.7143,false,below-byte-threshold,3026f20b81337ec6d6bb08c7a5fa95fb896dae0aa393817257e26c98be742c48
assets/textures/textures_webapp/pokemon/roggenrola/sprite-shiny.png,assets/textures/textures_webapp/pokemon/roggenrola/sprite-shiny.webp,96,96,397,318,79,19.8992,false,below-byte-threshold,e14b53a8a01bcf32e4e41a904ef36b85525ae1f478c09372bc758e2cb3004b09
assets/textures/textures_webapp/pokemon/castform/sprite.png,assets/textures/textures_webapp/pokemon/castform/sprite.webp,96,96,399,320,79,19.7995,false,below-byte-threshold,e5c95ed6f74e9df07af0e0f498d19f9059e10340186221c19f5b24057d5add1b
assets/textures/textures_webapp/pokemon/munna/sprite-shiny.png,assets/textures/textures_webapp/pokemon/munna/sprite-shiny.webp,96,96,445,366,79,17.7528,false,below-byte-threshold,3b99fee6b5bfb82238bbd700258fa97b8e32ba755bdb94ef3cfe83a27c6b33a4
assets/textures/textures_webapp/pokemon/weedle/sprite.png,assets/textures/textures_webapp/pokemon/weedle/sprite.webp,96,96,465,386,79,16.9892,false,below-byte-threshold,d3cdcaa3febf015bbfc283a3987fc929c4fd3850104c42dc9f80e54d27731af4
assets/textures/textures_webapp/pokemon/shuppet/sprite-shiny.png,assets/textures/textures_webapp/pokemon/shuppet/sprite-shiny.webp,96,96,475,396,79,16.6316,false,below-byte-threshold,6cca4a15120fab8502e8e0041568cba7009cd9b20f32dcdb7a9192ee289b8e80
assets/textures/textures_webapp/pokemon/gothita/sprite-shiny.png,assets/textures/textures_webapp/pokemon/gothita/sprite-shiny.webp,96,96,513,434,79,15.3996,false,below-byte-threshold,4122b2e200e5434fae157abece9214b2fcc4baaf89d3d7514f31a60e1f768562
assets/textures/textures_webapp/pokemon/swadloon/sprite-shiny.png,assets/textures/textures_webapp/pokemon/swadloon/sprite-shiny.webp,96,96,533,454,79,14.8218,false,below-byte-threshold,cef45a26b96ba7b0b752bd95360d2c034ed47c241192a6f21b11ab892805dae2
assets/textures/textures_webapp/pokemon/dratini/sprite-shiny.png,assets/textures/textures_webapp/pokemon/dratini/sprite-shiny.webp,96,96,535,456,79,14.7664,false,below-byte-threshold,a973f144368f45b0a517124ccfe14423fb8c839c6c20e520235c3ee8892a3084
assets/textures/textures_webapp/pokemon/dratini/sprite.png,assets/textures/textures_webapp/pokemon/dratini/sprite.webp,96,96,535,456,79,14.7664,false,below-byte-threshold,d820733b049802825dc9e8bfef589469c5b24ff717f3eb23c21807b39b3538a3
assets/textures/textures_webapp/pokemon/starly/sprite.png,assets/textures/textures_webapp/pokemon/starly/sprite.webp,96,96,545,466,79,14.4954,false,below-byte-threshold,bb372fc76dce0f7c8e0027aa3fe7673aa55be651de9f0c5b5e4dc9707789cebf
assets/textures/textures_webapp/pokemon/corsola/sprite-shiny.png,assets/textures/textures_webapp/pokemon/corsola/sprite-shiny.webp,96,96,559,480,79,14.1324,false,below-byte-threshold,1245e90dc071c4e7cc6e28639b1450cef6744ac4d490c695988b5506ad677d09
assets/textures/textures_webapp/pokemon/azurill/sprite-shiny.png,assets/textures/textures_webapp/pokemon/azurill/sprite-shiny.webp,96,96,595,516,79,13.2773,false,below-byte-threshold,033d078c08f74ed1db2ed21c3ed495ecd5ce777d93b049865f3d47ab885fe2e1
assets/textures/textures_webapp/pokemon/lillipup/sprite-shiny.png,assets/textures/textures_webapp/pokemon/lillipup/sprite-shiny.webp,96,96,609,530,79,12.9721,false,below-byte-threshold,0ae2c79bae6b6891e0e79a718702b4d1a1d829d7833d904cb2f4027d2ba1e085
assets/textures/textures_webapp/pokemon/meditite/sprite.png,assets/textures/textures_webapp/pokemon/meditite/sprite.webp,96,96,611,532,79,12.9296,false,below-byte-threshold,bc699a77b592367f73e121a7d293f1428c4dd8972b578c82159ef73413f9817b
assets/textures/textures_webapp/pokemon/skitty/sprite-shiny.png,assets/textures/textures_webapp/pokemon/skitty/sprite-shiny.webp,96,96,623,544,79,12.6806,false,below-byte-threshold,b510c445438d0b274b004a5bf2409eaee06d508a3c001309e9ada0f6a70b8a4e
assets/textures/textures_webapp/pokemon/mantine/sprite.png,assets/textures/textures_webapp/pokemon/mantine/sprite.webp,96,96,667,588,79,11.8441,false,below-byte-threshold,6ae1a6e3d4e55ec5b9986025bdae3c2489997646e6846350b94814505af2c517
assets/textures/textures_webapp/pokemon/audino/sprite.png,assets/textures/textures_webapp/pokemon/audino/sprite.webp,96,96,689,610,79,11.4659,false,below-byte-threshold,df648c2eb4c8cbfd7cc381b17344ac51bde1de01686a945e8f1bb4d92577d207
assets/textures/textures_webapp/pokemon/ponyta/sprite.png,assets/textures/textures_webapp/pokemon/ponyta/sprite.webp,96,96,745,666,79,10.6040,false,below-byte-threshold,41628c292ec78eda18bb659811aae7a35f8f320a899727ae1fe6efa6f825bd12
assets/textures/textures_webapp/pokemon/swanna/sprite.png,assets/textures/textures_webapp/pokemon/swanna/sprite.webp,96,96,751,672,79,10.5193,false,below-byte-threshold,80014e84256b37a47c22fda0f52cafe47e04d03ab2a34284ca497c378c9f236b
assets/textures/textures_webapp/pokemon/farfetchd/sprite-shiny.png,assets/textures/textures_webapp/pokemon/farfetchd/sprite-shiny.webp,96,96,779,700,79,10.1412,false,below-byte-threshold,e1f75ba723ea8b8c5292ec6f62f8be17b0de37aacfef3dc7ccb690a4511efd73
assets/textures/textures_webapp/pokemon/ninjask/sprite-shiny.png,assets/textures/textures_webapp/pokemon/ninjask/sprite-shiny.webp,96,96,835,756,79,9.4611,false,below-byte-threshold,17646fca2b2af0871d24c62ed4920c0e19cb790b79a9c3fbed9190f5368df5fe
assets/textures/textures_webapp/pokemon/bronzong/sprite-shiny.png,assets/textures/textures_webapp/pokemon/bronzong/sprite-shiny.webp,96,96,863,784,79,9.1541,false,below-byte-threshold,236580b4b191486c1072cf64fff82a12ee0cbdf3fdf8ff18004fb559b092547c
assets/textures/textures_webapp/pokemon/gligar/sprite-shiny.png,assets/textures/textures_webapp/pokemon/gligar/sprite-shiny.webp,96,96,883,804,79,8.9468,false,below-byte-threshold,3f37d8e0055aed26060ad0b37746c3fd8514729b5fac5e229bc38c3f1d9d19e9
assets/textures/textures_webapp/pokemon/luxray/sprite-shiny.png,assets/textures/textures_webapp/pokemon/luxray/sprite-shiny.webp,96,96,907,828,79,8.7100,false,below-byte-threshold,496154f06d283d5934dd736c9d2d0d4843e6862e9892990022f861b21a7ccca3
assets/textures/textures_webapp/pokemon/bisharp/sprite-shiny.png,assets/textures/textures_webapp/pokemon/bisharp/sprite-shiny.webp,96,96,947,868,79,8.3421,false,below-byte-threshold,c7e69a58ca39402d5c07b3c41c0b509c3077a47ad14dae098777217c3aa27cd1
assets/textures/textures_webapp/pokemon/machoke/sprite.png,assets/textures/textures_webapp/pokemon/machoke/sprite.webp,96,96,1019,940,79,7.7527,false,below-byte-threshold,0989fd5b5f6341e861d0759a0d763f955ce6a0889080a7e31febec654c424706
assets/textures/textures_webapp/pokemon/ferrothorn/sprite-shiny.png,assets/textures/textures_webapp/pokemon/ferrothorn/sprite-shiny.webp,96,96,1023,944,79,7.7224,false,below-byte-threshold,9ee0662a04727a2ecd710f820278fd6d343f3d54f5bfbb2a25295ad9ba9675f1
assets/textures/textures_webapp/pokemon/registeel/sprite.png,assets/textures/textures_webapp/pokemon/registeel/sprite.webp,96,96,1073,994,79,7.3625,false,below-byte-threshold,fa8890909952314a5d9ae2973b16afbd25804f79ae48052d3fd4cc52f0d5a6dd
assets/textures/textures_webapp/pokemon/crawdaunt/sprite-shiny.png,assets/textures/textures_webapp/pokemon/crawdaunt/sprite-shiny.webp,96,96,1085,1006,79,7.2811,false,below-byte-threshold,0ac977bf79168cc4c60f2f663d5c783af48ddb2ad223dee08fd14d1edc808607
assets/textures/textures_webapp/pokemon/slaking/sprite.png,assets/textures/textures_webapp/pokemon/slaking/sprite.webp,96,96,1157,1078,79,6.8280,false,below-byte-threshold,7dacf899aaabb56a8c4ae1e7f27ed07dd0ecd1260c54f825a2694d4f47440b83
assets/textures/textures_webapp/pokemon/remoraid/sprite-shiny.png,assets/textures/textures_webapp/pokemon/remoraid/sprite-shiny.webp,96,96,506,428,78,15.4150,false,below-byte-threshold,c8e8686707425322fa9dff0f2cb9b55bbcc9ebc8723397cee3aac28cb761a378
assets/textures/textures_webapp/pokemon/pupitar/sprite-shiny.png,assets/textures/textures_webapp/pokemon/pupitar/sprite-shiny.webp,96,96,516,438,78,15.1163,false,below-byte-threshold,0c2e5bd0f775c2a15700642041e0ebc4adb19d696ff9b3874e15664203fc5309
assets/textures/textures_webapp/pokemon/pupitar/sprite.png,assets/textures/textures_webapp/pokemon/pupitar/sprite.webp,96,96,516,438,78,15.1163,false,below-byte-threshold,b4f740829d41380177bc87d0fc3a5ce28c0bd1ded8bdc36485f392b37ad1bddc
assets/textures/textures_webapp/pokemon/whismur/sprite-shiny.png,assets/textures/textures_webapp/pokemon/whismur/sprite-shiny.webp,96,96,518,440,78,15.0579,false,below-byte-threshold,2b6c0eeba419ae628f2f5be909a7c0382cc624229c53969c0cb40cdb90b89a79
assets/textures/textures_webapp/pokemon/chatot/sprite.png,assets/textures/textures_webapp/pokemon/chatot/sprite.webp,96,96,550,472,78,14.1818,false,below-byte-threshold,a317abc9e8eb2e4d58ba2b9f32ac8e10e363b49372160b816a988ed90458a0ae
assets/textures/textures_webapp/pokemon/dedenne/sprite.png,assets/textures/textures_webapp/pokemon/dedenne/sprite.webp,96,96,588,510,78,13.2653,false,below-byte-threshold,15c93b15cdd6b4449b0bd92f209eac37a7eb21d67d07a9b8d4c9c452d73800fc
assets/textures/textures_webapp/pokemon/lunatone/sprite-shiny.png,assets/textures/textures_webapp/pokemon/lunatone/sprite-shiny.webp,96,96,600,522,78,13.0000,false,below-byte-threshold,a2158269ba5809f68aec003b88a507aaf69c3e294f41647b3a6b19fb305ef4d0
assets/textures/textures_webapp/pokemon/skitty/sprite.png,assets/textures/textures_webapp/pokemon/skitty/sprite.webp,96,96,624,546,78,12.5000,false,below-byte-threshold,df254ee2a4fb84b65c77064a686ff8df09de473c50f70cd23a74c5f9591b5772
assets/textures/textures_webapp/pokemon/misdreavus/sprite-shiny.png,assets/textures/textures_webapp/pokemon/misdreavus/sprite-shiny.webp,96,96,634,556,78,12.3028,false,below-byte-threshold,981f17d365ff4d019f431ce460600c795d911e16f13167691d0f7afc43e5311d
assets/textures/textures_webapp/pokemon/meowth/sprite-shiny.png,assets/textures/textures_webapp/pokemon/meowth/sprite-shiny.webp,96,96,724,646,78,10.7735,false,below-byte-threshold,2d6bbf7c6428d5e76afff323c107ea40faae9102a568fe96e74e243bc075078b
assets/textures/textures_webapp/pokemon/medicham/sprite.png,assets/textures/textures_webapp/pokemon/medicham/sprite.webp,96,96,736,658,78,10.5978,false,below-byte-threshold,8d281baec2d9487b76a95121d7465fb6d6a07f8f6c767acb00939ba8bae72524
assets/textures/textures_webapp/pokemon/dragonair/sprite.png,assets/textures/textures_webapp/pokemon/dragonair/sprite.webp,96,96,760,682,78,10.2632,false,below-byte-threshold,25667654a8b6c396be50306de9254d95ede7f0b3b7526f8809f967174de99c14
assets/textures/textures_webapp/pokemon/drilbur/sprite.png,assets/textures/textures_webapp/pokemon/drilbur/sprite.webp,96,96,778,700,78,10.0257,false,below-byte-threshold,7e446b72adba8806fc103439d55df927f2954314750e69c002c9e6b5749cf089
assets/textures/textures_webapp/pokemon/mothim/sprite.png,assets/textures/textures_webapp/pokemon/mothim/sprite.webp,96,96,822,744,78,9.4891,false,below-byte-threshold,f02669263d2ce54f6a17847d1fe60bfc7b5eefa9b0539c8f6cc305212412d582
assets/textures/textures_webapp/pokemon/ariados/sprite-shiny.png,assets/textures/textures_webapp/pokemon/ariados/sprite-shiny.webp,96,96,846,768,78,9.2199,false,below-byte-threshold,d9aef59bdf02f21e59f5ba901c75f4e77035f544d8aa82763b64b7fd251a80ee
assets/textures/textures_webapp/pokemon/magneton/sprite-shiny.png,assets/textures/textures_webapp/pokemon/magneton/sprite-shiny.webp,96,96,936,858,78,8.3333,false,below-byte-threshold,e52f3d018637ebe8a66751ebe2ec248a74437b94a1e9e8a32fa9967f14196693
assets/textures/textures_webapp/pokemon/golbat/sprite.png,assets/textures/textures_webapp/pokemon/golbat/sprite.webp,96,96,938,860,78,8.3156,false,below-byte-threshold,c9b2d7bfa36d3a011dd8feabc8e2973d4225db7e15a95638a159c36febe23676
assets/textures/textures_webapp/pokemon/grumpig/sprite-shiny.png,assets/textures/textures_webapp/pokemon/grumpig/sprite-shiny.webp,96,96,972,894,78,8.0247,false,below-byte-threshold,d56658f2eb5d56a846faeee17bd94f2846a3d7f2a9f849a7616e10dc7f8eb69b
assets/textures/textures_webapp/pokemon/simisear/sprite-shiny.png,assets/textures/textures_webapp/pokemon/simisear/sprite-shiny.webp,96,96,994,916,78,7.8471,false,below-byte-threshold,5a3b8729267410f01dc35ec090eba059768bd6af2b75963494fd835b19ba0120
assets/textures/textures_webapp/pokemon/simisage/sprite-shiny.png,assets/textures/textures_webapp/pokemon/simisage/sprite-shiny.webp,96,96,1034,956,78,7.5435,false,below-byte-threshold,80b53515bcf25262788188d44a1a9bbb4d720f1061b7a1c2408f32058a93497c
assets/textures/textures_webapp/pokemon/walrein/sprite.png,assets/textures/textures_webapp/pokemon/walrein/sprite.webp,96,96,1084,1006,78,7.1956,false,below-byte-threshold,404b3c9a3927053da29af708c2e1f33b081edad1a5ef66330d798bf23b71e2c5
assets/textures/textures_webapp/pokemon/moltres/sprite-shiny.png,assets/textures/textures_webapp/pokemon/moltres/sprite-shiny.webp,96,96,1210,1132,78,6.4463,false,below-byte-threshold,f80cbe817c9856dc0aec776a414c9d6de5ddeb6821edcce4d0244f0bfbc345fd
assets/textures/textures_webapp/pokemon/rhyperior/sprite-shiny.png,assets/textures/textures_webapp/pokemon/rhyperior/sprite-shiny.webp,96,96,1466,1388,78,5.3206,false,below-byte-threshold,0b9f69022554b5232f1a21a5cd3775dc2149ba8ca38a1a7ceb95246c2ac9e7d0
assets/textures/textures_webapp/pokemon/emboar/sprite.png,assets/textures/textures_webapp/pokemon/emboar/sprite.webp,96,96,1502,1424,78,5.1931,false,below-byte-threshold,2e9e8e35671560d055939cda2d594479bf3f87ba5855d6e8ba48493553725785
assets/textures/textures_webapp/pokemon/metapod/sprite-shiny.png,assets/textures/textures_webapp/pokemon/metapod/sprite-shiny.webp,96,96,409,332,77,18.8264,false,below-byte-threshold,3e21303f3039666047325534902475996818eafd8a469a60255881b23c267329
assets/textures/textures_webapp/pokemon/metapod/sprite.png,assets/textures/textures_webapp/pokemon/metapod/sprite.webp,96,96,409,332,77,18.8264,false,below-byte-threshold,7843fa647aa26fea5861059b68a8e9104103d909fa2d6367c012943aa6a99e3b
assets/textures/textures_webapp/pokemon/aron/sprite.png,assets/textures/textures_webapp/pokemon/aron/sprite.webp,96,96,453,376,77,16.9978,false,below-byte-threshold,6684410737ad46a99c840f6c06f56898c8f65cc4a2d5d851407a1ea2ed4d7581
assets/textures/textures_webapp/pokemon/spoink/sprite.png,assets/textures/textures_webapp/pokemon/spoink/sprite.webp,96,96,495,418,77,15.5556,false,below-byte-threshold,c75fe32084806902c9445e0ff4a9d085cf0b9c6efb128c090c028f6f2687289f
assets/textures/textures_webapp/pokemon/smoochum/sprite.png,assets/textures/textures_webapp/pokemon/smoochum/sprite.webp,96,96,509,432,77,15.1277,false,below-byte-threshold,246f4155356788ab3e6e1f1caaf8ca11c8671cc10ebd95cfcef634b8329d540b
assets/textures/textures_webapp/pokemon/klink/sprite-shiny.png,assets/textures/textures_webapp/pokemon/klink/sprite-shiny.webp,96,96,525,448,77,14.6667,false,below-byte-threshold,2758f1acb0b138838f6f2035f3f0ddd5ed30359b3928630f125f0c99a1f5bf55
assets/textures/textures_webapp/pokemon/swadloon/sprite.png,assets/textures/textures_webapp/pokemon/swadloon/sprite.webp,96,96,531,454,77,14.5009,false,below-byte-threshold,760bb7b154bfe4245afe65b406a110dca02a5f8474721a320917630bad40c88e
assets/textures/textures_webapp/pokemon/munchlax/sprite.png,assets/textures/textures_webapp/pokemon/munchlax/sprite.webp,96,96,543,466,77,14.1805,false,below-byte-threshold,7d575765fc06bfa466ce84d53f36f6ce3a97502a0efb14f4ea65038210544615
assets/textures/textures_webapp/pokemon/deino/sprite-shiny.png,assets/textures/textures_webapp/pokemon/deino/sprite-shiny.webp,96,96,553,476,77,13.9241,false,below-byte-threshold,1715fd7e335c51ee2181886e0657788f03c00d8cbdf846cda9e3ea599d215a3e
assets/textures/textures_webapp/pokemon/espeon/sprite-shiny.png,assets/textures/textures_webapp/pokemon/espeon/sprite-shiny.webp,96,96,619,542,77,12.4394,false,below-byte-threshold,4ed9e91bfac338502f9f4a5a251bdd73858bda614fdda54984fcb980788bdf1c
assets/textures/textures_webapp/pokemon/mareep/sprite.png,assets/textures/textures_webapp/pokemon/mareep/sprite.webp,96,96,619,542,77,12.4394,false,below-byte-threshold,5a7484b502f05cd43a8f63c69934d5eea51224db9e71b7abe58ed87140b1cc85
assets/textures/textures_webapp/pokemon/swablu/sprite-shiny.png,assets/textures/textures_webapp/pokemon/swablu/sprite-shiny.webp,96,96,637,560,77,12.0879,false,below-byte-threshold,174cdb5a927ce7166512586bed98ce92b7c9f878f527135d755c1fbd0b74729e
assets/textures/textures_webapp/pokemon/sunflora/sprite-shiny.png,assets/textures/textures_webapp/pokemon/sunflora/sprite-shiny.webp,96,96,643,566,77,11.9751,false,below-byte-threshold,864959a5dc4d7fc85e776fedf3b6cf017053ab1949c6a77bccfa9eb1ebef65db
assets/textures/textures_webapp/pokemon/hippopotas/sprite-f.png,assets/textures/textures_webapp/pokemon/hippopotas/sprite-f.webp,96,96,657,580,77,11.7199,false,below-byte-threshold,2b3ee214a456bbb889f80844aa34b39bb2c505371bb269435dc345d3a6a9efa8
assets/textures/textures_webapp/pokemon/ekans/sprite-shiny.png,assets/textures/textures_webapp/pokemon/ekans/sprite-shiny.webp,96,96,677,600,77,11.3737,false,below-byte-threshold,837e36d6c03703199307a77a549b1b3031bf16bf42ef951e447359e61a221c95
assets/textures/textures_webapp/pokemon/makuhita/sprite-shiny.png,assets/textures/textures_webapp/pokemon/makuhita/sprite-shiny.webp,96,96,683,606,77,11.2738,false,below-byte-threshold,0fa89020a5ab17d294c4a32e9cb32528084aa240d8be410738f228d1255c40b8
assets/textures/textures_webapp/pokemon/leavanny/sprite-shiny.png,assets/textures/textures_webapp/pokemon/leavanny/sprite-shiny.webp,96,96,755,678,77,10.1987,false,below-byte-threshold,ebf709ee9458941b2bd4380f90c7617a08b0f19354c3539bd519f79e6cea0d83
assets/textures/textures_webapp/pokemon/quilladin/sprite.png,assets/textures/textures_webapp/pokemon/quilladin/sprite.webp,96,96,791,714,77,9.7345,false,below-byte-threshold,37fd0820c2ac42407121660ce5acba3831a2f9095434dbdcd4409832f6bf64bc
assets/textures/textures_webapp/pokemon/spiritomb/sprite-shiny.png,assets/textures/textures_webapp/pokemon/spiritomb/sprite-shiny.webp,96,96,805,728,77,9.5652,false,below-byte-threshold,904c1d786c33d5c485ed059a7fd591d8d5a91ad3876aefdee7ca4d6203ae1a58
assets/textures/textures_webapp/pokemon/scyther/sprite-shiny.png,assets/textures/textures_webapp/pokemon/scyther/sprite-shiny.webp,96,96,831,754,77,9.2659,false,below-byte-threshold,2193f0122c557d850ecf380c2f1f2e2487eacc7dc30d405e7ba9f67b4650f701
assets/textures/textures_webapp/pokemon/ariados/sprite.png,assets/textures/textures_webapp/pokemon/ariados/sprite.webp,96,96,847,770,77,9.0909,false,below-byte-threshold,1f93ddde6c1aeacd54d39d4541cb2d94225448aea0521168487ce579f3ebe331
assets/textures/textures_webapp/pokemon/toxicroak/sprite-shiny.png,assets/textures/textures_webapp/pokemon/toxicroak/sprite-shiny.webp,96,96,881,804,77,8.7401,false,below-byte-threshold,9fbfb90305c1445aa983352b1c78e3d5f4cbefb61a34d53ae785182c53b2cd10
assets/textures/textures_webapp/pokemon/luxray/sprite.png,assets/textures/textures_webapp/pokemon/luxray/sprite.webp,96,96,905,828,77,8.5083,false,below-byte-threshold,d941d1d5bbef20fabd8906d1f3e706b7b7a7afb6d72de48142d852398d49e3da
assets/textures/textures_webapp/pokemon/staraptor/sprite.png,assets/textures/textures_webapp/pokemon/staraptor/sprite.webp,96,96,947,870,77,8.1309,false,below-byte-threshold,ffe0479b0336388f102344445db3c3d2928fd264b55f2d5987f010065cc07b1e
assets/textures/textures_webapp/pokemon/simisage/sprite.png,assets/textures/textures_webapp/pokemon/simisage/sprite.webp,96,96,1035,958,77,7.4396,false,below-byte-threshold,327edfde0fae2ab2fb76d05bb593a261e30e9de6cd74148e8d166b316a1fdb23
assets/textures/textures_webapp/pokemon/zapdos/sprite-shiny.png,assets/textures/textures_webapp/pokemon/zapdos/sprite-shiny.webp,96,96,1035,958,77,7.4396,false,below-byte-threshold,efc14ecf956c73affacd6d5562d2cc8d368f40d8469ceb879351702b883447eb
assets/textures/textures_webapp/pokemon/kadabra/sprite.png,assets/textures/textures_webapp/pokemon/kadabra/sprite.webp,96,96,1113,1036,77,6.9182,false,below-byte-threshold,8741d28cf5a6ce39ec26cc843cf2235added85dfba4d4f3ea29de618cd6d7d6f
assets/textures/textures_webapp/pokemon/gliscor/sprite.png,assets/textures/textures_webapp/pokemon/gliscor/sprite.webp,96,96,1125,1048,77,6.8444,false,below-byte-threshold,2f8125985388a022e43103f2ce8510df42f793a8e5d25a1c2642b5d17b897dfb
assets/textures/textures_webapp/pokemon/basculegion-m/sprite.png,assets/textures/textures_webapp/pokemon/basculegion-m/sprite.webp,96,96,1155,1078,77,6.6667,false,below-byte-threshold,c33e9ffc381cb05dc18fe1dea62e370758e4faee717c80db8bbaf35f7a606b06
assets/textures/textures_webapp/pokemon/rapidash/sprite.png,assets/textures/textures_webapp/pokemon/rapidash/sprite.webp,96,96,1233,1156,77,6.2449,false,below-byte-threshold,976a8fa8d99d62fece22bae628d1fb9fa2b33d6f9bcb757173d1208b94bfa353
assets/textures/textures_webapp/pokemon/litwick/sprite.png,assets/textures/textures_webapp/pokemon/litwick/sprite.webp,96,96,402,326,76,18.9055,false,below-byte-threshold,0eede570c404e8c2011aa53a10ab9a0f2f0d9b64d1f9609313659d4039a43d7b
assets/textures/textures_webapp/pokemon/trapinch/sprite.png,assets/textures/textures_webapp/pokemon/trapinch/sprite.webp,96,96,478,402,76,15.8996,false,below-byte-threshold,8c57667ec452f04deeb8ac3fa15ef8afb83498fe1bbec5528c688ff28c68534c
assets/textures/textures_webapp/pokemon/slugma/sprite.png,assets/textures/textures_webapp/pokemon/slugma/sprite.webp,96,96,486,410,76,15.6379,false,below-byte-threshold,090865ff3e655f7126028cf84c0f651b9a40db851284a8da6539c8bd683679ad
assets/textures/textures_webapp/pokemon/duosion/sprite.png,assets/textures/textures_webapp/pokemon/duosion/sprite.webp,96,96,538,462,76,14.1264,false,below-byte-threshold,a52769a3cf66857f9156ef17077c4f8a98cc972d24873eb34a15334a89f42c09
assets/textures/textures_webapp/pokemon/corsola/sprite.png,assets/textures/textures_webapp/pokemon/corsola/sprite.webp,96,96,550,474,76,13.8182,false,below-byte-threshold,08160dd7e60d9edfa63f0e7ab404bdd03ee49477097c7253fb17f4da1ac94234
assets/textures/textures_webapp/pokemon/clefairy/sprite-shiny.png,assets/textures/textures_webapp/pokemon/clefairy/sprite-shiny.webp,96,96,580,504,76,13.1034,false,below-byte-threshold,58164590ba63300c4fedfb2edba31cb9467defe5fc7e1327bd2783b9e4c0f7b7
assets/textures/textures_webapp/pokemon/sandshrew/sprite-shiny.png,assets/textures/textures_webapp/pokemon/sandshrew/sprite-shiny.webp,96,96,586,510,76,12.9693,false,below-byte-threshold,a22815b5d72322b89274e04b4f7feb5c0ff1cd42a431d304b1a73cc88c4bcfc8
assets/textures/textures_webapp/pokemon/wobbuffet/sprite-f.png,assets/textures/textures_webapp/pokemon/wobbuffet/sprite-f.webp,96,96,608,532,76,12.5000,false,below-byte-threshold,351f6ccbd4e28ec4a933c391dbd7de2d049c275ce0cca2765bee0980bbbf251f
assets/textures/textures_webapp/pokemon/pansear/sprite.png,assets/textures/textures_webapp/pokemon/pansear/sprite.webp,96,96,618,542,76,12.2977,false,below-byte-threshold,6ce2f02e0985cc5a25a02564b1bfecd1b9a8a8d7df4ec3016bbd8c68ea73d290
assets/textures/textures_webapp/pokemon/buizel/sprite.png,assets/textures/textures_webapp/pokemon/buizel/sprite.webp,96,96,624,548,76,12.1795,false,below-byte-threshold,0586c58b60ada5692ea3be851e312463d0a8b9343aef84fc43ccf6798734c8b8
assets/textures/textures_webapp/pokemon/hippopotas/sprite-m-shiny.png,assets/textures/textures_webapp/pokemon/hippopotas/sprite-m-shiny.webp,96,96,666,590,76,11.4114,false,below-byte-threshold,81b9b0d3c43374300dbc06cf61131ed6f76e9e3039f189f2260d0d6ca3b39fec
assets/textures/textures_webapp/pokemon/hippopotas/sprite-shiny.png,assets/textures/textures_webapp/pokemon/hippopotas/sprite-shiny.webp,96,96,666,590,76,11.4114,false,below-byte-threshold,81b9b0d3c43374300dbc06cf61131ed6f76e9e3039f189f2260d0d6ca3b39fec
assets/textures/textures_webapp/pokemon/sudowoodo/sprite.png,assets/textures/textures_webapp/pokemon/sudowoodo/sprite.webp,96,96,678,602,76,11.2094,false,below-byte-threshold,e1ec63ee71adffa49cfe4bee70d90030f8121063463f5a8a645b1a90c4e66fae
assets/textures/textures_webapp/pokemon/tentacool/sprite.png,assets/textures/textures_webapp/pokemon/tentacool/sprite.webp,96,96,710,634,76,10.7042,false,below-byte-threshold,ccfcb76020a05c1dac63782366ade7f06a0f7f56b4e3050782668afe39f3fd92
assets/textures/textures_webapp/pokemon/wigglytuff/sprite-shiny.png,assets/textures/textures_webapp/pokemon/wigglytuff/sprite-shiny.webp,96,96,718,642,76,10.5850,false,below-byte-threshold,338d41713b3e0e22bb3858fb53e8394b0b8628e9c5b7946f9047bb34b8123075
assets/textures/textures_webapp/pokemon/marshtomp/sprite-shiny.png,assets/textures/textures_webapp/pokemon/marshtomp/sprite-shiny.webp,96,96,728,652,76,10.4396,false,below-byte-threshold,b2de282d603a6077a2d061cf6a6e801790119c9d67f63715af2a02110005c047
assets/textures/textures_webapp/pokemon/delibird/sprite.png,assets/textures/textures_webapp/pokemon/delibird/sprite.webp,96,96,744,668,76,10.2151,false,below-byte-threshold,156a9c46acaaf4ca31bceceb47f09f0be9740054e04cc9b54d231ab8d6ecbfac
assets/textures/textures_webapp/pokemon/leafeon/sprite-shiny.png,assets/textures/textures_webapp/pokemon/leafeon/sprite-shiny.webp,96,96,822,746,76,9.2457,false,below-byte-threshold,9792ee11c1e2ddbc5f9458b6f961632bbd50fa76d84fff38906481ffd21c18e2
assets/textures/textures_webapp/pokemon/manectric/sprite.png,assets/textures/textures_webapp/pokemon/manectric/sprite.webp,96,96,916,840,76,8.2969,false,below-byte-threshold,24eb44cd595f37b42d18bd64870929264a2e19f162fe034257440a80ce983844
assets/textures/textures_webapp/pokemon/raichu/sprite-f.png,assets/textures/textures_webapp/pokemon/raichu/sprite-f.webp,96,96,932,856,76,8.1545,false,below-byte-threshold,0e4824da74ff03b457157e2cc1ee180fe990ad80137381efe16e992455aa5928
assets/textures/textures_webapp/pokemon/bouffalant/sprite-shiny.png,assets/textures/textures_webapp/pokemon/bouffalant/sprite-shiny.webp,96,96,934,858,76,8.1370,false,below-byte-threshold,98a7b38dd5a9eca56f108063fd4898cc0ae96a96e8262b5086f3b15292e583ea
assets/textures/textures_webapp/pokemon/rotom-wash/sprite.png,assets/textures/textures_webapp/pokemon/rotom-wash/sprite.webp,96,96,938,862,76,8.1023,false,below-byte-threshold,a7b7a68b1e37b46fb6fcaeafb74c43d18bf2a183c08e94009e81e55c0d063601
assets/textures/textures_webapp/pokemon/wartortle/sprite-shiny.png,assets/textures/textures_webapp/pokemon/wartortle/sprite-shiny.webp,96,96,946,870,76,8.0338,false,below-byte-threshold,40a198435bc366c615406cb3f0cf042b51685baefd0285236d802902351214bf
assets/textures/textures_webapp/pokemon/reuniclus/sprite.png,assets/textures/textures_webapp/pokemon/reuniclus/sprite.webp,96,96,950,874,76,8.0000,false,below-byte-threshold,1c5765f2b5a7c540222d68c11ebad9400af48c06398749be1d7273d9d778a8bf
assets/textures/textures_webapp/pokemon/slowbro/sprite.png,assets/textures/textures_webapp/pokemon/slowbro/sprite.webp,96,96,1010,934,76,7.5248,false,below-byte-threshold,7453851c2898b66f914effe870cd94b1f1d8c923a61891706cc4a6b344ac5030
assets/textures/textures_webapp/pokemon/heatmor/sprite-shiny.png,assets/textures/textures_webapp/pokemon/heatmor/sprite-shiny.webp,96,96,1022,946,76,7.4364,false,below-byte-threshold,fac8ce6f1a3d33942c21a2e55eafd51fa65d7178ad7c3d8c03fe60848f89d5f3
assets/textures/textures_webapp/pokemon/conkeldurr/sprite.png,assets/textures/textures_webapp/pokemon/conkeldurr/sprite.webp,96,96,1104,1028,76,6.8841,false,below-byte-threshold,6c5d708fa235c45c20021a409715f899d4a617f74617cff0f426bcb197aec31c
assets/textures/textures_webapp/pokemon/enamorus/sprite.png,assets/textures/textures_webapp/pokemon/enamorus/sprite.webp,96,96,1154,1078,76,6.5858,false,below-byte-threshold,01d22181d865ffeb029b5fdbb09b5b80489f4ba84bdedded1e9183eb41a5ea08
assets/textures/textures_webapp/pokemon/salamence/sprite.png,assets/textures/textures_webapp/pokemon/salamence/sprite.webp,96,96,1260,1184,76,6.0317,false,below-byte-threshold,a7c531b9b214bf1a607c4150cfe36ff24fe0320072b0b2e1e25de49cc88630a9
assets/textures/textures_webapp/pokemon/igglybuff/sprite-shiny.png,assets/textures/textures_webapp/pokemon/igglybuff/sprite-shiny.webp,96,96,381,306,75,19.6850,false,below-byte-threshold,76320241df32e0d9826ef2ac0fececf8eacf05debc9165ca7527076308e5303f
assets/textures/textures_webapp/pokemon/weedle/sprite-shiny.png,assets/textures/textures_webapp/pokemon/weedle/sprite-shiny.webp,96,96,469,394,75,15.9915,false,below-byte-threshold,9fb0ccc39fe671b9972cfe90e05d3c1ea6835e1102b35fa1accc31e6d4c85f84
assets/textures/textures_webapp/pokemon/togetic/sprite.png,assets/textures/textures_webapp/pokemon/togetic/sprite.webp,96,96,485,410,75,15.4639,false,below-byte-threshold,f9a999e09af331bc4deea9da77a1def0806b93f908c0fc78089a5149e74ef05f
assets/textures/textures_webapp/pokemon/chimecho/sprite.png,assets/textures/textures_webapp/pokemon/chimecho/sprite.webp,96,96,487,412,75,15.4004,false,below-byte-threshold,481716cad1b6a0a2184748e4cbc3aa374a226b3f00f7b0a5314b3ed16fca9250
assets/textures/textures_webapp/pokemon/torchic/sprite-shiny.png,assets/textures/textures_webapp/pokemon/torchic/sprite-shiny.webp,96,96,489,414,75,15.3374,false,below-byte-threshold,7e8cc4b67aa1b58093def07ae7994f2ea75952027317583c60de810743aeafee
assets/textures/textures_webapp/pokemon/combee/sprite.png,assets/textures/textures_webapp/pokemon/combee/sprite.webp,96,96,493,418,75,15.2130,false,below-byte-threshold,373ea2d9b7a86df7c48e9e2c62d2d5e146231ec188fb97e7b05f8a9eeb8f1a73
assets/textures/textures_webapp/pokemon/wynaut/sprite.png,assets/textures/textures_webapp/pokemon/wynaut/sprite.webp,96,96,495,420,75,15.1515,false,below-byte-threshold,c55788d496516be2f41b7695fce91913caf0618bb5529f11216467c1dcef445e
assets/textures/textures_webapp/pokemon/petilil/sprite.png,assets/textures/textures_webapp/pokemon/petilil/sprite.webp,96,96,497,422,75,15.0905,false,below-byte-threshold,363d016cdf94775c0670763859eea1dfaf39129ab9a36c9e64e62522639f114f
assets/textures/textures_webapp/pokemon/klink/sprite.png,assets/textures/textures_webapp/pokemon/klink/sprite.webp,96,96,525,450,75,14.2857,false,below-byte-threshold,abbfbe0162aa72fbb88369c1b3141522e00b394435390d73c7090cd1c29423fa
assets/textures/textures_webapp/pokemon/cottonee/sprite.png,assets/textures/textures_webapp/pokemon/cottonee/sprite.webp,96,96,531,456,75,14.1243,false,below-byte-threshold,8d732ad0b7c419b09b59007b661376adc2842473161720faa7cfd97ab6479aaf
assets/textures/textures_webapp/pokemon/skrelp/sprite-shiny.png,assets/textures/textures_webapp/pokemon/skrelp/sprite-shiny.webp,96,96,541,466,75,13.8632,false,below-byte-threshold,77c492840168cb4a9ebaaeb48b13c3e9bf95364649a05e8e3801dac8db4c8bb0
assets/textures/textures_webapp/pokemon/skrelp/sprite.png,assets/textures/textures_webapp/pokemon/skrelp/sprite.webp,96,96,541,466,75,13.8632,false,below-byte-threshold,767f55d35c8c23257cf5f97ab025f86c9cae5406cb3c72d5c1219663089155ca
assets/textures/textures_webapp/pokemon/chikorita/sprite-shiny.png,assets/textures/textures_webapp/pokemon/chikorita/sprite-shiny.webp,96,96,543,468,75,13.8122,false,below-byte-threshold,a33334503a91097e93a151a72e4296b3a142af77b742eea135df1ddbbc3e6623
assets/textures/textures_webapp/pokemon/nosepass/sprite-shiny.png,assets/textures/textures_webapp/pokemon/nosepass/sprite-shiny.webp,96,96,563,488,75,13.3215,false,below-byte-threshold,c8ae213e6d03b2b5b68bfbbf3b417d74717cdd2a03da181eb625f4d9da7527d9
assets/textures/textures_webapp/pokemon/amaura/sprite.png,assets/textures/textures_webapp/pokemon/amaura/sprite.webp,96,96,585,510,75,12.8205,false,below-byte-threshold,1fb69e877c0c58762aa61fe8c83d1872007b05cbeb63cd83b1ef6e5993a45776
assets/textures/textures_webapp/pokemon/wobbuffet/sprite-m.png,assets/textures/textures_webapp/pokemon/wobbuffet/sprite-m.webp,96,96,597,522,75,12.5628,false,below-byte-threshold,dd3b516dac215e6f29f81949ec9626ae6342b98591f8d4bb33c1bc34573e5a1d
assets/textures/textures_webapp/pokemon/wobbuffet/sprite.png,assets/textures/textures_webapp/pokemon/wobbuffet/sprite.webp,96,96,597,522,75,12.5628,false,below-byte-threshold,dd3b516dac215e6f29f81949ec9626ae6342b98591f8d4bb33c1bc34573e5a1d
assets/textures/textures_webapp/pokemon/pachirisu/sprite-shiny.png,assets/textures/textures_webapp/pokemon/pachirisu/sprite-shiny.webp,96,96,609,534,75,12.3153,false,below-byte-threshold,98a0a057453984d8136604d699b6391ea7d15405ec7be33c2a2721628a212290
assets/textures/textures_webapp/pokemon/slakoth/sprite-shiny.png,assets/textures/textures_webapp/pokemon/slakoth/sprite-shiny.webp,96,96,609,534,75,12.3153,false,below-byte-threshold,b10d35d4a18f5a99a2a7a5e3a7c154d4b71a43e4a175958ffb26064e3b6a3aca
assets/textures/textures_webapp/pokemon/elekid/sprite-shiny.png,assets/textures/textures_webapp/pokemon/elekid/sprite-shiny.webp,96,96,621,546,75,12.0773,false,below-byte-threshold,33f1d982418ec346069e5eff24646b0c751390215739b82ae1fe8156bc72150b
assets/textures/textures_webapp/pokemon/elekid/sprite.png,assets/textures/textures_webapp/pokemon/elekid/sprite.webp,96,96,621,546,75,12.0773,false,below-byte-threshold,92f6d4880efc0435f3658dc2978dd29dc04e4a18e29b0625ca59ea86859f32b7
assets/textures/textures_webapp/pokemon/aipom/sprite.png,assets/textures/textures_webapp/pokemon/aipom/sprite.webp,96,96,655,580,75,11.4504,false,below-byte-threshold,f78edec7da83d9d4297227b6dc02ac12c18853efb4492ef4e3ed9293028748bb
assets/textures/textures_webapp/pokemon/palpitoad/sprite-shiny.png,assets/textures/textures_webapp/pokemon/palpitoad/sprite-shiny.webp,96,96,689,614,75,10.8853,false,below-byte-threshold,0d887ad77740133684af30d236f1b303d91febe6477e199b58c33fc4c38cfdd8
assets/textures/textures_webapp/pokemon/emolga/sprite.png,assets/textures/textures_webapp/pokemon/emolga/sprite.webp,96,96,727,652,75,10.3164,false,below-byte-threshold,d74d60ed7f726756add400c4c82e2d31964aa70e93b032cc8fdde6b9f00cba87
assets/textures/textures_webapp/pokemon/nidorino/sprite.png,assets/textures/textures_webapp/pokemon/nidorino/sprite.webp,96,96,767,692,75,9.7784,false,below-byte-threshold,a52e2452a9e3e1be2a48ebf446ffd71e236e10133d8a51326d2cc1f26aa2c670
assets/textures/textures_webapp/pokemon/bayleef/sprite-shiny.png,assets/textures/textures_webapp/pokemon/bayleef/sprite-shiny.webp,96,96,785,710,75,9.5541,false,below-byte-threshold,e1df25777ec253024437f457a28adac35c26c62a102b8a33a3acb42042a1f589
assets/textures/textures_webapp/pokemon/honchkrow/sprite-shiny.png,assets/textures/textures_webapp/pokemon/honchkrow/sprite-shiny.webp,96,96,803,728,75,9.3400,false,below-byte-threshold,97343738e2d7d0a50cc19be4c725ea2c4b1b956bfa4f414d173339bbae179384
assets/textures/textures_webapp/pokemon/spiritomb/sprite.png,assets/textures/textures_webapp/pokemon/spiritomb/sprite.webp,96,96,809,734,75,9.2707,false,below-byte-threshold,2e01d515b905e134f0f96ec9eb613e9246f012cda67a4c94e1539edb14837445
assets/textures/textures_webapp/pokemon/leafeon/sprite.png,assets/textures/textures_webapp/pokemon/leafeon/sprite.webp,96,96,823,748,75,9.1130,false,below-byte-threshold,2d91304d6e46908d08cef767e18566b6de14f078d483ce8644fed5817a41978b
assets/textures/textures_webapp/pokemon/ivysaur/sprite-shiny.png,assets/textures/textures_webapp/pokemon/ivysaur/sprite-shiny.webp,96,96,871,796,75,8.6108,false,below-byte-threshold,55e2fa0890be03660045a9d988647ed15e3a69227643c8de2ee2334b2c9df6b4
assets/textures/textures_webapp/pokemon/darmanitan/sprite.png,assets/textures/textures_webapp/pokemon/darmanitan/sprite.webp,96,96,935,860,75,8.0214,false,below-byte-threshold,e3f5d6fd2b44b9cbe848739010bc09fa0a91d9a06c8b785b2a2b0e565c259d89
assets/textures/textures_webapp/pokemon/golbat/sprite-shiny.png,assets/textures/textures_webapp/pokemon/golbat/sprite-shiny.webp,96,96,937,862,75,8.0043,false,below-byte-threshold,19c1e081bdfab12f237236273dad22a64ecb1042d7a623f60b6fec9808576d9b
assets/textures/textures_webapp/pokemon/heatran/sprite.png,assets/textures/textures_webapp/pokemon/heatran/sprite.webp,96,96,1141,1066,75,6.5732,false,below-byte-threshold,398ddb344f4e987eb2fc8095eacb31397a95b90d5a87b7776d10656e3f6c5897
assets/textures/textures_webapp/pokemon/urshifu-rapid/sprite-shiny.png,assets/textures/textures_webapp/pokemon/urshifu-rapid/sprite-shiny.webp,96,96,1221,1146,75,6.1425,false,below-byte-threshold,101b72c88fc9d88e7d479003118e38d7435535a47bda313d10e29c039a2ffa30
assets/textures/textures_webapp/pokemon/drapion/sprite-shiny.png,assets/textures/textures_webapp/pokemon/drapion/sprite-shiny.webp,96,96,1317,1242,75,5.6948,false,below-byte-threshold,26a9172faf430b2de9592a461dbf6d6637f3faad08f6c50498993708df6298ed
assets/textures/textures_webapp/pokemon/minun/sprite-shiny.png,assets/textures/textures_webapp/pokemon/minun/sprite-shiny.webp,96,96,452,378,74,16.3717,false,below-byte-threshold,f48758c36dc7806a266a6af88b8ff00fcdae8a5c91b3f217c833aa8c5f7db615
assets/textures/textures_webapp/pokemon/larvitar/sprite-shiny.png,assets/textures/textures_webapp/pokemon/larvitar/sprite-shiny.webp,96,96,466,392,74,15.8798,false,below-byte-threshold,59e3eddd9f81c55d2a25353b4abdfc9f1d398500f2c6116af82c3b54bf5b45b0
assets/textures/textures_webapp/pokemon/ducklett/sprite-shiny.png,assets/textures/textures_webapp/pokemon/ducklett/sprite-shiny.webp,96,96,482,408,74,15.3527,false,below-byte-threshold,137d529c0f60d5936bc1c4bdb846941efd1aff876e82cb1264cab0e14f7d3f0d
assets/textures/textures_webapp/pokemon/whismur/sprite.png,assets/textures/textures_webapp/pokemon/whismur/sprite.webp,96,96,520,446,74,14.2308,false,below-byte-threshold,5b96eee965853d463a8b597cc2b420374bad7113ae924caf8f7150caa4307c7b
assets/textures/textures_webapp/pokemon/lampent/sprite.png,assets/textures/textures_webapp/pokemon/lampent/sprite.webp,96,96,544,470,74,13.6029,false,below-byte-threshold,db8187c9df86ba3281724623072a6452dde93739f8696a6148e8d6f7133cfd19
assets/textures/textures_webapp/pokemon/starly/sprite-shiny.png,assets/textures/textures_webapp/pokemon/starly/sprite-shiny.webp,96,96,544,470,74,13.6029,false,below-byte-threshold,5ce51e395aa84ca27646931b1ffdf71049c9dce0b92a6bd767296855736526d9
assets/textures/textures_webapp/pokemon/elgyem/sprite.png,assets/textures/textures_webapp/pokemon/elgyem/sprite.webp,96,96,552,478,74,13.4058,false,below-byte-threshold,2be78939ec402bb93634dc5c1de98430c128ab2f258cadacd8f2f87a42db492a
assets/textures/textures_webapp/pokemon/buneary/sprite-shiny.png,assets/textures/textures_webapp/pokemon/buneary/sprite-shiny.webp,96,96,558,484,74,13.2616,false,below-byte-threshold,fcc6f35d09289aa0a9098c421f3959b55ce76b2f96db5eb8bfbc6faf97033f80
assets/textures/textures_webapp/pokemon/buneary/sprite.png,assets/textures/textures_webapp/pokemon/buneary/sprite.webp,96,96,558,484,74,13.2616,false,below-byte-threshold,0c7455171ab9b5e63af1f6cad172a5af64757fa688acb217adcd59cd3bf09d6b
assets/textures/textures_webapp/pokemon/caterpie/sprite-shiny.png,assets/textures/textures_webapp/pokemon/caterpie/sprite-shiny.webp,96,96,570,496,74,12.9825,false,below-byte-threshold,9801633cd070c6c528ff0eee1e04c299470c35e80ec3a896dbc248c8b6d501be
assets/textures/textures_webapp/pokemon/mareep/sprite-shiny.png,assets/textures/textures_webapp/pokemon/mareep/sprite-shiny.webp,96,96,618,544,74,11.9741,false,below-byte-threshold,97c338bdfaaf5851fbbdd895128c7e743771ab2aedada52eedbe540b8793d2cd
assets/textures/textures_webapp/pokemon/misdreavus/sprite.png,assets/textures/textures_webapp/pokemon/misdreavus/sprite.webp,96,96,634,560,74,11.6719,false,below-byte-threshold,85038b252087f06e9f336e6284eb3881765c9332188e45528afe6987c878a15c
assets/textures/textures_webapp/pokemon/stunfisk/sprite-shiny.png,assets/textures/textures_webapp/pokemon/stunfisk/sprite-shiny.webp,96,96,648,574,74,11.4198,false,below-byte-threshold,a9fab92e70f0b3fbdf545bef7122f00ff91687159b6176b2d5451dda4f7d32e7
assets/textures/textures_webapp/pokemon/hippopotas/sprite-f-shiny.png,assets/textures/textures_webapp/pokemon/hippopotas/sprite-f-shiny.webp,96,96,656,582,74,11.2805,false,below-byte-threshold,5d7181686cc54720a288fc657d1c056a1dcc78a436961386c60ed8263f0a1d1f
assets/textures/textures_webapp/pokemon/hippopotas/sprite-m.png,assets/textures/textures_webapp/pokemon/hippopotas/sprite-m.webp,96,96,666,592,74,11.1111,false,below-byte-threshold,b01fbf4537109f609182a63b5dee545d05ca12273991cf9ff0f89e5e69403802
assets/textures/textures_webapp/pokemon/hippopotas/sprite.png,assets/textures/textures_webapp/pokemon/hippopotas/sprite.webp,96,96,666,592,74,11.1111,false,below-byte-threshold,b01fbf4537109f609182a63b5dee545d05ca12273991cf9ff0f89e5e69403802
assets/textures/textures_webapp/pokemon/flaaffy/sprite-shiny.png,assets/textures/textures_webapp/pokemon/flaaffy/sprite-shiny.webp,96,96,692,618,74,10.6936,false,below-byte-threshold,f08fac5697c61c65e15b185231e14de1524a5478299fc416dd21e94a59eb4d9d
assets/textures/textures_webapp/pokemon/musharna/sprite-shiny.png,assets/textures/textures_webapp/pokemon/musharna/sprite-shiny.webp,96,96,708,634,74,10.4520,false,below-byte-threshold,9a6e16066dfc9dde5015fbec01d2f77079fb83ad5e4c7c3efd2666a4a903f323
assets/textures/textures_webapp/pokemon/skorupi/sprite-shiny.png,assets/textures/textures_webapp/pokemon/skorupi/sprite-shiny.webp,96,96,780,706,74,9.4872,false,below-byte-threshold,85e226487013bdea57dc5c42133cb5c684984a267e1b0402a247d4a8fed2cb87
assets/textures/textures_webapp/pokemon/mismagius/sprite.png,assets/textures/textures_webapp/pokemon/mismagius/sprite.webp,96,96,816,742,74,9.0686,false,below-byte-threshold,aced48d06a07bc06263623d56e63b775a1e1b97685e148262c36445140d8e34c
assets/textures/textures_webapp/pokemon/mismagius/sprite-shiny.png,assets/textures/textures_webapp/pokemon/mismagius/sprite-shiny.webp,96,96,818,744,74,9.0465,false,below-byte-threshold,6c0494d8e03efec2336b4a825bc19fd9842b94ac0b7ac24e67dc31c792a2f148
assets/textures/textures_webapp/pokemon/scyther/sprite.png,assets/textures/textures_webapp/pokemon/scyther/sprite.webp,96,96,822,748,74,9.0024,false,below-byte-threshold,fe9e77c9dfe7931148ece997b5eaf39d91e141fb35bff032f0064ac54c7309e8
assets/textures/textures_webapp/pokemon/haunter/sprite-shiny.png,assets/textures/textures_webapp/pokemon/haunter/sprite-shiny.webp,96,96,834,760,74,8.8729,false,below-byte-threshold,8af3a2a4df0b119d60d9a8cb830fd195114abad31df09e03ca72047251d0f3d0
assets/textures/textures_webapp/pokemon/haunter/sprite.png,assets/textures/textures_webapp/pokemon/haunter/sprite.webp,96,96,836,762,74,8.8517,false,below-byte-threshold,4c75c1d526c6b94bec1d4a8dcb14662359650e3606c706b103f6ad067422e22b
assets/textures/textures_webapp/pokemon/breloom/sprite-shiny.png,assets/textures/textures_webapp/pokemon/breloom/sprite-shiny.webp,96,96,858,784,74,8.6247,false,below-byte-threshold,95da851561127967c96a603d6ff83791c03f1c17be05372a79d42798099afe19
assets/textures/textures_webapp/pokemon/victreebel/sprite-shiny.png,assets/textures/textures_webapp/pokemon/victreebel/sprite-shiny.webp,96,96,934,860,74,7.9229,false,below-byte-threshold,658d70f9bc6be24c3a615ff1ae82b6bab02da8895f9b794a6d9eb7df2e6b12c7
assets/textures/textures_webapp/pokemon/weezing/sprite.png,assets/textures/textures_webapp/pokemon/weezing/sprite.webp,96,96,1246,1172,74,5.9390,false,below-byte-threshold,9c240098b71280122eca81efaf3e8c1096911075a75d769cb26f940cb44594f0
assets/textures/textures_webapp/pokemon/tangrowth/sprite.png,assets/textures/textures_webapp/pokemon/tangrowth/sprite.webp,96,96,1258,1184,74,5.8824,false,below-byte-threshold,a2cca7f7582f92b1925f18f1cf97d84db938d335d8f76b53505c98570e66d184
assets/textures/textures_webapp/pokemon/litwick/sprite-shiny.png,assets/textures/textures_webapp/pokemon/litwick/sprite-shiny.webp,96,96,401,328,73,18.2045,false,below-byte-threshold,0b965396b4c70a5cd7c5a2444777eaa10a119480cb9834ba4975c1ff6a4e4c4e
assets/textures/textures_webapp/pokemon/teddiursa/sprite.png,assets/textures/textures_webapp/pokemon/teddiursa/sprite.webp,96,96,441,368,73,16.5533,false,below-byte-threshold,300bcb4fff240e6b36f029d1493e847259ab49b6c5720127f38feb29819eaa6f
assets/textures/textures_webapp/pokemon/swirlix/sprite-shiny.png,assets/textures/textures_webapp/pokemon/swirlix/sprite-shiny.webp,96,96,447,374,73,16.3311,false,below-byte-threshold,bc023ee90e52f13c9985ff2f550a1cd2d3653742caad74e463a7197aa49a523d
assets/textures/textures_webapp/pokemon/happiny/sprite-shiny.png,assets/textures/textures_webapp/pokemon/happiny/sprite-shiny.webp,96,96,467,394,73,15.6317,false,below-byte-threshold,a94b8812e3ab180b477d4c1aec37f8f560809c82e16d42c347e6cec51f5ef3d6
assets/textures/textures_webapp/pokemon/cherubi/sprite.png,assets/textures/textures_webapp/pokemon/cherubi/sprite.webp,96,96,469,396,73,15.5650,false,below-byte-threshold,63450cead3b67cc89c57a7bd26f7b61ee2df2abc02f440521c39c07ea10b7833
assets/textures/textures_webapp/pokemon/tepig/sprite.png,assets/textures/textures_webapp/pokemon/tepig/sprite.webp,96,96,481,408,73,15.1767,false,below-byte-threshold,afdb7a865fe27e7b2ad98bfa7ff0d49fd579a8d143ce25c85f3938762f31dc2e
assets/textures/textures_webapp/pokemon/plusle/sprite-shiny.png,assets/textures/textures_webapp/pokemon/plusle/sprite-shiny.webp,96,96,485,412,73,15.0515,false,below-byte-threshold,cd63d75adb6f71268c608882cb99c0bb20ac8b1df5da88372a8c5deefd254655
assets/textures/textures_webapp/pokemon/slugma/sprite-shiny.png,assets/textures/textures_webapp/pokemon/slugma/sprite-shiny.webp,96,96,485,412,73,15.0515,false,below-byte-threshold,70c66e61e8124e3bed589339eb1c7a317744a6007c5e2922a2099a1751b90234
assets/textures/textures_webapp/pokemon/munchlax/sprite-shiny.png,assets/textures/textures_webapp/pokemon/munchlax/sprite-shiny.webp,96,96,543,470,73,13.4438,false,below-byte-threshold,690a4cf3bd91a644e539555cd2c954cee12dc442cdc2e4b05fe7fa0011b07ca2
assets/textures/textures_webapp/pokemon/cascoon/sprite-shiny.png,assets/textures/textures_webapp/pokemon/cascoon/sprite-shiny.webp,96,96,553,480,73,13.2007,false,below-byte-threshold,783c5cbaec58198078e55e5f34028f7e4881d91a400ecc65ad05aa84a69d36a6
assets/textures/textures_webapp/pokemon/deerling/sprite.png,assets/textures/textures_webapp/pokemon/deerling/sprite.webp,96,96,589,516,73,12.3939,false,below-byte-threshold,1474470060029378eaa322ddb206968c1ca9f37e2871cd1550337490f0a251a5
assets/textures/textures_webapp/pokemon/dunsparce/sprite-shiny.png,assets/textures/textures_webapp/pokemon/dunsparce/sprite-shiny.webp,96,96,589,516,73,12.3939,false,below-byte-threshold,3fea9b2ca1f65a0f9ade834a39b27c66d15814dd520734e92dacc8982e31ce21
assets/textures/textures_webapp/pokemon/meltan/sprite-shiny.png,assets/textures/textures_webapp/pokemon/meltan/sprite-shiny.webp,96,96,589,516,73,12.3939,false,below-byte-threshold,ab060cd50097588758c94bf5aa258312261358794ddb807775791d1d6a0f0cca
assets/textures/textures_webapp/pokemon/wobbuffet/sprite-m-shiny.png,assets/textures/textures_webapp/pokemon/wobbuffet/sprite-m-shiny.webp,96,96,599,526,73,12.1870,false,below-byte-threshold,9989a41180388fa924ca9b92e6cc39197be271b99b3c55814e1d349265ea8429
assets/textures/textures_webapp/pokemon/wobbuffet/sprite-shiny.png,assets/textures/textures_webapp/pokemon/wobbuffet/sprite-shiny.webp,96,96,599,526,73,12.1870,false,below-byte-threshold,9989a41180388fa924ca9b92e6cc39197be271b99b3c55814e1d349265ea8429
assets/textures/textures_webapp/pokemon/wurmple/sprite-shiny.png,assets/textures/textures_webapp/pokemon/wurmple/sprite-shiny.webp,96,96,605,532,73,12.0661,false,below-byte-threshold,692de17b472bb529e1b08f5057e3b3fea1b0f4423e282edc1d474c3dec1ff079
assets/textures/textures_webapp/pokemon/tirtouga/sprite.png,assets/textures/textures_webapp/pokemon/tirtouga/sprite.webp,96,96,629,556,73,11.6057,false,below-byte-threshold,9a0d83d81d2c2e103a431f79e093fa435239aa22369c43517f52c0dfab35faf3
assets/textures/textures_webapp/pokemon/illumise/sprite.png,assets/textures/textures_webapp/pokemon/illumise/sprite.webp,96,96,657,584,73,11.1111,false,below-byte-threshold,f5de99d59437b08c61fdac063c643c10c55e6617dbac356df7d4cce8ad3561d2
assets/textures/textures_webapp/pokemon/tangela/sprite-shiny.png,assets/textures/textures_webapp/pokemon/tangela/sprite-shiny.webp,96,96,669,596,73,10.9118,false,below-byte-threshold,e7e37e8f0f0b5af8f1fd104a009884db3c741e513d8ca4623ed259d5d2ade872
assets/textures/textures_webapp/pokemon/machop/sprite-shiny.png,assets/textures/textures_webapp/pokemon/machop/sprite-shiny.webp,96,96,673,600,73,10.8470,false,below-byte-threshold,abc7a4a03b9a935853a3338dcf93200a81225bacb151d567093b791af7ab9605
assets/textures/textures_webapp/pokemon/exeggcute/sprite-shiny.png,assets/textures/textures_webapp/pokemon/exeggcute/sprite-shiny.webp,96,96,675,602,73,10.8148,false,below-byte-threshold,c2f053c9f0693c393d974637db7fb7065ddf79f9107f7197aebb4d1e59749038
assets/textures/textures_webapp/pokemon/exeggcute/sprite.png,assets/textures/textures_webapp/pokemon/exeggcute/sprite.webp,96,96,675,602,73,10.8148,false,below-byte-threshold,2f7e2e23d6b8089e650fcebf35ee601307c6352807daec2aa35239a630bfab6f
assets/textures/textures_webapp/pokemon/smeargle/sprite-shiny.png,assets/textures/textures_webapp/pokemon/smeargle/sprite-shiny.webp,96,96,715,642,73,10.2098,false,below-byte-threshold,10b07b6d6b9bfd98734355bd6be75a6ff2fd6c20b88f45611a84aab019a20cad
assets/textures/textures_webapp/pokemon/clefable/sprite.png,assets/textures/textures_webapp/pokemon/clefable/sprite.webp,96,96,725,652,73,10.0690,false,below-byte-threshold,b057d29f6b66d37ad1782915480b8e27757d87ee1af0444e4966dcd1b25afe29
assets/textures/textures_webapp/pokemon/corphish/sprite.png,assets/textures/textures_webapp/pokemon/corphish/sprite.webp,96,96,753,680,73,9.6946,false,below-byte-threshold,02097061ac018b1b219a1eaf900a2078c8985fc4ee6c5257934f61a2b3dba736
assets/textures/textures_webapp/pokemon/shaymin-sky/sprite.png,assets/textures/textures_webapp/pokemon/shaymin-sky/sprite.webp,96,96,763,690,73,9.5675,false,below-byte-threshold,c0e8d571b3a64535aa1e8fcf4351df78b3edb5633cfd732cf880cec7099e144c
assets/textures/textures_webapp/pokemon/parasect/sprite-shiny.png,assets/textures/textures_webapp/pokemon/parasect/sprite-shiny.webp,96,96,801,728,73,9.1136,false,below-byte-threshold,b57a25addd5fd5674511f279545da40a264ccde51702cd311539996f85954ade
assets/textures/textures_webapp/pokemon/parasect/sprite.png,assets/textures/textures_webapp/pokemon/parasect/sprite.webp,96,96,801,728,73,9.1136,false,below-byte-threshold,41bb3b4379d7b1f8f163d7c6f19ccdf755e6aef2b6947dfb88ad9f9e38f01c24
assets/textures/textures_webapp/pokemon/dustox/sprite-shiny.png,assets/textures/textures_webapp/pokemon/dustox/sprite-shiny.webp,96,96,821,748,73,8.8916,false,below-byte-threshold,e34da8d555e2f7f24d3e19946e05a9fbdb9bd44f7b016b56718903f136450553
assets/textures/textures_webapp/pokemon/ninjask/sprite.png,assets/textures/textures_webapp/pokemon/ninjask/sprite.webp,96,96,831,758,73,8.7846,false,below-byte-threshold,9c6980231e18e061e1356093a9434efd3714b80e8e255c24484e9c21b8a7ebc8
assets/textures/textures_webapp/pokemon/tauros/sprite.png,assets/textures/textures_webapp/pokemon/tauros/sprite.webp,96,96,855,782,73,8.5380,false,below-byte-threshold,733827cd75858165832587c3b9f292a0f82097c400b517212e43034b4e105734
assets/textures/textures_webapp/pokemon/hitmontop/sprite.png,assets/textures/textures_webapp/pokemon/hitmontop/sprite.webp,96,96,857,784,73,8.5181,false,below-byte-threshold,41e23501fb742e13d16698f07c620b2ee6d644bc2ee96ea95f027dfbc7ca658a
assets/textures/textures_webapp/pokemon/seaking/sprite.png,assets/textures/textures_webapp/pokemon/seaking/sprite.webp,96,96,921,848,73,7.9262,false,below-byte-threshold,7d0aeb0c6564afdb0d0fef46a9f562b136b275df3544d6cfc62ff4e8ca7a7736
assets/textures/textures_webapp/pokemon/cacturne/sprite.png,assets/textures/textures_webapp/pokemon/cacturne/sprite.webp,96,96,941,868,73,7.7577,false,below-byte-threshold,4b937d5020b33442e51812b3819c767d72a07d36fde49462c612f53ff07aebcc
assets/textures/textures_webapp/pokemon/gurdurr/sprite.png,assets/textures/textures_webapp/pokemon/gurdurr/sprite.webp,96,96,941,868,73,7.7577,false,below-byte-threshold,d24c626cb26257bf41ce91d4c5e96c2273a6f0ed6a497085ef71ff304f25b1fb
assets/textures/textures_webapp/pokemon/maractus/sprite-shiny.png,assets/textures/textures_webapp/pokemon/maractus/sprite-shiny.webp,96,96,989,916,73,7.3812,false,below-byte-threshold,cab0d515dd72981c9d7abb68e7d4fa6e24c717dbfcc3f63b8d6daa88f89a6c1a
assets/textures/textures_webapp/pokemon/golem/sprite-shiny.png,assets/textures/textures_webapp/pokemon/golem/sprite-shiny.webp,96,96,1043,970,73,6.9990,false,below-byte-threshold,3740ed694ae6dbf1ad2a40a24a14feb20edc742317e7482296330a3f25b5bf98
assets/textures/textures_webapp/pokemon/carracosta/sprite-shiny.png,assets/textures/textures_webapp/pokemon/carracosta/sprite-shiny.webp,96,96,1075,1002,73,6.7907,false,below-byte-threshold,35fde92c231a340d2a58c509afa1b91273954377ddd109e390f228bfbab99fb4
assets/textures/textures_webapp/pokemon/arceus/sprite.png,assets/textures/textures_webapp/pokemon/arceus/sprite.webp,96,96,1235,1162,73,5.9109,false,below-byte-threshold,c8691920718add41ecba4c5aa8a76a510e1dabbe856b33c6dbd63815466f7044
assets/textures/textures_webapp/pokemon/gyarados/sprite-shiny.png,assets/textures/textures_webapp/pokemon/gyarados/sprite-shiny.webp,96,96,1617,1544,73,4.5145,false,below-byte-threshold,7983f24ac16bc7e5de0a0eab373ed4b61996ffa460e3d0c1e9b9a6aa229ecee5
assets/textures/textures_webapp/pokemon/happiny/sprite.png,assets/textures/textures_webapp/pokemon/happiny/sprite.webp,96,96,466,394,72,15.4506,false,below-byte-threshold,44ae557ee94bcfb65c576a390687e8946f808c7b1030f14f4f1300cf8c846915
assets/textures/textures_webapp/pokemon/joltik/sprite.png,assets/textures/textures_webapp/pokemon/joltik/sprite.webp,96,96,470,398,72,15.3191,false,below-byte-threshold,7b0f5649f1839974e140516adb42d584e9bb9df5768b8e2268b75702bceaaa5d
assets/textures/textures_webapp/pokemon/trapinch/sprite-shiny.png,assets/textures/textures_webapp/pokemon/trapinch/sprite-shiny.webp,96,96,478,406,72,15.0628,false,below-byte-threshold,44cc43c092e46dae82f990d182ff329f092f586387732c76087ac0b0e09986ed
assets/textures/textures_webapp/pokemon/plusle/sprite.png,assets/textures/textures_webapp/pokemon/plusle/sprite.webp,96,96,484,412,72,14.8760,false,below-byte-threshold,8e67137a5265dbe6b6ba6544434eef737b4963856e526fc241f8bc3f56dae11a
assets/textures/textures_webapp/pokemon/magby/sprite-shiny.png,assets/textures/textures_webapp/pokemon/magby/sprite-shiny.webp,96,96,496,424,72,14.5161,false,below-byte-threshold,172546f65e5fed2d2d471a5e28215a57109fec52cb15facc3a4dcdeb73593c0d
assets/textures/textures_webapp/pokemon/spoink/sprite-shiny.png,assets/textures/textures_webapp/pokemon/spoink/sprite-shiny.webp,96,96,496,424,72,14.5161,false,below-byte-threshold,4e8b9f203b45331d14a06bc8b0f5d2ce87b99afe8c5653f2352c73ad1b81cae3
assets/textures/textures_webapp/pokemon/taillow/sprite-shiny.png,assets/textures/textures_webapp/pokemon/taillow/sprite-shiny.webp,96,96,562,490,72,12.8114,false,below-byte-threshold,864eee477f80233e8e24dd96100c4d36af9a3c82be8942cf85c462912dbc02a5
assets/textures/textures_webapp/pokemon/sandshrew/sprite.png,assets/textures/textures_webapp/pokemon/sandshrew/sprite.webp,96,96,586,514,72,12.2867,false,below-byte-threshold,f74746e40959de5cd935e4bea74c654255629d010f278f01230587f4cd9b478c
assets/textures/textures_webapp/pokemon/patrat/sprite-shiny.png,assets/textures/textures_webapp/pokemon/patrat/sprite-shiny.webp,96,96,640,568,72,11.2500,false,below-byte-threshold,de5b8e4d4753c3354f6ce6cdc9ee5b1b11d76169261c89bc99c72f4d91cb2d01
assets/textures/textures_webapp/pokemon/panpour/sprite.png,assets/textures/textures_webapp/pokemon/panpour/sprite.webp,96,96,666,594,72,10.8108,false,below-byte-threshold,3c1fb7d6542463ea5bee6a5fca9ba3598364f392e24907c5cbed41284407d136
assets/textures/textures_webapp/pokemon/snowy-castform/sprite.png,assets/textures/textures_webapp/pokemon/snowy-castform/sprite.webp,96,96,696,624,72,10.3448,false,below-byte-threshold,c333e04982da312f5b0d6f7ce6097e077a92519e22beaaf14c870d6f252fd5e8
assets/textures/textures_webapp/pokemon/nidorina/sprite.png,assets/textures/textures_webapp/pokemon/nidorina/sprite.webp,96,96,706,634,72,10.1983,false,below-byte-threshold,7f8fb557166382228026a5e22feff4e4b6999b34e090e24d552ec01a6cefc938
assets/textures/textures_webapp/pokemon/wigglytuff/sprite.png,assets/textures/textures_webapp/pokemon/wigglytuff/sprite.webp,96,96,718,646,72,10.0279,false,below-byte-threshold,633f2a8233d21a39b9dfb320cc65814680f0148ff2782496d00c035e3ab59570
assets/textures/textures_webapp/pokemon/meowth/sprite.png,assets/textures/textures_webapp/pokemon/meowth/sprite.webp,96,96,722,650,72,9.9723,false,below-byte-threshold,7dc15ce102ea4d997f7ed308350bb50a2ef7e3e786477bfff5c245da9ec5bbd0
assets/textures/textures_webapp/pokemon/emolga/sprite-shiny.png,assets/textures/textures_webapp/pokemon/emolga/sprite-shiny.webp,96,96,726,654,72,9.9174,false,below-byte-threshold,1237ce0a1c27433c95cf17e87100e44ecb210f786410fc3b24d2a565b4ca211d
assets/textures/textures_webapp/pokemon/beheeyem/sprite-shiny.png,assets/textures/textures_webapp/pokemon/beheeyem/sprite-shiny.webp,96,96,754,682,72,9.5491,false,below-byte-threshold,fec9a341caf89f9189c862d9310b047377b9d60c092d7ce357d9543ebfae78c2
assets/textures/textures_webapp/pokemon/leavanny/sprite.png,assets/textures/textures_webapp/pokemon/leavanny/sprite.webp,96,96,756,684,72,9.5238,false,below-byte-threshold,189c77dd28b1efe65d3abcfb72730256420811cbbd62cdc0bf699a70c99485fd
assets/textures/textures_webapp/pokemon/drilbur/sprite-shiny.png,assets/textures/textures_webapp/pokemon/drilbur/sprite-shiny.webp,96,96,780,708,72,9.2308,false,below-byte-threshold,9d9f6eb1d7a3def060027fb3cc6f4a5fe1e907185280361b25c947ed13b8cb51
assets/textures/textures_webapp/pokemon/farfetchd/sprite.png,assets/textures/textures_webapp/pokemon/farfetchd/sprite.webp,96,96,780,708,72,9.2308,false,below-byte-threshold,ede793582571918f0387e12c74033cff7ea2b16a4eaa63826f032d91cdf18ede
assets/textures/textures_webapp/pokemon/meloetta-pirouette/sprite.png,assets/textures/textures_webapp/pokemon/meloetta-pirouette/sprite.webp,96,96,800,728,72,9.0000,false,below-byte-threshold,a28698471d58a84f9c4770183e9b54a181355de114af6d477fe0df2c0645fc30
assets/textures/textures_webapp/pokemon/luxio/sprite-shiny.png,assets/textures/textures_webapp/pokemon/luxio/sprite-shiny.webp,96,96,802,730,72,8.9776,false,below-byte-threshold,5874a9d0723ca8e166db3d85e92a0b483a8449a52cd16a90714cd69815f4b029
assets/textures/textures_webapp/pokemon/thwackey/sprite.png,assets/textures/textures_webapp/pokemon/thwackey/sprite.webp,96,96,814,742,72,8.8452,false,below-byte-threshold,afd98c9959985a1bf4b6bf89ff54987906c1ea7041cd1d21c09d16a1ace346d2
assets/textures/textures_webapp/pokemon/toxicroak/sprite.png,assets/textures/textures_webapp/pokemon/toxicroak/sprite.webp,96,96,880,808,72,8.1818,false,below-byte-threshold,1af375a27525e358bf8e09496fcd2516ac699f9ffbf26ffe14d9d0f689c2373f
assets/textures/textures_webapp/pokemon/jellicent/sprite-f.png,assets/textures/textures_webapp/pokemon/jellicent/sprite-f.webp,96,96,926,854,72,7.7754,false,below-byte-threshold,be7aef2a67d0d2916eb8712045ade309b7f95ebe42745461badffe1ab456eb46
assets/textures/textures_webapp/pokemon/jellicent/sprite-shiny-f.png,assets/textures/textures_webapp/pokemon/jellicent/sprite-shiny-f.webp,96,96,926,854,72,7.7754,false,below-byte-threshold,76c7a1407a40570c9c0895c224f768e5caf0a6ad56d92fac13c238a14f8342d6
assets/textures/textures_webapp/pokemon/simipour/sprite.png,assets/textures/textures_webapp/pokemon/simipour/sprite.webp,96,96,934,862,72,7.7088,false,below-byte-threshold,24f523314cca9ce92459d7b5759572d8539ece32606ef3fba10252a5f490e115
assets/textures/textures_webapp/pokemon/bisharp/sprite.png,assets/textures/textures_webapp/pokemon/bisharp/sprite.webp,96,96,948,876,72,7.5949,false,below-byte-threshold,e7d1574a0a713a012b680447da15556ee634b257d4603f7b1333525ca560647c
assets/textures/textures_webapp/pokemon/excadrill/sprite-shiny.png,assets/textures/textures_webapp/pokemon/excadrill/sprite-shiny.webp,96,96,1084,1012,72,6.6421,false,below-byte-threshold,a3be63009d1c471e4b79e38df07d7bf82aa9b0a50162a5474b75ae13b24fcebd
assets/textures/textures_webapp/pokemon/camerupt/sprite-shiny.png,assets/textures/textures_webapp/pokemon/camerupt/sprite-shiny.webp,96,96,1088,1016,72,6.6176,false,below-byte-threshold,380bb3348ccd867b6ecf43a43160d7e2866a5e0b8fcba80064d1af67fa647871
assets/textures/textures_webapp/pokemon/meganium/sprite-shiny.png,assets/textures/textures_webapp/pokemon/meganium/sprite-shiny.webp,96,96,1110,1038,72,6.4865,false,below-byte-threshold,11e6ae31155dcf179d880e9d8d238db3af710709ed40fef467932285cf9f79f4
assets/textures/textures_webapp/pokemon/alakazam/sprite-shiny.png,assets/textures/textures_webapp/pokemon/alakazam/sprite-shiny.webp,96,96,1138,1066,72,6.3269,false,below-byte-threshold,4cb6385ada3ae5cf7758b284526a9eaa8d5008374f1b0f9b667a3ba5bd7b83b4
assets/textures/textures_webapp/pokemon/igglybuff/sprite.png,assets/textures/textures_webapp/pokemon/igglybuff/sprite.webp,96,96,381,310,71,18.6352,false,below-byte-threshold,08f93b4c3bd2cd78cb9ea6fa8f662bce30b22b514c7c2aa6cb1bb1885766f358
assets/textures/textures_webapp/pokemon/togepi/sprite.png,assets/textures/textures_webapp/pokemon/togepi/sprite.webp,96,96,443,372,71,16.0271,false,below-byte-threshold,0463e82e5dcb3f16289dce46fdfd649ca40c43fd9afda4131fe196ef056613a9
assets/textures/textures_webapp/pokemon/kakuna/sprite-shiny.png,assets/textures/textures_webapp/pokemon/kakuna/sprite-shiny.webp,96,96,445,374,71,15.9551,false,below-byte-threshold,4cd4e783a312d95a20c5485c2d733329ecc83ee053f3ab347232bc60a4c79682
assets/textures/textures_webapp/pokemon/swirlix/sprite.png,assets/textures/textures_webapp/pokemon/swirlix/sprite.webp,96,96,447,376,71,15.8837,false,below-byte-threshold,72f9ab6660f427db980995d50d793bbe3a310f96b20a6d3b491528d5654ea6e4
assets/textures/textures_webapp/pokemon/oddish/sprite-shiny.png,assets/textures/textures_webapp/pokemon/oddish/sprite-shiny.webp,96,96,467,396,71,15.2034,false,below-byte-threshold,b8df2cae008ab4edcf4e491a890d2da86c39cd581f02879d7ea865db32f2c8de
assets/textures/textures_webapp/pokemon/budew/sprite-shiny.png,assets/textures/textures_webapp/pokemon/budew/sprite-shiny.webp,96,96,473,402,71,15.0106,false,below-byte-threshold,abd25e4bf6844c0940464daa85642a517d7d7a122739960473f655994b8902a9
assets/textures/textures_webapp/pokemon/ducklett/sprite.png,assets/textures/textures_webapp/pokemon/ducklett/sprite.webp,96,96,481,410,71,14.7609,false,below-byte-threshold,d1d386cc3caa84e6ca4805892fb4e035bae856714d33542e86776468910693e9
assets/textures/textures_webapp/pokemon/tepig/sprite-shiny.png,assets/textures/textures_webapp/pokemon/tepig/sprite-shiny.webp,96,96,481,410,71,14.7609,false,below-byte-threshold,a68473776b7124cd56f51c80f3a7c93ac22fab265280194b4b9bbe45d6305f65
assets/textures/textures_webapp/pokemon/chimecho/sprite-shiny.png,assets/textures/textures_webapp/pokemon/chimecho/sprite-shiny.webp,96,96,487,416,71,14.5791,false,below-byte-threshold,a3af77e4da76d75ea91a7bf482bf69bb57ce132aaacffac609790fe7dfd39c63
assets/textures/textures_webapp/pokemon/remoraid/sprite.png,assets/textures/textures_webapp/pokemon/remoraid/sprite.webp,96,96,505,434,71,14.0594,false,below-byte-threshold,076025192fad61b3e4ebb3067098a119ee5699e11feead000a334a4abf891efd
assets/textures/textures_webapp/pokemon/lotad/sprite-shiny.png,assets/textures/textures_webapp/pokemon/lotad/sprite-shiny.webp,96,96,509,438,71,13.9489,false,below-byte-threshold,0435d4dda581f4b45e3250da91d1bcebdd0bf7a00b83370b221d05b1fd4ec62a
assets/textures/textures_webapp/pokemon/lotad/sprite.png,assets/textures/textures_webapp/pokemon/lotad/sprite.webp,96,96,509,438,71,13.9489,false,below-byte-threshold,8a4829a00cee917c8e78ea132e41ffb5ee7daf0638623d434541e085215ebc4c
assets/textures/textures_webapp/pokemon/celebi/sprite.png,assets/textures/textures_webapp/pokemon/celebi/sprite.webp,96,96,517,446,71,13.7331,false,below-byte-threshold,2ece2ff210b3312731cbc6093104b8ea0abd3bfc2afbd7ad2f3fa9c3da536f73
assets/textures/textures_webapp/pokemon/nidoran-m/sprite-shiny.png,assets/textures/textures_webapp/pokemon/nidoran-m/sprite-shiny.webp,96,96,533,462,71,13.3208,false,below-byte-threshold,9fe21477e7bc6ae9f8f7cfe614be7e5ea63e857af3fe4930ed6ee08ec7a90a5a
assets/textures/textures_webapp/pokemon/houndour/sprite.png,assets/textures/textures_webapp/pokemon/houndour/sprite.webp,96,96,535,464,71,13.2710,false,below-byte-threshold,1a382f16a9c237c30a1bc6f12f2c9d170075ff66d917adc33c57bf9b8a15ac4b
assets/textures/textures_webapp/pokemon/lampent/sprite-shiny.png,assets/textures/textures_webapp/pokemon/lampent/sprite-shiny.webp,96,96,547,476,71,12.9799,false,below-byte-threshold,66f7de88e8786a1e805986c31de569f43254931204022bc3e4804f7cf191d958
assets/textures/textures_webapp/pokemon/qwilfish/sprite.png,assets/textures/textures_webapp/pokemon/qwilfish/sprite.webp,96,96,559,488,71,12.7013,false,below-byte-threshold,fe68300015357417a49925f632739b7acdeba8c7d87057b5b071c1f2ca28a97d
assets/textures/textures_webapp/pokemon/porygon-z/sprite.png,assets/textures/textures_webapp/pokemon/porygon-z/sprite.webp,96,96,577,506,71,12.3050,false,below-byte-threshold,1d571136413ec2b60b75df7553b3259dbb602c828038922aa993271bddf8ddfb
assets/textures/textures_webapp/pokemon/riolu/sprite-shiny.png,assets/textures/textures_webapp/pokemon/riolu/sprite-shiny.webp,96,96,579,508,71,12.2625,false,below-byte-threshold,efca240aba5e2222d2f05b91cd20eaca4bcf838fea114dd8419af1ae7f228cca
assets/textures/textures_webapp/pokemon/amaura/sprite-shiny.png,assets/textures/textures_webapp/pokemon/amaura/sprite-shiny.webp,96,96,585,514,71,12.1368,false,below-byte-threshold,931640647e9fbb307471676640891b5e78cf9ee4ecfd4032649d3f45d597fcd6
assets/textures/textures_webapp/pokemon/lunatone/sprite.png,assets/textures/textures_webapp/pokemon/lunatone/sprite.webp,96,96,601,530,71,11.8136,false,below-byte-threshold,563c9ae1f3ce1ae033cbb3b645e16a71545bf3239889f7e4368d7d1d37d857dc
assets/textures/textures_webapp/pokemon/lillipup/sprite.png,assets/textures/textures_webapp/pokemon/lillipup/sprite.webp,96,96,607,536,71,11.6969,false,below-byte-threshold,015eb7037fa6a66c8fcaa3e36e0c72bd8d3503878c02a3295e60f39ee38bd4e0
assets/textures/textures_webapp/pokemon/wobbuffet/sprite-f-shiny.png,assets/textures/textures_webapp/pokemon/wobbuffet/sprite-f-shiny.webp,96,96,609,538,71,11.6585,false,below-byte-threshold,ec517347121e76d85f3c66c75913ee6459184fdccbc4887f82c253ab7db039d3
assets/textures/textures_webapp/pokemon/wormadam-sand-cloak/sprite.png,assets/textures/textures_webapp/pokemon/wormadam-sand-cloak/sprite.webp,96,96,609,538,71,11.6585,false,below-byte-threshold,f48db7638529a0e70bc0a4696513065a9e380a9fc8f3ed4243e3920b9c5a5f8d
assets/textures/textures_webapp/pokemon/treecko/sprite.png,assets/textures/textures_webapp/pokemon/treecko/sprite.webp,96,96,613,542,71,11.5824,false,below-byte-threshold,8100eaa6338cb4a24e3329210185a24774aff78007d09d25b2952052e1047832
assets/textures/textures_webapp/pokemon/illumise/sprite-shiny.png,assets/textures/textures_webapp/pokemon/illumise/sprite-shiny.webp,96,96,657,586,71,10.8067,false,below-byte-threshold,23776d724cf93c560507217527b2fd97d422401ee8aa39956c99faf283b914f6
assets/textures/textures_webapp/pokemon/growlithe/sprite.png,assets/textures/textures_webapp/pokemon/growlithe/sprite.webp,96,96,687,616,71,10.3348,false,below-byte-threshold,ce5c083ccfd8420f655237c81804ed8f4774a42407266ac38bf0b25368448598
assets/textures/textures_webapp/pokemon/ledyba/sprite-shiny.png,assets/textures/textures_webapp/pokemon/ledyba/sprite-shiny.webp,96,96,735,664,71,9.6599,false,below-byte-threshold,4d3ddb8e9271f3e73f6b9eb4806e96190db1a6f037bde5360ffb04f21bf145f5
assets/textures/textures_webapp/pokemon/frillish/sprite-shiny.png,assets/textures/textures_webapp/pokemon/frillish/sprite-shiny.webp,96,96,765,694,71,9.2810,false,below-byte-threshold,c306439ec53f1e1db25aba683d17e8a4de0543b8c1e60f8de2e5360b295e388f
assets/textures/textures_webapp/pokemon/herdier/sprite.png,assets/textures/textures_webapp/pokemon/herdier/sprite.webp,96,96,773,702,71,9.1850,false,below-byte-threshold,201acaa6df060a23af4f3d9205173a72e34ab0f14a55d4e3aa5136b5b2f37e1b
assets/textures/textures_webapp/pokemon/skorupi/sprite.png,assets/textures/textures_webapp/pokemon/skorupi/sprite.webp,96,96,777,706,71,9.1377,false,below-byte-threshold,72ae78b4a5f5c8b989738e14b0d6d81934d199f12f8f7722363f8d0393400710
assets/textures/textures_webapp/pokemon/noctowl/sprite.png,assets/textures/textures_webapp/pokemon/noctowl/sprite.webp,96,96,785,714,71,9.0446,false,below-byte-threshold,f3aa15e5878670d5a732dc66a0b6f6310d61d4ca4de43102f842a12bbcfbbe6f
assets/textures/textures_webapp/pokemon/swalot/sprite.png,assets/textures/textures_webapp/pokemon/swalot/sprite.webp,96,96,791,720,71,8.9760,false,below-byte-threshold,b0ae026ac0bd3a9e9e309e12e8a500dcc5035268a7e2a5b107d1c0eb64929c8b
assets/textures/textures_webapp/pokemon/pignite/sprite.png,assets/textures/textures_webapp/pokemon/pignite/sprite.webp,96,96,853,782,71,8.3236,false,below-byte-threshold,4155bd1d3c0decedf06a4f232ad0d8433c41922bfc0ec11605bc403dfa4714d5
assets/textures/textures_webapp/pokemon/bronzong/sprite.png,assets/textures/textures_webapp/pokemon/bronzong/sprite.webp,96,96,863,792,71,8.2271,false,below-byte-threshold,4206a5b8c4fe74c79583d62b796f7824e880a10122d35a6d848045558483ce87
assets/textures/textures_webapp/pokemon/snorlax/sprite-shiny.png,assets/textures/textures_webapp/pokemon/snorlax/sprite-shiny.webp,96,96,913,842,71,7.7766,false,below-byte-threshold,bcba51660710e79eb70eeee6afcc6211bd81c9bb5152c8eb30fd8c5bf9de3453
assets/textures/textures_webapp/pokemon/bouffalant/sprite.png,assets/textures/textures_webapp/pokemon/bouffalant/sprite.webp,96,96,933,862,71,7.6099,false,below-byte-threshold,d80322a50e3ae3791ab48289d416c91ebad7f123bf28e5325b66da22726c7c5d
assets/textures/textures_webapp/pokemon/simipour/sprite-shiny.png,assets/textures/textures_webapp/pokemon/simipour/sprite-shiny.webp,96,96,933,862,71,7.6099,false,below-byte-threshold,5487e843da97af50cb665f855f5a8aced79645059fdbdf5a362b6093b352891f
assets/textures/textures_webapp/pokemon/darmanitan/sprite-shiny.png,assets/textures/textures_webapp/pokemon/darmanitan/sprite-shiny.webp,96,96,935,864,71,7.5936,false,below-byte-threshold,95c02d286b7bfaa6c260f6ad62baa4424a6e8a012a1ed8ed89e0457867dd9603
assets/textures/textures_webapp/pokemon/staraptor/sprite-shiny.png,assets/textures/textures_webapp/pokemon/staraptor/sprite-shiny.webp,96,96,947,876,71,7.4974,false,below-byte-threshold,9233a85005dc65e6469bef8c9a67c483f4456c52fc6643d3cfaee18672f2b126
assets/textures/textures_webapp/pokemon/exeggutor/sprite.png,assets/textures/textures_webapp/pokemon/exeggutor/sprite.webp,96,96,973,902,71,7.2970,false,below-byte-threshold,a7d1e8671f15493adf2a67f4759174b7c51277fac6aa5d597e8a400956eff875
assets/textures/textures_webapp/pokemon/simisear/sprite.png,assets/textures/textures_webapp/pokemon/simisear/sprite.webp,96,96,995,924,71,7.1357,false,below-byte-threshold,21fa818e19068c212b3e601ace0d426f7d2f6a449f7fccf7b6977e8265ba5f49
assets/textures/textures_webapp/pokemon/crawdaunt/sprite.png,assets/textures/textures_webapp/pokemon/crawdaunt/sprite.webp,96,96,1081,1010,71,6.5680,false,below-byte-threshold,aefaf8bc49d5502f2a389aca23add2b765eb20b5d35b4adb6710501271a4b396
assets/textures/textures_webapp/pokemon/sunkern/sprite-shiny.png,assets/textures/textures_webapp/pokemon/sunkern/sprite-shiny.webp,96,96,430,360,70,16.2791,false,below-byte-threshold,96a7b68dbf40704b392d0fcc8f50e5d0b9939984e4f5033523affdc6f903557e
assets/textures/textures_webapp/pokemon/ralts/sprite.png,assets/textures/textures_webapp/pokemon/ralts/sprite.webp,96,96,460,390,70,15.2174,false,below-byte-threshold,d224f07edad8f8348f112649224a84c78181a5995b630cfa17d0bae2c027e059
assets/textures/textures_webapp/pokemon/porygon2/sprite.png,assets/textures/textures_webapp/pokemon/porygon2/sprite.webp,96,96,474,404,70,14.7679,false,below-byte-threshold,2d48a68e4295b472129a92817458939e5748ce2daebbc3aab1761fb211517374
assets/textures/textures_webapp/pokemon/pumpkaboo/sprite-shiny.png,assets/textures/textures_webapp/pokemon/pumpkaboo/sprite-shiny.webp,96,96,480,410,70,14.5833,false,below-byte-threshold,a241ad39e5e7b3259e1af8b01fa7eb06d231bc8101b6f4d71a8f653b1e3a9244
assets/textures/textures_webapp/pokemon/pumpkaboo/sprite.png,assets/textures/textures_webapp/pokemon/pumpkaboo/sprite.webp,96,96,480,410,70,14.5833,false,below-byte-threshold,89d8352dbbd8d2e00127412ad26e61ea78751f586b78b7f00fe5e7b7909469d4
assets/textures/textures_webapp/pokemon/wynaut/sprite-shiny.png,assets/textures/textures_webapp/pokemon/wynaut/sprite-shiny.webp,96,96,496,426,70,14.1129,false,below-byte-threshold,bd8113d0eb2bd12f3a755f81b642d884badb0f27803494bbb28c0e5e039637fa
assets/textures/textures_webapp/pokemon/pidove/sprite.png,assets/textures/textures_webapp/pokemon/pidove/sprite.webp,96,96,502,432,70,13.9442,false,below-byte-threshold,1a3305bf8ad2c5062b86a47ea443d9c4890bb27908e7135d26122e578020146f
assets/textures/textures_webapp/pokemon/smoochum/sprite-shiny.png,assets/textures/textures_webapp/pokemon/smoochum/sprite-shiny.webp,96,96,508,438,70,13.7795,false,below-byte-threshold,dd5e43aaf91afc5edc535445fa55b157a36680cc8801adb9ad7bd743e76ab7ca
assets/textures/textures_webapp/pokemon/psyduck/sprite-shiny.png,assets/textures/textures_webapp/pokemon/psyduck/sprite-shiny.webp,96,96,512,442,70,13.6719,false,below-byte-threshold,083b7efc401c897e141926a8af0b47a322cd7f56fc24170bbc2b9308e3b3db9d
assets/textures/textures_webapp/pokemon/nidoran-m/sprite.png,assets/textures/textures_webapp/pokemon/nidoran-m/sprite.webp,96,96,534,464,70,13.1086,false,below-byte-threshold,e90439b92de95d664b3d7e9da7cfbdbb975748630f0bd1512e429c91ff45c3c6
assets/textures/textures_webapp/pokemon/shieldon/sprite-shiny.png,assets/textures/textures_webapp/pokemon/shieldon/sprite-shiny.webp,96,96,534,464,70,13.1086,false,below-byte-threshold,4fafeeadab2a718030cd8681dd3bf830601122cdb83229274207c1a97053b23a
assets/textures/textures_webapp/pokemon/duosion/sprite-shiny.png,assets/textures/textures_webapp/pokemon/duosion/sprite-shiny.webp,96,96,538,468,70,13.0112,false,below-byte-threshold,1fea17d55f8f173f8763116dacae5141c71d8425fc52e51698e6aa581b736e42
assets/textures/textures_webapp/pokemon/chatot/sprite-shiny.png,assets/textures/textures_webapp/pokemon/chatot/sprite-shiny.webp,96,96,548,478,70,12.7737,false,below-byte-threshold,3d6a1788d1195aa9a2bb58bc155385138290493251b015c190a928ade0c3767a
assets/textures/textures_webapp/pokemon/marill/sprite.png,assets/textures/textures_webapp/pokemon/marill/sprite.webp,96,96,556,486,70,12.5899,false,below-byte-threshold,6fd64dfb10a3b9bad2cddd8312ef7e6e86bede6dee4821a6de803835e2c8b211
assets/textures/textures_webapp/pokemon/pineco/sprite-shiny.png,assets/textures/textures_webapp/pokemon/pineco/sprite-shiny.webp,96,96,572,502,70,12.2378,false,below-byte-threshold,e3968c960eca8b9172659de9d9903ef578e1aed22afee7196d9a86cba89efec0
assets/textures/textures_webapp/pokemon/poochyena/sprite.png,assets/textures/textures_webapp/pokemon/poochyena/sprite.webp,96,96,576,506,70,12.1528,false,below-byte-threshold,650ba23f13d22bd86b3be8353bc020bd5df5a08eeacaa5f25b074c038ded2c4f
assets/textures/textures_webapp/pokemon/numel/sprite.png,assets/textures/textures_webapp/pokemon/numel/sprite.webp,96,96,578,508,70,12.1107,false,below-byte-threshold,befb85f22eb0a5f6d8fd2ed94c54a24f32923ed8aae126d66b8e1f5a0651dc95
assets/textures/textures_webapp/pokemon/dedenne/sprite-shiny.png,assets/textures/textures_webapp/pokemon/dedenne/sprite-shiny.webp,96,96,588,518,70,11.9048,false,below-byte-threshold,1d27a207d3bf88bde89878cca8457b66ea2c75e47502b11b207c386b66e2bc44
assets/textures/textures_webapp/pokemon/shinx/sprite-shiny.png,assets/textures/textures_webapp/pokemon/shinx/sprite-shiny.webp,96,96,592,522,70,11.8243,false,below-byte-threshold,623c71857c23a3dbddd6d69a2d229cfc8ca01655f400fc2583b86d1e0e078fc2
assets/textures/textures_webapp/pokemon/meditite/sprite-shiny.png,assets/textures/textures_webapp/pokemon/meditite/sprite-shiny.webp,96,96,616,546,70,11.3636,false,below-byte-threshold,5836cc821ad42de7f52caf3a1587348b6654aa1613aec93028e15cfc330a8854
assets/textures/textures_webapp/pokemon/pawniard/sprite-shiny.png,assets/textures/textures_webapp/pokemon/pawniard/sprite-shiny.webp,96,96,632,562,70,11.0759,false,below-byte-threshold,294104e689b4c5f9eee7cc42304be2f54d0b7d3189736199b025de28a942ea57
assets/textures/textures_webapp/pokemon/stunfisk/sprite.png,assets/textures/textures_webapp/pokemon/stunfisk/sprite.webp,96,96,650,580,70,10.7692,false,below-byte-threshold,3cc5a7bb712fcac644992cc78acca340e6dc57353a329da8162fc60371596989
assets/textures/textures_webapp/pokemon/mantine/sprite-shiny.png,assets/textures/textures_webapp/pokemon/mantine/sprite-shiny.webp,96,96,666,596,70,10.5105,false,below-byte-threshold,02a821c673ad8dd3ed22947169a9a5a5677ce6f03955172baf54bd7c00a4fe34
assets/textures/textures_webapp/pokemon/anorith/sprite.png,assets/textures/textures_webapp/pokemon/anorith/sprite.webp,96,96,680,610,70,10.2941,false,below-byte-threshold,5ad939f7b8580a35fe85c5e6d5fcb804d2cf2f37e9777fd3e216d48ffd6412d7
assets/textures/textures_webapp/pokemon/relicanth/sprite.png,assets/textures/textures_webapp/pokemon/relicanth/sprite.webp,96,96,764,694,70,9.1623,false,below-byte-threshold,4fe134acb23ebc72dd7ef339d84bf605ee683fe2e389a129c5d9a1230abafbf3
assets/textures/textures_webapp/pokemon/luxio/sprite.png,assets/textures/textures_webapp/pokemon/luxio/sprite.webp,96,96,798,728,70,8.7719,false,below-byte-threshold,826ee35b760477a2a2b29020a0dd9c4f1d5a02b4a9b933e454f742eb8e112028
assets/textures/textures_webapp/pokemon/omastar/sprite.png,assets/textures/textures_webapp/pokemon/omastar/sprite.webp,96,96,804,734,70,8.7065,false,below-byte-threshold,79675c06181f75f2fa7ae9f39f56376e54afc4771e88738310df97b5e54c606e
assets/textures/textures_webapp/pokemon/thwackey/sprite-shiny.png,assets/textures/textures_webapp/pokemon/thwackey/sprite-shiny.webp,96,96,814,744,70,8.5995,false,below-byte-threshold,2455b4e4ea6cb96119e6343c613481b92b4806e5b35d92139ab60d8bc1e43338
assets/textures/textures_webapp/pokemon/lucario/sprite-shiny.png,assets/textures/textures_webapp/pokemon/lucario/sprite-shiny.webp,96,96,820,750,70,8.5366,false,below-byte-threshold,19bdc4afec61131665bef551807ff1087a50fdf6e487b5b540e869e70eee81b4
assets/textures/textures_webapp/pokemon/magikarp/sprite-shiny.png,assets/textures/textures_webapp/pokemon/magikarp/sprite-shiny.webp,96,96,832,762,70,8.4135,false,below-byte-threshold,4316f5bbe2943aef77b8c3011cac91ac3a3719ee57d655cd1f7b8a75b414fcb9
assets/textures/textures_webapp/pokemon/magikarp/sprite.png,assets/textures/textures_webapp/pokemon/magikarp/sprite.webp,96,96,832,762,70,8.4135,false,below-byte-threshold,0863d68fc035b40501dc6813b5214e6aab00d9a2f620e703bd7665703d81129e
assets/textures/textures_webapp/pokemon/masquerain/sprite-shiny.png,assets/textures/textures_webapp/pokemon/masquerain/sprite-shiny.webp,96,96,846,776,70,8.2742,false,below-byte-threshold,3c4b13f3799d17edec7ed2523ecda8917e783195515fa8cdd350b9b74e30764d
assets/textures/textures_webapp/pokemon/galarian-mr-mime/sprite.png,assets/textures/textures_webapp/pokemon/galarian-mr-mime/sprite.webp,96,96,856,786,70,8.1776,false,below-byte-threshold,6414cfb9575ee1284cf5a884cf494c9143bb8ac44981127f5047af61267dd9df
assets/textures/textures_webapp/pokemon/lickitung/sprite-shiny.png,assets/textures/textures_webapp/pokemon/lickitung/sprite-shiny.webp,96,96,902,832,70,7.7605,false,below-byte-threshold,4779fd7333cf69524d20944c2b353ac0cdea870e3e41ff239be011c667de4e43
assets/textures/textures_webapp/pokemon/darkrai/sprite.png,assets/textures/textures_webapp/pokemon/darkrai/sprite.webp,96,96,924,854,70,7.5758,false,below-byte-threshold,ef20679329b1a7e2c4fcd1f1ba980d0e5c2f238257449f1e2eb01e5dcab8c370
assets/textures/textures_webapp/pokemon/gurdurr/sprite-shiny.png,assets/textures/textures_webapp/pokemon/gurdurr/sprite-shiny.webp,96,96,940,870,70,7.4468,false,below-byte-threshold,aa11ab77b632c681841af9b6a34b6f47227db70eb2c9015ffa67a4c03db56977
assets/textures/textures_webapp/pokemon/zoroark/sprite.png,assets/textures/textures_webapp/pokemon/zoroark/sprite.webp,96,96,998,928,70,7.0140,false,below-byte-threshold,8275ce1392aa07939a1da3629b8b42a755582cffd3c24afe2ffc9ed264ecd12f
assets/textures/textures_webapp/pokemon/pinsir/sprite-shiny.png,assets/textures/textures_webapp/pokemon/pinsir/sprite-shiny.webp,96,96,1002,932,70,6.9860,false,below-byte-threshold,2a5e871d5d837bc1bdb43807b63a8e54e785a9b0d1fbe442173cffe21bbe75d8
assets/textures/textures_webapp/pokemon/zapdos/sprite.png,assets/textures/textures_webapp/pokemon/zapdos/sprite.webp,96,96,1034,964,70,6.7698,false,below-byte-threshold,c7c1b19d8f0c15d213d78bad1477b7c6c17585f6ce8541ea9419eaa958f2fb4a
assets/textures/textures_webapp/pokemon/gliscor/sprite-shiny.png,assets/textures/textures_webapp/pokemon/gliscor/sprite-shiny.webp,96,96,1120,1050,70,6.2500,false,below-byte-threshold,502c121ed4e3b709fb9859cad4832823dfe6f5be9030a7d9ef94b4ecf13c6af3
assets/textures/textures_webapp/pokemon/swampert/sprite-shiny.png,assets/textures/textures_webapp/pokemon/swampert/sprite-shiny.webp,96,96,1134,1064,70,6.1728,false,below-byte-threshold,dd7c5a13f3382fdc569d10a7fdda45233483cb19513b042a73bf0f7700355120
assets/textures/textures_webapp/pokemon/slaking/sprite-shiny.png,assets/textures/textures_webapp/pokemon/slaking/sprite-shiny.webp,96,96,1152,1082,70,6.0764,false,below-byte-threshold,26236d154a53eea0a0e7d646793b379044c8141ee85ca871392cebde84926649
assets/textures/textures_webapp/pokemon/gyarados/sprite.png,assets/textures/textures_webapp/pokemon/gyarados/sprite.webp,96,96,1616,1546,70,4.3317,false,below-byte-threshold,1a2917d1ea4dd4eed3c08d6334910b8c56dcd68cf8a24114b3dd8f4614ebeed5
assets/textures/textures_webapp/pokemon/luvdisc/sprite.png,assets/textures/textures_webapp/pokemon/luvdisc/sprite.webp,96,96,349,280,69,19.7708,false,below-byte-threshold,e58b27b308ec7320cac4f5104f8898407a8ce2ce167a36e7eb9b400abd940fbf
assets/textures/textures_webapp/pokemon/teddiursa/sprite-shiny.png,assets/textures/textures_webapp/pokemon/teddiursa/sprite-shiny.webp,96,96,441,372,69,15.6463,false,below-byte-threshold,3789c467d1001a1b542d5eaddb1baa9a1c4f51c4a402248f2c725559b68c8201
assets/textures/textures_webapp/pokemon/aron/sprite-shiny.png,assets/textures/textures_webapp/pokemon/aron/sprite-shiny.webp,96,96,453,384,69,15.2318,false,below-byte-threshold,30024d1c6cca4f14ad3cbb3c8ef0e9312b9011043b92c62c10bf850dd8176319
assets/textures/textures_webapp/pokemon/budew/sprite.png,assets/textures/textures_webapp/pokemon/budew/sprite.webp,96,96,471,402,69,14.6497,false,below-byte-threshold,e7485bb727109f4c9a2fed4aa10c6ad3826cef6314a5299eee616b2db60c4730
assets/textures/textures_webapp/pokemon/sewaddle/sprite-shiny.png,assets/textures/textures_webapp/pokemon/sewaddle/sprite-shiny.webp,96,96,501,432,69,13.7725,false,below-byte-threshold,d5d35cba3615c9ba4853ab89b47c1e671cb206e1563cb228d15302d342b8075c
assets/textures/textures_webapp/pokemon/pidove/sprite-shiny.png,assets/textures/textures_webapp/pokemon/pidove/sprite-shiny.webp,96,96,503,434,69,13.7177,false,below-byte-threshold,a2ef62ea3e34aae5498463a8594261c98aed6a268cdc51ace0db883bde489f9a
assets/textures/textures_webapp/pokemon/karrablast/sprite.png,assets/textures/textures_webapp/pokemon/karrablast/sprite.webp,96,96,523,454,69,13.1931,false,below-byte-threshold,16ee7bbb38a0a81879b5080606ccaba25c8c9017d3138df52d664232e01c0264
assets/textures/textures_webapp/pokemon/hoppip/sprite.png,assets/textures/textures_webapp/pokemon/hoppip/sprite.webp,96,96,527,458,69,13.0930,false,below-byte-threshold,7bf334a979a1ee8480e88084f077c06430482946ba406f692b83a73e8717b33e
assets/textures/textures_webapp/pokemon/houndour/sprite-shiny.png,assets/textures/textures_webapp/pokemon/houndour/sprite-shiny.webp,96,96,535,466,69,12.8972,false,below-byte-threshold,25a86af6ac5cd4b6ff519a32972efc7d6611b3c9ac5d623cb6708849df104bb9
assets/textures/textures_webapp/pokemon/chikorita/sprite.png,assets/textures/textures_webapp/pokemon/chikorita/sprite.webp,96,96,543,474,69,12.7072,false,below-byte-threshold,7ff6b58673116fba1b2721c021042649c33ad86b2a8476a7911d60524099b06d
assets/textures/textures_webapp/pokemon/taillow/sprite.png,assets/textures/textures_webapp/pokemon/taillow/sprite.webp,96,96,561,492,69,12.2995,false,below-byte-threshold,dc5076f255472809c5af7188f4c6f83f427bc421e995ef7d9c03485f5b8591ac
assets/textures/textures_webapp/pokemon/rattata/sprite.png,assets/textures/textures_webapp/pokemon/rattata/sprite.webp,96,96,565,496,69,12.2124,false,below-byte-threshold,75c912c46feed3e495bffabf859d36f6804b188da88a4013884ce2d413a6636b
assets/textures/textures_webapp/pokemon/pineco/sprite.png,assets/textures/textures_webapp/pokemon/pineco/sprite.webp,96,96,569,500,69,12.1265,false,below-byte-threshold,dc4f0560b216bbedc4ba6e6479f1392e47a976011eefec10deb311e23a689ac6
assets/textures/textures_webapp/pokemon/wurmple/sprite.png,assets/textures/textures_webapp/pokemon/wurmple/sprite.webp,96,96,603,534,69,11.4428,false,below-byte-threshold,371b1c8565104fe935c76f2ea60d910f277fcda8257ed351a37c4b8f081bebc6
assets/textures/textures_webapp/pokemon/snubbull/sprite.png,assets/textures/textures_webapp/pokemon/snubbull/sprite.webp,96,96,623,554,69,11.0754,false,below-byte-threshold,5404726cb3425c1b7146bf3bf394af4acef48407ba55d0e25bae0a5093c7b150
assets/textures/textures_webapp/pokemon/electrike/sprite.png,assets/textures/textures_webapp/pokemon/electrike/sprite.webp,96,96,629,560,69,10.9698,false,below-byte-threshold,155406d8e3416235827c8dc19fdcb43bbb66afacc5feaa703b8b3137c7bcde62
assets/textures/textures_webapp/pokemon/timburr/sprite.png,assets/textures/textures_webapp/pokemon/timburr/sprite.webp,96,96,645,576,69,10.6977,false,below-byte-threshold,6bd394d2cff2af357db8135c31c66f448ae5630e0b78e49cd7fb043ef2925840
assets/textures/textures_webapp/pokemon/panpour/sprite-shiny.png,assets/textures/textures_webapp/pokemon/panpour/sprite-shiny.webp,96,96,665,596,69,10.3759,false,below-byte-threshold,142df19a523a878f1334ee5a9fa639dbfda9b50997d6d89874bb300f597dc7e0
assets/textures/textures_webapp/pokemon/tangela/sprite.png,assets/textures/textures_webapp/pokemon/tangela/sprite.webp,96,96,669,600,69,10.3139,false,below-byte-threshold,3e1d70d5d55cfb8b0db5c96c6a57158296cfe9e47856f6f92854ee77050671ea
assets/textures/textures_webapp/pokemon/carvanha/sprite-shiny.png,assets/textures/textures_webapp/pokemon/carvanha/sprite-shiny.webp,96,96,681,612,69,10.1322,false,below-byte-threshold,21a60331d874e0ef2b8628f630c1af1bb08ff17c2a8dccd87278ced33a4fc18b
assets/textures/textures_webapp/pokemon/clamperl/sprite.png,assets/textures/textures_webapp/pokemon/clamperl/sprite.webp,96,96,681,612,69,10.1322,false,below-byte-threshold,8ebfd1aacb0266afd4ed091ee6f77432cde26067df3b3dbbd6f40e5fb1bc4d6a
assets/textures/textures_webapp/pokemon/sneasel/sprite.png,assets/textures/textures_webapp/pokemon/sneasel/sprite.webp,96,96,755,686,69,9.1391,false,below-byte-threshold,cb646aa139b1398b33f0b87f2800c978433f49a72aa3d6dee27052e91d7ffe62
assets/textures/textures_webapp/pokemon/vullaby/sprite-shiny.png,assets/textures/textures_webapp/pokemon/vullaby/sprite-shiny.webp,96,96,765,696,69,9.0196,false,below-byte-threshold,5f8bd8c1bae499e00708adfb17d0f4d40e4ee58ca9b366b809ca33ce4c99efff
assets/textures/textures_webapp/pokemon/omastar/sprite-shiny.png,assets/textures/textures_webapp/pokemon/omastar/sprite-shiny.webp,96,96,805,736,69,8.5714,false,below-byte-threshold,f04980b24b59fa3f4d6c56e88b95015824aa5108cbee29ce1196bb30066226f8
assets/textures/textures_webapp/pokemon/yanma/sprite.png,assets/textures/textures_webapp/pokemon/yanma/sprite.webp,96,96,839,770,69,8.2241,false,below-byte-threshold,c9582c3af86788911ac0a2f34cf9e604567919ca575784e4f857e11d975c6e7b
assets/textures/textures_webapp/pokemon/hitmonlee/sprite.png,assets/textures/textures_webapp/pokemon/hitmonlee/sprite.webp,96,96,841,772,69,8.2045,false,below-byte-threshold,74a603d283024756ba5e3fc2ba66b34bb4ea33fcf49cece465a5eaa115de8a3f
assets/textures/textures_webapp/pokemon/gligar/sprite.png,assets/textures/textures_webapp/pokemon/gligar/sprite.webp,96,96,885,816,69,7.7966,false,below-byte-threshold,dbd9b618cb8306f156841515a241c30b605cf5f5c738b06d103e6ca585a4dfff
assets/textures/textures_webapp/pokemon/girafarig/sprite-shiny.png,assets/textures/textures_webapp/pokemon/girafarig/sprite-shiny.webp,96,96,899,830,69,7.6752,false,below-byte-threshold,ca68560b9790c3e76ffb91834bd57e3578991ed0846f8dbd53cc3d54939a29eb
assets/textures/textures_webapp/pokemon/virizion/sprite-shiny.png,assets/textures/textures_webapp/pokemon/virizion/sprite-shiny.webp,96,96,905,836,69,7.6243,false,below-byte-threshold,12522b315efa2f3664191368305700eaa8de42fa30b282e4dae2cd97fca1527e
assets/textures/textures_webapp/pokemon/seaking/sprite-shiny.png,assets/textures/textures_webapp/pokemon/seaking/sprite-shiny.webp,96,96,921,852,69,7.4919,false,below-byte-threshold,25859f5012aa4d6053a26e3cabcf9064ba5ac5486133069d4792b356cdd4cc57
assets/textures/textures_webapp/pokemon/darkrai/sprite-shiny.png,assets/textures/textures_webapp/pokemon/darkrai/sprite-shiny.webp,96,96,925,856,69,7.4595,false,below-byte-threshold,1d1710be7727fea6f27a5d30cf134f1d29e6fecec8c75544bb26207800777954
assets/textures/textures_webapp/pokemon/escavalier/sprite-shiny.png,assets/textures/textures_webapp/pokemon/escavalier/sprite-shiny.webp,96,96,961,892,69,7.1800,false,below-byte-threshold,cd5a2cfad15bb5c14df706bd61ff2d381e27e845524ec518b00eb48e01559f97
assets/textures/textures_webapp/pokemon/grumpig/sprite.png,assets/textures/textures_webapp/pokemon/grumpig/sprite.webp,96,96,969,900,69,7.1207,false,below-byte-threshold,8e354c0a6209a34152e1e61a236cb980167c032f7c7aabd3312f7b42cc86d734
assets/textures/textures_webapp/pokemon/blaziken/sprite.png,assets/textures/textures_webapp/pokemon/blaziken/sprite.webp,96,96,1047,978,69,6.5903,false,below-byte-threshold,17b2b81cdb4797ee9e0b65944d4606ce3a9990fb7c9c869c473a83f6bc911cef
assets/textures/textures_webapp/pokemon/grotle/sprite-shiny.png,assets/textures/textures_webapp/pokemon/grotle/sprite-shiny.webp,96,96,1117,1048,69,6.1773,false,below-byte-threshold,711ae2654643857ecb3cea0454c2321940e629c1e4c9f27d3dd586c9e4aab5fa
assets/textures/textures_webapp/pokemon/pidgeotto/sprite-shiny.png,assets/textures/textures_webapp/pokemon/pidgeotto/sprite-shiny.webp,96,96,1221,1152,69,5.6511,false,below-byte-threshold,ab46bdfab59721a84283f66df81c95e697a1978eef4266bdf29cab76559ab0d5
assets/textures/textures_webapp/pokemon/swinub/sprite-shiny.png,assets/textures/textures_webapp/pokemon/swinub/sprite-shiny.webp,96,96,356,288,68,19.1011,false,below-byte-threshold,821f8d44567eabb8a71e296d249bf811ea58b03abb928e77ae75619f4083c465
assets/textures/textures_webapp/pokemon/swinub/sprite.png,assets/textures/textures_webapp/pokemon/swinub/sprite.webp,96,96,356,288,68,19.1011,false,below-byte-threshold,c0660205e2e0caf7a84d888c3b711f480ec6aca27a4fda82b2ca0d0843226b7e
assets/textures/textures_webapp/pokemon/cleffa/sprite-shiny.png,assets/textures/textures_webapp/pokemon/cleffa/sprite-shiny.webp,96,96,396,328,68,17.1717,false,below-byte-threshold,0a3e02f385ec0228046fe5245896f2e44a863fa195ba92c3bada7f6a7961e937
assets/textures/textures_webapp/pokemon/cleffa/sprite.png,assets/textures/textures_webapp/pokemon/cleffa/sprite.webp,96,96,398,330,68,17.0854,false,below-byte-threshold,8021951fa448a2b4f7061a6433b8d00764001e12f538cdcac7492e2e5458efba
assets/textures/textures_webapp/pokemon/spewpa/sprite.png,assets/textures/textures_webapp/pokemon/spewpa/sprite.webp,96,96,472,404,68,14.4068,false,below-byte-threshold,9e5e48e6103453260804bddff66b5e191ae0ace394988395f45209d6b9086834
assets/textures/textures_webapp/pokemon/spheal/sprite.png,assets/textures/textures_webapp/pokemon/spheal/sprite.webp,96,96,488,420,68,13.9344,false,below-byte-threshold,857520576bec9cf7258da4e65596d23709339c168179e260941575acb7a20813
assets/textures/textures_webapp/pokemon/magby/sprite.png,assets/textures/textures_webapp/pokemon/magby/sprite.webp,96,96,496,428,68,13.7097,false,below-byte-threshold,f1632a6622f68a35bfb86e25a99949499b2224e1c8b4f4d06081ed405a106876
assets/textures/textures_webapp/pokemon/cubchoo/sprite.png,assets/textures/textures_webapp/pokemon/cubchoo/sprite.webp,96,96,516,448,68,13.1783,false,below-byte-threshold,2f2257f4e9cec1225c2550c6b465a8695423e20b771e2c8dd7637e675219bb15
assets/textures/textures_webapp/pokemon/shieldon/sprite.png,assets/textures/textures_webapp/pokemon/shieldon/sprite.webp,96,96,534,466,68,12.7341,false,below-byte-threshold,405c7ae10bbfcff09d725b05a0c457308ec2f29658119c33c6d6799ba58f3923
assets/textures/textures_webapp/pokemon/elgyem/sprite-shiny.png,assets/textures/textures_webapp/pokemon/elgyem/sprite-shiny.webp,96,96,552,484,68,12.3188,false,below-byte-threshold,1f59f8e31af4b38818c2134df8c3f5e4e9ebafb783df6cd422e045e3569c248c
assets/textures/textures_webapp/pokemon/totodile/sprite.png,assets/textures/textures_webapp/pokemon/totodile/sprite.webp,96,96,552,484,68,12.3188,false,below-byte-threshold,45451d9bc61107bb2ac771e5f76abf8737cc29232bf9eeaab87fde82fb66ce61
assets/textures/textures_webapp/pokemon/caterpie/sprite.png,assets/textures/textures_webapp/pokemon/caterpie/sprite.webp,96,96,568,500,68,11.9718,false,below-byte-threshold,9d16edc7e40f0a19b682af7053a51d94c0c13b73c869cd74c35b4f999ef95c61
assets/textures/textures_webapp/pokemon/shinx/sprite.png,assets/textures/textures_webapp/pokemon/shinx/sprite.webp,96,96,590,522,68,11.5254,false,below-byte-threshold,fb3b2287adf91ad881978727bff2a414bd5d0deccdd76cfa2ec00f2efc406121
assets/textures/textures_webapp/pokemon/bidoof/sprite.png,assets/textures/textures_webapp/pokemon/bidoof/sprite.webp,96,96,594,526,68,11.4478,false,below-byte-threshold,522783dafbb3af249ee904ce947fbfd2b3a9eecf8b2c4c62949dcbb8264a6a67
assets/textures/textures_webapp/pokemon/slakoth/sprite.png,assets/textures/textures_webapp/pokemon/slakoth/sprite.webp,96,96,608,540,68,11.1842,false,below-byte-threshold,11af421f850a68c61e9bc69316283690a40b04f680d5f94cd679ea4d8affd886
assets/textures/textures_webapp/pokemon/sableye/sprite.png,assets/textures/textures_webapp/pokemon/sableye/sprite.webp,96,96,628,560,68,10.8280,false,below-byte-threshold,7909bd3b181b919c74b69a9a5e6535924b46f2fe68e1b3b89eb23fabbd5c89f4
assets/textures/textures_webapp/pokemon/paras/sprite-shiny.png,assets/textures/textures_webapp/pokemon/paras/sprite-shiny.webp,96,96,634,566,68,10.7256,false,below-byte-threshold,d6e2587895923908973fda5e43f75b4100327c88f6e3609fbc67377d3671bc1f
assets/textures/textures_webapp/pokemon/patrat/sprite.png,assets/textures/textures_webapp/pokemon/patrat/sprite.webp,96,96,640,572,68,10.6250,false,below-byte-threshold,0060780795680ef33b559b4ee511713fa0eb3e99dace8d9b3e1d8a55b2b6ce25
assets/textures/textures_webapp/pokemon/victini/sprite.png,assets/textures/textures_webapp/pokemon/victini/sprite.webp,96,96,656,588,68,10.3659,false,below-byte-threshold,b9ccca0b20bb457d975e8651b908e3465b5e90ff7b71e48a6607922bc0b7734e
assets/textures/textures_webapp/pokemon/seel/sprite.png,assets/textures/textures_webapp/pokemon/seel/sprite.webp,96,96,676,608,68,10.0592,false,below-byte-threshold,eb19b9efe4212b99e09374f191cec75313725484825eacd91103318a9e244a39
assets/textures/textures_webapp/pokemon/krabby/sprite.png,assets/textures/textures_webapp/pokemon/krabby/sprite.webp,96,96,686,618,68,9.9125,false,below-byte-threshold,23c88cf150d2cd77da72d248c4b00033852c37cfbb29b17a1faba4f172c4cd11
assets/textures/textures_webapp/pokemon/mawile/sprite.png,assets/textures/textures_webapp/pokemon/mawile/sprite.webp,96,96,752,684,68,9.0426,false,below-byte-threshold,5633a5f5fd6dc4a48ce189b953fd06a00ff6eebfa78d1686b9758facaa741a38
assets/textures/textures_webapp/pokemon/ampharos/sprite.png,assets/textures/textures_webapp/pokemon/ampharos/sprite.webp,96,96,764,696,68,8.9005,false,below-byte-threshold,3d6da73871e2b67a408a88f8087fecfe83c0274b60500ab9b1acfacddf9e9d02
assets/textures/textures_webapp/pokemon/frillish/sprite.png,assets/textures/textures_webapp/pokemon/frillish/sprite.webp,96,96,764,696,68,8.9005,false,below-byte-threshold,df4b13417d6e51f2c29b1afc2be9d66b86d90ec3869c30180b2b03f846d2d46c
assets/textures/textures_webapp/pokemon/whirlipede/sprite.png,assets/textures/textures_webapp/pokemon/whirlipede/sprite.webp,96,96,792,724,68,8.5859,false,below-byte-threshold,63ddf33cc09ff5ddd3527332908926b5058eb7871dddf2f0a1086c0f642f7976
assets/textures/textures_webapp/pokemon/whirlipede/sprite-shiny.png,assets/textures/textures_webapp/pokemon/whirlipede/sprite-shiny.webp,96,96,796,728,68,8.5427,false,below-byte-threshold,050bd7164ee7221896b29a4895539fe4ef4ab10a3014ea0729e4c41f469bc823
assets/textures/textures_webapp/pokemon/gastly/sprite.png,assets/textures/textures_webapp/pokemon/gastly/sprite.webp,96,96,798,730,68,8.5213,false,below-byte-threshold,f1f156141a78b8355afbccdcdf814a7aa81b1127e42395c5d6887cf5546aeb4c
assets/textures/textures_webapp/pokemon/honchkrow/sprite.png,assets/textures/textures_webapp/pokemon/honchkrow/sprite.webp,96,96,800,732,68,8.5000,false,below-byte-threshold,98a7ef5dd7cba9b63a74fcd55c8ffb5494e73f3057909fbeea53f716eb280d07
assets/textures/textures_webapp/pokemon/lapras/sprite-shiny.png,assets/textures/textures_webapp/pokemon/lapras/sprite-shiny.webp,96,96,878,810,68,7.7449,false,below-byte-threshold,b1f3e99c0975a4c5d9c98f3f64f4d6a8fa54569931ffd1233b9008ac278e69ed
assets/textures/textures_webapp/pokemon/mr-mime/sprite-shiny.png,assets/textures/textures_webapp/pokemon/mr-mime/sprite-shiny.webp,96,96,886,818,68,7.6749,false,below-byte-threshold,20a484c353f9ef304e6e7ad197910d3f3ee0150a2fc2eabefd3af3f1b901dbd6
assets/textures/textures_webapp/pokemon/girafarig/sprite.png,assets/textures/textures_webapp/pokemon/girafarig/sprite.webp,96,96,900,832,68,7.5556,false,below-byte-threshold,86dfc9870b9ac74aa631dba982cab654ef7ef36ddd4ba14c2bfd102001728886
assets/textures/textures_webapp/pokemon/victreebel/sprite.png,assets/textures/textures_webapp/pokemon/victreebel/sprite.webp,96,96,932,864,68,7.2961,false,below-byte-threshold,98f1b112c5727819555a6cd12411870b43c17f2ebab20cf260e14bbea7158357
assets/textures/textures_webapp/pokemon/venomoth/sprite-shiny.png,assets/textures/textures_webapp/pokemon/venomoth/sprite-shiny.webp,96,96,934,866,68,7.2805,false,below-byte-threshold,0d4209334b6e22a4eeb822bda564dbfc1cf0c4142917806957f93bc7f08c42e1
assets/textures/textures_webapp/pokemon/grovyle/sprite.png,assets/textures/textures_webapp/pokemon/grovyle/sprite.webp,96,96,948,880,68,7.1730,false,below-byte-threshold,aee2d50e6996554bb85f395891873643df1cb093c072b55ba4e6a0dffcc6cfcb
assets/textures/textures_webapp/pokemon/glalie/sprite.png,assets/textures/textures_webapp/pokemon/glalie/sprite.webp,96,96,1014,946,68,6.7061,false,below-byte-threshold,ab9d7337f08d6f3dc44cf104747ab69a482e64de9f15a92126a0b83a8aa246dd
assets/textures/textures_webapp/pokemon/cradily/sprite.png,assets/textures/textures_webapp/pokemon/cradily/sprite.webp,96,96,1068,1000,68,6.3670,false,below-byte-threshold,5cb1f0b50479c0af8dfe1413e0e86f25e7e161e7f9f67c542ac8062b7095bb89
assets/textures/textures_webapp/pokemon/dragapult/sprite-shiny.png,assets/textures/textures_webapp/pokemon/dragapult/sprite-shiny.webp,96,96,1172,1104,68,5.8020,false,below-byte-threshold,3f169a9ec401372e08db9cbd16abc3d8ee7333bacb292ee8369ce41ae5114093
assets/textures/textures_webapp/pokemon/exploud/sprite-shiny.png,assets/textures/textures_webapp/pokemon/exploud/sprite-shiny.webp,96,96,1220,1152,68,5.5738,false,below-byte-threshold,b2b70bf470c8b3746c8922351003650270944e8ea84dd77a6ca2ba79b1ea79d3
assets/textures/textures_webapp/pokemon/aggron/sprite.png,assets/textures/textures_webapp/pokemon/aggron/sprite.webp,96,96,1310,1242,68,5.1908,false,below-byte-threshold,0154d09f01cb6b6ec4408cc15b6d506316bcf2b81f8e5f0f6277f3bf57d8ff9b
assets/textures/textures_webapp/pokemon/goomy/sprite.png,assets/textures/textures_webapp/pokemon/goomy/sprite.webp,96,96,389,322,67,17.2237,false,below-byte-threshold,68e8c818f5ee9b0148618baf189b8178e6d7b9d29499bda41eaa53c37c9320a9
assets/textures/textures_webapp/pokemon/foongus/sprite-shiny.png,assets/textures/textures_webapp/pokemon/foongus/sprite-shiny.webp,96,96,401,334,67,16.7082,false,below-byte-threshold,6b4c97ada1a57fbcead7e2ffb7e84ea922e4bafd50bbf9d6eb9c021414778bcd
assets/textures/textures_webapp/pokemon/larvitar/sprite.png,assets/textures/textures_webapp/pokemon/larvitar/sprite.webp,96,96,467,400,67,14.3469,false,below-byte-threshold,a06ffe1d1594bdf1e92b591c613e95c692a0ff93aaad8a65b1a249e16d71e93d
assets/textures/textures_webapp/pokemon/oddish/sprite.png,assets/textures/textures_webapp/pokemon/oddish/sprite.webp,96,96,469,402,67,14.2857,false,below-byte-threshold,106b1714ec11da4c264a8b4a4d2a691931a98f4183a67a6564a3e36cc7bed78c
assets/textures/textures_webapp/pokemon/ferroseed/sprite.png,assets/textures/textures_webapp/pokemon/ferroseed/sprite.webp,96,96,485,418,67,13.8144,false,below-byte-threshold,36a5c7beda6508a09cf4172c8dd9ece988e4bd185e427233802e28d1a4404590
assets/textures/textures_webapp/pokemon/sewaddle/sprite.png,assets/textures/textures_webapp/pokemon/sewaddle/sprite.webp,96,96,499,432,67,13.4269,false,below-byte-threshold,826a60da7c2a1d27a690d4e0ad8e18c54a4b69b87b4fdedd5809b9715406dd54
assets/textures/textures_webapp/pokemon/celebi/sprite-shiny.png,assets/textures/textures_webapp/pokemon/celebi/sprite-shiny.webp,96,96,515,448,67,13.0097,false,below-byte-threshold,23abf87251b69f6fb0d507f40af7229a4dfc559057d2494303f6e5ed6f0f4d93
assets/textures/textures_webapp/pokemon/drifloon/sprite.png,assets/textures/textures_webapp/pokemon/drifloon/sprite.webp,96,96,525,458,67,12.7619,false,below-byte-threshold,50fab0a8fa7b46abac5dc77cbf06046d21c8115d2330003c755f36b241bcd1af
assets/textures/textures_webapp/pokemon/pidgey/sprite.png,assets/textures/textures_webapp/pokemon/pidgey/sprite.webp,96,96,557,490,67,12.0287,false,below-byte-threshold,d7a770b7e1f21184720b0673f0cd28e6fd774be7dc33a87b6fad4335a279a5a8
assets/textures/textures_webapp/pokemon/nincada/sprite.png,assets/textures/textures_webapp/pokemon/nincada/sprite.webp,96,96,571,504,67,11.7338,false,below-byte-threshold,a62178be82cfaad77017f115d8b90ffa025031075fb063dce6f2a50c5d5120ef
assets/textures/textures_webapp/pokemon/poochyena/sprite-shiny.png,assets/textures/textures_webapp/pokemon/poochyena/sprite-shiny.webp,96,96,575,508,67,11.6522,false,below-byte-threshold,9a3161d2c57c3495fc1164ab1b6beb755de741f94a37c023f8b67273ee1d1341
assets/textures/textures_webapp/pokemon/chimchar/sprite.png,assets/textures/textures_webapp/pokemon/chimchar/sprite.webp,96,96,613,546,67,10.9299,false,below-byte-threshold,9115ce6d7d179ac7827b2d64713b6c28e50967e8981a45ff0778982b961cf265
assets/textures/textures_webapp/pokemon/kricketot/sprite.png,assets/textures/textures_webapp/pokemon/kricketot/sprite.webp,96,96,617,550,67,10.8590,false,below-byte-threshold,f1cf8504675d450818264b7fa9c9e32de6d7c9e08ac0d4729ed418a904693b00
assets/textures/textures_webapp/pokemon/woobat/sprite.png,assets/textures/textures_webapp/pokemon/woobat/sprite.webp,96,96,635,568,67,10.5512,false,below-byte-threshold,7a799610f9916069535e2973d333b10de0a16134af75f6b08ec35ad92ca965a2
assets/textures/textures_webapp/pokemon/victini/sprite-shiny.png,assets/textures/textures_webapp/pokemon/victini/sprite-shiny.webp,96,96,651,584,67,10.2919,false,below-byte-threshold,51c83d18de970d8016a83675547b6d4f8f3876992b90ab8558189bf2d1e11c22
assets/textures/textures_webapp/pokemon/shelgon/sprite-shiny.png,assets/textures/textures_webapp/pokemon/shelgon/sprite-shiny.webp,96,96,675,608,67,9.9259,false,below-byte-threshold,f3ec1cc89e7394ddd7ebbbfda2d64df5d830f4df3201a05af31372cd623f93d2
assets/textures/textures_webapp/pokemon/piloswine/sprite-shiny.png,assets/textures/textures_webapp/pokemon/piloswine/sprite-shiny.webp,96,96,709,642,67,9.4499,false,below-byte-threshold,6bd9a71eea1437c2bd38ed9cef3529aa3ca009315bf12143012e664536fdbb0e
assets/textures/textures_webapp/pokemon/froslass/sprite.png,assets/textures/textures_webapp/pokemon/froslass/sprite.webp,96,96,715,648,67,9.3706,false,below-byte-threshold,5c38893c7bb37a63fa8808cfe525bc3b504cd14e364ee5453fbfb2c50abb7b7f
assets/textures/textures_webapp/pokemon/meloetta---aria/sprite.png,assets/textures/textures_webapp/pokemon/meloetta---aria/sprite.webp,96,96,727,660,67,9.2160,false,below-byte-threshold,f00b899ccf76116b9e12a1468e52517815d9df4381b9e5f21a0c9f1e991db573
assets/textures/textures_webapp/pokemon/hitmonlee/sprite-shiny.png,assets/textures/textures_webapp/pokemon/hitmonlee/sprite-shiny.webp,96,96,839,772,67,7.9857,false,below-byte-threshold,c4474081f874d3179fbe07e4b1c1ec97f238b7343c1e2f7aa431a60e495f3dc6
assets/textures/textures_webapp/pokemon/breloom/sprite.png,assets/textures/textures_webapp/pokemon/breloom/sprite.webp,96,96,857,790,67,7.8180,false,below-byte-threshold,9cb05052ba8eecb887d969f0e20da6447bd5245a564733ad09a37d53a325d834
assets/textures/textures_webapp/pokemon/lapras/sprite.png,assets/textures/textures_webapp/pokemon/lapras/sprite.webp,96,96,877,810,67,7.6397,false,below-byte-threshold,607ff723f16aad81ef4d758e3514e73b3fa6b3088ce0603d46f529b8bc906cde
assets/textures/textures_webapp/pokemon/escavalier/sprite.png,assets/textures/textures_webapp/pokemon/escavalier/sprite.webp,96,96,961,894,67,6.9719,false,below-byte-threshold,0b2914dcfaeb446f782ef0f50ef1b16e8d51b2a944a622c3b7fabe53b0935aaf
assets/textures/textures_webapp/pokemon/loudred/sprite.png,assets/textures/textures_webapp/pokemon/loudred/sprite.webp,96,96,1037,970,67,6.4609,false,below-byte-threshold,8241e678da105db251bb7b130644039efed913db1f853917fb3ef7233674fe7a
assets/textures/textures_webapp/pokemon/purugly/sprite-shiny.png,assets/textures/textures_webapp/pokemon/purugly/sprite-shiny.webp,96,96,1039,972,67,6.4485,false,below-byte-threshold,d5f42b35ff16b702967f7a69eeb33e271c5ace32a788151adf411d3f4b91aa38
assets/textures/textures_webapp/pokemon/meganium/sprite.png,assets/textures/textures_webapp/pokemon/meganium/sprite.webp,96,96,1109,1042,67,6.0415,false,below-byte-threshold,bbe25598d336e26923909ffc77d74c67997e2bfad07535508e814005752832b3
assets/textures/textures_webapp/pokemon/swampert/sprite.png,assets/textures/textures_webapp/pokemon/swampert/sprite.webp,96,96,1131,1064,67,5.9240,false,below-byte-threshold,07c6c719f29b35ebbdfdf5b521078607dfc6d84bd2af8e5dadc6505dae569b59
assets/textures/textures_webapp/pokemon/unown/sprite.png,assets/textures/textures_webapp/pokemon/unown/sprite.webp,96,96,318,252,66,20.7547,false,below-byte-threshold,a8b0d8d038231078c7914855ab6c6cc8675c806ced79672d76b354ee51de92fe
assets/textures/textures_webapp/pokemon/foongus/sprite.png,assets/textures/textures_webapp/pokemon/foongus/sprite.webp,96,96,402,336,66,16.4179,false,below-byte-threshold,3701387c243534b79e5c72ceccbae1fb20865d2f18fa55c1a175f0f8aa07fdcf
assets/textures/textures_webapp/pokemon/solosis/sprite.png,assets/textures/textures_webapp/pokemon/solosis/sprite.webp,96,96,442,376,66,14.9321,false,below-byte-threshold,f9a9a24fefe4afa359feb49814eedf85a5cf730dbb422d766a212d329bf290f9
assets/textures/textures_webapp/pokemon/torchic/sprite.png,assets/textures/textures_webapp/pokemon/torchic/sprite.webp,96,96,462,396,66,14.2857,false,below-byte-threshold,171c787d0cc6d6f01413c42802d5632a1bcb354a296a729d888abf0617ec5d34
assets/textures/textures_webapp/pokemon/joltik/sprite-shiny.png,assets/textures/textures_webapp/pokemon/joltik/sprite-shiny.webp,96,96,470,404,66,14.0426,false,below-byte-threshold,79026cd52e5448f74711af47b59cf2c81c4a4d99245372bfad64af2bd0135818
assets/textures/textures_webapp/pokemon/spewpa/sprite-shiny.png,assets/textures/textures_webapp/pokemon/spewpa/sprite-shiny.webp,96,96,472,406,66,13.9831,false,below-byte-threshold,c1b8595d78dca103abd9f8d21ccfdff98ab2e3ac37b66d81a05ab4007dc38073
assets/textures/textures_webapp/pokemon/seedot/sprite.png,assets/textures/textures_webapp/pokemon/seedot/sprite.webp,96,96,474,408,66,13.9241,false,below-byte-threshold,438104df7abc6669ccf1ca14dc3852d2b650c01bf5c3d94e856f2dd38953d45c
assets/textures/textures_webapp/pokemon/yamask/sprite-shiny.png,assets/textures/textures_webapp/pokemon/yamask/sprite-shiny.webp,96,96,494,428,66,13.3603,false,below-byte-threshold,b9b5b89fee4ce24ca49b6666617c3416797b13a45e16b9634174bf2e9ab485b0
assets/textures/textures_webapp/pokemon/oshawott/sprite-shiny.png,assets/textures/textures_webapp/pokemon/oshawott/sprite-shiny.webp,96,96,500,434,66,13.2000,false,below-byte-threshold,2dd6da657eec739a3c5c02dd8a7d9cc6968237bb5850fe3d8500dcd4aeabbd1b
assets/textures/textures_webapp/pokemon/sandile/sprite.png,assets/textures/textures_webapp/pokemon/sandile/sprite.webp,96,96,500,434,66,13.2000,false,below-byte-threshold,2cabd5107d753d08b355b0c1384d1dee4bec8be604580e320005d0d5803e8b39
assets/textures/textures_webapp/pokemon/dwebble/sprite-shiny.png,assets/textures/textures_webapp/pokemon/dwebble/sprite-shiny.webp,96,96,530,464,66,12.4528,false,below-byte-threshold,8b1d6a574c49ec28fffd7806141cbe80590c56ff1a400f2b1126e5711d72218b
assets/textures/textures_webapp/pokemon/hoppip/sprite-shiny.png,assets/textures/textures_webapp/pokemon/hoppip/sprite-shiny.webp,96,96,530,464,66,12.4528,false,below-byte-threshold,fff9f659734d539d691dd11fc2aa1a1d92f3ccded6691dad5a62dbb601de69e4
assets/textures/textures_webapp/pokemon/marill/sprite-shiny.png,assets/textures/textures_webapp/pokemon/marill/sprite-shiny.webp,96,96,556,490,66,11.8705,false,below-byte-threshold,80bf4f6be2809592c8b49aa1b8dbf54011d0e0b8ff177033b9098fcc6f3e5852
assets/textures/textures_webapp/pokemon/manaphy/sprite-shiny.png,assets/textures/textures_webapp/pokemon/manaphy/sprite-shiny.webp,96,96,562,496,66,11.7438,false,below-byte-threshold,623ad794f7a9442e64580410abfc10cc2d08bcc9e919f3803a02e27be1c46557
assets/textures/textures_webapp/pokemon/omanyte/sprite-shiny.png,assets/textures/textures_webapp/pokemon/omanyte/sprite-shiny.webp,96,96,566,500,66,11.6608,false,below-byte-threshold,b585ca32060b040ba76f7aad29adcd85d3f37de8b5f2f6faec5ad19cf2cfed7c
assets/textures/textures_webapp/pokemon/rattata/sprite-shiny.png,assets/textures/textures_webapp/pokemon/rattata/sprite-shiny.webp,96,96,566,500,66,11.6608,false,below-byte-threshold,c35505ea345773573d100e5674f246172058097b34ff7723b32d70caf457b6a7
assets/textures/textures_webapp/pokemon/spearow/sprite.png,assets/textures/textures_webapp/pokemon/spearow/sprite.webp,96,96,582,516,66,11.3402,false,below-byte-threshold,bbf330d29a232976c14f1fdfad862ce921f1f5d7e962a9e2027a2ff4159ed1f1
assets/textures/textures_webapp/pokemon/feebas/sprite.png,assets/textures/textures_webapp/pokemon/feebas/sprite.webp,96,96,604,538,66,10.9272,false,below-byte-threshold,006aa91a282468d686708ef40175ab511e9c57cc229c5f8feff02f7698b3fdc9
assets/textures/textures_webapp/pokemon/pachirisu/sprite.png,assets/textures/textures_webapp/pokemon/pachirisu/sprite.webp,96,96,610,544,66,10.8197,false,below-byte-threshold,690c8795b854ab84f30933677be1c3158979dd162b374c5cce22979b3b83e20c
assets/textures/textures_webapp/pokemon/darmanitan-zen/sprite.png,assets/textures/textures_webapp/pokemon/darmanitan-zen/sprite.webp,96,96,632,566,66,10.4430,false,below-byte-threshold,c9c2bb7f9f412737ae60d4d69738c65abee4b479eeacc955774f90d02b43fe19
assets/textures/textures_webapp/pokemon/woobat/sprite-shiny.png,assets/textures/textures_webapp/pokemon/woobat/sprite-shiny.webp,96,96,636,570,66,10.3774,false,below-byte-threshold,28ab646e11b44e6ae84ee3d64711798df791e9ee8a0c806c757cfc1577e60032
assets/textures/textures_webapp/pokemon/sunflora/sprite.png,assets/textures/textures_webapp/pokemon/sunflora/sprite.webp,96,96,644,578,66,10.2484,false,below-byte-threshold,22f1045273e397622d428647df71c2d151b34308d3c9088b79b2a1b67fa0ef34
assets/textures/textures_webapp/pokemon/xatu/sprite.png,assets/textures/textures_webapp/pokemon/xatu/sprite.webp,96,96,646,580,66,10.2167,false,below-byte-threshold,f86b1cff644d68eb547deb8d0739a50320f46080ddf9f66679cd60315453a684
assets/textures/textures_webapp/pokemon/seel/sprite-shiny.png,assets/textures/textures_webapp/pokemon/seel/sprite-shiny.webp,96,96,676,610,66,9.7633,false,below-byte-threshold,5a53320f53c27224e28a75c65a158c88d202860ef3e9fde8df3ff0d6d2eb9386
assets/textures/textures_webapp/pokemon/anorith/sprite-shiny.png,assets/textures/textures_webapp/pokemon/anorith/sprite-shiny.webp,96,96,682,616,66,9.6774,false,below-byte-threshold,93955b7b4711a425fe571ace2a5a4ca779858acc7a4bff173278a0d1b0783007
assets/textures/textures_webapp/pokemon/hitmonchan/sprite-shiny.png,assets/textures/textures_webapp/pokemon/hitmonchan/sprite-shiny.webp,96,96,684,618,66,9.6491,false,below-byte-threshold,cbe6021c75877919b4976024aa91b30470ea42cc2d6db7a4f52fdc24868239b4
assets/textures/textures_webapp/pokemon/hitmonchan/sprite.png,assets/textures/textures_webapp/pokemon/hitmonchan/sprite.webp,96,96,684,618,66,9.6491,false,below-byte-threshold,b8d25094395978fe7c51423be6d82dcf006704859e80e4cda2b153a232cbd14a
assets/textures/textures_webapp/pokemon/growlithe/sprite-shiny.png,assets/textures/textures_webapp/pokemon/growlithe/sprite-shiny.webp,96,96,686,620,66,9.6210,false,below-byte-threshold,a3575449a16f046b06252f5e6ede12423c66ede49079365196df3d4985878a45
assets/textures/textures_webapp/pokemon/palpitoad/sprite.png,assets/textures/textures_webapp/pokemon/palpitoad/sprite.webp,96,96,690,624,66,9.5652,false,below-byte-threshold,e4e46d275eedd101ac738ad82b7b288ffd0b9fd713bf4ecf25af889c5614be64
assets/textures/textures_webapp/pokemon/croconaw/sprite-shiny.png,assets/textures/textures_webapp/pokemon/croconaw/sprite-shiny.webp,96,96,720,654,66,9.1667,false,below-byte-threshold,aaaca3a6ede5907d00375483986b4ad78df37ecf66cfaec6245637ca4a6c060b
assets/textures/textures_webapp/pokemon/gorebyss/sprite.png,assets/textures/textures_webapp/pokemon/gorebyss/sprite.webp,96,96,732,666,66,9.0164,false,below-byte-threshold,be2276954ad072af0d848587c9e1c08a1e669de5bb5e6185b9bbed585fbd9585
assets/textures/textures_webapp/pokemon/dragonair/sprite-shiny.png,assets/textures/textures_webapp/pokemon/dragonair/sprite-shiny.webp,96,96,762,696,66,8.6614,false,below-byte-threshold,5378bd0d6c4fb63656f57d5c43de640b889a51dc761a308123db6d9dce55cd71
assets/textures/textures_webapp/pokemon/mankey/sprite.png,assets/textures/textures_webapp/pokemon/mankey/sprite.webp,96,96,768,702,66,8.5938,false,below-byte-threshold,91277fd795243105f27645b3198a480cf8bffcbcccbc3eff238588247c54ed35
assets/textures/textures_webapp/pokemon/hoopa-confined/sprite-shiny.png,assets/textures/textures_webapp/pokemon/hoopa-confined/sprite-shiny.webp,96,96,774,708,66,8.5271,false,below-byte-threshold,81ef79f37f16b8420578ecdd870f6035b5cd6c1de81ca268f2eb12b532205719
assets/textures/textures_webapp/pokemon/scrafty/sprite-shiny.png,assets/textures/textures_webapp/pokemon/scrafty/sprite-shiny.webp,96,96,778,712,66,8.4833,false,below-byte-threshold,ab23bfe93f9dded56c6c682ed84c470a61bc3c3f95d49eee491df34beba232fc
assets/textures/textures_webapp/pokemon/scrafty/sprite.png,assets/textures/textures_webapp/pokemon/scrafty/sprite.webp,96,96,778,712,66,8.4833,false,below-byte-threshold,305bb70e282c8fc03877e6acc21515a64273b5f6625a9a35ce8779ff9b7029ab
assets/textures/textures_webapp/pokemon/pignite/sprite-shiny.png,assets/textures/textures_webapp/pokemon/pignite/sprite-shiny.webp,96,96,850,784,66,7.7647,false,below-byte-threshold,8603d4d83df1a645434b14c74cbaa7493ea377e0ee9cefbdf9414fe5f3bc5a62
assets/textures/textures_webapp/pokemon/fraxure/sprite.png,assets/textures/textures_webapp/pokemon/fraxure/sprite.webp,96,96,876,810,66,7.5342,false,below-byte-threshold,f40608687e09c58acfcf889b4e33cb97f9f560a6ca07dcd6fb1c703a231c4293
assets/textures/textures_webapp/pokemon/mr-mime/sprite.png,assets/textures/textures_webapp/pokemon/mr-mime/sprite.webp,96,96,886,820,66,7.4492,false,below-byte-threshold,250c442295d67865849fa8bbb7dfc3338ecfa8612e1635289e310d76847f1877
assets/textures/textures_webapp/pokemon/jellicent/sprite-shiny.png,assets/textures/textures_webapp/pokemon/jellicent/sprite-shiny.webp,96,96,894,828,66,7.3826,false,below-byte-threshold,623d7bad40db1b938008eb48ad8da54e6d2e507a40fc3e1e71444d663c7e62ca
assets/textures/textures_webapp/pokemon/hypno/sprite.png,assets/textures/textures_webapp/pokemon/hypno/sprite.webp,96,96,986,920,66,6.6937,false,below-byte-threshold,493bd671f685830e505307a565eccefa68a16f6213895e53a65af4c4b6003b44
assets/textures/textures_webapp/pokemon/aerodactyl/sprite-shiny.png,assets/textures/textures_webapp/pokemon/aerodactyl/sprite-shiny.webp,96,96,1046,980,66,6.3098,false,below-byte-threshold,4b8123dc9ff502ea62751764d448d4020d4a0c0ac10e9d916cd28bdb3b76d00b
assets/textures/textures_webapp/pokemon/cloyster/sprite-shiny.png,assets/textures/textures_webapp/pokemon/cloyster/sprite-shiny.webp,96,96,1072,1006,66,6.1567,false,below-byte-threshold,3cabe44f1132fbc488ca3533034b61a0dae25af6d82cead88551ca7c083852b6
assets/textures/textures_webapp/pokemon/stoutland/sprite-shiny.png,assets/textures/textures_webapp/pokemon/stoutland/sprite-shiny.webp,96,96,1136,1070,66,5.8099,false,below-byte-threshold,5455f15def49ffb8fc83a749178e2711447cb264ed5090159d20faf47a7efd9d
assets/textures/textures_webapp/pokemon/torterra/sprite-shiny.png,assets/textures/textures_webapp/pokemon/torterra/sprite-shiny.webp,96,96,1402,1336,66,4.7076,false,below-byte-threshold,1adac3ff8fefe783ed9926c1a9ccffa14a8e8b4896c4ad9d8f98c09b35bf4947
assets/textures/textures_webapp/pokemon/goomy/sprite-shiny.png,assets/textures/textures_webapp/pokemon/goomy/sprite-shiny.webp,96,96,389,324,65,16.7095,false,below-byte-threshold,8120d04098aa5606d63a0c6e02455172535a31ef8391b203559798791a0885cc
assets/textures/textures_webapp/pokemon/kakuna/sprite.png,assets/textures/textures_webapp/pokemon/kakuna/sprite.webp,96,96,445,380,65,14.6067,false,below-byte-threshold,ad3c6632ea38ad8d6c7db4a7c3394e4e33bc25ca2269c2183dedb9aead599730
assets/textures/textures_webapp/pokemon/natu/sprite-shiny.png,assets/textures/textures_webapp/pokemon/natu/sprite-shiny.webp,96,96,449,384,65,14.4766,false,below-byte-threshold,27d43a388b531536298e94054180540ab6d9766bc8cc845fb09294eb91fc1586
assets/textures/textures_webapp/pokemon/natu/sprite.png,assets/textures/textures_webapp/pokemon/natu/sprite.webp,96,96,449,384,65,14.4766,false,below-byte-threshold,2af36151d613f16700ea599a21365df46d74d019ece5c66a48e3dff717be5b55
assets/textures/textures_webapp/pokemon/baltoy/sprite-shiny.png,assets/textures/textures_webapp/pokemon/baltoy/sprite-shiny.webp,96,96,471,406,65,13.8004,false,below-byte-threshold,2b7c02b18c063c2e4e017a78243798e2ef649002afc6866c10dc377c6889b7c2
assets/textures/textures_webapp/pokemon/burmy/sprite-shiny.png,assets/textures/textures_webapp/pokemon/burmy/sprite-shiny.webp,96,96,475,410,65,13.6842,false,below-byte-threshold,9298aaf637eec98639140c461152a6881d1052269433fbb48add6369de19f1b2
assets/textures/textures_webapp/pokemon/burmy/sprite.png,assets/textures/textures_webapp/pokemon/burmy/sprite.webp,96,96,475,410,65,13.6842,false,below-byte-threshold,8ec1caeefac62bdd06239de76798fff0a299eb2a25ace8117a67371658fefaae
assets/textures/textures_webapp/pokemon/wingull/sprite.png,assets/textures/textures_webapp/pokemon/wingull/sprite.webp,96,96,479,414,65,13.5699,false,below-byte-threshold,b95849df51f15ce21ead72eef6444a02591b4b9771d6652b07c490ff8c8a0608
assets/textures/textures_webapp/pokemon/ferroseed/sprite-shiny.png,assets/textures/textures_webapp/pokemon/ferroseed/sprite-shiny.webp,96,96,483,418,65,13.4576,false,below-byte-threshold,0928dee50131844d430f27b4fdfcf1b465b1610a26be69adcec9aa66c5b108fa
assets/textures/textures_webapp/pokemon/barboach/sprite-shiny.png,assets/textures/textures_webapp/pokemon/barboach/sprite-shiny.webp,96,96,493,428,65,13.1846,false,below-byte-threshold,9fb46eb7654c35e93dcb4eb1bd736b681d7004f2c4c716b7b27ece48d12948aa
assets/textures/textures_webapp/pokemon/nidoran-f/sprite-shiny.png,assets/textures/textures_webapp/pokemon/nidoran-f/sprite-shiny.webp,96,96,493,428,65,13.1846,false,below-byte-threshold,b0bea0f08f41b415d424b7a454d4570775945a927fdfdfc39febcbe739cc8120
assets/textures/textures_webapp/pokemon/drifloon/sprite-shiny.png,assets/textures/textures_webapp/pokemon/drifloon/sprite-shiny.webp,96,96,523,458,65,12.4283,false,below-byte-threshold,5850b2256663398d79e575de9485daa33df9362ca8e4e309a66e026ff16689bb
assets/textures/textures_webapp/pokemon/cubchoo/sprite-shiny.png,assets/textures/textures_webapp/pokemon/cubchoo/sprite-shiny.webp,96,96,529,464,65,12.2873,false,below-byte-threshold,78a6576dda4ee63a8af4e2e4523651af1f4cde917706b3c497f53ed7ddaa8709
assets/textures/textures_webapp/pokemon/cottonee/sprite-shiny.png,assets/textures/textures_webapp/pokemon/cottonee/sprite-shiny.webp,96,96,531,466,65,12.2411,false,below-byte-threshold,34a924c0292c087cb0b0c262e508051f995cdeb3a0a027d90740d9f933397487
assets/textures/textures_webapp/pokemon/darumaka/sprite-shiny.png,assets/textures/textures_webapp/pokemon/darumaka/sprite-shiny.webp,96,96,551,486,65,11.7967,false,below-byte-threshold,563820d06dcabc5fcc499feae8e41dfe1d983e1ad77b44789dfa2dfad0679cec
assets/textures/textures_webapp/pokemon/porygon/sprite-shiny.png,assets/textures/textures_webapp/pokemon/porygon/sprite-shiny.webp,96,96,563,498,65,11.5453,false,below-byte-threshold,e6b62af04df62b33753421bbb1e33cc161adbfbac16d953c3a3222bf07b7ef9a
assets/textures/textures_webapp/pokemon/zubat/sprite-shiny.png,assets/textures/textures_webapp/pokemon/zubat/sprite-shiny.webp,96,96,579,514,65,11.2263,false,below-byte-threshold,f1daaf4ad20f90b1091bf2a2ab456554f73c07a949acc4b03452988bf6f5114d
assets/textures/textures_webapp/pokemon/swablu/sprite.png,assets/textures/textures_webapp/pokemon/swablu/sprite.webp,96,96,633,568,65,10.2686,false,below-byte-threshold,0e24ee3f385d18cfa664a776ffc37b7e37cd3f0e939b6804c6dd0f151c81042f
assets/textures/textures_webapp/pokemon/linoone/sprite.png,assets/textures/textures_webapp/pokemon/linoone/sprite.webp,96,96,735,670,65,8.8435,false,below-byte-threshold,8e648cb97e05c3e13bef224f35346eb088f663bb892c8cb8736bc76ca6322433
assets/textures/textures_webapp/pokemon/zigzagoon/sprite.png,assets/textures/textures_webapp/pokemon/zigzagoon/sprite.webp,96,96,741,676,65,8.7719,false,below-byte-threshold,a263ad05a091f3a45b66ab81d681ece8cf3119053305562451f5bb88b2c9ce98
assets/textures/textures_webapp/pokemon/mawile/sprite-shiny.png,assets/textures/textures_webapp/pokemon/mawile/sprite-shiny.webp,96,96,751,686,65,8.6551,false,below-byte-threshold,47e439879cf023b8810f5a52baa9f89122c1e4a48bd0b382e21aad49a11c5a22
assets/textures/textures_webapp/pokemon/prinplup/sprite.png,assets/textures/textures_webapp/pokemon/prinplup/sprite.webp,96,96,751,686,65,8.6551,false,below-byte-threshold,3bd541176a363f03f2e6d53370bb287505ed54301e1c84739aae591b4dee74ff
assets/textures/textures_webapp/pokemon/miltank/sprite-shiny.png,assets/textures/textures_webapp/pokemon/miltank/sprite-shiny.webp,96,96,783,718,65,8.3014,false,below-byte-threshold,fb480931ffd9fe2a1d2587995960e7174041868453af293a69ad1f30049a34ad
assets/textures/textures_webapp/pokemon/accelgor/sprite.png,assets/textures/textures_webapp/pokemon/accelgor/sprite.webp,96,96,789,724,65,8.2383,false,below-byte-threshold,0eb99b887b632a3f896a79a4a1737bd1dccea14f11fb56b7fdd454187f64fa66
assets/textures/textures_webapp/pokemon/snover/sprite.png,assets/textures/textures_webapp/pokemon/snover/sprite.webp,96,96,807,742,65,8.0545,false,below-byte-threshold,651f24b13ce27c92850a3ea1849b281f20111f2f09fe2a568ad88cae8c35277f
assets/textures/textures_webapp/pokemon/jellicent/sprite.png,assets/textures/textures_webapp/pokemon/jellicent/sprite.webp,96,96,893,828,65,7.2788,false,below-byte-threshold,a0e1954135fbaf0ff82078a20e509af2e019894dde6e771e0ef6c25a001df3f4
assets/textures/textures_webapp/pokemon/roserade/sprite.png,assets/textures/textures_webapp/pokemon/roserade/sprite.webp,96,96,903,838,65,7.1982,false,below-byte-threshold,4d77ae837f3193dcae4713ca2d9750a11a5eaa8de77aa84b67be9cfe4eb3dd00
assets/textures/textures_webapp/pokemon/butterfree/sprite.png,assets/textures/textures_webapp/pokemon/butterfree/sprite.webp,96,96,925,860,65,7.0270,false,below-byte-threshold,1b0eaa99a53f412898d7ca2479a85687eb5e6ddabcd0d2fabe9f7c47f10b25c8
assets/textures/textures_webapp/pokemon/slowbro/sprite-shiny.png,assets/textures/textures_webapp/pokemon/slowbro/sprite-shiny.webp,96,96,1009,944,65,6.4420,false,below-byte-threshold,fa2a36c86c467a273fe3dac63a1c3b8c516feb9b6d0013be5cf0029207751f84
assets/textures/textures_webapp/pokemon/flygon/sprite-shiny.png,assets/textures/textures_webapp/pokemon/flygon/sprite-shiny.webp,96,96,1115,1050,65,5.8296,false,below-byte-threshold,907c35e9c1969a0ca6591f603e67797559880160edd64cc1157cbef2bab9bc48
assets/textures/textures_webapp/pokemon/articuno/sprite.png,assets/textures/textures_webapp/pokemon/articuno/sprite.webp,96,96,1421,1356,65,4.5742,false,below-byte-threshold,e4ba505fa0052add401850985a3431a3a53dbc42786a8ec6be488dde10cd1e1a
assets/textures/textures_webapp/pokemon/kabuto/sprite.png,assets/textures/textures_webapp/pokemon/kabuto/sprite.webp,96,96,396,332,64,16.1616,false,below-byte-threshold,8c62021c643f910c69c6212f5a1f235c31755bf52bc23646b2ab7a22fe01af8d
assets/textures/textures_webapp/pokemon/gulpin/sprite-shiny.png,assets/textures/textures_webapp/pokemon/gulpin/sprite-shiny.webp,96,96,424,360,64,15.0943,false,below-byte-threshold,d4745a942aa5e82f5d52d2f6ac16878da13de7bbf33d07b7cce7180412514ee8
assets/textures/textures_webapp/pokemon/ralts/sprite-shiny.png,assets/textures/textures_webapp/pokemon/ralts/sprite-shiny.webp,96,96,460,396,64,13.9130,false,below-byte-threshold,0ef131c44d8573349c02b7841d42625d8bbf6b7f5c57dcc7e4c003005322f3a7
assets/textures/textures_webapp/pokemon/cherubi/sprite-shiny.png,assets/textures/textures_webapp/pokemon/cherubi/sprite-shiny.webp,96,96,470,406,64,13.6170,false,below-byte-threshold,8530c5d832ef5b3f3b804f787fa3863bced2a7457211d722104e8c770491a0f7
assets/textures/textures_webapp/pokemon/porygon2/sprite-shiny.png,assets/textures/textures_webapp/pokemon/porygon2/sprite-shiny.webp,96,96,472,408,64,13.5593,false,below-byte-threshold,30343bb6cfc3f558050efe9db9f2d7aa7d00ef73492be339d44d62e8ed657452
assets/textures/textures_webapp/pokemon/spheal/sprite-shiny.png,assets/textures/textures_webapp/pokemon/spheal/sprite-shiny.webp,96,96,490,426,64,13.0612,false,below-byte-threshold,d7f1419bbdacd412f922a5fdd424d0d55d7cdde13b1c4e11803fc01b7917e099
assets/textures/textures_webapp/pokemon/shellos/sprite-shiny.png,assets/textures/textures_webapp/pokemon/shellos/sprite-shiny.webp,96,96,502,438,64,12.7490,false,below-byte-threshold,f96dcde398b6f17803171993261d3cd5728a647afd4a0ccf6cc395e542fdce68
assets/textures/textures_webapp/pokemon/geodude/sprite.png,assets/textures/textures_webapp/pokemon/geodude/sprite.webp,96,96,516,452,64,12.4031,false,below-byte-threshold,82970f458d0bc441085e382d25af852340e5554bda66425080e698bb6b5abc28
assets/textures/textures_webapp/pokemon/totodile/sprite-shiny.png,assets/textures/textures_webapp/pokemon/totodile/sprite-shiny.webp,96,96,550,486,64,11.6364,false,below-byte-threshold,3b40e7e2b878b22f97c60a865e533b4628082f89693b9d4e9c2360cca81157a4
assets/textures/textures_webapp/pokemon/numel/sprite-shiny.png,assets/textures/textures_webapp/pokemon/numel/sprite-shiny.webp,96,96,576,512,64,11.1111,false,below-byte-threshold,2e3d54143e36c8d087d735ea0174170d78b4d65599ad0d3f34232e5c2f2452ed
assets/textures/textures_webapp/pokemon/cyndaquil/sprite-shiny.png,assets/textures/textures_webapp/pokemon/cyndaquil/sprite-shiny.webp,96,96,580,516,64,11.0345,false,below-byte-threshold,523f1031de167c809d5707ce005db492e7937ec240c5f14d0b0eb8bd0d9a4ad8
assets/textures/textures_webapp/pokemon/kirlia/sprite-shiny.png,assets/textures/textures_webapp/pokemon/kirlia/sprite-shiny.webp,96,96,590,526,64,10.8475,false,below-byte-threshold,22a07d5aaf7fc3615c6fc6fc2a50ece15211af81a1d7505ac86d11b281fe08a4
assets/textures/textures_webapp/pokemon/paras/sprite.png,assets/textures/textures_webapp/pokemon/paras/sprite.webp,96,96,634,570,64,10.0946,false,below-byte-threshold,0f04397c3e9f8e339c0676c2ecc2b380ef81f7520ad595ac1fcdf10f689dea41
assets/textures/textures_webapp/pokemon/grimer/sprite.png,assets/textures/textures_webapp/pokemon/grimer/sprite.webp,96,96,640,576,64,10.0000,false,below-byte-threshold,79d6384485632a38309e5abfa704b7b8ccde677b35dbe497a1f035b0133c6e86
assets/textures/textures_webapp/pokemon/xatu/sprite-shiny.png,assets/textures/textures_webapp/pokemon/xatu/sprite-shiny.webp,96,96,644,580,64,9.9379,false,below-byte-threshold,ac9c2754dc7744d0637a9a8ef58a34b57125d3a3d5678627a6531841d0b1226b
assets/textures/textures_webapp/pokemon/togekiss/sprite.png,assets/textures/textures_webapp/pokemon/togekiss/sprite.webp,96,96,672,608,64,9.5238,false,below-byte-threshold,e8c48451311fcf31093ccc7aed814b7f58bd58db64a4538f0073ffb98de7e990
assets/textures/textures_webapp/pokemon/sudowoodo/sprite-shiny.png,assets/textures/textures_webapp/pokemon/sudowoodo/sprite-shiny.webp,96,96,678,614,64,9.4395,false,below-byte-threshold,a3d6fe2f5fe6f00d8e5181e70806e5200fbec7cc79cb22b33a60cd8d4245c2ac
assets/textures/textures_webapp/pokemon/clamperl/sprite-shiny.png,assets/textures/textures_webapp/pokemon/clamperl/sprite-shiny.webp,96,96,682,618,64,9.3842,false,below-byte-threshold,70a830be232f4ccaa6a232308cda5342360dffd57c544166a884e36652e1a314
assets/textures/textures_webapp/pokemon/skiddo/sprite.png,assets/textures/textures_webapp/pokemon/skiddo/sprite.webp,96,96,696,632,64,9.1954,false,below-byte-threshold,ce427698b118be6380cb62ff8db5b7b877f02210e5c1ace2acebc811da1a292e
assets/textures/textures_webapp/pokemon/seadra/sprite-shiny.png,assets/textures/textures_webapp/pokemon/seadra/sprite-shiny.webp,96,96,718,654,64,8.9136,false,below-byte-threshold,6d09c128de6fd4deccf43556e767d3ef88e77b7d389ff4cf075abdcc27ca4152
assets/textures/textures_webapp/pokemon/delibird/sprite-shiny.png,assets/textures/textures_webapp/pokemon/delibird/sprite-shiny.webp,96,96,744,680,64,8.6022,false,below-byte-threshold,2415e93926d4a601184943c84a538a654c16fcf00020184290559495a9880b10
assets/textures/textures_webapp/pokemon/drowzee/sprite.png,assets/textures/textures_webapp/pokemon/drowzee/sprite.webp,96,96,748,684,64,8.5561,false,below-byte-threshold,6ab0471602e331769dd0a54e18d7a46e5567f5d750831fc8761c5c63fafb4099
assets/textures/textures_webapp/pokemon/sneasel/sprite-shiny.png,assets/textures/textures_webapp/pokemon/sneasel/sprite-shiny.webp,96,96,756,692,64,8.4656,false,below-byte-threshold,f022afb3272296f10eb4b36aab97c37c3b5b0f7b7837e0b4510d5259926d801e
assets/textures/textures_webapp/pokemon/altaria/sprite.png,assets/textures/textures_webapp/pokemon/altaria/sprite.webp,96,96,812,748,64,7.8818,false,below-byte-threshold,af93a1a610ff1218f1a206bc2d80f7ba620a34151f24d80a6cf6b592820e5e38
assets/textures/textures_webapp/pokemon/hitmontop/sprite-shiny.png,assets/textures/textures_webapp/pokemon/hitmontop/sprite-shiny.webp,96,96,860,796,64,7.4419,false,below-byte-threshold,cc0a004cfb820be7fecc41d182eefaf70eb0e09da40abc872fd2470e132eb1a1
assets/textures/textures_webapp/pokemon/ivysaur/sprite.png,assets/textures/textures_webapp/pokemon/ivysaur/sprite.webp,96,96,870,806,64,7.3563,false,below-byte-threshold,89bc972e13a666b3aea1f53f84246df8c64ef253a3cf61b3b1e920d694d1860a
assets/textures/textures_webapp/pokemon/keldeo/sprite-shiny.png,assets/textures/textures_webapp/pokemon/keldeo/sprite-shiny.webp,96,96,872,808,64,7.3394,false,below-byte-threshold,0050c70fc02bcc114ab881750b9684021c06b196cd748abb6ac8a409c1313a1f
assets/textures/textures_webapp/pokemon/vigoroth/sprite-shiny.png,assets/textures/textures_webapp/pokemon/vigoroth/sprite-shiny.webp,96,96,876,812,64,7.3059,false,below-byte-threshold,95b225914fc1acec2bed196371d24f8ae828341c809f8b707044130da062b078
assets/textures/textures_webapp/pokemon/galvantula/sprite-shiny.png,assets/textures/textures_webapp/pokemon/galvantula/sprite-shiny.webp,96,96,926,862,64,6.9114,false,below-byte-threshold,958a23d864c0c5e94e491a8d8c11e36ace02eed47c1383c837a8b550254f6dcf
assets/textures/textures_webapp/pokemon/venomoth/sprite.png,assets/textures/textures_webapp/pokemon/venomoth/sprite.webp,96,96,936,872,64,6.8376,false,below-byte-threshold,3c6a659ee421856f540a6660db2ab3663142fed6d54f5ee634882b0bc49ddc1d
assets/textures/textures_webapp/pokemon/whiscash/sprite-shiny.png,assets/textures/textures_webapp/pokemon/whiscash/sprite-shiny.webp,96,96,938,874,64,6.8230,false,below-byte-threshold,b8dab5e7cab25018ba8987618d495c6b8c26aaaa6918eb478c8e1da72ab5c984
assets/textures/textures_webapp/pokemon/wartortle/sprite.png,assets/textures/textures_webapp/pokemon/wartortle/sprite.webp,96,96,946,882,64,6.7653,false,below-byte-threshold,86c3b11e6005b33545fb34b2344546ab36415518bd0e75e19cfe699d413518e3
assets/textures/textures_webapp/pokemon/grovyle/sprite-shiny.png,assets/textures/textures_webapp/pokemon/grovyle/sprite-shiny.webp,96,96,950,886,64,6.7368,false,below-byte-threshold,f751734b7def52cc7e30d29a77a23e933c95df82a868c719ef5e708209dc933c
assets/textures/textures_webapp/pokemon/reuniclus/sprite-shiny.png,assets/textures/textures_webapp/pokemon/reuniclus/sprite-shiny.webp,96,96,950,886,64,6.7368,false,below-byte-threshold,0ddc5903e0b952c8a98f9af9e3973fdfab45fd54ec2db95012a5c695ff1ceb3d
assets/textures/textures_webapp/pokemon/solrock/sprite.png,assets/textures/textures_webapp/pokemon/solrock/sprite.webp,96,96,952,888,64,6.7227,false,below-byte-threshold,7f6fd83197c0d78d1c85e8a277783d787a4a72da80e16835075c3957103678f5
assets/textures/textures_webapp/pokemon/pinsir/sprite.png,assets/textures/textures_webapp/pokemon/pinsir/sprite.webp,96,96,1002,938,64,6.3872,false,below-byte-threshold,3096520668bbad5d708eed36002d43dd5f6024dd7afdf9a687360129da38e0a6
assets/textures/textures_webapp/pokemon/ferrothorn/sprite.png,assets/textures/textures_webapp/pokemon/ferrothorn/sprite.webp,96,96,1020,956,64,6.2745,false,below-byte-threshold,c9904797abf3f61f13d456a24e0b1d5ee92051a474ecc4adab5b2eb18e8e2d19
assets/textures/textures_webapp/pokemon/latios/sprite.png,assets/textures/textures_webapp/pokemon/latios/sprite.webp,96,96,1054,990,64,6.0721,false,below-byte-threshold,69710a046d44fb635b18016b549d2e42a23e1a6d097e91e1b081de84e94cf6b3
assets/textures/textures_webapp/pokemon/dialga-origin/sprite.png,assets/textures/textures_webapp/pokemon/dialga-origin/sprite.webp,96,96,1652,1588,64,3.8741,false,below-byte-threshold,d6101948f7398fb14ee4db95c7fba53bd6489e608f689e6eced7a8482b2a5ddf
assets/textures/textures_webapp/pokemon/luvdisc/sprite-shiny.png,assets/textures/textures_webapp/pokemon/luvdisc/sprite-shiny.webp,96,96,347,284,63,18.1556,false,below-byte-threshold,1dee2d1dc184da837992dd260e930c56267270116b108d0c3b394a2e33c1eade
assets/textures/textures_webapp/pokemon/tynamo/sprite.png,assets/textures/textures_webapp/pokemon/tynamo/sprite.webp,96,96,351,288,63,17.9487,false,below-byte-threshold,0f3cd4c174724ee9becbefa35a82c68f8082384bb48467f6a55de23c237ad74a
assets/textures/textures_webapp/pokemon/combee/sprite-shiny.png,assets/textures/textures_webapp/pokemon/combee/sprite-shiny.webp,96,96,493,430,63,12.7789,false,below-byte-threshold,ff889b034f55ab1802bc4c58d1a7eefa665cc39f20fbef51152277fd4173cd00
assets/textures/textures_webapp/pokemon/pancham/sprite.png,assets/textures/textures_webapp/pokemon/pancham/sprite.webp,96,96,493,430,63,12.7789,false,below-byte-threshold,be8b377549022486747407ec35ffc4dc4034c5f71bbbb9fb8119c4389e48ad6c
assets/textures/textures_webapp/pokemon/petilil/sprite-shiny.png,assets/textures/textures_webapp/pokemon/petilil/sprite-shiny.webp,96,96,497,434,63,12.6761,false,below-byte-threshold,3376739bd3c1b7570adec195f8a916fc1acb37bac16cebe9329b976739c23da4
assets/textures/textures_webapp/pokemon/psyduck/sprite.png,assets/textures/textures_webapp/pokemon/psyduck/sprite.webp,96,96,513,450,63,12.2807,false,below-byte-threshold,e0d0faef15bdc8844e50ee10c5b3e22743d1b00a36026b430ea3fd30c9253173
assets/textures/textures_webapp/pokemon/trubbish/sprite-shiny.png,assets/textures/textures_webapp/pokemon/trubbish/sprite-shiny.webp,96,96,517,454,63,12.1857,false,below-byte-threshold,db6bfd2cb8fa2dfca8dcd0e3e8c92826091a4143d6f1555d6a95f8e4eb73a707
assets/textures/textures_webapp/pokemon/cherrim-sunshine/sprite.png,assets/textures/textures_webapp/pokemon/cherrim-sunshine/sprite.webp,96,96,553,490,63,11.3924,false,below-byte-threshold,008cde68bde9de96879208d649d88307e1c26a9c32c1e28bbc07675568b736fd
assets/textures/textures_webapp/pokemon/murkrow/sprite.png,assets/textures/textures_webapp/pokemon/murkrow/sprite.webp,96,96,553,490,63,11.3924,false,below-byte-threshold,e133e4110bba33631ad604265698f41e2824d09f5818558798f2833e8de5ebb9
assets/textures/textures_webapp/pokemon/mienfoo/sprite.png,assets/textures/textures_webapp/pokemon/mienfoo/sprite.webp,96,96,597,534,63,10.5528,false,below-byte-threshold,67fb1f664102d45faa998bdecea7322b382acd859b14a51aa55ab358c68f4f2d
assets/textures/textures_webapp/pokemon/staryu/sprite.png,assets/textures/textures_webapp/pokemon/staryu/sprite.webp,96,96,623,560,63,10.1124,false,below-byte-threshold,b592be8a88dfb16c7b9adb4ec904ecdc7ec927560344976fa32cb3dea1cdbef8
assets/textures/textures_webapp/pokemon/electrike/sprite-shiny.png,assets/textures/textures_webapp/pokemon/electrike/sprite-shiny.webp,96,96,627,564,63,10.0478,false,below-byte-threshold,9a9af382fde772d786864e6080612890fba1935eb2b06d714e8c4ef7e3cad946
assets/textures/textures_webapp/pokemon/pansage/sprite-shiny.png,assets/textures/textures_webapp/pokemon/pansage/sprite-shiny.webp,96,96,639,576,63,9.8592,false,below-byte-threshold,6d72bd32be01be367bcace8f1a995ce3210c5b3f2f31a1acc0ec6bf0f1e57504
assets/textures/textures_webapp/pokemon/pansage/sprite.png,assets/textures/textures_webapp/pokemon/pansage/sprite.webp,96,96,639,576,63,9.8592,false,below-byte-threshold,1e3e107669aaf70ef7659d3f7980cfddf1e680451978f66b2ff8cf3b56220816
assets/textures/textures_webapp/pokemon/grimer/sprite-shiny.png,assets/textures/textures_webapp/pokemon/grimer/sprite-shiny.webp,96,96,641,578,63,9.8284,false,below-byte-threshold,8450172b87d087a5dbb8520482ee044424e9b452470c41375bae3d3d6e17f915
assets/textures/textures_webapp/pokemon/timburr/sprite-shiny.png,assets/textures/textures_webapp/pokemon/timburr/sprite-shiny.webp,96,96,643,580,63,9.7978,false,below-byte-threshold,6697ea5ec881ce5015712b388136f87940f4dc636b19044c5e2c5a2d0edb8fde
assets/textures/textures_webapp/pokemon/azelf/sprite.png,assets/textures/textures_webapp/pokemon/azelf/sprite.webp,96,96,653,590,63,9.6478,false,below-byte-threshold,3f7d13e81c4710e2d9f36b6b4a631acb9bb5a76b75cc40a90022be34efa1e659
assets/textures/textures_webapp/pokemon/slowpoke/sprite-shiny.png,assets/textures/textures_webapp/pokemon/slowpoke/sprite-shiny.webp,96,96,673,610,63,9.3611,false,below-byte-threshold,cbc9263dd2386c8da75be396896fa8cc7cfc10557ed5bf6bf69852d8a445829c
assets/textures/textures_webapp/pokemon/croconaw/sprite.png,assets/textures/textures_webapp/pokemon/croconaw/sprite.webp,96,96,719,656,63,8.7622,false,below-byte-threshold,39b4ad041c98989722ad5472bc1e24df61bc97277926b429f5eddbf060b1e7ef
assets/textures/textures_webapp/pokemon/fletchling/sprite-shiny.png,assets/textures/textures_webapp/pokemon/fletchling/sprite-shiny.webp,96,96,743,680,63,8.4791,false,below-byte-threshold,542505d73c579dadb92df56fa37ae852b243ce7f3b8f2c2b7c9a9bef262432b8
assets/textures/textures_webapp/pokemon/zigzagoon/sprite-shiny.png,assets/textures/textures_webapp/pokemon/zigzagoon/sprite-shiny.webp,96,96,749,686,63,8.4112,false,below-byte-threshold,d7c5c71eaeec1570182a9183f79871f462b799f4659cba5ba1e0ca9c560ee9ae
assets/textures/textures_webapp/pokemon/volbeat/sprite.png,assets/textures/textures_webapp/pokemon/volbeat/sprite.webp,96,96,775,712,63,8.1290,false,below-byte-threshold,1f2bf200d3169e05db83f601fefb5493adbe8633a1c5f1d082bef26eeda752d3
assets/textures/textures_webapp/pokemon/crobat/sprite.png,assets/textures/textures_webapp/pokemon/crobat/sprite.webp,96,96,793,730,63,7.9445,false,below-byte-threshold,6e6141c8c770d4077165c6bfb6ac7b81c24bb9c83fa472c5b8857c50aeb8e8f3
assets/textures/textures_webapp/pokemon/koffing/sprite-shiny.png,assets/textures/textures_webapp/pokemon/koffing/sprite-shiny.webp,96,96,833,770,63,7.5630,false,below-byte-threshold,d406834782b81907499a466b05dda91558b86411ef1af470ab0cc2f2a818558d
assets/textures/textures_webapp/pokemon/forretress/sprite-shiny.png,assets/textures/textures_webapp/pokemon/forretress/sprite-shiny.webp,96,96,841,778,63,7.4911,false,below-byte-threshold,2cc98aa6e3ac910dd34fcbf746d2d6fa4fa6266e2dc35a96ff12e271e4988f5b
assets/textures/textures_webapp/pokemon/lickilicky/sprite.png,assets/textures/textures_webapp/pokemon/lickilicky/sprite.webp,96,96,857,794,63,7.3512,false,below-byte-threshold,fd84ab2914b196932f90987053d8cabd1b06e842e2f601def49ac9bd9dec5691
assets/textures/textures_webapp/pokemon/keldeo/sprite.png,assets/textures/textures_webapp/pokemon/keldeo/sprite.webp,96,96,873,810,63,7.2165,false,below-byte-threshold,6cd34b5bf08744486d5c3c9b562b1efa491de2066c662c90785abe20d1284d09
assets/textures/textures_webapp/pokemon/raticate/sprite-shiny.png,assets/textures/textures_webapp/pokemon/raticate/sprite-shiny.webp,96,96,895,832,63,7.0391,false,below-byte-threshold,6bad00194a2e5092d47ff8820ed427f81f9cf19bc61056ccd3475dbda6359f1f
assets/textures/textures_webapp/pokemon/virizion/sprite.png,assets/textures/textures_webapp/pokemon/virizion/sprite.webp,96,96,903,840,63,6.9767,false,below-byte-threshold,1720cf796f0121be13f8a5459a67ce91cd6fb46fe1af5d95216e21f8a8638db7
assets/textures/textures_webapp/pokemon/butterfree/sprite-shiny.png,assets/textures/textures_webapp/pokemon/butterfree/sprite-shiny.webp,96,96,925,862,63,6.8108,false,below-byte-threshold,85491de437204161101f868ee744db7873dc10e121cb8e32793781121aac13b4
assets/textures/textures_webapp/pokemon/cacturne/sprite-shiny.png,assets/textures/textures_webapp/pokemon/cacturne/sprite-shiny.webp,96,96,943,880,63,6.6808,false,below-byte-threshold,ef0ff27fd2eb5523d6d07711385f5a9c280897513c739251183d9ba2a33620ba
assets/textures/textures_webapp/pokemon/primeape/sprite.png,assets/textures/textures_webapp/pokemon/primeape/sprite.webp,96,96,947,884,63,6.6526,false,below-byte-threshold,a7ecb39e668bae9d42a808b9fd5952541e2e3bf8a7ab637f802c2e314fe87bfc
assets/textures/textures_webapp/pokemon/mandibuzz/sprite-shiny.png,assets/textures/textures_webapp/pokemon/mandibuzz/sprite-shiny.webp,96,96,977,914,63,6.4483,false,below-byte-threshold,7ce9495761c386d49e6818aa5b49c28baee5d355dde78fdc0e28a5d603cff730
assets/textures/textures_webapp/pokemon/hypno/sprite-shiny.png,assets/textures/textures_webapp/pokemon/hypno/sprite-shiny.webp,96,96,987,924,63,6.3830,false,below-byte-threshold,4c2efa6b62785ffdf38e0ef8401b4e3bd46764fc8bcfc9d0bc567c06657104f7
assets/textures/textures_webapp/pokemon/unfezant/sprite-m.png,assets/textures/textures_webapp/pokemon/unfezant/sprite-m.webp,96,96,995,932,63,6.3317,false,below-byte-threshold,5a8d20cbdafead39720dea24676e50e0bcaf6400ba069d1dffe413f2e211b54d
assets/textures/textures_webapp/pokemon/unfezant/sprite.png,assets/textures/textures_webapp/pokemon/unfezant/sprite.webp,96,96,995,932,63,6.3317,false,below-byte-threshold,5a8d20cbdafead39720dea24676e50e0bcaf6400ba069d1dffe413f2e211b54d
assets/textures/textures_webapp/pokemon/gothitelle/sprite.png,assets/textures/textures_webapp/pokemon/gothitelle/sprite.webp,96,96,1021,958,63,6.1704,false,below-byte-threshold,9586dd35d67852a15f32c47c1d7a8d9d1ca15432c77936ede92b305e6cf8cbc0
assets/textures/textures_webapp/pokemon/loudred/sprite-shiny.png,assets/textures/textures_webapp/pokemon/loudred/sprite-shiny.webp,96,96,1037,974,63,6.0752,false,below-byte-threshold,5a89013419aa08872236dd8d48c3d53e4966ac8368f185ee66ada5f0bbcd22ad
assets/textures/textures_webapp/pokemon/cursola/sprite-shiny.png,assets/textures/textures_webapp/pokemon/cursola/sprite-shiny.webp,96,96,1103,1040,63,5.7117,false,below-byte-threshold,9af4689dc66d4d9a2c9a17abbdd96d9330a7841f7360837e9a7717e6ccbddd68
assets/textures/textures_webapp/pokemon/heatran/sprite-shiny.png,assets/textures/textures_webapp/pokemon/heatran/sprite-shiny.webp,96,96,1141,1078,63,5.5215,false,below-byte-threshold,99db31d090ca98892d890ddf07f17e73cf82661ec87712a6ed4b3bdc1d0a082b
assets/textures/textures_webapp/pokemon/basculegion-m/sprite-shiny.png,assets/textures/textures_webapp/pokemon/basculegion-m/sprite-shiny.webp,96,96,1155,1092,63,5.4545,false,below-byte-threshold,706385b9f311dba99db1c7ac2d96d4d585baa2b77ce886cecfeb15b91eba54a3
assets/textures/textures_webapp/pokemon/dragapult/sprite.png,assets/textures/textures_webapp/pokemon/dragapult/sprite.webp,96,96,1171,1108,63,5.3800,false,below-byte-threshold,256886fecdd8aa2aa8a5637389f40323befcb310f17cf88adc0e4a6aa85a7e0e
assets/textures/textures_webapp/pokemon/voltorb/sprite.png,assets/textures/textures_webapp/pokemon/voltorb/sprite.webp,96,96,382,320,62,16.2304,false,below-byte-threshold,f59865bb2a7a2d8dd1d73dd3163b469f8a19563ffaf064fe031a951fe33b710d
assets/textures/textures_webapp/pokemon/magnemite/sprite.png,assets/textures/textures_webapp/pokemon/magnemite/sprite.webp,96,96,408,346,62,15.1961,false,below-byte-threshold,a86a46d9d9802e1c22a3fc6e539879d45ea014552c5a1a6b7dc8d59e2301f759
assets/textures/textures_webapp/pokemon/castform/sprite-shiny.png,assets/textures/textures_webapp/pokemon/castform/sprite-shiny.webp,96,96,414,352,62,14.9758,false,below-byte-threshold,1e893c55422c92a01176b577d299cccf13d24d5025572e583d5d40a1a2a18b1d
assets/textures/textures_webapp/pokemon/finneon/sprite-shiny.png,assets/textures/textures_webapp/pokemon/finneon/sprite-shiny.webp,96,96,454,392,62,13.6564,false,below-byte-threshold,18df2825e41a86def5e2310ce69602aca648f27eb7be4fc5cec8a61bf859c24e
assets/textures/textures_webapp/pokemon/tympole/sprite.png,assets/textures/textures_webapp/pokemon/tympole/sprite.webp,96,96,456,394,62,13.5965,false,below-byte-threshold,e047a6bd9dd8417e0132725ed166cb96683cf58a0c3c6d2a7b8abc39b72f9a17
assets/textures/textures_webapp/pokemon/shellos/sprite.png,assets/textures/textures_webapp/pokemon/shellos/sprite.webp,96,96,502,440,62,12.3506,false,below-byte-threshold,f37d9c4eff5cef53f7507b88f9abf9b993801f598cfda1c6f124b27df75eaf04
assets/textures/textures_webapp/pokemon/cherrim/sprite-shiny.png,assets/textures/textures_webapp/pokemon/cherrim/sprite-shiny.webp,96,96,510,448,62,12.1569,false,below-byte-threshold,60864a46b5c3ba125b6f0af7b20c7f4c5c517ab66c049ec03b643a28d3d4a29b
assets/textures/textures_webapp/pokemon/cherrim/sprite.png,assets/textures/textures_webapp/pokemon/cherrim/sprite.webp,96,96,512,450,62,12.1094,false,below-byte-threshold,ddcb6705eb70ba3ffebe038caafa53d890767ee7f86da4ca0bb8d47ecf939dc8
assets/textures/textures_webapp/pokemon/karrablast/sprite-shiny.png,assets/textures/textures_webapp/pokemon/karrablast/sprite-shiny.webp,96,96,520,458,62,11.9231,false,below-byte-threshold,30cd8df2272f8795c948dfe65fe1a89de40c0ba04263a3ad2a62a8eb8eb99aef
assets/textures/textures_webapp/pokemon/scraggy/sprite.png,assets/textures/textures_webapp/pokemon/scraggy/sprite.webp,96,96,528,466,62,11.7424,false,below-byte-threshold,7e86d33aec389fd28781a22b315a056eeb6f7d5009ae3283f4619232a4698a3d
assets/textures/textures_webapp/pokemon/shellder/sprite-shiny.png,assets/textures/textures_webapp/pokemon/shellder/sprite-shiny.webp,96,96,532,470,62,11.6541,false,below-byte-threshold,f8fc78163b886c7ea574cb5d2569a6e291cd671d25b4250c8e343a6e4463eb12
assets/textures/textures_webapp/pokemon/duskull/sprite-shiny.png,assets/textures/textures_webapp/pokemon/duskull/sprite-shiny.webp,96,96,536,474,62,11.5672,false,below-byte-threshold,56c3beedfee6e2a0abb41757d02c272ef5da7e8faaf4bda849fa3b0286a5122b
assets/textures/textures_webapp/pokemon/turtwig/sprite.png,assets/textures/textures_webapp/pokemon/turtwig/sprite.webp,96,96,554,492,62,11.1913,false,below-byte-threshold,87f542b003b104180376ad18aef28f7cfd6c0cc06cb341fe90434026a50c8b58
assets/textures/textures_webapp/pokemon/phione/sprite.png,assets/textures/textures_webapp/pokemon/phione/sprite.webp,96,96,560,498,62,11.0714,false,below-byte-threshold,633706a3fc012f12ed06fa55d1f33b4e0a59bd6e4ee11aca38d029b063d09f88
assets/textures/textures_webapp/pokemon/cyndaquil/sprite.png,assets/textures/textures_webapp/pokemon/cyndaquil/sprite.webp,96,96,580,518,62,10.6897,false,below-byte-threshold,fc741b4aef2d184654ec93f2eff52be50aae723255a8969dfce553c2d61b03f7
assets/textures/textures_webapp/pokemon/cubone/sprite-shiny.png,assets/textures/textures_webapp/pokemon/cubone/sprite-shiny.webp,96,96,586,524,62,10.5802,false,below-byte-threshold,d5e88e9d8127c28b75fd930b2548c1726a97981548a83e8657006c12ba38bb32
assets/textures/textures_webapp/pokemon/hoothoot/sprite.png,assets/textures/textures_webapp/pokemon/hoothoot/sprite.webp,96,96,598,536,62,10.3679,false,below-byte-threshold,df3674aae30f2e2de7eb89a2cf26391cba3d88ed9d02e6defd5fb02024e5b2c6
assets/textures/textures_webapp/pokemon/shuckle/sprite-shiny.png,assets/textures/textures_webapp/pokemon/shuckle/sprite-shiny.webp,96,96,610,548,62,10.1639,false,below-byte-threshold,0e1fedaa7c93372992a17ee3592a350b6434426318f81c04be11f279ff5b3ce4
assets/textures/textures_webapp/pokemon/chinchou/sprite.png,assets/textures/textures_webapp/pokemon/chinchou/sprite.webp,96,96,614,552,62,10.0977,false,below-byte-threshold,02865874462dad728cb9e01a084443698e3db928d6ce26465aad7aec9198c3b2
assets/textures/textures_webapp/pokemon/larvesta/sprite.png,assets/textures/textures_webapp/pokemon/larvesta/sprite.webp,96,96,628,566,62,9.8726,false,below-byte-threshold,6e89a441ba60b7914e2827de115757550938272768ea0eba5134825ee61e1153
assets/textures/textures_webapp/pokemon/shedinja/sprite-shiny.png,assets/textures/textures_webapp/pokemon/shedinja/sprite-shiny.webp,96,96,694,632,62,8.9337,false,below-byte-threshold,22bc9f3298b0c5545e38641499e818db20a4f50f9c4e49f91fc6586aa3df2918
assets/textures/textures_webapp/pokemon/marowak/sprite.png,assets/textures/textures_webapp/pokemon/marowak/sprite.webp,96,96,722,660,62,8.5873,false,below-byte-threshold,94473bc1af6f84fc6a879d030e4ed4d81c0f0a1a96bdae0ce087e9380c81ba53
assets/textures/textures_webapp/pokemon/marshtomp/sprite.png,assets/textures/textures_webapp/pokemon/marshtomp/sprite.webp,96,96,736,674,62,8.4239,false,below-byte-threshold,07d06ef4cd77a2258aea6792b6cf47e0b55bf000431805b5addcf38001e2b05c
assets/textures/textures_webapp/pokemon/prinplup/sprite-shiny.png,assets/textures/textures_webapp/pokemon/prinplup/sprite-shiny.webp,96,96,752,690,62,8.2447,false,below-byte-threshold,30433a9cfebce1568e109e6f8353a1bef634f3c1beb3568e67e8763aa3cefc7d
assets/textures/textures_webapp/pokemon/mankey/sprite-shiny.png,assets/textures/textures_webapp/pokemon/mankey/sprite-shiny.webp,96,96,764,702,62,8.1152,false,below-byte-threshold,1874d81b2d27ee902e18c13b96405901b66853a7cff6299a348a954ebfbd03e1
assets/textures/textures_webapp/pokemon/whimsicott/sprite.png,assets/textures/textures_webapp/pokemon/whimsicott/sprite.webp,96,96,770,708,62,8.0519,false,below-byte-threshold,97a6c6f7e5f9ddfedc1210aa21997b1ff20a8f2f4647e7096ce991d674b0771b
assets/textures/textures_webapp/pokemon/herdier/sprite-shiny.png,assets/textures/textures_webapp/pokemon/herdier/sprite-shiny.webp,96,96,774,712,62,8.0103,false,below-byte-threshold,e39ce17ccf8762e11cfc5f3344a0c22456dd092d7da09af61704f44ffc5fee5c
assets/textures/textures_webapp/pokemon/miltank/sprite.png,assets/textures/textures_webapp/pokemon/miltank/sprite.webp,96,96,784,722,62,7.9082,false,below-byte-threshold,f3e2a894006e9754b5e5ad0cdc05eebbee1a2db7e11b7401f56ce8e77649b950
assets/textures/textures_webapp/pokemon/crobat/sprite-shiny.png,assets/textures/textures_webapp/pokemon/crobat/sprite-shiny.webp,96,96,796,734,62,7.7889,false,below-byte-threshold,e0122365b4db37687518c473d71baa6f94065b3751c7302d6d10df0fc310597d
assets/textures/textures_webapp/pokemon/lucario/sprite.png,assets/textures/textures_webapp/pokemon/lucario/sprite.webp,96,96,814,752,62,7.6167,false,below-byte-threshold,ebc4db7f6b37433e49c67485fa1654b23b808e6b3deaddc03b2457dd2fbf616e
assets/textures/textures_webapp/pokemon/dustox/sprite.png,assets/textures/textures_webapp/pokemon/dustox/sprite.webp,96,96,818,756,62,7.5795,false,below-byte-threshold,928da9b678eac80c25593d68115ee8414c70a7b3a6e6d22d765583dc022283ff
assets/textures/textures_webapp/pokemon/charmeleon/sprite.png,assets/textures/textures_webapp/pokemon/charmeleon/sprite.webp,96,96,832,770,62,7.4519,false,below-byte-threshold,9ff305a8a302b893f42b10e5c491b93987c9c5a86132c0c206b03e4c38d6a058
assets/textures/textures_webapp/pokemon/vanilluxe/sprite-shiny.png,assets/textures/textures_webapp/pokemon/vanilluxe/sprite-shiny.webp,96,96,920,858,62,6.7391,false,below-byte-threshold,da119afdfd0b8cc4a267b38e71afadb9ceb5b2cf3ffe72b156ee7d915c1df908
assets/textures/textures_webapp/pokemon/golett/sprite.png,assets/textures/textures_webapp/pokemon/golett/sprite.webp,96,96,926,864,62,6.6955,false,below-byte-threshold,0ff0d82ba3c1b40fcf5d81f72eeb662969688ae2e2099f91beb3955165419bd5
assets/textures/textures_webapp/pokemon/weavile/sprite.png,assets/textures/textures_webapp/pokemon/weavile/sprite.webp,96,96,926,864,62,6.6955,false,below-byte-threshold,4750c4513512d97ccad420adba697677a9b1611d14411999e22a165b71fb21da
assets/textures/textures_webapp/pokemon/poliwrath/sprite.png,assets/textures/textures_webapp/pokemon/poliwrath/sprite.webp,96,96,940,878,62,6.5957,false,below-byte-threshold,a1aa2efb39c6c1c45768bd967d10d78d9eef28333a7ce82ba2bc52e6d22caace
assets/textures/textures_webapp/pokemon/heatmor/sprite.png,assets/textures/textures_webapp/pokemon/heatmor/sprite.webp,96,96,1042,980,62,5.9501,false,below-byte-threshold,2753e69073d5063d56dba38c55801657160702bccd7cb955e59ad28d79eb743e
assets/textures/textures_webapp/pokemon/eelektross/sprite-shiny.png,assets/textures/textures_webapp/pokemon/eelektross/sprite-shiny.webp,96,96,1176,1114,62,5.2721,false,below-byte-threshold,26077ec47e4583a64e232a8cd1511e4eeb4697673e95d7c2e1e0ac91bbe308e4
assets/textures/textures_webapp/pokemon/aggron/sprite-shiny.png,assets/textures/textures_webapp/pokemon/aggron/sprite-shiny.webp,96,96,1260,1198,62,4.9206,false,below-byte-threshold,7103ddcfdf02099b2f55ff1d3f2e160458eaace83e22141c57f3bdd54a416310
assets/textures/textures_webapp/pokemon/mamoswine/sprite-shiny.png,assets/textures/textures_webapp/pokemon/mamoswine/sprite-shiny.webp,96,96,1306,1244,62,4.7473,false,below-byte-threshold,6777c10abd1c12c5874b60fe93b431c23c3ac4dc07e7356696cfd42a1e468486
assets/textures/textures_webapp/pokemon/mamoswine/sprite.png,assets/textures/textures_webapp/pokemon/mamoswine/sprite.webp,96,96,1306,1244,62,4.7473,false,below-byte-threshold,cc3655ca8f66acecdf8ac7108dbca6a6d15ded4c3aab079fa1114df390666e78
assets/textures/textures_webapp/pokemon/dialga-origin/sprite-shiny.png,assets/textures/textures_webapp/pokemon/dialga-origin/sprite-shiny.webp,96,96,1658,1596,62,3.7394,false,below-byte-threshold,6b2a56746ec852386fc0fd253525f928660e18c085e52d535241e1bd8d78db38
assets/textures/textures_webapp/pokemon/sunkern/sprite.png,assets/textures/textures_webapp/pokemon/sunkern/sprite.webp,96,96,429,368,61,14.2191,false,below-byte-threshold,dbdc06952b1cde38c5f76912e70f11e94ecd1cd357ca50c42395b9a9a9760891
assets/textures/textures_webapp/pokemon/chingling/sprite.png,assets/textures/textures_webapp/pokemon/chingling/sprite.webp,96,96,461,400,61,13.2321,false,below-byte-threshold,588fb94d43b68958dea515dd21c11a3a0ffc6885666e1628a2fd83c925766087
assets/textures/textures_webapp/pokemon/skiploom/sprite.png,assets/textures/textures_webapp/pokemon/skiploom/sprite.webp,96,96,477,416,61,12.7883,false,below-byte-threshold,21cb7fc09143ea28a476a8b97b714b8358f628ec4700cd545d277a7b72b4bfc5
assets/textures/textures_webapp/pokemon/froakie/sprite-shiny.png,assets/textures/textures_webapp/pokemon/froakie/sprite-shiny.webp,96,96,521,460,61,11.7083,false,below-byte-threshold,84eb69a7967b217ab00dc41ca6323a8c5b77f045bdbf52c7ea555a6d4a009d9f
assets/textures/textures_webapp/pokemon/froakie/sprite.png,assets/textures/textures_webapp/pokemon/froakie/sprite.webp,96,96,521,460,61,11.7083,false,below-byte-threshold,923f0708fdd88160b5c268223cafe410187928c922d573c834c5de8f418a77e1
assets/textures/textures_webapp/pokemon/scraggy/sprite-shiny.png,assets/textures/textures_webapp/pokemon/scraggy/sprite-shiny.webp,96,96,525,464,61,11.6190,false,below-byte-threshold,1b6f0b9aecc2178f003ad2a7fca7a706985ce49f82368adb767e95236615d3af
assets/textures/textures_webapp/pokemon/duskull/sprite.png,assets/textures/textures_webapp/pokemon/duskull/sprite.webp,96,96,535,474,61,11.4019,false,below-byte-threshold,cd4c58362969a220a42db4cb7cd4974a8336ae03f8a12b80f5c341ccde7f1950
assets/textures/textures_webapp/pokemon/axew/sprite-shiny.png,assets/textures/textures_webapp/pokemon/axew/sprite-shiny.webp,96,96,539,478,61,11.3173,false,below-byte-threshold,61621f1ca716abdea6ba4f0de3d11401736f442fb0edcdd0817913415ea1fdad
assets/textures/textures_webapp/pokemon/shelmet/sprite-shiny.png,assets/textures/textures_webapp/pokemon/shelmet/sprite-shiny.webp,96,96,543,482,61,11.2339,false,below-byte-threshold,79fd5e3737b2bdfbb6bee0a1d3d765fe924a159c0f598e33c452f4be344d9719
assets/textures/textures_webapp/pokemon/omanyte/sprite.png,assets/textures/textures_webapp/pokemon/omanyte/sprite.webp,96,96,563,502,61,10.8348,false,below-byte-threshold,0512cc2536e2c76bb98e0f1f07e9abd809b020aad81be8ec9f7c100e543c5e06
assets/textures/textures_webapp/pokemon/nincada/sprite-shiny.png,assets/textures/textures_webapp/pokemon/nincada/sprite-shiny.webp,96,96,571,510,61,10.6830,false,below-byte-threshold,4919eba5d386a30423205b6f4e21b576d30431229e12901bde4a6f607423541a
assets/textures/textures_webapp/pokemon/mienfoo/sprite-shiny.png,assets/textures/textures_webapp/pokemon/mienfoo/sprite-shiny.webp,96,96,597,536,61,10.2178,false,below-byte-threshold,7ae816867536d9a6963c23309fe752dcc696f2b2a5c1f0bd50cd99a930b73ab5
assets/textures/textures_webapp/pokemon/chimchar/sprite-shiny.png,assets/textures/textures_webapp/pokemon/chimchar/sprite-shiny.webp,96,96,613,552,61,9.9511,false,below-byte-threshold,f122db82c30c38d09c0ecd3aa206a256fe8bcb678d787ca2e6de020115f139ac
assets/textures/textures_webapp/pokemon/sunny-castform/sprite.png,assets/textures/textures_webapp/pokemon/sunny-castform/sprite.webp,96,96,653,592,61,9.3415,false,below-byte-threshold,11ca746bcacd54ba543b22532d7d0af36cb440149a86587f0450dca7195201d4
assets/textures/textures_webapp/pokemon/lombre/sprite-shiny.png,assets/textures/textures_webapp/pokemon/lombre/sprite-shiny.webp,96,96,705,644,61,8.6525,false,below-byte-threshold,b8321a445709eae32e209cae2496f89dbc75cd0984b7c81a68b5bc257b302345
assets/textures/textures_webapp/pokemon/lombre/sprite.png,assets/textures/textures_webapp/pokemon/lombre/sprite.webp,96,96,705,644,61,8.6525,false,below-byte-threshold,9b34bc065c904fb222075cd59be3f9e3c04f557917a58e65515fc9d688909cd9
assets/textures/textures_webapp/pokemon/tentacool/sprite-shiny.png,assets/textures/textures_webapp/pokemon/tentacool/sprite-shiny.webp,96,96,711,650,61,8.5795,false,below-byte-threshold,4d088a5c87c4f467962d64401c1d776bb6902a740fb4711051a85c05f538c59d
assets/textures/textures_webapp/pokemon/ledyba/sprite.png,assets/textures/textures_webapp/pokemon/ledyba/sprite.webp,96,96,735,674,61,8.2993,false,below-byte-threshold,a94ccdcbb9fe6ed48769d7f3d836024e0c58acac70c27c6668dc4ce9d8e9dc3d
assets/textures/textures_webapp/pokemon/goldeen/sprite.png,assets/textures/textures_webapp/pokemon/goldeen/sprite.webp,96,96,739,678,61,8.2544,false,below-byte-threshold,7baa6634c7a882ea342b4169c88ae6b91a1fc25f249d5858cc9665a5cf07e44b
assets/textures/textures_webapp/pokemon/drowzee/sprite-shiny.png,assets/textures/textures_webapp/pokemon/drowzee/sprite-shiny.webp,96,96,747,686,61,8.1660,false,below-byte-threshold,44d5964b682d28ea33800e51b6f0f81a0eaeac404eea7ba67d653290e29efb18
assets/textures/textures_webapp/pokemon/gloom/sprite.png,assets/textures/textures_webapp/pokemon/gloom/sprite.webp,96,96,777,716,61,7.8507,false,below-byte-threshold,bdabf76baaa3babb19e00378d7fcf315074443dbef31eec98d40ae17da975932
assets/textures/textures_webapp/pokemon/gloom/sprite-shiny.png,assets/textures/textures_webapp/pokemon/gloom/sprite-shiny.webp,96,96,779,718,61,7.8306,false,below-byte-threshold,500c6b718feb5114e6eff6e6373a07cbc67f1445aa76ca8cfd825ca0b29af3f5
assets/textures/textures_webapp/pokemon/altaria/sprite-shiny.png,assets/textures/textures_webapp/pokemon/altaria/sprite-shiny.webp,96,96,815,754,61,7.4847,false,below-byte-threshold,0e5a60b02cbf496100e9162c62930e5266d9f2c0a78dfe83dbbca32aa0b07fe6
assets/textures/textures_webapp/pokemon/koffing/sprite.png,assets/textures/textures_webapp/pokemon/koffing/sprite.webp,96,96,825,764,61,7.3939,false,below-byte-threshold,196dd10bb27f49729910aa3c9efd2fb6d0c550bd0cb7d36201ed0506fe6f1c22
assets/textures/textures_webapp/pokemon/yanma/sprite-shiny.png,assets/textures/textures_webapp/pokemon/yanma/sprite-shiny.webp,96,96,835,774,61,7.3054,false,below-byte-threshold,2dc8be9cf4d9082903fb935ff28bf796edc1223f1a27ad9351bf4257ecc61a20
assets/textures/textures_webapp/pokemon/tauros/sprite-shiny.png,assets/textures/textures_webapp/pokemon/tauros/sprite-shiny.webp,96,96,855,794,61,7.1345,false,below-byte-threshold,b0263cddb4dcba394cbd3222a4c31fd29bf81144802c97c174f8de44c5ba46c8
assets/textures/textures_webapp/pokemon/vigoroth/sprite.png,assets/textures/textures_webapp/pokemon/vigoroth/sprite.webp,96,96,875,814,61,6.9714,false,below-byte-threshold,3e759615f93f7be185756f7de41841e91a145c5b0c412af243dfea36c95cae6b
assets/textures/textures_webapp/pokemon/vanilluxe/sprite.png,assets/textures/textures_webapp/pokemon/vanilluxe/sprite.webp,96,96,919,858,61,6.6376,false,below-byte-threshold,ca994c90f3b61c863ced4e2461bc6f6cef56f6d37b9862b80077cbdae5790a5b
assets/textures/textures_webapp/pokemon/galvantula/sprite.png,assets/textures/textures_webapp/pokemon/galvantula/sprite.webp,96,96,923,862,61,6.6089,false,below-byte-threshold,88c2c31fe2553733c885353ee6ca4d0b3947b9977a8e28ee8c3b6c81352075fb
assets/textures/textures_webapp/pokemon/weavile/sprite-shiny.png,assets/textures/textures_webapp/pokemon/weavile/sprite-shiny.webp,96,96,929,868,61,6.5662,false,below-byte-threshold,c317ee06e3f0f12af1dc0d41b683ff5ee248a922ad7347821237cc7f329981a8
assets/textures/textures_webapp/pokemon/solrock/sprite-shiny.png,assets/textures/textures_webapp/pokemon/solrock/sprite-shiny.webp,96,96,949,888,61,6.4278,false,below-byte-threshold,4acd8f7c2257c9a6226e265d32079ff4f8328399f38efc943771e307c3948cbe
assets/textures/textures_webapp/pokemon/dusknoir/sprite.png,assets/textures/textures_webapp/pokemon/dusknoir/sprite.webp,96,96,1049,988,61,5.8151,false,below-byte-threshold,60d87b8f386b3c43f36c8f52279cbfc9de1af1c7a7e690d52e12f6a0945183b9
assets/textures/textures_webapp/pokemon/tyranitar/sprite.png,assets/textures/textures_webapp/pokemon/tyranitar/sprite.webp,96,96,1059,998,61,5.7602,false,below-byte-threshold,ebd28241a497455cc866f8af5e4fb0c48e7eb7c853a0abd4cc7120538fa75d2c
assets/textures/textures_webapp/pokemon/registeel/sprite-shiny.png,assets/textures/textures_webapp/pokemon/registeel/sprite-shiny.webp,96,96,1073,1012,61,5.6850,false,below-byte-threshold,3abfebed74d45dee83a6caa01f023d17db8f23f5afc795d863bd6b6b99b65477
assets/textures/textures_webapp/pokemon/pidgeotto/sprite.png,assets/textures/textures_webapp/pokemon/pidgeotto/sprite.webp,96,96,1221,1160,61,4.9959,false,below-byte-threshold,8acfbf801270c2bafa07441b48af1180b84917d1328b95b95216bfb3b94f58ae
assets/textures/textures_webapp/pokemon/druddigon/sprite-shiny.png,assets/textures/textures_webapp/pokemon/druddigon/sprite-shiny.webp,96,96,1259,1198,61,4.8451,false,below-byte-threshold,39d9bc908773d000e24e5327e55a93161616b6d8de412a2faa38a9bc5bbc2572
assets/textures/textures_webapp/pokemon/unown/sprite-shiny.png,assets/textures/textures_webapp/pokemon/unown/sprite-shiny.webp,96,96,318,258,60,18.8679,false,below-byte-threshold,41c1a622340003422dd8c2b1cb692d44ed955092267683b2051372cdb19c289e
assets/textures/textures_webapp/pokemon/solosis/sprite-shiny.png,assets/textures/textures_webapp/pokemon/solosis/sprite-shiny.webp,96,96,440,380,60,13.6364,false,below-byte-threshold,643b618d5f94c3c3afb4903b39350c24224f388f14d49540783804a0bbce3ec4
assets/textures/textures_webapp/pokemon/togepi/sprite-shiny.png,assets/textures/textures_webapp/pokemon/togepi/sprite-shiny.webp,96,96,442,382,60,13.5747,false,below-byte-threshold,a7a85812eacf7982ea66cafd31bba7d5fa859a96a1259764477204eab17e63b3
assets/textures/textures_webapp/pokemon/finneon/sprite.png,assets/textures/textures_webapp/pokemon/finneon/sprite.webp,96,96,450,390,60,13.3333,false,below-byte-threshold,92f209d08bf918608ebe63983d306bdb00e0ec18005b6eda02312a4bd8705252
assets/textures/textures_webapp/pokemon/tympole/sprite-shiny.png,assets/textures/textures_webapp/pokemon/tympole/sprite-shiny.webp,96,96,458,398,60,13.1004,false,below-byte-threshold,622d27d88b1e9d1db1c11a09f6a97368c72192d3c4765ae0ec348f68a9ac737e
assets/textures/textures_webapp/pokemon/pichu/sprite-shiny.png,assets/textures/textures_webapp/pokemon/pichu/sprite-shiny.webp,96,96,466,406,60,12.8755,false,below-byte-threshold,6b7a810ec45b264958342f3f0a35df3aa8d62655466718e09c8f6d4a3a695c40
assets/textures/textures_webapp/pokemon/baltoy/sprite.png,assets/textures/textures_webapp/pokemon/baltoy/sprite.webp,96,96,470,410,60,12.7660,false,below-byte-threshold,b06a00c59775091e4206c5e85869a33ad8f70296899a9c3bd656d3c33175e4ed
assets/textures/textures_webapp/pokemon/wingull/sprite-shiny.png,assets/textures/textures_webapp/pokemon/wingull/sprite-shiny.webp,96,96,476,416,60,12.6050,false,below-byte-threshold,ed8799ab76231151af9b9df9907a2e49633a9e35738f140d43c7171a0375c114
assets/textures/textures_webapp/pokemon/jigglypuff/sprite.png,assets/textures/textures_webapp/pokemon/jigglypuff/sprite.webp,96,96,492,432,60,12.1951,false,below-byte-threshold,0d6ca6871185165cacca9792a0e26e40bcdaa5ca5aee550252363c326d43b048
assets/textures/textures_webapp/pokemon/sandile/sprite-shiny.png,assets/textures/textures_webapp/pokemon/sandile/sprite-shiny.webp,96,96,500,440,60,12.0000,false,below-byte-threshold,1afdac81e5c291de0b02e9a7cc705d055f951b825304bba59237269b1868db54
assets/textures/textures_webapp/pokemon/beldum/sprite.png,assets/textures/textures_webapp/pokemon/beldum/sprite.webp,96,96,516,456,60,11.6279,false,below-byte-threshold,4d859173320ec4693e9d1bd253d76407f11062b9a9e0d33b409669b2828ab288
assets/textures/textures_webapp/pokemon/geodude/sprite-shiny.png,assets/textures/textures_webapp/pokemon/geodude/sprite-shiny.webp,96,96,518,458,60,11.5830,false,below-byte-threshold,b772406a22b787a2f3d5571ad7795957bba731b69a00ac4f03cede1c13466d43
assets/textures/textures_webapp/pokemon/wormadam-trash-cloak/sprite.png,assets/textures/textures_webapp/pokemon/wormadam-trash-cloak/sprite.webp,96,96,530,470,60,11.3208,false,below-byte-threshold,98d28ffc2bbc30e090ca2291dc366459a190f00c9e1139e6e360b6123bd25dbe
assets/textures/textures_webapp/pokemon/dwebble/sprite.png,assets/textures/textures_webapp/pokemon/dwebble/sprite.webp,96,96,532,472,60,11.2782,false,below-byte-threshold,54fa88dea73bb41abf3561e4863e8d92e9b57b2432a3ddcee618a0419816a739
assets/textures/textures_webapp/pokemon/snorunt/sprite.png,assets/textures/textures_webapp/pokemon/snorunt/sprite.webp,96,96,544,484,60,11.0294,false,below-byte-threshold,10050a52a7012fc53ff5f96dbabe94a1ec069b429ce663bf3966101853a51227
assets/textures/textures_webapp/pokemon/darumaka/sprite.png,assets/textures/textures_webapp/pokemon/darumaka/sprite.webp,96,96,550,490,60,10.9091,false,below-byte-threshold,a542161199eff4a33eb1f1c953e7ed72572e5aaa0ce3f0b1c9146c171be7e045
assets/textures/textures_webapp/pokemon/mudkip/sprite-shiny.png,assets/textures/textures_webapp/pokemon/mudkip/sprite-shiny.webp,96,96,550,490,60,10.9091,false,below-byte-threshold,f152bb736045db96b202d91dd570d54041993cf6c56c37590024418f93caaa1d
assets/textures/textures_webapp/pokemon/croagunk/sprite.png,assets/textures/textures_webapp/pokemon/croagunk/sprite.webp,96,96,606,546,60,9.9010,false,below-byte-threshold,5ee120ac3904b8ef118c89707581cd607ebba4d7ca24fc4210231983a4e3e56c
assets/textures/textures_webapp/pokemon/bagon/sprite-shiny.png,assets/textures/textures_webapp/pokemon/bagon/sprite-shiny.webp,96,96,608,548,60,9.8684,false,below-byte-threshold,c58c8f442085e28809a379af2a7cda7203d2a3062fc47c966626ee2920dd4509
assets/textures/textures_webapp/pokemon/chinchou/sprite-shiny.png,assets/textures/textures_webapp/pokemon/chinchou/sprite-shiny.webp,96,96,612,552,60,9.8039,false,below-byte-threshold,b67df106637b8cded637cb8c482bec331d9352881022d1f71e56570592ac1860
assets/textures/textures_webapp/pokemon/kricketot/sprite-shiny.png,assets/textures/textures_webapp/pokemon/kricketot/sprite-shiny.webp,96,96,616,556,60,9.7403,false,below-byte-threshold,c917dcacecb09bbba2297a6aaf8e801fd96104426cda7d10128e759223157e3e
assets/textures/textures_webapp/pokemon/servine/sprite.png,assets/textures/textures_webapp/pokemon/servine/sprite.webp,96,96,626,566,60,9.5847,false,below-byte-threshold,07e7ba0d9a816de390fa672bfb44437ac878cf84fbc2c9f8264618fd44af312d
assets/textures/textures_webapp/pokemon/larvesta/sprite-shiny.png,assets/textures/textures_webapp/pokemon/larvesta/sprite-shiny.webp,96,96,628,568,60,9.5541,false,below-byte-threshold,e065f97b465d84d91443baaea77ec5d58e3a3285d4b74db1291c543d9ff8e9fb
assets/textures/textures_webapp/pokemon/darmanitan-zen/sprite-shiny.png,assets/textures/textures_webapp/pokemon/darmanitan-zen/sprite-shiny.webp,96,96,630,570,60,9.5238,false,below-byte-threshold,8c8f38c41a427217b02bb8decd6c48ffa994ddd7377d1d4ee4377f864032f5b2
assets/textures/textures_webapp/pokemon/dewott/sprite-shiny.png,assets/textures/textures_webapp/pokemon/dewott/sprite-shiny.webp,96,96,650,590,60,9.2308,false,below-byte-threshold,1420872d2a534710bd5d3fb8155f58a2a514cd62c1219d1dc8cb3a081924f00d
assets/textures/textures_webapp/pokemon/azelf/sprite-shiny.png,assets/textures/textures_webapp/pokemon/azelf/sprite-shiny.webp,96,96,656,596,60,9.1463,false,below-byte-threshold,92c335a6f2c5b0c0f64b7d1c93946a504d4e53c9a6d33e0ec8293f5fabbfd124
assets/textures/textures_webapp/pokemon/gastrodon/sprite.png,assets/textures/textures_webapp/pokemon/gastrodon/sprite.webp,96,96,686,626,60,8.7464,false,below-byte-threshold,47fcd69b70e91ba18a4d0aa4d3c47a2c8d5c4faf879aca6f5238a3bb7d72e896
assets/textures/textures_webapp/pokemon/gorebyss/sprite-shiny.png,assets/textures/textures_webapp/pokemon/gorebyss/sprite-shiny.webp,96,96,732,672,60,8.1967,false,below-byte-threshold,842177eaf19d41b108af4dd5c3685cd4c94f8ca52c684cfd152f4f6ee547e27f
assets/textures/textures_webapp/pokemon/vullaby/sprite.png,assets/textures/textures_webapp/pokemon/vullaby/sprite.webp,96,96,764,704,60,7.8534,false,below-byte-threshold,ef7df73f38b1714337e59e2e5d1b54596a42d57a688fda3ebed860dec5022041
assets/textures/textures_webapp/pokemon/whimsicott/sprite-shiny.png,assets/textures/textures_webapp/pokemon/whimsicott/sprite-shiny.webp,96,96,770,710,60,7.7922,false,below-byte-threshold,0b687bd535c6d08ea7f1cec2a6e8d817d2e85297cc547599b7bf6662c2ab7484
assets/textures/textures_webapp/pokemon/accelgor/sprite-shiny.png,assets/textures/textures_webapp/pokemon/accelgor/sprite-shiny.webp,96,96,786,726,60,7.6336,false,below-byte-threshold,9bc4b44bdce2d2f73506705c27ee504166d473eeb3d51e51516f8d130a6f1d9c
assets/textures/textures_webapp/pokemon/snover/sprite-shiny.png,assets/textures/textures_webapp/pokemon/snover/sprite-shiny.webp,96,96,806,746,60,7.4442,false,below-byte-threshold,b8c384ae48e91ba396ca4298c7ccc2c83ff4664ad8d8992c0ddfcdf3bbf904a5
assets/textures/textures_webapp/pokemon/gastly/sprite-shiny.png,assets/textures/textures_webapp/pokemon/gastly/sprite-shiny.webp,96,96,808,748,60,7.4257,false,below-byte-threshold,8cb7410509c87f7074ecd8cc1e1e040e491ec016168e9e6baf41eab06878f168
assets/textures/textures_webapp/pokemon/donphan/sprite.png,assets/textures/textures_webapp/pokemon/donphan/sprite.webp,96,96,1028,968,60,5.8366,false,below-byte-threshold,c293c3abdb464fc7b8daa3094e5a3a438e21af5e8009252527c006f2ef09adb0
assets/textures/textures_webapp/pokemon/cloyster/sprite.png,assets/textures/textures_webapp/pokemon/cloyster/sprite.webp,96,96,1074,1014,60,5.5866,false,below-byte-threshold,036b26692736a35912ddbe3a6f4918e9b8b71607ae22fb6c4527ee7670c99582
assets/textures/textures_webapp/pokemon/hariyama/sprite-shiny.png,assets/textures/textures_webapp/pokemon/hariyama/sprite-shiny.webp,96,96,1156,1096,60,5.1903,false,below-byte-threshold,5e644f371c3592329f6e2d1ff86ea1e77a2350539258e59bf5872861e56c1a13
assets/textures/textures_webapp/pokemon/terrakion/sprite-shiny.png,assets/textures/textures_webapp/pokemon/terrakion/sprite-shiny.webp,96,96,1166,1106,60,5.1458,false,below-byte-threshold,6f639ed95a4617f8ad70473759314a1c93ac10494ee73efd9710b440e8096bcf
assets/textures/textures_webapp/pokemon/tynamo/sprite-shiny.png,assets/textures/textures_webapp/pokemon/tynamo/sprite-shiny.webp,96,96,351,292,59,16.8091,false,below-byte-threshold,5256da941038ebc5a92c801476df90dc471001158b768651fee027e2368005f9
assets/textures/textures_webapp/pokemon/magnemite/sprite-shiny.png,assets/textures/textures_webapp/pokemon/magnemite/sprite-shiny.webp,96,96,401,342,59,14.7132,false,below-byte-threshold,caaae7491556465e37c2c224dee0e111db15829ab88f965a9e99b9508456d6d3
assets/textures/textures_webapp/pokemon/shroomish/sprite-shiny.png,assets/textures/textures_webapp/pokemon/shroomish/sprite-shiny.webp,96,96,457,398,59,12.9103,false,below-byte-threshold,9b298d155a2dfe7072a903d68f6480a8aca4c4d686f95f15c25cb41296b59e8c
assets/textures/textures_webapp/pokemon/shroomish/sprite.png,assets/textures/textures_webapp/pokemon/shroomish/sprite.webp,96,96,457,398,59,12.9103,false,below-byte-threshold,f5cdc122464381c91954e155cda2c13727cefdb0c4bb1dc3be0374334c814ac4
assets/textures/textures_webapp/pokemon/chingling/sprite-shiny.png,assets/textures/textures_webapp/pokemon/chingling/sprite-shiny.webp,96,96,461,402,59,12.7983,false,below-byte-threshold,d171c98171377c994aa8ada493d407068476cd2ae2abfbb50acbe7901b01669c
assets/textures/textures_webapp/pokemon/tyrogue/sprite.png,assets/textures/textures_webapp/pokemon/tyrogue/sprite.webp,96,96,547,488,59,10.7861,false,below-byte-threshold,cf709cc90cb35190e333d90253d5221822d71072f93706299ea5d496b4401a6b
assets/textures/textures_webapp/pokemon/turtwig/sprite-shiny.png,assets/textures/textures_webapp/pokemon/turtwig/sprite-shiny.webp,96,96,553,494,59,10.6691,false,below-byte-threshold,668ca605631ed5e7d56f48f0bd0747c8024f20cd1767c632a27888db310a0f49
assets/textures/textures_webapp/pokemon/clauncher/sprite-shiny.png,assets/textures/textures_webapp/pokemon/clauncher/sprite-shiny.webp,96,96,559,500,59,10.5546,false,below-byte-threshold,eeffd5fa4f18da7d70ae46114f4eb49016030c635dbe90228a29262f9fb9feb4
assets/textures/textures_webapp/pokemon/manaphy/sprite.png,assets/textures/textures_webapp/pokemon/manaphy/sprite.webp,96,96,559,500,59,10.5546,false,below-byte-threshold,399f2e8ebe7777b88b8cc8f0fccf5a4c8c30a1996d10dcb726c81099c5c5e670
assets/textures/textures_webapp/pokemon/bellsprout/sprite-shiny.png,assets/textures/textures_webapp/pokemon/bellsprout/sprite-shiny.webp,96,96,569,510,59,10.3691,false,below-byte-threshold,67ed84aa5cbff612f819543c82a3e133795515be342cbd1de346ada2675362cd
assets/textures/textures_webapp/pokemon/porygon-z/sprite-shiny.png,assets/textures/textures_webapp/pokemon/porygon-z/sprite-shiny.webp,96,96,575,516,59,10.2609,false,below-byte-threshold,2cb5a20fe715bd08b53767cd4b32be859ea276e19327556bec69d6da68431122
assets/textures/textures_webapp/pokemon/squirtle/sprite.png,assets/textures/textures_webapp/pokemon/squirtle/sprite.webp,96,96,575,516,59,10.2609,false,below-byte-threshold,2aa8755e3e65108ad7baef39491c46a352cc51ae4d626def5d91afe8b0d08a60
assets/textures/textures_webapp/pokemon/spearow/sprite-shiny.png,assets/textures/textures_webapp/pokemon/spearow/sprite-shiny.webp,96,96,579,520,59,10.1900,false,below-byte-threshold,1a4d87aa9ded4db1224df0e1d264491b3f163a7fd85439efe1dcccfe0bb06b41
assets/textures/textures_webapp/pokemon/stunky/sprite-shiny.png,assets/textures/textures_webapp/pokemon/stunky/sprite-shiny.webp,96,96,603,544,59,9.7844,false,below-byte-threshold,e40f3d270ccdef51529785817aa6313ffeab87c926388393540ffc9f9f97494a
assets/textures/textures_webapp/pokemon/staryu/sprite-shiny.png,assets/textures/textures_webapp/pokemon/staryu/sprite-shiny.webp,96,96,625,566,59,9.4400,false,below-byte-threshold,7e2ffca475f377372e26ab7374e277b3ce3844d163843e025605b59f87b6f908
assets/textures/textures_webapp/pokemon/pawniard/sprite.png,assets/textures/textures_webapp/pokemon/pawniard/sprite.webp,96,96,631,572,59,9.3502,false,below-byte-threshold,5b47570e8e445b221404f1f046c460e917adea1ab1f558a4a9abe4bf07480c44
assets/textures/textures_webapp/pokemon/shelgon/sprite.png,assets/textures/textures_webapp/pokemon/shelgon/sprite.webp,96,96,675,616,59,8.7407,false,below-byte-threshold,689c5f9c3474832791ca9a6dc337d3f23fd2b6df560c1d6a065a15194b0a3207
assets/textures/textures_webapp/pokemon/rufflet/sprite-shiny.png,assets/textures/textures_webapp/pokemon/rufflet/sprite-shiny.webp,96,96,677,618,59,8.7149,false,below-byte-threshold,80eff54e107b7403699b81539ffb5433594f21904293e819f5c4c023bd0b505d
assets/textures/textures_webapp/pokemon/carvanha/sprite.png,assets/textures/textures_webapp/pokemon/carvanha/sprite.webp,96,96,679,620,59,8.6892,false,below-byte-threshold,e851edf11f91a71f56611e0e9519a0cad989d7d353636ee7b89685509c3abd0e
assets/textures/textures_webapp/pokemon/goldeen/sprite-shiny.png,assets/textures/textures_webapp/pokemon/goldeen/sprite-shiny.webp,96,96,739,680,59,7.9838,false,below-byte-threshold,fc56d03c026148cf359b0370e13838ea5fa4566e4370f040c3cd3144d4b3274f
assets/textures/textures_webapp/pokemon/vulpix/sprite-shiny.png,assets/textures/textures_webapp/pokemon/vulpix/sprite-shiny.webp,96,96,753,694,59,7.8353,false,below-byte-threshold,ad8dfd1ae9d668f79cec7346463c7c5ca292dc233fe3b3988dbe58bf332e1193
assets/textures/textures_webapp/pokemon/politoed/sprite-shiny.png,assets/textures/textures_webapp/pokemon/politoed/sprite-shiny.webp,96,96,759,700,59,7.7734,false,below-byte-threshold,cda991de64b692b8cf645710f0184d6a480188d7af409279c3d4ea7fa531be42
assets/textures/textures_webapp/pokemon/lileep/sprite.png,assets/textures/textures_webapp/pokemon/lileep/sprite.webp,96,96,785,726,59,7.5159,false,below-byte-threshold,425039dc27c24e60a168a32da1186b80f57b010afb907ec3cf3e3aa8d679ff38
assets/textures/textures_webapp/pokemon/sealeo/sprite-shiny.png,assets/textures/textures_webapp/pokemon/sealeo/sprite-shiny.webp,96,96,805,746,59,7.3292,false,below-byte-threshold,fa4d3192ffb7b2b39977a67688076a631700f55f6b0417f602482a03674a97e3
assets/textures/textures_webapp/pokemon/vaporeon/sprite-shiny.png,assets/textures/textures_webapp/pokemon/vaporeon/sprite-shiny.webp,96,96,827,768,59,7.1342,false,below-byte-threshold,46d9c38feef2f0a951f4954e1590590b093560d529177d2dc9ba1e85a385a7f3
assets/textures/textures_webapp/pokemon/pelipper/sprite-shiny.png,assets/textures/textures_webapp/pokemon/pelipper/sprite-shiny.webp,96,96,839,780,59,7.0322,false,below-byte-threshold,de7c4cb842108e62d6e6684d2406ea795f1afa07ab97b48417d3888727d7ee5c
assets/textures/textures_webapp/pokemon/mr-rime/sprite.png,assets/textures/textures_webapp/pokemon/mr-rime/sprite.webp,96,96,879,820,59,6.7122,false,below-byte-threshold,5856d4091bd2838cebf3e0f8cac739ea67040eedb4c6cf8eebcb19265a917aba
assets/textures/textures_webapp/pokemon/roserade/sprite-shiny.png,assets/textures/textures_webapp/pokemon/roserade/sprite-shiny.webp,96,96,905,846,59,6.5193,false,below-byte-threshold,b015206d6faeb4013dcc2c630b8a4cbe5ba6a040e9f41a7162d7e6d30ef2b6c2
assets/textures/textures_webapp/pokemon/unfezant/sprite-m-shiny.png,assets/textures/textures_webapp/pokemon/unfezant/sprite-m-shiny.webp,96,96,997,938,59,5.9178,false,below-byte-threshold,13702d55f846533622207db23d1f3da1666d523967bdc9c74b28ad52bd0c0c22
assets/textures/textures_webapp/pokemon/unfezant/sprite-shiny.png,assets/textures/textures_webapp/pokemon/unfezant/sprite-shiny.webp,96,96,997,938,59,5.9178,false,below-byte-threshold,13702d55f846533622207db23d1f3da1666d523967bdc9c74b28ad52bd0c0c22
assets/textures/textures_webapp/pokemon/glalie/sprite-shiny.png,assets/textures/textures_webapp/pokemon/glalie/sprite-shiny.webp,96,96,1011,952,59,5.8358,false,below-byte-threshold,a0d0e8f9d9d3bc2cbf2d4c98c3d6c56fd4cf9b450e2fea137c5a342e9226a422
assets/textures/textures_webapp/pokemon/claydol/sprite.png,assets/textures/textures_webapp/pokemon/claydol/sprite.webp,96,96,1053,994,59,5.6030,false,below-byte-threshold,1110a9fa86bd9cf724e7ab2c3cd34d4b904556830492ba025861746300c6ffdc
assets/textures/textures_webapp/pokemon/torkoal/sprite.png,assets/textures/textures_webapp/pokemon/torkoal/sprite.webp,96,96,1171,1112,59,5.0384,false,below-byte-threshold,e4198a9cba3619d79c66375394fd4327f1305866df15aae0e9a2694b55393544
assets/textures/textures_webapp/pokemon/samurott/sprite.png,assets/textures/textures_webapp/pokemon/samurott/sprite.webp,96,96,1183,1124,59,4.9873,false,below-byte-threshold,fefcce4009683c7c8c0de79e76ccf8354fbd9af7504a4f6e45c631d71ba2f99e
assets/textures/textures_webapp/pokemon/exploud/sprite.png,assets/textures/textures_webapp/pokemon/exploud/sprite.webp,96,96,1219,1160,59,4.8400,false,below-byte-threshold,43a8fa6539cde57c18604aaa306e46b9d02a350a0d7c5de3dec469009447e300
assets/textures/textures_webapp/pokemon/garbodor/sprite-shiny.png,assets/textures/textures_webapp/pokemon/garbodor/sprite-shiny.webp,96,96,1339,1280,59,4.4063,false,below-byte-threshold,62a71196bc2ebf24e39a1008b497908bc341d8c8f9e9628cc6aec1bbd420c9af
assets/textures/textures_webapp/pokemon/kyurem/sprite-shiny.png,assets/textures/textures_webapp/pokemon/kyurem/sprite-shiny.webp,96,96,1385,1326,59,4.2599,false,below-byte-threshold,c467f2903ef29eb6144f8e584905fc77ff23f42dffeba4986d900419521a56ec
assets/textures/textures_webapp/pokemon/articuno/sprite-shiny.png,assets/textures/textures_webapp/pokemon/articuno/sprite-shiny.webp,96,96,1421,1362,59,4.1520,false,below-byte-threshold,23c8a257d2709a2646247fdc7cf0db268f821e77c2a2472ef8ef202a20540b9e
assets/textures/textures_webapp/pokemon/kabuto/sprite-shiny.png,assets/textures/textures_webapp/pokemon/kabuto/sprite-shiny.webp,96,96,394,336,58,14.7208,false,below-byte-threshold,0f759772bf8877c88cb5ec95870c405600570656d8061995ae3531d20aedf668
assets/textures/textures_webapp/pokemon/snom/sprite.png,assets/textures/textures_webapp/pokemon/snom/sprite.webp,96,96,402,344,58,14.4279,false,below-byte-threshold,aabfcd7cef29eaa05fe4886e32248981280f568bbbf77a4091d8946399509a2e
assets/textures/textures_webapp/pokemon/jigglypuff/sprite-shiny.png,assets/textures/textures_webapp/pokemon/jigglypuff/sprite-shiny.webp,96,96,492,434,58,11.7886,false,below-byte-threshold,33718b7cccc5b0a2f02697ef4873251fb7d1349662a34397c0af56b64dd342eb
assets/textures/textures_webapp/pokemon/oshawott/sprite.png,assets/textures/textures_webapp/pokemon/oshawott/sprite.webp,96,96,500,442,58,11.6000,false,below-byte-threshold,08bbb7f48fe3731612914e7b50a67a9a61f151b1d586b2e802ec4728e24ad08c
assets/textures/textures_webapp/pokemon/piplup/sprite-shiny.png,assets/textures/textures_webapp/pokemon/piplup/sprite-shiny.webp,96,96,502,444,58,11.5538,false,below-byte-threshold,0aa6b2422280ffcacf837585885c8beeb9f58c12c3d8fbf34c4ea64b25761a44
assets/textures/textures_webapp/pokemon/trubbish/sprite.png,assets/textures/textures_webapp/pokemon/trubbish/sprite.webp,96,96,516,458,58,11.2403,false,below-byte-threshold,0a4c862e7a12175774e2faaf64a1cdd13ff89952a4ad246ef4975adebeeb16b9
assets/textures/textures_webapp/pokemon/axew/sprite.png,assets/textures/textures_webapp/pokemon/axew/sprite.webp,96,96,538,480,58,10.7807,false,below-byte-threshold,eb8bafe2a77072681e27b9f46fffb6312f568efcdf29555ac2f7945e23437843
assets/textures/textures_webapp/pokemon/cubone/sprite.png,assets/textures/textures_webapp/pokemon/cubone/sprite.webp,96,96,588,530,58,9.8639,false,below-byte-threshold,398837d9fb3de7b7e1195cc1fdf80ee253c31c2ba13be000f6a40b6e9f8f925a
assets/textures/textures_webapp/pokemon/croagunk/sprite-shiny.png,assets/textures/textures_webapp/pokemon/croagunk/sprite-shiny.webp,96,96,604,546,58,9.6026,false,below-byte-threshold,74906b88e38c0bc2c4a49eb55ca4b55b38bb2f1a47f82e9e1416b515a98a2477
assets/textures/textures_webapp/pokemon/stunky/sprite.png,assets/textures/textures_webapp/pokemon/stunky/sprite.webp,96,96,604,546,58,9.6026,false,below-byte-threshold,499fcf5c7e46379ecf65b07e728fe90be0969c4c9baf2a0a5e7431daf96bc4af
assets/textures/textures_webapp/pokemon/uxie/sprite.png,assets/textures/textures_webapp/pokemon/uxie/sprite.webp,96,96,628,570,58,9.2357,false,below-byte-threshold,71f79e112fd891abdc5be6c9b606e02afd7a0bb20b3f8e19f2e291fad76a4eae
assets/textures/textures_webapp/pokemon/rufflet/sprite.png,assets/textures/textures_webapp/pokemon/rufflet/sprite.webp,96,96,678,620,58,8.5546,false,below-byte-threshold,6cab13da7422fb8969c6648994310453c9a821aae4b3166d8db755ec558960fc
assets/textures/textures_webapp/pokemon/shedinja/sprite.png,assets/textures/textures_webapp/pokemon/shedinja/sprite.webp,96,96,694,636,58,8.3573,false,below-byte-threshold,f552ed7bb563305c16640112d8695da0d4847592cab38d4436a084cd901195e4
assets/textures/textures_webapp/pokemon/roselia/sprite-shiny.png,assets/textures/textures_webapp/pokemon/roselia/sprite-shiny.webp,96,96,728,670,58,7.9670,false,below-byte-threshold,cd003cbc0ea11e8a49e3b5011525134a09be6db7c5e6b26fd4715c0f41d65f3d
assets/textures/textures_webapp/pokemon/corphish/sprite-shiny.png,assets/textures/textures_webapp/pokemon/corphish/sprite-shiny.webp,96,96,754,696,58,7.6923,false,below-byte-threshold,ca22c43dd25d13446a6679de70f7b44bfdb7bf6af8d97e2fb46485abd9c8f88a
assets/textures/textures_webapp/pokemon/ledian/sprite-shiny.png,assets/textures/textures_webapp/pokemon/ledian/sprite-shiny.webp,96,96,768,710,58,7.5521,false,below-byte-threshold,d474b0f10ce5eae4ee70bc00e07a008a9e45ccab19482610da4e2ab9247d427e
assets/textures/textures_webapp/pokemon/hoopa-confined/sprite.png,assets/textures/textures_webapp/pokemon/hoopa-confined/sprite.webp,96,96,774,716,58,7.4935,false,below-byte-threshold,36eec91d3029f1197dde2da1657344b1ebff9efa9310ea9ae98981abc05df8c9
assets/textures/textures_webapp/pokemon/blissey/sprite.png,assets/textures/textures_webapp/pokemon/blissey/sprite.webp,96,96,804,746,58,7.2139,false,below-byte-threshold,6dec5d787f0c27642fb46dfa67770de08437a761f7734b55bbea8b8454a8363f
assets/textures/textures_webapp/pokemon/lickitung/sprite.png,assets/textures/textures_webapp/pokemon/lickitung/sprite.webp,96,96,900,842,58,6.4444,false,below-byte-threshold,26ce0f74196bb4cf195f2713d3988af2c1910d35ad33d6bccb805f3d48dddee9
assets/textures/textures_webapp/pokemon/skuntank/sprite-shiny.png,assets/textures/textures_webapp/pokemon/skuntank/sprite-shiny.webp,96,96,922,864,58,6.2907,false,below-byte-threshold,4a60de207a523d39c949c6148e61f7446dc1b7d0b8eec13da68187295ed9f74c
assets/textures/textures_webapp/pokemon/golett/sprite-shiny.png,assets/textures/textures_webapp/pokemon/golett/sprite-shiny.webp,96,96,926,868,58,6.2635,false,below-byte-threshold,1d3ef2c6a8faa900609e1c60c26b2d5ada008793e207c4ff41fc7666fd7cad10
assets/textures/textures_webapp/pokemon/polteageist/sprite.png,assets/textures/textures_webapp/pokemon/polteageist/sprite.webp,96,96,936,878,58,6.1966,false,below-byte-threshold,1e6419b98d3cc12a2e5200e6cd890421f59e141cc0ec7966fc242c6ff5b5ca06
assets/textures/textures_webapp/pokemon/deoxys-speed/sprite.png,assets/textures/textures_webapp/pokemon/deoxys-speed/sprite.webp,96,96,950,892,58,6.1053,false,below-byte-threshold,e0c301322806e468e63f4972a71c1b2002a541c37a81484bc38fabe50c3a8f36
assets/textures/textures_webapp/pokemon/talonflame/sprite-shiny.png,assets/textures/textures_webapp/pokemon/talonflame/sprite-shiny.webp,96,96,992,934,58,5.8468,false,below-byte-threshold,52e5a2bc92479ca2fac02275c0afd8a8983c3526a8eeccb3b163fb1e20def1ec
assets/textures/textures_webapp/pokemon/purugly/sprite.png,assets/textures/textures_webapp/pokemon/purugly/sprite.webp,96,96,1038,980,58,5.5877,false,below-byte-threshold,5f0f07217bb5ebcb71c8446ce66370afd6e81feca43e826437fef7b8c7cc1119
assets/textures/textures_webapp/pokemon/blaziken/sprite-shiny.png,assets/textures/textures_webapp/pokemon/blaziken/sprite-shiny.webp,96,96,1046,988,58,5.5449,false,below-byte-threshold,c00ca3283a7b9debff9f90fb05d345c2c87235fcd2b1d58c638bc2e6e7476a35
assets/textures/textures_webapp/pokemon/dusknoir/sprite-shiny.png,assets/textures/textures_webapp/pokemon/dusknoir/sprite-shiny.webp,96,96,1048,990,58,5.5344,false,below-byte-threshold,97f64fb5168daf390d1714450a4ab84b2930a7b556edb08dc3ae6225a396d829
assets/textures/textures_webapp/pokemon/hippowdon/sprite-f-shiny.png,assets/textures/textures_webapp/pokemon/hippowdon/sprite-f-shiny.webp,96,96,1064,1006,58,5.4511,false,below-byte-threshold,bf17f4be292a490d3b0156eb32b3de9bcc1a2561962bb2d149d8b52861a48700
assets/textures/textures_webapp/pokemon/torkoal/sprite-shiny.png,assets/textures/textures_webapp/pokemon/torkoal/sprite-shiny.webp,96,96,1174,1116,58,4.9404,false,below-byte-threshold,9c87a0c9441932279323542c532bc3c883eedf3c982ae75d080cd09739903f5c
assets/textures/textures_webapp/pokemon/magmortar/sprite-shiny.png,assets/textures/textures_webapp/pokemon/magmortar/sprite-shiny.webp,96,96,1274,1216,58,4.5526,false,below-byte-threshold,6aed6860d7e2cebc7c1e5e9ac36f32da25652dc49b88687c32c657e1d26b5887
assets/textures/textures_webapp/pokemon/garbodor/sprite.png,assets/textures/textures_webapp/pokemon/garbodor/sprite.webp,96,96,1340,1282,58,4.3284,false,below-byte-threshold,55e78f7b26d3ebf9fe04b69f045d5d2a588e2f8e39fc8a6dd0f6adbfa4c32c19
assets/textures/textures_webapp/pokemon/hydreigon/sprite-shiny.png,assets/textures/textures_webapp/pokemon/hydreigon/sprite-shiny.webp,96,96,1354,1296,58,4.2836,false,below-byte-threshold,5e61e1044920b62b2b6fcd2e5bf35ac06b04f03b56763d08fd406689827a1147
assets/textures/textures_webapp/pokemon/diglett/sprite.png,assets/textures/textures_webapp/pokemon/diglett/sprite.webp,96,96,439,382,57,12.9841,false,below-byte-threshold,5a684b817cc37352e89cdfcd4586be07bd4af9132b312d2d8849ef28339e2d32
assets/textures/textures_webapp/pokemon/horsea/sprite-shiny.png,assets/textures/textures_webapp/pokemon/horsea/sprite-shiny.webp,96,96,453,396,57,12.5828,false,below-byte-threshold,1f4c99fcf7abd0dd64e7264cc48708fd8e0da2fa5ebcebf05feec89655b60b42
assets/textures/textures_webapp/pokemon/nidoran-f/sprite.png,assets/textures/textures_webapp/pokemon/nidoran-f/sprite.webp,96,96,493,436,57,11.5619,false,below-byte-threshold,1f4c16ac55cab0f5ae693fc705fb48259f585c5988f4e7e1743ccde412b05079
assets/textures/textures_webapp/pokemon/pancham/sprite-shiny.png,assets/textures/textures_webapp/pokemon/pancham/sprite-shiny.webp,96,96,493,436,57,11.5619,false,below-byte-threshold,5e77649c8288099abfc293a7645d5412827098f79111988eaab034489a8bac01
assets/textures/textures_webapp/pokemon/pidgey/sprite-shiny.png,assets/textures/textures_webapp/pokemon/pidgey/sprite-shiny.webp,96,96,555,498,57,10.2703,false,below-byte-threshold,a4e0047e0d2e14d0f61bbda191b4c74fbaec7d5c6e54749a59d572bff8b67843
assets/textures/textures_webapp/pokemon/clauncher/sprite.png,assets/textures/textures_webapp/pokemon/clauncher/sprite.webp,96,96,559,502,57,10.1968,false,below-byte-threshold,3b27effadb06684b0d1cf252fc89580a244e6bff7ec5c6233d90c4636e54d638
assets/textures/textures_webapp/pokemon/phione/sprite-shiny.png,assets/textures/textures_webapp/pokemon/phione/sprite-shiny.webp,96,96,561,504,57,10.1604,false,below-byte-threshold,16fb4c658b76383b9dfac3de3acaca50588c242cd90ac97153fb1b27dfdc2635
assets/textures/textures_webapp/pokemon/electrode/sprite.png,assets/textures/textures_webapp/pokemon/electrode/sprite.webp,96,96,567,510,57,10.0529,false,below-byte-threshold,8e19c5d0c01a03ab9fd359e5d57365afcf011ed7bae0e04507c55b92152255cd
assets/textures/textures_webapp/pokemon/poliwag/sprite.png,assets/textures/textures_webapp/pokemon/poliwag/sprite.webp,96,96,581,524,57,9.8107,false,below-byte-threshold,4579797f6597e26f440c981b90377815d604434ce2400d26c9b0ba146aba435b
assets/textures/textures_webapp/pokemon/bellossom/sprite-shiny.png,assets/textures/textures_webapp/pokemon/bellossom/sprite-shiny.webp,96,96,601,544,57,9.4842,false,below-byte-threshold,8b60108ae3995322edb5bd722fd3c3e5400907e1650414eb861a48cbd58f7108
assets/textures/textures_webapp/pokemon/bellossom/sprite.png,assets/textures/textures_webapp/pokemon/bellossom/sprite.webp,96,96,601,544,57,9.4842,false,below-byte-threshold,1d6d85b29d5a3e7603708107e30c7a0c5c2bdcae297ef707a4bdadd64d77352b
assets/textures/textures_webapp/pokemon/fennekin/sprite-shiny.png,assets/textures/textures_webapp/pokemon/fennekin/sprite-shiny.webp,96,96,613,556,57,9.2985,false,below-byte-threshold,a5338c5ac1d26b77da3b7ad160b3aa86e56573c2f90fdb57c919363576221378
assets/textures/textures_webapp/pokemon/seadra/sprite.png,assets/textures/textures_webapp/pokemon/seadra/sprite.webp,96,96,719,662,57,7.9277,false,below-byte-threshold,24f4305d0d42396dc1fa7e5d81a89f3d6617493503131872450baef603c48adf
assets/textures/textures_webapp/pokemon/meloetta---aria/sprite-shiny.png,assets/textures/textures_webapp/pokemon/meloetta---aria/sprite-shiny.webp,96,96,725,668,57,7.8621,false,below-byte-threshold,1d116d45419367acf04b993c809ea55e95fe327fe79d97fe0d372935f11d76e4
assets/textures/textures_webapp/pokemon/nuzleaf/sprite.png,assets/textures/textures_webapp/pokemon/nuzleaf/sprite.webp,96,96,741,684,57,7.6923,false,below-byte-threshold,efae01c3427ea3fc3de453fa22c6260d0fa159c0c9929fc35a21897a5e3f810c
assets/textures/textures_webapp/pokemon/vulpix/sprite.png,assets/textures/textures_webapp/pokemon/vulpix/sprite.webp,96,96,749,692,57,7.6101,false,below-byte-threshold,e6570901e9e1b7c6f949b9bc208edc18bc7e8fde5c3509559706a3a72e779ca8
assets/textures/textures_webapp/pokemon/rotom-heat/sprite.png,assets/textures/textures_webapp/pokemon/rotom-heat/sprite.webp,96,96,759,702,57,7.5099,false,below-byte-threshold,4cc98d15b04b07a0a448adbc49b856a10f633e5fef7172fed7b6ae9289a108eb
assets/textures/textures_webapp/pokemon/kecleon/sprite-shiny.png,assets/textures/textures_webapp/pokemon/kecleon/sprite-shiny.webp,96,96,765,708,57,7.4510,false,below-byte-threshold,a11b9d077253905f866069fbe58bc25f174155d0599e6e3c613c86b73d8a8563
assets/textures/textures_webapp/pokemon/blissey/sprite-shiny.png,assets/textures/textures_webapp/pokemon/blissey/sprite-shiny.webp,96,96,803,746,57,7.0984,false,below-byte-threshold,4dc4a5fc6e15c89b4198f6e2c1741c2915f07826b78b97839270fe1149c1c840
assets/textures/textures_webapp/pokemon/lickilicky/sprite-shiny.png,assets/textures/textures_webapp/pokemon/lickilicky/sprite-shiny.webp,96,96,855,798,57,6.6667,false,below-byte-threshold,c74fc9e68c7b934a0df30c96db61d3cf10cf655204a3aafd44b5a7cd072d688a
assets/textures/textures_webapp/pokemon/gardevoir/sprite.png,assets/textures/textures_webapp/pokemon/gardevoir/sprite.webp,96,96,859,802,57,6.6356,false,below-byte-threshold,9b50d4823d62cb193a22d4d4716840caf7b8aedbfdb166ecd5d6a5aeb51ba358
assets/textures/textures_webapp/pokemon/vespiquen/sprite.png,assets/textures/textures_webapp/pokemon/vespiquen/sprite.webp,96,96,875,818,57,6.5143,false,below-byte-threshold,b317c781cbaa13a67cf8b03b98aae08b657a5be5d7c68d21b27fbcec1294c781
assets/textures/textures_webapp/pokemon/throh/sprite-shiny.png,assets/textures/textures_webapp/pokemon/throh/sprite-shiny.webp,96,96,899,842,57,6.3404,false,below-byte-threshold,00711fc752835c324c4e432e2131f74283fbe4b5c87b314a5c6bdf1d54c6c555
assets/textures/textures_webapp/pokemon/starmie/sprite-shiny.png,assets/textures/textures_webapp/pokemon/starmie/sprite-shiny.webp,96,96,935,878,57,6.0963,false,below-byte-threshold,468e43cee6be00fb58fd7ebbe6b1ffc8189165f07fe0baa2ce38eeb27c446401
assets/textures/textures_webapp/pokemon/whiscash/sprite.png,assets/textures/textures_webapp/pokemon/whiscash/sprite.webp,96,96,937,880,57,6.0832,false,below-byte-threshold,bdffc2d9b5d4eff14bc00964b41ca85aa2c7b2e6c7df6088cf1704a8e50ad34b
assets/textures/textures_webapp/pokemon/starmie/sprite.png,assets/textures/textures_webapp/pokemon/starmie/sprite.webp,96,96,941,884,57,6.0574,false,below-byte-threshold,85e1042ca742c858b369d434cbf03cd84752d94f7bfb3628b6839fefe6808be8
assets/textures/textures_webapp/pokemon/deoxys-speed/sprite-shiny.png,assets/textures/textures_webapp/pokemon/deoxys-speed/sprite-shiny.webp,96,96,951,894,57,5.9937,false,below-byte-threshold,1da0d31685b341d717a3d40bf1cea58e48450fdbcee0eef351de84ab13083ee4
assets/textures/textures_webapp/pokemon/huntail/sprite.png,assets/textures/textures_webapp/pokemon/huntail/sprite.webp,96,96,1039,982,57,5.4860,false,below-byte-threshold,9f7d77c1f8cb50f6618809a4b80b1e2ad4aec9202fa64eefd6fea141fce7c4eb
assets/textures/textures_webapp/pokemon/tyranitar/sprite-shiny.png,assets/textures/textures_webapp/pokemon/tyranitar/sprite-shiny.webp,96,96,1061,1004,57,5.3723,false,below-byte-threshold,056de9f7fe4e3092fcff963527ca4c0cc0f5737f103fddeea456f7b9b8274877
assets/textures/textures_webapp/pokemon/dodrio/sprite.png,assets/textures/textures_webapp/pokemon/dodrio/sprite.webp,96,96,1121,1064,57,5.0847,false,below-byte-threshold,6309667bf45d64cc8693853f1f4b35502f0d8c299813bc6604098ddbd19a8ec7
assets/textures/textures_webapp/pokemon/landorus/sprite-shiny.png,assets/textures/textures_webapp/pokemon/landorus/sprite-shiny.webp,96,96,1273,1216,57,4.4776,false,below-byte-threshold,19cabd05dbd51ef30d7113f2f757f4090249528760c6ae77d5ffb60f2d587d59
assets/textures/textures_webapp/pokemon/voltorb/sprite-shiny.png,assets/textures/textures_webapp/pokemon/voltorb/sprite-shiny.webp,96,96,382,326,56,14.6597,false,below-byte-threshold,bbca0e4ffee1502377ea10a8512d7149df97456910c41fd9ee567d7e35f6f1c9
assets/textures/textures_webapp/pokemon/surskit/sprite.png,assets/textures/textures_webapp/pokemon/surskit/sprite.webp,96,96,422,366,56,13.2701,false,below-byte-threshold,bf5d3a69d7b8d011827cf21ca1071ba56fe0b40276a3afec565902bf79386824
assets/textures/textures_webapp/pokemon/surskit/sprite-shiny.png,assets/textures/textures_webapp/pokemon/surskit/sprite-shiny.webp,96,96,424,368,56,13.2075,false,below-byte-threshold,1d67ba7aea748ea84a85b1d9fd96d4ac5e25c7a83c39b324789f740243fe6c86
assets/textures/textures_webapp/pokemon/horsea/sprite.png,assets/textures/textures_webapp/pokemon/horsea/sprite.webp,96,96,454,398,56,12.3348,false,below-byte-threshold,2577b16438090e7bb73788633b7e3c509dedd102568b5c8959cbb79ba80dcc79
assets/textures/textures_webapp/pokemon/pichu/sprite.png,assets/textures/textures_webapp/pokemon/pichu/sprite.webp,96,96,466,410,56,12.0172,false,below-byte-threshold,be89e78d972af143fd1e8d0605213d87baef8f39abb1729a4d1ee5ec5ec45fee
assets/textures/textures_webapp/pokemon/phanpy/sprite.png,assets/textures/textures_webapp/pokemon/phanpy/sprite.webp,96,96,468,412,56,11.9658,false,below-byte-threshold,9638a4d527cc6fedfd55dbe034ee5c24f8df42c8194417002176f94b0eff47d8
assets/textures/textures_webapp/pokemon/barboach/sprite.png,assets/textures/textures_webapp/pokemon/barboach/sprite.webp,96,96,492,436,56,11.3821,false,below-byte-threshold,72a4db0cee51eaf5ca9e97fc431eb9da2becaa7a3456ad5a3571a8673b5ed776
assets/textures/textures_webapp/pokemon/pincurchin/sprite-shiny.png,assets/textures/textures_webapp/pokemon/pincurchin/sprite-shiny.webp,96,96,522,466,56,10.7280,false,below-byte-threshold,b3564bb84c96ed2ec35e6fb3e54aee2a6b283527e2fa1227a430092bcf5ef20b
assets/textures/textures_webapp/pokemon/pincurchin/sprite.png,assets/textures/textures_webapp/pokemon/pincurchin/sprite.webp,96,96,522,466,56,10.7280,false,below-byte-threshold,51273dddde774e75ccf3fd60bbb8765258d014c2f8d3f655b42b56aeafc38a72
assets/textures/textures_webapp/pokemon/snorunt/sprite-shiny.png,assets/textures/textures_webapp/pokemon/snorunt/sprite-shiny.webp,96,96,542,486,56,10.3321,false,below-byte-threshold,fea1efa962d82580ba08a37f8474fb3655ac112c97a34e4e7ca4347d8af50e80
assets/textures/textures_webapp/pokemon/cherrim-sunshine/sprite-shiny.png,assets/textures/textures_webapp/pokemon/cherrim-sunshine/sprite-shiny.webp,96,96,552,496,56,10.1449,false,below-byte-threshold,fd5554617587faadc99fc78f6e1c7a4af76967da72b6a590aaf09624d2c6499b
assets/textures/textures_webapp/pokemon/bellsprout/sprite.png,assets/textures/textures_webapp/pokemon/bellsprout/sprite.webp,96,96,566,510,56,9.8940,false,below-byte-threshold,967331bbefdac1e182903ed24816d577a7d59a15b5afd9a1a01642779c150850
assets/textures/textures_webapp/pokemon/basculin/sprite.png,assets/textures/textures_webapp/pokemon/basculin/sprite.webp,96,96,594,538,56,9.4276,false,below-byte-threshold,58298a5e6486f0eab674bd35af9b1d6bd041a6e636149a74590e35b444ad71ea
assets/textures/textures_webapp/pokemon/mantyke/sprite.png,assets/textures/textures_webapp/pokemon/mantyke/sprite.webp,96,96,610,554,56,9.1803,false,below-byte-threshold,36e4f5c5851e4d15662bb37a8f81651b3fea8fad16e3db28b0437a9b3ad56758
assets/textures/textures_webapp/pokemon/shuckle/sprite.png,assets/textures/textures_webapp/pokemon/shuckle/sprite.webp,96,96,610,554,56,9.1803,false,below-byte-threshold,4f837570b86defa7cfbae64971d2ef0919f441479430a63954bbf61a6568c36a
assets/textures/textures_webapp/pokemon/mime-jr/sprite-shiny.png,assets/textures/textures_webapp/pokemon/mime-jr/sprite-shiny.webp,96,96,614,558,56,9.1205,false,below-byte-threshold,9a4eee3670787972821eb11b6ba0237b03374231ad06c7697e4912103fa97cbc
assets/textures/textures_webapp/pokemon/chansey/sprite.png,assets/textures/textures_webapp/pokemon/chansey/sprite.webp,96,96,630,574,56,8.8889,false,below-byte-threshold,217ed29b30eac572fb5349492c6aa3b29fe834b8b56e890423e2aacb9ea7316a
assets/textures/textures_webapp/pokemon/togekiss/sprite-shiny.png,assets/textures/textures_webapp/pokemon/togekiss/sprite-shiny.webp,96,96,670,614,56,8.3582,false,below-byte-threshold,5f38ebaf9d9802267b28cd392356faefcdd2609bcfb69dea65f490e99cb154a7
assets/textures/textures_webapp/pokemon/gastrodon/sprite-shiny.png,assets/textures/textures_webapp/pokemon/gastrodon/sprite-shiny.webp,96,96,686,630,56,8.1633,false,below-byte-threshold,8e9753fe2c33f4a2e62da79ac6293c93d5e80d473fa05b9a59a187c1a2220a66
assets/textures/textures_webapp/pokemon/krabby/sprite-shiny.png,assets/textures/textures_webapp/pokemon/krabby/sprite-shiny.webp,96,96,686,630,56,8.1633,false,below-byte-threshold,d47c6a8c2b5e8340cfec1184e7728d3b4a2ae58f5be40f864a075c08886cfeb8
assets/textures/textures_webapp/pokemon/eelektrik/sprite-shiny.png,assets/textures/textures_webapp/pokemon/eelektrik/sprite-shiny.webp,96,96,752,696,56,7.4468,false,below-byte-threshold,e18f38ee17d0ab5fb62b9cafdca5631463f0db058427149dc7864ca33cc14e47
assets/textures/textures_webapp/pokemon/volbeat/sprite-shiny.png,assets/textures/textures_webapp/pokemon/volbeat/sprite-shiny.webp,96,96,772,716,56,7.2539,false,below-byte-threshold,86784b6d94d1b846716b12d5675bb20bb2771a3615e887e28f659f096c5f25a4
assets/textures/textures_webapp/pokemon/charmeleon/sprite-shiny.png,assets/textures/textures_webapp/pokemon/charmeleon/sprite-shiny.webp,96,96,832,776,56,6.7308,false,below-byte-threshold,903c39426962715655e51b4fb7f24bdf999be6abae8dac55160d6af77fcbfd99
assets/textures/textures_webapp/pokemon/sandslash/sprite-shiny.png,assets/textures/textures_webapp/pokemon/sandslash/sprite-shiny.webp,96,96,832,776,56,6.7308,false,below-byte-threshold,b8571a2b259d32dd2318e0457c9a40a5b8ed1ac0b26461ee1d122136762dc91f
assets/textures/textures_webapp/pokemon/pelipper/sprite.png,assets/textures/textures_webapp/pokemon/pelipper/sprite.webp,96,96,840,784,56,6.6667,false,below-byte-threshold,ba0ec802a07fc623315a53291a3310309be85039ce5c1ffd4dc0d3fb4ccf7b0d
assets/textures/textures_webapp/pokemon/gardevoir/sprite-shiny.png,assets/textures/textures_webapp/pokemon/gardevoir/sprite-shiny.webp,96,96,862,806,56,6.4965,false,below-byte-threshold,9890eca248bcb3336fbd2340e5c9417eb7f848f2dffe8fee72881f19188a165b
assets/textures/textures_webapp/pokemon/jynx/sprite.png,assets/textures/textures_webapp/pokemon/jynx/sprite.webp,96,96,994,938,56,5.6338,false,below-byte-threshold,a879f47a18df6db4639db9c675dd9df229982da6a950f602a6ca8307df78d37d
assets/textures/textures_webapp/pokemon/zoroark/sprite-shiny.png,assets/textures/textures_webapp/pokemon/zoroark/sprite-shiny.webp,96,96,1014,958,56,5.5227,false,below-byte-threshold,ef2198b4434cfcf6cf579eace28a7449371e2014bdf46b4542268258b834a37c
assets/textures/textures_webapp/pokemon/latios/sprite-shiny.png,assets/textures/textures_webapp/pokemon/latios/sprite-shiny.webp,96,96,1048,992,56,5.3435,false,below-byte-threshold,661053c58c8e4cb2f34291908038ec321daac21ceb536dfde76357fcce3eb5f8
assets/textures/textures_webapp/pokemon/cradily/sprite-shiny.png,assets/textures/textures_webapp/pokemon/cradily/sprite-shiny.webp,96,96,1068,1012,56,5.2434,false,below-byte-threshold,4c2eda97dfd823e52dfc65b08cf18b2087c1bbf7f205c6a8a275948c2eada7c5
assets/textures/textures_webapp/pokemon/carracosta/sprite.png,assets/textures/textures_webapp/pokemon/carracosta/sprite.webp,96,96,1076,1020,56,5.2045,false,below-byte-threshold,0623ce4e47ec5f125f2fe3a422472fb1ef150390b5094a5c8b65d603d9ff1e30
assets/textures/textures_webapp/pokemon/blastoise/sprite.png,assets/textures/textures_webapp/pokemon/blastoise/sprite.webp,96,96,1170,1114,56,4.7863,false,below-byte-threshold,2e5c01864bc31d58dd44d7bde910d0c9a334a05b83d3fd13870d669b1d4c439d
assets/textures/textures_webapp/pokemon/fearow/sprite.png,assets/textures/textures_webapp/pokemon/fearow/sprite.webp,96,96,1302,1246,56,4.3011,false,below-byte-threshold,e6710c57bc083dd48b2023725711dfecdb34453823931f14a66e7da727f5b434
assets/textures/textures_webapp/pokemon/blacephalon/sprite.png,assets/textures/textures_webapp/pokemon/blacephalon/sprite.webp,96,96,1478,1422,56,3.7889,false,below-byte-threshold,83e897b96c417ffb489ad05953cb3d53733ecea4c8b09267436088465d9f9c76
assets/textures/textures_webapp/pokemon/gulpin/sprite.png,assets/textures/textures_webapp/pokemon/gulpin/sprite.webp,96,96,425,370,55,12.9412,false,below-byte-threshold,d38a230a82afd7c73b7ae77a7cc27e1dfe975ffca4b81e9f7915ec8c2adbb75a
assets/textures/textures_webapp/pokemon/shaymin-land/sprite.png,assets/textures/textures_webapp/pokemon/shaymin-land/sprite.webp,96,96,507,452,55,10.8481,false,below-byte-threshold,2a35598b8f5604033d18273ad11e71d667d38dae80ef5cefec24ffe519f5c32d
assets/textures/textures_webapp/pokemon/bonsly/sprite.png,assets/textures/textures_webapp/pokemon/bonsly/sprite.webp,96,96,537,482,55,10.2421,false,below-byte-threshold,ba45a7f451e80b7f61b6d4e4e4b0717f467139b61e49e73da852ace76b540467
assets/textures/textures_webapp/pokemon/basculin-blue-striped/sprite.png,assets/textures/textures_webapp/pokemon/basculin-blue-striped/sprite.webp,96,96,539,484,55,10.2041,false,below-byte-threshold,f39409e47f598e9bc32ce00cfd7c71dda39ee2c15f7a20c92538f1ca8cfdadc2
assets/textures/textures_webapp/pokemon/wormadam-plant-cloak/sprite-shiny.png,assets/textures/textures_webapp/pokemon/wormadam-plant-cloak/sprite-shiny.webp,96,96,577,522,55,9.5321,false,below-byte-threshold,c5e98387f4590ed709025803d428e3eb14de5a0dd8c55a4a7801d87c7cc1e60c
assets/textures/textures_webapp/pokemon/poliwag/sprite-shiny.png,assets/textures/textures_webapp/pokemon/poliwag/sprite-shiny.webp,96,96,583,528,55,9.4340,false,below-byte-threshold,793d1aec960d41a9e971e5bc03f77f393b1ed6972b33f643ba44c64c89a7df0b
assets/textures/textures_webapp/pokemon/mime-jr/sprite.png,assets/textures/textures_webapp/pokemon/mime-jr/sprite.webp,96,96,613,558,55,8.9723,false,below-byte-threshold,b8925d72a63d127b671d7583d74f853d9fc32d8de7dc92a700f90241cd55db21
assets/textures/textures_webapp/pokemon/servine/sprite-shiny.png,assets/textures/textures_webapp/pokemon/servine/sprite-shiny.webp,96,96,625,570,55,8.8000,false,below-byte-threshold,10ec8845b4b2302e51464d437a1658e24aa7aec9e2a93cf77a52445add72af70
assets/textures/textures_webapp/pokemon/chansey/sprite-shiny.png,assets/textures/textures_webapp/pokemon/chansey/sprite-shiny.webp,96,96,641,586,55,8.5803,false,below-byte-threshold,7e403637f40d1cb112e7c0c14f64a945eac75c38d4f39472dd53576de2c3b6f5
assets/textures/textures_webapp/pokemon/froslass/sprite-shiny.png,assets/textures/textures_webapp/pokemon/froslass/sprite-shiny.webp,96,96,713,658,55,7.7139,false,below-byte-threshold,b0e3da6615ff2a00aa44f54fdb89572bfea13fe32aa0155d3cd98c77842be1e3
assets/textures/textures_webapp/pokemon/nuzleaf/sprite-shiny.png,assets/textures/textures_webapp/pokemon/nuzleaf/sprite-shiny.webp,96,96,743,688,55,7.4024,false,below-byte-threshold,efdb46e4acbe2253e835855adcc77994050def6c1640a3c5880091ecedc2d41a
assets/textures/textures_webapp/pokemon/eelektrik/sprite.png,assets/textures/textures_webapp/pokemon/eelektrik/sprite.webp,96,96,751,696,55,7.3236,false,below-byte-threshold,f84866bc072d3b0787e961016027de6f4b336b02d60dd55e8cf333339574e6e0
assets/textures/textures_webapp/pokemon/kecleon/sprite.png,assets/textures/textures_webapp/pokemon/kecleon/sprite.webp,96,96,763,708,55,7.2084,false,below-byte-threshold,74248f43c63a77e132f0e48b63cb6442d504099ce832d87cea4160293e53d56e
assets/textures/textures_webapp/pokemon/noctowl/sprite-shiny.png,assets/textures/textures_webapp/pokemon/noctowl/sprite-shiny.webp,96,96,783,728,55,7.0243,false,below-byte-threshold,5e0ba7fc2710ff0b1150caeabde992b357537de891603dcb1e767477eaa0605b
assets/textures/textures_webapp/pokemon/swalot/sprite-shiny.png,assets/textures/textures_webapp/pokemon/swalot/sprite-shiny.webp,96,96,787,732,55,6.9886,false,below-byte-threshold,e9fc3cdb586f2c2b4a4fcb8f38f199e1340b1492f5f98ffc3a35795601b1eff2
assets/textures/textures_webapp/pokemon/fraxure/sprite-shiny.png,assets/textures/textures_webapp/pokemon/fraxure/sprite-shiny.webp,96,96,875,820,55,6.2857,false,below-byte-threshold,541462b5fa27a53107a2ae4ebe84444c2c954fb3805719fa8e20da79c4f1b0f7
assets/textures/textures_webapp/pokemon/mr-rime/sprite-shiny.png,assets/textures/textures_webapp/pokemon/mr-rime/sprite-shiny.webp,96,96,879,824,55,6.2571,false,below-byte-threshold,ec2b61e44e6ece74b938b521d76f387b12dca912b521246e14d3e3eab8a45e6a
assets/textures/textures_webapp/pokemon/monferno/sprite.png,assets/textures/textures_webapp/pokemon/monferno/sprite.webp,96,96,887,832,55,6.2007,false,below-byte-threshold,39d47178f7d5fd95186eeb139249247b4dfbae2bd2e98a7ec3133b235af82bdc
assets/textures/textures_webapp/pokemon/skuntank/sprite.png,assets/textures/textures_webapp/pokemon/skuntank/sprite.webp,96,96,921,866,55,5.9718,false,below-byte-threshold,a2d6361a55dddad5e3fb99e6271aaa9b8a2bb284d4aa262da7c1b794c691fc5e
assets/textures/textures_webapp/pokemon/poliwrath/sprite-shiny.png,assets/textures/textures_webapp/pokemon/poliwrath/sprite-shiny.webp,96,96,941,886,55,5.8448,false,below-byte-threshold,e763d842229ddee4c300fcc674a17ad024ba731367b1cef3301d2d7882f0087e
assets/textures/textures_webapp/pokemon/jynx/sprite-shiny.png,assets/textures/textures_webapp/pokemon/jynx/sprite-shiny.webp,96,96,993,938,55,5.5388,false,below-byte-threshold,ea50ead931cb5eeb9da1b312ec4b9e9522cb040784a93aaacbc337cf32416c0a
assets/textures/textures_webapp/pokemon/walrein/sprite-shiny.png,assets/textures/textures_webapp/pokemon/walrein/sprite-shiny.webp,96,96,1083,1028,55,5.0785,false,below-byte-threshold,5448958dadc1958a30b0397d16ae159a76ac45f99f48f63916a7b5f9dc145bfc
assets/textures/textures_webapp/pokemon/eelektross/sprite.png,assets/textures/textures_webapp/pokemon/eelektross/sprite.webp,96,96,1177,1122,55,4.6729,false,below-byte-threshold,52036db76a013518297f38d2870e473aaf9ced26c592ee0e94e0497225ab71a3
assets/textures/textures_webapp/pokemon/magmortar/sprite.png,assets/textures/textures_webapp/pokemon/magmortar/sprite.webp,96,96,1275,1220,55,4.3137,false,below-byte-threshold,f2c6303affabb812f72a467d0dcf10a05e36c3bc937276c74acf36c9cde48729
assets/textures/textures_webapp/pokemon/snom/sprite-shiny.png,assets/textures/textures_webapp/pokemon/snom/sprite-shiny.webp,96,96,402,348,54,13.4328,false,below-byte-threshold,ff0454c681473c6f91e6b96d66ca48762ae2b44ada300728d24e2613b9372e88
assets/textures/textures_webapp/pokemon/wooper/sprite.png,assets/textures/textures_webapp/pokemon/wooper/sprite.webp,96,96,466,412,54,11.5880,false,below-byte-threshold,447d19d064f0acf3baf864f2a212fcfd21d8bc606829ae78d4f12f66c1d694fd
assets/textures/textures_webapp/pokemon/seedot/sprite-shiny.png,assets/textures/textures_webapp/pokemon/seedot/sprite-shiny.webp,96,96,472,418,54,11.4407,false,below-byte-threshold,25c9ad5897b1f701ff97f240c38df8b34425fd635a4dfde4b31eed3570f271f0
assets/textures/textures_webapp/pokemon/snivy/sprite.png,assets/textures/textures_webapp/pokemon/snivy/sprite.webp,96,96,500,446,54,10.8000,false,below-byte-threshold,ccea8221cc83c32e672b8b5c40a4241afd20903c20a3e806fbcf6759e6ca8968
assets/textures/textures_webapp/pokemon/shellder/sprite.png,assets/textures/textures_webapp/pokemon/shellder/sprite.webp,96,96,532,478,54,10.1504,false,below-byte-threshold,9914c629733a59703ddcf410754af70b6e636bada3b71f657275b3a42570b7fe
assets/textures/textures_webapp/pokemon/rotom/sprite.png,assets/textures/textures_webapp/pokemon/rotom/sprite.webp,96,96,544,490,54,9.9265,false,below-byte-threshold,31aed124e1f25881602ec192455469672d35ce4e0a657fde24a79953a60ccd47
assets/textures/textures_webapp/pokemon/tyrogue/sprite-shiny.png,assets/textures/textures_webapp/pokemon/tyrogue/sprite-shiny.webp,96,96,544,490,54,9.9265,false,below-byte-threshold,c303e0df006616defbe26efc7ab6226793417d3bd7b73c6132a778c0c2b0eb77
assets/textures/textures_webapp/pokemon/mudkip/sprite.png,assets/textures/textures_webapp/pokemon/mudkip/sprite.webp,96,96,550,496,54,9.8182,false,below-byte-threshold,783b9a5bcd41b2041cd2c4179eca60120d31eb2fe0b23c1a8e9cc613ae13921f
assets/textures/textures_webapp/pokemon/murkrow/sprite-shiny.png,assets/textures/textures_webapp/pokemon/murkrow/sprite-shiny.webp,96,96,554,500,54,9.7473,false,below-byte-threshold,98f60c8d2d1297239be7e939fc44edbacaf8b02c1f62019864ae6407873e18f3
assets/textures/textures_webapp/pokemon/electrode/sprite-shiny.png,assets/textures/textures_webapp/pokemon/electrode/sprite-shiny.webp,96,96,564,510,54,9.5745,false,below-byte-threshold,cea406acfb219a473365ab68028bea5b011bf83cc7aa3a042100923d9d9a7842
assets/textures/textures_webapp/pokemon/squirtle/sprite-shiny.png,assets/textures/textures_webapp/pokemon/squirtle/sprite-shiny.webp,96,96,576,522,54,9.3750,false,below-byte-threshold,db2a1223cf2363dd155ab5df9dbc693925d83c05e501094c8672cf1977b9a65b
assets/textures/textures_webapp/pokemon/throh/sprite.png,assets/textures/textures_webapp/pokemon/throh/sprite.webp,96,96,900,846,54,6.0000,false,below-byte-threshold,467dc664e1ec5ab68fc222e7fe5257c13b42b1e9dbc8fae3f789d4e78b4fa309
assets/textures/textures_webapp/pokemon/snorlax/sprite.png,assets/textures/textures_webapp/pokemon/snorlax/sprite.webp,96,96,916,862,54,5.8952,false,below-byte-threshold,ff3f16813263437d57c125dc6366d4057f76085920e2194d7152ca099b0be388
assets/textures/textures_webapp/pokemon/talonflame/sprite.png,assets/textures/textures_webapp/pokemon/talonflame/sprite.webp,96,96,992,938,54,5.4435,false,below-byte-threshold,f0ca59968477eb465a01c9b032f61d8a0bfdbbc1cc69c248875c8e015d915826
assets/textures/textures_webapp/pokemon/dracovish/sprite.png,assets/textures/textures_webapp/pokemon/dracovish/sprite.webp,96,96,1020,966,54,5.2941,false,below-byte-threshold,63cde3642c72c1df8b53914be7213364d91cba9213879084a902a1668ad76c98
assets/textures/textures_webapp/pokemon/huntail/sprite-shiny.png,assets/textures/textures_webapp/pokemon/huntail/sprite-shiny.webp,96,96,1040,986,54,5.1923,false,below-byte-threshold,15e76d084a1b8977be51f8738a18a3e8e29ebe344cfcae49aaee90f91ae865ed
assets/textures/textures_webapp/pokemon/calyrex/sprite.png,assets/textures/textures_webapp/pokemon/calyrex/sprite.webp,96,96,1044,990,54,5.1724,false,below-byte-threshold,7bc28cb3ed14d986379be26900b5b09270c82f37c967037ab5ba7091094535bd
assets/textures/textures_webapp/pokemon/ludicolo/sprite-shiny.png,assets/textures/textures_webapp/pokemon/ludicolo/sprite-shiny.webp,96,96,1180,1126,54,4.5763,false,below-byte-threshold,e1e377c49bfdfe4d4645d6441f0f7e22c77d2e9db68523285a72fb7f4a60cb09
assets/textures/textures_webapp/pokemon/cryogonal/sprite-shiny.png,assets/textures/textures_webapp/pokemon/cryogonal/sprite-shiny.webp,96,96,1258,1204,54,4.2925,false,below-byte-threshold,117981479978088788f31dd5cb2e7ebc3d30efc5719082ae6f57c187a44aac08
assets/textures/textures_webapp/pokemon/diglett/sprite-shiny.png,assets/textures/textures_webapp/pokemon/diglett/sprite-shiny.webp,96,96,443,390,53,11.9639,false,below-byte-threshold,64ba5380a3dea0858e080a3733eafc65b77b01519654cbaecc1b30ae7c6adcd1
assets/textures/textures_webapp/pokemon/snivy/sprite-shiny.png,assets/textures/textures_webapp/pokemon/snivy/sprite-shiny.webp,96,96,499,446,53,10.6212,false,below-byte-threshold,c6d483b236e56a5d731db88f7ec6df121f401f3825f3068a450d86fe27fdc41a
assets/textures/textures_webapp/pokemon/qwilfish/sprite-shiny.png,assets/textures/textures_webapp/pokemon/qwilfish/sprite-shiny.webp,96,96,559,506,53,9.4812,false,below-byte-threshold,3d1cf95ab91873c992da75cf3afaf78663a015e0cfe4603056ae4d6e4aa875c9
assets/textures/textures_webapp/pokemon/porygon/sprite.png,assets/textures/textures_webapp/pokemon/porygon/sprite.webp,96,96,561,508,53,9.4474,false,below-byte-threshold,7e58458daf65ff15400a1d166e7d2d0bdf326b1f1b85b53d9fa78283b9b3e5d0
assets/textures/textures_webapp/pokemon/dewott/sprite.png,assets/textures/textures_webapp/pokemon/dewott/sprite.webp,96,96,651,598,53,8.1413,false,below-byte-threshold,191abeefd3b661cd27db6a07f25f972963bd3e29b9e6fc698585b57308903228
assets/textures/textures_webapp/pokemon/dugtrio/sprite.png,assets/textures/textures_webapp/pokemon/dugtrio/sprite.webp,96,96,663,610,53,7.9940,false,below-byte-threshold,1764f1acf4999dacd6969847b1b0a2c4c833b9cb8dd373a388ef64dee159541d
assets/textures/textures_webapp/pokemon/mesprit/sprite-shiny.png,assets/textures/textures_webapp/pokemon/mesprit/sprite-shiny.webp,96,96,725,672,53,7.3103,false,below-byte-threshold,e31ed3dca5529e2d4eaee44dda22b1c491c037767ec72fc6cca472e08d40f4a1
assets/textures/textures_webapp/pokemon/roselia/sprite.png,assets/textures/textures_webapp/pokemon/roselia/sprite.webp,96,96,729,676,53,7.2702,false,below-byte-threshold,34ea04bc3c69032de700ae5a5b0da30e75fb904ff089abfe78a2be4c070c1e3b
assets/textures/textures_webapp/pokemon/linoone/sprite-shiny.png,assets/textures/textures_webapp/pokemon/linoone/sprite-shiny.webp,96,96,733,680,53,7.2306,false,below-byte-threshold,f2f08c9809ac3065dbf04b227bf1829f18cdd3245de068d20d2e7f587100a2ea
assets/textures/textures_webapp/pokemon/relicanth/sprite-shiny.png,assets/textures/textures_webapp/pokemon/relicanth/sprite-shiny.webp,96,96,763,710,53,6.9463,false,below-byte-threshold,6f93397cff24f0f7a8b6342b7398b7b2c199bb70af6d65e3d5103983339ead92
assets/textures/textures_webapp/pokemon/ledian/sprite.png,assets/textures/textures_webapp/pokemon/ledian/sprite.webp,96,96,767,714,53,6.9100,false,below-byte-threshold,96d97bc9954671e6bcf14798ce62cf36fec44a052a85ffa7ac64618ceaeaec2c
assets/textures/textures_webapp/pokemon/sharpedo/sprite-shiny.png,assets/textures/textures_webapp/pokemon/sharpedo/sprite-shiny.webp,96,96,777,724,53,6.8211,false,below-byte-threshold,36ac24c681a33d1d6a6d1ceae9eba4dafe8e68b462ef218069c3188541cd2fd1
assets/textures/textures_webapp/pokemon/sharpedo/sprite.png,assets/textures/textures_webapp/pokemon/sharpedo/sprite.webp,96,96,777,724,53,6.8211,false,below-byte-threshold,3f9c2146afcc46d98891b305c482716c49d009967b79b675e20fb11085166d21
assets/textures/textures_webapp/pokemon/combusken/sprite-shiny.png,assets/textures/textures_webapp/pokemon/combusken/sprite-shiny.webp,96,96,821,768,53,6.4555,false,below-byte-threshold,ab06edf1001eda3acafb77739fb88e3156c2cb6b811094bb1d124770961f10c9
assets/textures/textures_webapp/pokemon/vileplume/sprite-shiny.png,assets/textures/textures_webapp/pokemon/vileplume/sprite-shiny.webp,96,96,853,800,53,6.2134,false,below-byte-threshold,22e8cd86f8790a5a68888c0e38bce357ba591baf811c1839f371485f2c72db74
assets/textures/textures_webapp/pokemon/orbeetle/sprite.png,assets/textures/textures_webapp/pokemon/orbeetle/sprite.webp,96,96,885,832,53,5.9887,false,below-byte-threshold,49faaa0304d5196a005b521e56fea9af17a5cbd15de8a97644f31c5f20043bd2
assets/textures/textures_webapp/pokemon/flygon/sprite.png,assets/textures/textures_webapp/pokemon/flygon/sprite.webp,96,96,1115,1062,53,4.7534,false,below-byte-threshold,a0ec3cf790f3f27a75a7cd5ffe7cd9cf8ec203bf3f273b9bd9e7d57fea7bf12e
assets/textures/textures_webapp/pokemon/hariyama/sprite.png,assets/textures/textures_webapp/pokemon/hariyama/sprite.webp,96,96,1157,1104,53,4.5808,false,below-byte-threshold,218c680503b486c8eacd1fb0a57a70a9a0e5045bba1fcc76de9f9ee1ee98ccfc
assets/textures/textures_webapp/pokemon/shiftry/sprite.png,assets/textures/textures_webapp/pokemon/shiftry/sprite.webp,96,96,1191,1138,53,4.4500,false,below-byte-threshold,6dc90aa1e9fad4d308d5a4c5781048fc3e4b39889adb6335d27d6096590e87c2
assets/textures/textures_webapp/pokemon/piplup/sprite.png,assets/textures/textures_webapp/pokemon/piplup/sprite.webp,96,96,502,450,52,10.3586,false,below-byte-threshold,e276fa350a7324f65a826783152b261399500ff068d3dc271af0edd3b9236b57
assets/textures/textures_webapp/pokemon/spinarak/sprite.png,assets/textures/textures_webapp/pokemon/spinarak/sprite.webp,96,96,522,470,52,9.9617,false,below-byte-threshold,1003a9c05770f2219c80086ec432b33795707a840c43730da159e2cc5dfeeb22
assets/textures/textures_webapp/pokemon/bonsly/sprite-shiny.png,assets/textures/textures_webapp/pokemon/bonsly/sprite-shiny.webp,96,96,540,488,52,9.6296,false,below-byte-threshold,cc5bbc9d015a6bda34da8a299e109e77e79d75c288d539d84a581e87acdb0a74
assets/textures/textures_webapp/pokemon/kirlia/sprite.png,assets/textures/textures_webapp/pokemon/kirlia/sprite.webp,96,96,590,538,52,8.8136,false,below-byte-threshold,fa9788e79f8c72bf3a297ed5683ccffacaf6c4df0264fa3a983d89332376d12f
assets/textures/textures_webapp/pokemon/dugtrio/sprite-shiny.png,assets/textures/textures_webapp/pokemon/dugtrio/sprite-shiny.webp,96,96,664,612,52,7.8313,false,below-byte-threshold,1b22c3e12e683dc036e600ffec27b55aed4180f967f0df76d01f8957fccdd3ed
assets/textures/textures_webapp/pokemon/cacnea/sprite-shiny.png,assets/textures/textures_webapp/pokemon/cacnea/sprite-shiny.webp,96,96,708,656,52,7.3446,false,below-byte-threshold,b11ee62cd9e8fbe73e5c3ace3f3508151c350fc5e64c101a9cb02025eb0f4af6
assets/textures/textures_webapp/pokemon/cranidos/sprite-shiny.png,assets/textures/textures_webapp/pokemon/cranidos/sprite-shiny.webp,96,96,724,672,52,7.1823,false,below-byte-threshold,537dc90d7a0814d3ebfd141f3f453f784326df66c046ed906d88c09111cdadbf
assets/textures/textures_webapp/pokemon/cranidos/sprite.png,assets/textures/textures_webapp/pokemon/cranidos/sprite.webp,96,96,724,672,52,7.1823,false,below-byte-threshold,62971fa9f112066cc14225890209ebae70e73c5387e71019501f45cf2074a67c
assets/textures/textures_webapp/pokemon/marowak/sprite-shiny.png,assets/textures/textures_webapp/pokemon/marowak/sprite-shiny.webp,96,96,724,672,52,7.1823,false,below-byte-threshold,973515fa69a51f708629747cdef0252e1420a84287533f1f9c97a2da316c14f7
assets/textures/textures_webapp/pokemon/masquerain/sprite.png,assets/textures/textures_webapp/pokemon/masquerain/sprite.webp,96,96,824,772,52,6.3107,false,below-byte-threshold,939e7617b53b72a5139444f5ad42410361f04b7aedb09e4ded58e002f8e04490
assets/textures/textures_webapp/pokemon/rotom-mow/sprite.png,assets/textures/textures_webapp/pokemon/rotom-mow/sprite.webp,96,96,824,772,52,6.3107,false,below-byte-threshold,d1eb7ffd13791bf02ce7f701a3d5f7021fbeb02eff6ab3880abcf5ae8f3b050d
assets/textures/textures_webapp/pokemon/beautifly/sprite-shiny.png,assets/textures/textures_webapp/pokemon/beautifly/sprite-shiny.webp,96,96,878,826,52,5.9226,false,below-byte-threshold,0d9c6653f3fd5bacead864ea9e2aac989145d32c7393f95760ddd422d154a370
assets/textures/textures_webapp/pokemon/raticate/sprite.png,assets/textures/textures_webapp/pokemon/raticate/sprite.webp,96,96,894,842,52,5.8166,false,below-byte-threshold,fa2dfd8c6281c46944acfca34828fc0d0e57436c963e3ade30e9d36bf6a73569
assets/textures/textures_webapp/pokemon/primeape/sprite-shiny.png,assets/textures/textures_webapp/pokemon/primeape/sprite-shiny.webp,96,96,946,894,52,5.4968,false,below-byte-threshold,4f50584dc299e73aed6d4d9a5340137805f223a6830193b9ef13c5d7d0ba5121
assets/textures/textures_webapp/pokemon/lairon/sprite.png,assets/textures/textures_webapp/pokemon/lairon/sprite.webp,96,96,966,914,52,5.3830,false,below-byte-threshold,b8b1435eb816d208db62b2ab7675f6fd6461927f5082793f4f3cb79830023727
assets/textures/textures_webapp/pokemon/donphan/sprite-shiny.png,assets/textures/textures_webapp/pokemon/donphan/sprite-shiny.webp,96,96,1032,980,52,5.0388,false,below-byte-threshold,f573ef8406f0bdf82052355fc5edd621be08b5f4421e38b43cabe80b217f3919
assets/textures/textures_webapp/pokemon/black-kyurem/sprite.png,assets/textures/textures_webapp/pokemon/black-kyurem/sprite.webp,96,96,1848,1796,52,2.8139,false,below-byte-threshold,8414f396c55edb19d29d646089538dc8d4af66c652d1a91d2ac6ae159f58cd75
assets/textures/textures_webapp/pokemon/wormadam-plant-cloak/sprite.png,assets/textures/textures_webapp/pokemon/wormadam-plant-cloak/sprite.webp,96,96,577,526,51,8.8388,false,below-byte-threshold,92d61dc04b37d631d4f7c68fdf2f48cb83814d251f08c2c7e79812454bfe2919
assets/textures/textures_webapp/pokemon/zubat/sprite.png,assets/textures/textures_webapp/pokemon/zubat/sprite.webp,96,96,577,526,51,8.8388,false,below-byte-threshold,3ba24f0c7a5de6a3f5ad18913b67026505840cf4a7aafae1cfb19e6374a311d1
assets/textures/textures_webapp/pokemon/bidoof/sprite-shiny.png,assets/textures/textures_webapp/pokemon/bidoof/sprite-shiny.webp,96,96,593,542,51,8.6003,false,below-byte-threshold,1c2b3176f8fcfec5ceaa96babe929a9e676a25bb8ba06e85f6c9a9c534aa1c3b
assets/textures/textures_webapp/pokemon/feebas/sprite-shiny.png,assets/textures/textures_webapp/pokemon/feebas/sprite-shiny.webp,96,96,605,554,51,8.4298,false,below-byte-threshold,fccbe8e836b7b9fcddf4a90dc09899a96cb33207bf2f1896a14ba21ddebd2e32
assets/textures/textures_webapp/pokemon/bagon/sprite.png,assets/textures/textures_webapp/pokemon/bagon/sprite.webp,96,96,607,556,51,8.4020,false,below-byte-threshold,2c16ae7bb7dff4d729bb281e14980f72691e6725426e967f12563ed1636712ae
assets/textures/textures_webapp/pokemon/uxie/sprite-shiny.png,assets/textures/textures_webapp/pokemon/uxie/sprite-shiny.webp,96,96,633,582,51,8.0569,false,below-byte-threshold,610d37644b4904c8872a0cb591d1a7ba43b4e2131655db541840ab1acc1a5058
assets/textures/textures_webapp/pokemon/slowpoke/sprite.png,assets/textures/textures_webapp/pokemon/slowpoke/sprite.webp,96,96,673,622,51,7.5780,false,below-byte-threshold,0bdc54725d2d21bcda5fb21d2dbe4097bc8dc5d4cbb18df76c978608540138aa
assets/textures/textures_webapp/pokemon/archen/sprite-shiny.png,assets/textures/textures_webapp/pokemon/archen/sprite-shiny.webp,96,96,741,690,51,6.8826,false,below-byte-threshold,98c526a42e814eace238e4384957893e39d8ee6c519e556c7bf68bbc81026659
assets/textures/textures_webapp/pokemon/archen/sprite.png,assets/textures/textures_webapp/pokemon/archen/sprite.webp,96,96,741,690,51,6.8826,false,below-byte-threshold,99f85f64c629fec812e66acdf4d728c58bb8e0496ba6f8abc0f35aca3b6ab29d
assets/textures/textures_webapp/pokemon/amoonguss/sprite-shiny.png,assets/textures/textures_webapp/pokemon/amoonguss/sprite-shiny.webp,96,96,835,784,51,6.1078,false,below-byte-threshold,93d8edf3c7c43a5d9168f1d2e7db63dc2526957f1795f64474f8d80b2d9cced5
assets/textures/textures_webapp/pokemon/forretress/sprite.png,assets/textures/textures_webapp/pokemon/forretress/sprite.webp,96,96,841,790,51,6.0642,false,below-byte-threshold,93fe17cc492ead75db9bbe4f4ff1d9d5b9fa2c1b80a4627d40885411c06f4095
assets/textures/textures_webapp/pokemon/inteleon/sprite.png,assets/textures/textures_webapp/pokemon/inteleon/sprite.webp,96,96,903,852,51,5.6478,false,below-byte-threshold,4371bb72a1988033e50f86282abb7e544ddabb03d7605ade34e296ead9924650
assets/textures/textures_webapp/pokemon/hippowdon/sprite-f.png,assets/textures/textures_webapp/pokemon/hippowdon/sprite-f.webp,96,96,1065,1014,51,4.7887,false,below-byte-threshold,4479e67c7cd2f6893b8c9e87f096507b208fd1e008c3cd2a53ce1c66aa494cb5
assets/textures/textures_webapp/pokemon/dusclops/sprite-shiny.png,assets/textures/textures_webapp/pokemon/dusclops/sprite-shiny.webp,96,96,1073,1022,51,4.7530,false,below-byte-threshold,a25658bc29f06bb3e2080dfd4ae90ffc21d4e6033cb35c5a5294ab29a27c490f
assets/textures/textures_webapp/pokemon/dusclops/sprite.png,assets/textures/textures_webapp/pokemon/dusclops/sprite.webp,96,96,1073,1022,51,4.7530,false,below-byte-threshold,221495c1cb37c65e007ae426bbc32e2161c8a1d212c6052ec20a05e446f8f422
assets/textures/textures_webapp/pokemon/infernape/sprite.png,assets/textures/textures_webapp/pokemon/infernape/sprite.webp,96,96,1147,1096,51,4.4464,false,below-byte-threshold,25332476fd15df182ed827124eb1ce0604b249cc5cefd80e918b0860a04805a4
assets/textures/textures_webapp/pokemon/sigilyph/sprite-shiny.png,assets/textures/textures_webapp/pokemon/sigilyph/sprite-shiny.webp,96,96,1199,1148,51,4.2535,false,below-byte-threshold,2001c5915da58218bedc641d5a6c70ab23fbc84212a7fc2dc410c7e4b1fd4839
assets/textures/textures_webapp/pokemon/armaldo/sprite.png,assets/textures/textures_webapp/pokemon/armaldo/sprite.webp,96,96,1365,1314,51,3.7363,false,below-byte-threshold,b641559ba4584b899c03dc7dda005cb9c591ef43f4e1bf7b03e562a7a7944348
assets/textures/textures_webapp/pokemon/milcery/sprite.png,assets/textures/textures_webapp/pokemon/milcery/sprite.webp,96,96,354,304,50,14.1243,false,below-byte-threshold,0fe194eab9e3d5bb2ec531ab2f0f77831ec71dc8c15b1687669f46a67f784d26
assets/textures/textures_webapp/pokemon/wooper/sprite-shiny.png,assets/textures/textures_webapp/pokemon/wooper/sprite-shiny.webp,96,96,466,416,50,10.7296,false,below-byte-threshold,3f24386b1158d53935b17a81284dce7534685aae9f3cc055c91feeb98ebcb9b3
assets/textures/textures_webapp/pokemon/phanpy/sprite-shiny.png,assets/textures/textures_webapp/pokemon/phanpy/sprite-shiny.webp,96,96,470,420,50,10.6383,false,below-byte-threshold,77dd1807b9afea722d99fa5d1327cd43195b67237a45bcb823d94738e067460e
assets/textures/textures_webapp/pokemon/rotom/sprite-shiny.png,assets/textures/textures_webapp/pokemon/rotom/sprite-shiny.webp,96,96,542,492,50,9.2251,false,below-byte-threshold,5ef761888b7e6471e7ac48ecfde5f247eebfc8fa282badce873a22e4068f37ab
assets/textures/textures_webapp/pokemon/shelmet/sprite.png,assets/textures/textures_webapp/pokemon/shelmet/sprite.webp,96,96,544,494,50,9.1912,false,below-byte-threshold,075c98ff61a30178cf9dbc0d99a1a57d3bc467f5c4cfe72d0b13f8ac6d96bc98
assets/textures/textures_webapp/pokemon/hoothoot/sprite-shiny.png,assets/textures/textures_webapp/pokemon/hoothoot/sprite-shiny.webp,96,96,596,546,50,8.3893,false,below-byte-threshold,a741dae92e95cb58ee7ddd0951a50e7d1129bbca5b851754be5095c0c02e6e43
assets/textures/textures_webapp/pokemon/mantyke/sprite-shiny.png,assets/textures/textures_webapp/pokemon/mantyke/sprite-shiny.webp,96,96,610,560,50,8.1967,false,below-byte-threshold,c399c8666c47c91a7e3447f16def4ac580e45a9140ae37a7d72494e3b3d3bbf2
assets/textures/textures_webapp/pokemon/cacnea/sprite.png,assets/textures/textures_webapp/pokemon/cacnea/sprite.webp,96,96,708,658,50,7.0621,false,below-byte-threshold,d04168d48d7f977e64b2a757a67566ed939de52df900f02bc300f1787a5125f8
assets/textures/textures_webapp/pokemon/mesprit/sprite.png,assets/textures/textures_webapp/pokemon/mesprit/sprite.webp,96,96,724,674,50,6.9061,false,below-byte-threshold,88edeec70803b0887fe7f113f24224c808e11925e61e40f7c51efe589bc32131
assets/textures/textures_webapp/pokemon/politoed/sprite.png,assets/textures/textures_webapp/pokemon/politoed/sprite.webp,96,96,758,708,50,6.5963,false,below-byte-threshold,5f566bcf860296e2a652301a3e698c945a39329ef9ba20ead4660c6c769f6b61
assets/textures/textures_webapp/pokemon/vaporeon/sprite.png,assets/textures/textures_webapp/pokemon/vaporeon/sprite.webp,96,96,822,772,50,6.0827,false,below-byte-threshold,40b34c77e27bd627fe1c44a85bc1a63717ad236d57481ce7f1bc8ea2f11eb248
assets/textures/textures_webapp/pokemon/rotom-fan/sprite.png,assets/textures/textures_webapp/pokemon/rotom-fan/sprite.webp,96,96,856,806,50,5.8411,false,below-byte-threshold,a8dd45ef8e1cb27db3c0beef2538589b71926cd3893389f93c4c95c6805322b1
assets/textures/textures_webapp/pokemon/vespiquen/sprite-shiny.png,assets/textures/textures_webapp/pokemon/vespiquen/sprite-shiny.webp,96,96,872,822,50,5.7339,false,below-byte-threshold,6a1dd6f0a2f1efc96cb9e0712cad5808c89d28d21610d2c62fae89f3e515ff97
assets/textures/textures_webapp/pokemon/carkol/sprite.png,assets/textures/textures_webapp/pokemon/carkol/sprite.webp,96,96,900,850,50,5.5556,false,below-byte-threshold,32d79f5dc0122f5dd024c47d4ac80898664d9ccc87cc23e72186380f716bf64a
assets/textures/textures_webapp/pokemon/magcargo/sprite-shiny.png,assets/textures/textures_webapp/pokemon/magcargo/sprite-shiny.webp,96,96,912,862,50,5.4825,false,below-byte-threshold,08a60be6aa989ad21eccf403a45de936e8b839f3b70dfab5084fd25fcad11495
assets/textures/textures_webapp/pokemon/typhlosion/sprite.png,assets/textures/textures_webapp/pokemon/typhlosion/sprite.webp,96,96,920,870,50,5.4348,false,below-byte-threshold,01a73d4f862747adac70a189542223573bd04a327d6b93e184d83194c8f637c1
assets/textures/textures_webapp/pokemon/lilligant/sprite.png,assets/textures/textures_webapp/pokemon/lilligant/sprite.webp,96,96,984,934,50,5.0813,false,below-byte-threshold,1826152072df5405508f1f55183cdf6442c0987816d63675931d6d804305938a
assets/textures/textures_webapp/pokemon/calyrex/sprite-shiny.png,assets/textures/textures_webapp/pokemon/calyrex/sprite-shiny.webp,96,96,1044,994,50,4.7893,false,below-byte-threshold,9ea16448fc8599f47081335b7b915b382fc1491f860f824f0de992cf09096f0a
assets/textures/textures_webapp/pokemon/skarmory/sprite.png,assets/textures/textures_webapp/pokemon/skarmory/sprite.webp,96,96,1076,1026,50,4.6468,false,below-byte-threshold,70cf7b9ea87e3e06ad5c7cb9d3cb6809407aec3ed94ce3c14298e17b534622be
assets/textures/textures_webapp/pokemon/blastoise/sprite-shiny.png,assets/textures/textures_webapp/pokemon/blastoise/sprite-shiny.webp,96,96,1170,1120,50,4.2735,false,below-byte-threshold,a4bf0b387cddf31e3d7a23afb6a7458a28c0652170beaf2228fd67b41217a2d1
assets/textures/textures_webapp/pokemon/shiftry/sprite-shiny.png,assets/textures/textures_webapp/pokemon/shiftry/sprite-shiny.webp,96,96,1192,1142,50,4.1946,false,below-byte-threshold,f7ee832c8a9c7bd19fcecc7c002e7569f8a36c6b1382a1f7737606249777c3e1
assets/textures/textures_webapp/pokemon/landorus/sprite.png,assets/textures/textures_webapp/pokemon/landorus/sprite.webp,96,96,1276,1226,50,3.9185,false,below-byte-threshold,a83ca793cc6618fcef202a99af29df6d8357dc082e8415e82caa1a26b06fa405
assets/textures/textures_webapp/pokemon/tornadus-therian/sprite.png,assets/textures/textures_webapp/pokemon/tornadus-therian/sprite.webp,96,96,1324,1274,50,3.7764,false,below-byte-threshold,00b90773b0a560bb5c86821962b2c5c0f16e82160b4c274a739edd81494c2001
assets/textures/textures_webapp/pokemon/thundurus-therian/sprite.png,assets/textures/textures_webapp/pokemon/thundurus-therian/sprite.webp,96,96,1352,1302,50,3.6982,false,below-byte-threshold,9783651b85edc9008c2b70446351cd2f2065f700e90ceca9e58d79471bea6c82
assets/textures/textures_webapp/pokemon/kyurem/sprite.png,assets/textures/textures_webapp/pokemon/kyurem/sprite.webp,96,96,1384,1334,50,3.6127,false,below-byte-threshold,e11205ae4fc1f4b63f97a7eb7fe48d9e1bfe79a673600c78676e37bd52526883
assets/textures/textures_webapp/pokemon/palkia/sprite-shiny.png,assets/textures/textures_webapp/pokemon/palkia/sprite-shiny.webp,96,96,1446,1396,50,3.4578,false,below-byte-threshold,97c9d890925bddf9c7564b2d1212b39985d4cc0d5b3988cc17852e4abd711032
assets/textures/textures_webapp/pokemon/skiploom/sprite-shiny.png,assets/textures/textures_webapp/pokemon/skiploom/sprite-shiny.webp,96,96,475,426,49,10.3158,false,below-byte-threshold,caaf3b58f90965a7a1f9fcfef5a4150dd308d47fdd2be9431d6c050265baf1ea
assets/textures/textures_webapp/pokemon/basculin-blue-striped/sprite-shiny.png,assets/textures/textures_webapp/pokemon/basculin-blue-striped/sprite-shiny.webp,96,96,539,490,49,9.0909,false,below-byte-threshold,307d1b58f18c049b39c9ba7e0f660911ad5f5694836d83030d2c262632b36d62
assets/textures/textures_webapp/pokemon/fennekin/sprite.png,assets/textures/textures_webapp/pokemon/fennekin/sprite.webp,96,96,613,564,49,7.9935,false,below-byte-threshold,c2e1591ca76d27871fe8f48879ac9c34cf953628b9f636003bed27d332330534
assets/textures/textures_webapp/pokemon/vibrava/sprite-shiny.png,assets/textures/textures_webapp/pokemon/vibrava/sprite-shiny.webp,96,96,765,716,49,6.4052,false,below-byte-threshold,1cb348dab3e882ee0aea56997f4ffd65243ebc9df056b18054bca87b0011c871
assets/textures/textures_webapp/pokemon/combusken/sprite.png,assets/textures/textures_webapp/pokemon/combusken/sprite.webp,96,96,821,772,49,5.9683,false,below-byte-threshold,3d66b6b83b46528cdd7d26abdc9bb2d05a1f7babcd867cc3af6033ccfabf2a2d
assets/textures/textures_webapp/pokemon/sandslash/sprite.png,assets/textures/textures_webapp/pokemon/sandslash/sprite.webp,96,96,831,782,49,5.8965,false,below-byte-threshold,09df1edae0c95af382172eec6b30db2eb35ab307dc1e601850a89be5417eca0f
assets/textures/textures_webapp/pokemon/monferno/sprite-shiny.png,assets/textures/textures_webapp/pokemon/monferno/sprite-shiny.webp,96,96,887,838,49,5.5242,false,below-byte-threshold,098a9645b760b3a3c3a281a97f9a51fe6cd6490705fb872d25a5e0c5f0be6fd2
assets/textures/textures_webapp/pokemon/runerigus/sprite.png,assets/textures/textures_webapp/pokemon/runerigus/sprite.webp,96,96,999,950,49,4.9049,false,below-byte-threshold,1d2e9e1cb68f3abfa8b95f4119947ae4b1e73fa099fc7f9b1534b04352beaa0c
assets/textures/textures_webapp/pokemon/gothitelle/sprite-shiny.png,assets/textures/textures_webapp/pokemon/gothitelle/sprite-shiny.webp,96,96,1021,972,49,4.7992,false,below-byte-threshold,b1a98e9d02168645abd67c29012e589b00e40332d91082b0ec5b79626e4457c4
assets/textures/textures_webapp/pokemon/serperior/sprite.png,assets/textures/textures_webapp/pokemon/serperior/sprite.webp,96,96,1131,1082,49,4.3324,false,below-byte-threshold,d649d69e2d10954ceeb8608dd53e5c4356c0a87f0da534aea6969176a05f67ac
assets/textures/textures_webapp/pokemon/infernape/sprite-shiny.png,assets/textures/textures_webapp/pokemon/infernape/sprite-shiny.webp,96,96,1147,1098,49,4.2720,false,below-byte-threshold,a6c4e6a193bfa452507a1d3a75778775ee8a39bd05248f16d5ee31621777ce2d
assets/textures/textures_webapp/pokemon/basculin/sprite-shiny.png,assets/textures/textures_webapp/pokemon/basculin/sprite-shiny.webp,96,96,596,548,48,8.0537,false,below-byte-threshold,bd67dfbb82cf2427163e451e4d54b2625a639042dd64a0641ebb3e5508f82cb2
assets/textures/textures_webapp/pokemon/sealeo/sprite.png,assets/textures/textures_webapp/pokemon/sealeo/sprite.webp,96,96,802,754,48,5.9850,false,below-byte-threshold,3342b71524991f92d2bdd20bdba3b157f8a09d5c8ce5c1e18fa213f4fca99bc7
assets/textures/textures_webapp/pokemon/carkol/sprite-shiny.png,assets/textures/textures_webapp/pokemon/carkol/sprite-shiny.webp,96,96,900,852,48,5.3333,false,below-byte-threshold,377011999f39c5e145e9abd41c7315b147a6b1402a01f776a89bbc6926abb275
assets/textures/textures_webapp/pokemon/druddigon/sprite.png,assets/textures/textures_webapp/pokemon/druddigon/sprite.webp,96,96,1258,1210,48,3.8156,false,below-byte-threshold,0000e117f8c1db398255ffa8e680d7887f0950d618324f8d52f3c13d403381c9
assets/textures/textures_webapp/pokemon/fearow/sprite-shiny.png,assets/textures/textures_webapp/pokemon/fearow/sprite-shiny.webp,96,96,1302,1254,48,3.6866,false,below-byte-threshold,6683b66729c5c4335c63344e3fb3f233a3c11443992e0257feb8c6c52bfcf60d
assets/textures/textures_webapp/pokemon/archeops/sprite-shiny.png,assets/textures/textures_webapp/pokemon/archeops/sprite-shiny.webp,96,96,1344,1296,48,3.5714,false,below-byte-threshold,54b5a5adf702ca959792c42fb75125515f88bc13ddc94e294d92edcfad1d4d0a
assets/textures/textures_webapp/pokemon/scatterbug/sprite.png,assets/textures/textures_webapp/pokemon/scatterbug/sprite.webp,96,96,483,436,47,9.7308,false,below-byte-threshold,7a48040f27287cad9ab11a38fb7fda278bebff4275ebb1fcfadb8f4840228667
assets/textures/textures_webapp/pokemon/shaymin-land/sprite-shiny.png,assets/textures/textures_webapp/pokemon/shaymin-land/sprite-shiny.webp,96,96,503,456,47,9.3439,false,below-byte-threshold,78011faa6617eb0656b16feaa2fe406184c4291dac59b0ed9534f864a024bb88
assets/textures/textures_webapp/pokemon/beldum/sprite-shiny.png,assets/textures/textures_webapp/pokemon/beldum/sprite-shiny.webp,96,96,517,470,47,9.0909,false,below-byte-threshold,164f49e08198c82b4720bafaf410fe4d1d4776363ef315430fc58915eeeb19f3
assets/textures/textures_webapp/pokemon/spinarak/sprite-shiny.png,assets/textures/textures_webapp/pokemon/spinarak/sprite-shiny.webp,96,96,519,472,47,9.0559,false,below-byte-threshold,e7e11fa82c8f7dbbe5144cca2e1304b4350e308fa890d5b2394d90ec2708ca72
assets/textures/textures_webapp/pokemon/jirachi/sprite.png,assets/textures/textures_webapp/pokemon/jirachi/sprite.webp,96,96,645,598,47,7.2868,false,below-byte-threshold,377dce5d52c27e48a77e85f0a6b801cbf9bddcb809d5fdf124a97ba85226538b
assets/textures/textures_webapp/pokemon/gible/sprite.png,assets/textures/textures_webapp/pokemon/gible/sprite.webp,96,96,681,634,47,6.9016,false,below-byte-threshold,f78dd991a83b23ed4fa4906c25b0b69da37efba05d92033939d0330a347a2ecb
assets/textures/textures_webapp/pokemon/mandibuzz/sprite.png,assets/textures/textures_webapp/pokemon/mandibuzz/sprite.webp,96,96,977,930,47,4.8106,false,below-byte-threshold,826a0044b1ab7647b9f6b228d5a6f0a5ad9032fad8020a5765e886a696ac9365
assets/textures/textures_webapp/pokemon/runerigus/sprite-shiny.png,assets/textures/textures_webapp/pokemon/runerigus/sprite-shiny.webp,96,96,1033,986,47,4.5499,false,below-byte-threshold,ffec49a7709652706e375b1d532734333776537a9e13db78f4da3ac8378d2e5e
assets/textures/textures_webapp/pokemon/sigilyph/sprite.png,assets/textures/textures_webapp/pokemon/sigilyph/sprite.webp,96,96,1201,1154,47,3.9134,false,below-byte-threshold,6b8cb92253ddd86aed6e9699b667bc6427dcf3b2c52eb4f080a876bda2edd48b
assets/textures/textures_webapp/pokemon/armaldo/sprite-shiny.png,assets/textures/textures_webapp/pokemon/armaldo/sprite-shiny.webp,96,96,1365,1318,47,3.4432,false,below-byte-threshold,fbdda14ae48488bb94a504c6f6d3f240eec394d48777a9d26f0c6c037be6531b
assets/textures/textures_webapp/pokemon/palkia/sprite.png,assets/textures/textures_webapp/pokemon/palkia/sprite.webp,96,96,1445,1398,47,3.2526,false,below-byte-threshold,8408adf8222e7e3d78056eacdfa4c7e3d190fac0b620787810997d3321b2ae93
assets/textures/textures_webapp/pokemon/vibrava/sprite.png,assets/textures/textures_webapp/pokemon/vibrava/sprite.webp,96,96,762,716,46,6.0367,false,below-byte-threshold,db0c5f101bd3892a364a290b5ba7f507d41f1c2eea1c53a800d5560d19b3df8c
assets/textures/textures_webapp/pokemon/beautifly/sprite.png,assets/textures/textures_webapp/pokemon/beautifly/sprite.webp,96,96,878,832,46,5.2392,false,below-byte-threshold,b3ce9ee8e4cfddf47128b624d1f2b4e74f2ae8a85154a43d98d830eb9daa79d2
assets/textures/textures_webapp/pokemon/slowking/sprite.png,assets/textures/textures_webapp/pokemon/slowking/sprite.webp,96,96,946,900,46,4.8626,false,below-byte-threshold,255b96fda4c717a85b80a940dbb1d7b827f975ff697c7f3b64bbf1660d27ef73
assets/textures/textures_webapp/pokemon/claydol/sprite-shiny.png,assets/textures/textures_webapp/pokemon/claydol/sprite-shiny.webp,96,96,1052,1006,46,4.3726,false,below-byte-threshold,7626c056c05fe2efbe1fee863ee0b45251445186294d7237c6e13bc2b0095a76
assets/textures/textures_webapp/pokemon/entei/sprite.png,assets/textures/textures_webapp/pokemon/entei/sprite.webp,96,96,1324,1278,46,3.4743,false,below-byte-threshold,e3aedcf35383ac4fc940f1e0bf63ed625064b29a6f207b25b981de084f329ca9
assets/textures/textures_webapp/pokemon/entei/sprite-shiny.png,assets/textures/textures_webapp/pokemon/entei/sprite-shiny.webp,96,96,1326,1280,46,3.4691,false,below-byte-threshold,9fdfb0d5fe768a0f2f0a124788ecebce9508b22b362b70246b1e755b7db96a01
assets/textures/textures_webapp/pokemon/groudon/sprite.png,assets/textures/textures_webapp/pokemon/groudon/sprite.webp,96,96,1554,1508,46,2.9601,false,below-byte-threshold,1852ffcac81d494ddcf13c7a01f4bb3cf4581b0d2f8e3df24431d98d2a9d1452
assets/textures/textures_webapp/pokemon/applin/sprite.png,assets/textures/textures_webapp/pokemon/applin/sprite.webp,96,96,425,380,45,10.5882,false,below-byte-threshold,ba5ab1e6cfe245f9d5348508cd0649d98000de5fbb45507b089b91c262f7f909
assets/textures/textures_webapp/pokemon/slurpuff/sprite.png,assets/textures/textures_webapp/pokemon/slurpuff/sprite.webp,96,96,593,548,45,7.5885,false,below-byte-threshold,398946974c7e7053d6836c0d6d4dbfc1a1bd721d5f7b48a0b9fc823bc7266b08
assets/textures/textures_webapp/pokemon/furfrou/sprite-shiny.png,assets/textures/textures_webapp/pokemon/furfrou/sprite-shiny.webp,96,96,697,652,45,6.4562,false,below-byte-threshold,e2cd206ff215beeb7b8cc67adaf7b10ec2771810eb6ce4d1986079f92bbaace0
assets/textures/textures_webapp/pokemon/typhlosion/sprite-shiny.png,assets/textures/textures_webapp/pokemon/typhlosion/sprite-shiny.webp,96,96,919,874,45,4.8966,false,below-byte-threshold,039b6e3dc7f62a9e8acf5b343813d5ae3de59a0efaf1481e6f7b5b4b773a35e7
assets/textures/textures_webapp/pokemon/beedrill/sprite.png,assets/textures/textures_webapp/pokemon/beedrill/sprite.webp,96,96,1019,974,45,4.4161,false,below-byte-threshold,39201768874cba3b678351cd9b46dd3c915aecc82f9428e81a1c10ef0e7b8402
assets/textures/textures_webapp/pokemon/cursola/sprite.png,assets/textures/textures_webapp/pokemon/cursola/sprite.webp,96,96,1103,1058,45,4.0798,false,below-byte-threshold,ad78e63a50bf6d35ab38808e3c90707d887c07d680ef89913dfa173399fd57eb
assets/textures/textures_webapp/pokemon/jumpluff/sprite-shiny.png,assets/textures/textures_webapp/pokemon/jumpluff/sprite-shiny.webp,96,96,724,680,44,6.0773,false,below-byte-threshold,acb35e3cea9bb478bc86bfd93edb010db0d82532cba1d53e5c1353b095590342
assets/textures/textures_webapp/pokemon/gallade/sprite.png,assets/textures/textures_webapp/pokemon/gallade/sprite.webp,96,96,794,750,44,5.5416,false,below-byte-threshold,0c87e94c7c66fb8dcc10bb25a16dd851087c241e362244df2029fa8ec27cbe17
assets/textures/textures_webapp/pokemon/amoonguss/sprite.png,assets/textures/textures_webapp/pokemon/amoonguss/sprite.webp,96,96,834,790,44,5.2758,false,below-byte-threshold,eb09f140165cd611bba7bc1b0976ba0397707952366b4b0b5110ae5599998246
assets/textures/textures_webapp/pokemon/magneton/sprite.png,assets/textures/textures_webapp/pokemon/magneton/sprite.webp,96,96,964,920,44,4.5643,false,below-byte-threshold,3a8a28cbfc04961703a9e2c0241882717aa04b4b11fec5215009a3f743e34c10
assets/textures/textures_webapp/pokemon/skarmory/sprite-shiny.png,assets/textures/textures_webapp/pokemon/skarmory/sprite-shiny.webp,96,96,1074,1030,44,4.0968,false,below-byte-threshold,3fe863e96cc337b8fc3e95d2ed3b5f73ddc858599d07942ab688e096bdb7d1e2
assets/textures/textures_webapp/pokemon/hippowdon/sprite-m-shiny.png,assets/textures/textures_webapp/pokemon/hippowdon/sprite-m-shiny.webp,96,96,1098,1054,44,4.0073,false,below-byte-threshold,d90fc0d3dfa2322a7dec317baca5abaeab260bc4432efb0d6940e9138218010f
assets/textures/textures_webapp/pokemon/hippowdon/sprite-shiny.png,assets/textures/textures_webapp/pokemon/hippowdon/sprite-shiny.webp,96,96,1098,1054,44,4.0073,false,below-byte-threshold,d90fc0d3dfa2322a7dec317baca5abaeab260bc4432efb0d6940e9138218010f
assets/textures/textures_webapp/pokemon/cryogonal/sprite.png,assets/textures/textures_webapp/pokemon/cryogonal/sprite.webp,96,96,1260,1216,44,3.4921,false,below-byte-threshold,47953bb6d3fb52c214bf034d78fed92c86a0bb3a1709827db4967be857ee555d
assets/textures/textures_webapp/pokemon/scatterbug/sprite-shiny.png,assets/textures/textures_webapp/pokemon/scatterbug/sprite-shiny.webp,96,96,483,440,43,8.9027,false,below-byte-threshold,8b8d4827b2f8cdf33e5741846fcb726dd23c3414b9c6e8b4f67913dedcd9183b
assets/textures/textures_webapp/pokemon/blipbug/sprite.png,assets/textures/textures_webapp/pokemon/blipbug/sprite.webp,96,96,509,466,43,8.4479,false,below-byte-threshold,bfa0ecdcf40d9a019fe6e61251d2916e7dae389b86a8e1237a09b1224d3cd2b3
assets/textures/textures_webapp/pokemon/phantump/sprite-shiny.png,assets/textures/textures_webapp/pokemon/phantump/sprite-shiny.webp,96,96,527,484,43,8.1594,false,below-byte-threshold,3dd9f5eee70f22db05b81fc7577893fab5a5845d88a552a2c0cc6ae1da7b5ad5
assets/textures/textures_webapp/pokemon/phantump/sprite.png,assets/textures/textures_webapp/pokemon/phantump/sprite.webp,96,96,527,484,43,8.1594,false,below-byte-threshold,b9fd76b5b30ae0a0523c2af88562af6fc4e60313ecfd718a7f708e6c66de4d83
assets/textures/textures_webapp/pokemon/jirachi/sprite-shiny.png,assets/textures/textures_webapp/pokemon/jirachi/sprite-shiny.webp,96,96,645,602,43,6.6667,false,below-byte-threshold,c505c5bfdbdc9331cdca15efff5e7ea03f29f6de8ea4579e25e7afc7e2d152d6
assets/textures/textures_webapp/pokemon/jumpluff/sprite.png,assets/textures/textures_webapp/pokemon/jumpluff/sprite.webp,96,96,725,682,43,5.9310,false,below-byte-threshold,5b68af1258bde8c843c85707950b56884c800d19e9f4a24f419834fdbfc0bcc9
assets/textures/textures_webapp/pokemon/lileep/sprite-shiny.png,assets/textures/textures_webapp/pokemon/lileep/sprite-shiny.webp,96,96,783,740,43,5.4917,false,below-byte-threshold,d88d737f54d0f62ac30a7f5afa513f66fb3c91e9ff64e59bb2e6264230c2a5fe
assets/textures/textures_webapp/pokemon/slowking/sprite-shiny.png,assets/textures/textures_webapp/pokemon/slowking/sprite-shiny.webp,96,96,947,904,43,4.5407,false,below-byte-threshold,5fa3471109ff3761152e4f0a0cfb351902dc88a98ad9768e6eadb1dd3e37a87e
assets/textures/textures_webapp/pokemon/raikou/sprite-shiny.png,assets/textures/textures_webapp/pokemon/raikou/sprite-shiny.webp,96,96,1211,1168,43,3.5508,false,below-byte-threshold,8abf02f01fea02c391e607ad9fb490c41602c322173db6c02cf491921abc3f12
assets/textures/textures_webapp/pokemon/scorbunny/sprite.png,assets/textures/textures_webapp/pokemon/scorbunny/sprite.webp,96,96,536,494,42,7.8358,false,below-byte-threshold,d16b0bb2f2c385b36e43c7047561f745de94fe545a09a760cec7b0ab9affc4ff
assets/textures/textures_webapp/pokemon/alolan-geodude/sprite.png,assets/textures/textures_webapp/pokemon/alolan-geodude/sprite.webp,96,96,554,512,42,7.5812,false,below-byte-threshold,27ccbe653a7b29fe8c55379bd0eec1205e1490580e1f806a327bbb280c150dde
assets/textures/textures_webapp/pokemon/sizzlipede/sprite-shiny.png,assets/textures/textures_webapp/pokemon/sizzlipede/sprite-shiny.webp,96,96,666,624,42,6.3063,false,below-byte-threshold,707bfff3a37c94919dd7b469e46edc1512929872daeaeeec1f80b11fb2bae081
assets/textures/textures_webapp/pokemon/gible/sprite-shiny.png,assets/textures/textures_webapp/pokemon/gible/sprite-shiny.webp,96,96,678,636,42,6.1947,false,below-byte-threshold,ff0f8b9579a09ccab3eba0e6426aa89bb3a7a9853d6bcb60f0f59b182660a001
assets/textures/textures_webapp/pokemon/gallade/sprite-shiny.png,assets/textures/textures_webapp/pokemon/gallade/sprite-shiny.webp,96,96,796,754,42,5.2764,false,below-byte-threshold,dc091e5637b1ed229798180ccc3db171e87bc4fb7cead811176645be18f6311a
assets/textures/textures_webapp/pokemon/inteleon/sprite-shiny.png,assets/textures/textures_webapp/pokemon/inteleon/sprite-shiny.webp,96,96,920,878,42,4.5652,false,below-byte-threshold,a8f36a4948cf63ce67d1c86b278d208786b0d10e1fed09841aab6579c3080584
assets/textures/textures_webapp/pokemon/lilligant/sprite-shiny.png,assets/textures/textures_webapp/pokemon/lilligant/sprite-shiny.webp,96,96,986,944,42,4.2596,false,below-byte-threshold,83c4875c773f4dd10555262f14506e5e36c2518a9ff8cb559f3e0aff094e283b
assets/textures/textures_webapp/pokemon/raikou/sprite.png,assets/textures/textures_webapp/pokemon/raikou/sprite.webp,96,96,1210,1168,42,3.4711,false,below-byte-threshold,b85bed2052c84bc826904152d77227e1f1534d17fed8230815c2c6ecd1f78b87
assets/textures/textures_webapp/pokemon/archeops/sprite.png,assets/textures/textures_webapp/pokemon/archeops/sprite.webp,96,96,1344,1302,42,3.1250,false,below-byte-threshold,a89ca52e26e2dfa0416b9a1830bad92409ff7810ddb42a85063a6894e4e7e56e
assets/textures/textures_webapp/pokemon/hydreigon/sprite.png,assets/textures/textures_webapp/pokemon/hydreigon/sprite.webp,96,96,1354,1312,42,3.1019,false,below-byte-threshold,ec6e5ac223c00db52bb94c89135fdf7bd283dd5ca1405bcf5c0fad4cba2b516c
assets/textures/textures_webapp/pokemon/applin/sprite-shiny.png,assets/textures/textures_webapp/pokemon/applin/sprite-shiny.webp,96,96,425,384,41,9.6471,false,below-byte-threshold,e84b9e47c8d27a18b716ef2ce80d64139236c8018a25ee7adc1bac77d93611d3
assets/textures/textures_webapp/pokemon/blipbug/sprite-shiny.png,assets/textures/textures_webapp/pokemon/blipbug/sprite-shiny.webp,96,96,509,468,41,8.0550,false,below-byte-threshold,2f9e8cdc13393f5f7b8164821f515c2e0cd3ea4a2f06b6fcb0168e28ef326723
assets/textures/textures_webapp/pokemon/magcargo/sprite.png,assets/textures/textures_webapp/pokemon/magcargo/sprite.webp,96,96,913,872,41,4.4907,false,below-byte-threshold,0cce318e06eee051b6164f93d6534697f571fd7982b15b51b1118b280eeb3610
assets/textures/textures_webapp/pokemon/dodrio/sprite-shiny.png,assets/textures/textures_webapp/pokemon/dodrio/sprite-shiny.webp,96,96,1121,1080,41,3.6574,false,below-byte-threshold,40ab7e0659f8815fa6a5ad69204a2b3ada96c973bb337f68bbd468c57ba7885c
assets/textures/textures_webapp/pokemon/feraligatr/sprite-shiny.png,assets/textures/textures_webapp/pokemon/feraligatr/sprite-shiny.webp,96,96,1151,1110,41,3.5621,false,below-byte-threshold,5d9ec99e54a6fd7c5d1d6c7b2f767c59fb6faaaa7bd13d2c4f396229d37f2da0
assets/textures/textures_webapp/pokemon/ludicolo/sprite.png,assets/textures/textures_webapp/pokemon/ludicolo/sprite.webp,96,96,1183,1142,41,3.4658,false,below-byte-threshold,5e8353042d6f285ffc372a60226c1ea1b24bde0cb2db0db9b05a338c0dfb7235
assets/textures/textures_webapp/pokemon/regirock/sprite-shiny.png,assets/textures/textures_webapp/pokemon/regirock/sprite-shiny.webp,96,96,1243,1202,41,3.2985,false,below-byte-threshold,fd8cba9be906c30115c3bc4e3d3d55dd0e16eaef0c00fe813b280ccd626b7e08
assets/textures/textures_webapp/pokemon/groudon/sprite-shiny.png,assets/textures/textures_webapp/pokemon/groudon/sprite-shiny.webp,96,96,1553,1512,41,2.6401,false,below-byte-threshold,5ff7efd482a1d26722dbff902c9920b74ef3e199532cacd101249222d2e01382
assets/textures/textures_webapp/pokemon/milcery/sprite-shiny.png,assets/textures/textures_webapp/pokemon/milcery/sprite-shiny.webp,96,96,354,314,40,11.2994,false,below-byte-threshold,dd69e71b41739e9950d74ecd1a6ed6bc4902abd901b00b3a3cdcb1f5201542b1
assets/textures/textures_webapp/pokemon/pyukumuku/sprite.png,assets/textures/textures_webapp/pokemon/pyukumuku/sprite.webp,96,96,381,342,39,10.2362,false,below-byte-threshold,c41934552074b98cd3367d6a13c550a7018373c9b8882fee91192f4ec26bdfe6
assets/textures/textures_webapp/pokemon/litleo/sprite-shiny.png,assets/textures/textures_webapp/pokemon/litleo/sprite-shiny.webp,96,96,603,564,39,6.4677,false,below-byte-threshold,9a73a9d62901c9275b9474f0757ca20f46d364586ef5f0aa85890acccc9c5e66
assets/textures/textures_webapp/pokemon/lairon/sprite-shiny.png,assets/textures/textures_webapp/pokemon/lairon/sprite-shiny.webp,96,96,963,924,39,4.0498,false,below-byte-threshold,52714247a82c6bfdd735c2dca133aa42898ca3d1bf89f81006353d22a555a23d
assets/textures/textures_webapp/pokemon/alolan-geodude/sprite-shiny.png,assets/textures/textures_webapp/pokemon/alolan-geodude/sprite-shiny.webp,96,96,554,516,38,6.8592,false,below-byte-threshold,9e37b0992c0f3e92efae475699c677f6fe167dec023ba7868308779b9594ffe2
assets/textures/textures_webapp/pokemon/polteageist/sprite-shiny.png,assets/textures/textures_webapp/pokemon/polteageist/sprite-shiny.webp,96,96,934,896,38,4.0685,false,below-byte-threshold,c0deacb8b29542cab7aecd248f9e717ace90b99a6eed0b5ebb306c647a6f7009
assets/textures/textures_webapp/pokemon/regirock/sprite.png,assets/textures/textures_webapp/pokemon/regirock/sprite.webp,96,96,1246,1208,38,3.0498,false,below-byte-threshold,12d38ce47599944b5be14f4491de5f2db588f0a785364e423c01f959dc849146
assets/textures/textures_webapp/pokemon/kyogre/sprite-shiny.png,assets/textures/textures_webapp/pokemon/kyogre/sprite-shiny.webp,96,96,1344,1306,38,2.8274,false,below-byte-threshold,7c1869efb49717c60e7e8f7b3dc2ae9c1d83059b14df65247759a1486b45bcd3
assets/textures/textures_webapp/pokemon/hatenna/sprite.png,assets/textures/textures_webapp/pokemon/hatenna/sprite.webp,96,96,405,368,37,9.1358,false,below-byte-threshold,f04bb26b81a6f5963a37aafe81f6d88722008c20bbf10c70a7e1f058c9ad5480
assets/textures/textures_webapp/pokemon/marshadow/sprite.png,assets/textures/textures_webapp/pokemon/marshadow/sprite.webp,96,96,497,460,37,7.4447,false,below-byte-threshold,99c568fc9c56f237ffa7f01ca29bc461ce7f2eae9f1820c897f5cff5e2198373
assets/textures/textures_webapp/pokemon/slurpuff/sprite-shiny.png,assets/textures/textures_webapp/pokemon/slurpuff/sprite-shiny.webp,96,96,593,556,37,6.2395,false,below-byte-threshold,a1a8aa15769b05e1749fa2df2a10cdf2abebb38007bd14872002919fb8eaa9e4
assets/textures/textures_webapp/pokemon/litleo/sprite.png,assets/textures/textures_webapp/pokemon/litleo/sprite.webp,96,96,603,566,37,6.1360,false,below-byte-threshold,5d6f9421bd82b28a4ad8f6f53d0275ce317868a6294c4d9e18ffa81e871b4f3b
assets/textures/textures_webapp/pokemon/palossand/sprite.png,assets/textures/textures_webapp/pokemon/palossand/sprite.webp,96,96,609,572,37,6.0755,false,below-byte-threshold,608961bffe940bfdacf689605ba18b742338bfe93f81f6dd389abbbeead8a542
assets/textures/textures_webapp/pokemon/bunnelby/sprite.png,assets/textures/textures_webapp/pokemon/bunnelby/sprite.webp,96,96,621,584,37,5.9581,false,below-byte-threshold,8dc8c48b8b7dc2dfc704be9e09d70c9e092ead307fb2d0ff76927326d0f64033
assets/textures/textures_webapp/pokemon/vileplume/sprite.png,assets/textures/textures_webapp/pokemon/vileplume/sprite.webp,96,96,853,816,37,4.3376,false,below-byte-threshold,3ab4964cee91038c212b86084bf17a27a3624a068458806b03fed090043fc837
assets/textures/textures_webapp/pokemon/hawlucha/sprite-shiny.png,assets/textures/textures_webapp/pokemon/hawlucha/sprite-shiny.webp,96,96,893,856,37,4.1433,false,below-byte-threshold,6e8c90c3cde0f115a7293c62a5046d9f2ced867ddbcffac23f2fbfa4fc8a8768
assets/textures/textures_webapp/pokemon/feraligatr/sprite.png,assets/textures/textures_webapp/pokemon/feraligatr/sprite.webp,96,96,1153,1116,37,3.2090,false,below-byte-threshold,6ecfee7bb0ecd6fb29684e63c3207a0f36f0ae5d090d3ce069f9c3771da40a8c
assets/textures/textures_webapp/pokemon/dialga/sprite-shiny.png,assets/textures/textures_webapp/pokemon/dialga/sprite-shiny.webp,96,96,1591,1554,37,2.3256,false,below-byte-threshold,1577548727fc7dc72585697f58ed2c72a2634b8643bb9b7b603d4cc6d7f32cd2
assets/textures/textures_webapp/pokemon/scorbunny/sprite-shiny.png,assets/textures/textures_webapp/pokemon/scorbunny/sprite-shiny.webp,96,96,536,500,36,6.7164,false,below-byte-threshold,3bd93bb342a88fc5a367cd305d5cf04e2c0ebae47ff518e6120046ce6b8578da
assets/textures/textures_webapp/pokemon/sizzlipede/sprite.png,assets/textures/textures_webapp/pokemon/sizzlipede/sprite.webp,96,96,666,630,36,5.4054,false,below-byte-threshold,925175d6f217eadbbed77827905453542d29e647a56769a699f9d9d5e05f4504
assets/textures/textures_webapp/pokemon/braixen/sprite.png,assets/textures/textures_webapp/pokemon/braixen/sprite.webp,96,96,834,798,36,4.3165,false,below-byte-threshold,2b1885727fff54492212d7058c327c2474f76ce333cf76a96fba4787e2c5e197
assets/textures/textures_webapp/pokemon/beedrill/sprite-shiny.png,assets/textures/textures_webapp/pokemon/beedrill/sprite-shiny.webp,96,96,1020,984,36,3.5294,false,below-byte-threshold,d6de80cac4c01814d2fd834880f594c1b11be7ae046bfb8449ccf50dfd305380
assets/textures/textures_webapp/pokemon/serperior/sprite-shiny.png,assets/textures/textures_webapp/pokemon/serperior/sprite-shiny.webp,96,96,1130,1094,36,3.1858,false,below-byte-threshold,fc61fb84e227851fcd9082a994245ac5170969b25fd7a38f82c0b6e93b80870e
assets/textures/textures_webapp/pokemon/tornadus/sprite-shiny.png,assets/textures/textures_webapp/pokemon/tornadus/sprite-shiny.webp,96,96,1218,1182,36,2.9557,false,below-byte-threshold,c92c865eafa1ee09147359841099359ab363c96d17ee84af49897873fca1b55e
assets/textures/textures_webapp/pokemon/dialga/sprite.png,assets/textures/textures_webapp/pokemon/dialga/sprite.webp,96,96,1590,1554,36,2.2642,false,below-byte-threshold,f38905629201cddb9982295b4a3d91cdf69bcad8ab7952fa2c76a04bd4e1297e
assets/textures/textures_webapp/pokemon/alolan-vulpix/sprite.png,assets/textures/textures_webapp/pokemon/alolan-vulpix/sprite.webp,96,96,627,592,35,5.5821,false,below-byte-threshold,44a6ee5b4bd3b9fd5cd1cf0e44eb3e691b271b80705a4175f83da34d5aa92b67
assets/textures/textures_webapp/pokemon/aegislash-shield/sprite-shiny.png,assets/textures/textures_webapp/pokemon/aegislash-shield/sprite-shiny.webp,96,96,939,904,35,3.7274,false,below-byte-threshold,ca713624f91a6f6007b27162c10517b70a5618832404cc16d280f6818e8fe61c
assets/textures/textures_webapp/pokemon/mimikyu-busted/sprite-shiny.png,assets/textures/textures_webapp/pokemon/mimikyu-busted/sprite-shiny.webp,96,96,414,380,34,8.2126,false,below-byte-threshold,9c162325c0b8241d786d6e9a0ed88923e0b42690428ec0952fa240dccd896225
assets/textures/textures_webapp/pokemon/mimikyu-busted/sprite.png,assets/textures/textures_webapp/pokemon/mimikyu-busted/sprite.webp,96,96,414,380,34,8.2126,false,below-byte-threshold,bbc6821a1858db9c1f40a6345c39334e285948e23a700c856e1c4b71b83737ff
assets/textures/textures_webapp/pokemon/marshadow/sprite-shiny.png,assets/textures/textures_webapp/pokemon/marshadow/sprite-shiny.webp,96,96,496,462,34,6.8548,false,below-byte-threshold,72164f75ae1313e7f5a4a2450a5a45c1d7f933c2d165ff26eee0305090dc811e
assets/textures/textures_webapp/pokemon/toxel/sprite.png,assets/textures/textures_webapp/pokemon/toxel/sprite.webp,96,96,604,570,34,5.6291,false,below-byte-threshold,b670f5dff55ada8c9f493660b5afed2eb82267bc8e0602760d55ebc01255c64d
assets/textures/textures_webapp/pokemon/nickit/sprite.png,assets/textures/textures_webapp/pokemon/nickit/sprite.webp,96,96,730,696,34,4.6575,false,below-byte-threshold,365d1bbd270c9486a88d61cbc0a1231bd46d3d9e778bf8bbd36340aed2459cb9
assets/textures/textures_webapp/pokemon/torracat/sprite.png,assets/textures/textures_webapp/pokemon/torracat/sprite.webp,96,96,766,732,34,4.4386,false,below-byte-threshold,20f9576e9c3a30a50e4450b5c5cdc18643a638b1306d459ab3dd3905def785e9
assets/textures/textures_webapp/pokemon/magnezone/sprite.png,assets/textures/textures_webapp/pokemon/magnezone/sprite.webp,96,96,842,808,34,4.0380,false,below-byte-threshold,add7911683a4275d72767825aa85532a243a473287621794ede75ec033bbfbda
assets/textures/textures_webapp/pokemon/hawlucha/sprite.png,assets/textures/textures_webapp/pokemon/hawlucha/sprite.webp,96,96,890,856,34,3.8202,false,below-byte-threshold,211623bdf1f74ea501343755e444103ba6744c5c7d286daeb0c8a68fb07e962a
assets/textures/textures_webapp/pokemon/pyukumuku/sprite-shiny.png,assets/textures/textures_webapp/pokemon/pyukumuku/sprite-shiny.webp,96,96,381,348,33,8.6614,false,below-byte-threshold,4174256d5b85379f4f8517b8172c00f07a99bd05ce9ac08e4830cba180341a4d
assets/textures/textures_webapp/pokemon/hatenna/sprite-shiny.png,assets/textures/textures_webapp/pokemon/hatenna/sprite-shiny.webp,96,96,405,372,33,8.1481,false,below-byte-threshold,10b53241f6fc6ab971ff7838ecd112871b2b9039c6e2b9166aa7767026872a83
assets/textures/textures_webapp/pokemon/minior-meteor-form/sprite.png,assets/textures/textures_webapp/pokemon/minior-meteor-form/sprite.webp,96,96,488,456,32,6.5574,false,below-byte-threshold,ac029ca1963351c111f974fa73dca703e7980a40bca841cb0f5d3f53183dfa58
assets/textures/textures_webapp/pokemon/minior/sprite-shiny.png,assets/textures/textures_webapp/pokemon/minior/sprite-shiny.webp,96,96,488,456,32,6.5574,false,below-byte-threshold,ac029ca1963351c111f974fa73dca703e7980a40bca841cb0f5d3f53183dfa58
assets/textures/textures_webapp/pokemon/minior/sprite.png,assets/textures/textures_webapp/pokemon/minior/sprite.webp,96,96,488,456,32,6.5574,false,below-byte-threshold,ac029ca1963351c111f974fa73dca703e7980a40bca841cb0f5d3f53183dfa58
assets/textures/textures_webapp/pokemon/thundurus/sprite-shiny.png,assets/textures/textures_webapp/pokemon/thundurus/sprite-shiny.webp,96,96,1274,1242,32,2.5118,false,below-byte-threshold,0d86c8d1ce7f2a8cd0947a5f71002a20797528640e049428199cabc0e29113c6
assets/textures/textures_webapp/pokemon/white-kyurem/sprite.png,assets/textures/textures_webapp/pokemon/white-kyurem/sprite.webp,96,96,1866,1834,32,1.7149,false,below-byte-threshold,b5f6dca8276e1ed79c8c00088e519b955502418e843439a7f9080f108a3ce1ac
assets/textures/textures_webapp/pokemon/palossand/sprite-shiny.png,assets/textures/textures_webapp/pokemon/palossand/sprite-shiny.webp,96,96,609,578,31,5.0903,false,below-byte-threshold,2c4da45a3589360c66acc1a4e74dbb6c1efa97a3cf4df69f582f6c9af0abd11b
assets/textures/textures_webapp/pokemon/alolan-vulpix/sprite-shiny.png,assets/textures/textures_webapp/pokemon/alolan-vulpix/sprite-shiny.webp,96,96,627,596,31,4.9442,false,below-byte-threshold,c90254dbf307f5398d53e7b5301936ef2c01cbd7f4769356de3d1c882fd4da9a
assets/textures/textures_webapp/pokemon/magnezone/sprite-shiny.png,assets/textures/textures_webapp/pokemon/magnezone/sprite-shiny.webp,96,96,843,812,31,3.6773,false,below-byte-threshold,9f03b594d6052dba7a237e269d630b7ea2b77b2f5541d66141e8302c963d8c03
assets/textures/textures_webapp/pokemon/tornadus/sprite.png,assets/textures/textures_webapp/pokemon/tornadus/sprite.webp,96,96,1219,1188,31,2.5431,false,below-byte-threshold,1f62b652af41b0a8d7ad0ee6b68afc7c9ed605cfe20b365a94b9d2b3db1b503e
assets/textures/textures_webapp/pokemon/thundurus/sprite.png,assets/textures/textures_webapp/pokemon/thundurus/sprite.webp,96,96,1273,1242,31,2.4352,false,below-byte-threshold,d4b8ec1c5970f9265a4794e09966f5ebc235c95d7ad5a35b74e380a39ece6215
assets/textures/textures_webapp/pokemon/minior-core-blue/sprite.png,assets/textures/textures_webapp/pokemon/minior-core-blue/sprite.webp,96,96,402,372,30,7.4627,false,below-byte-threshold,846d3cb1c6c932e2737390431bf10cb6f31094fd99390129ec224ed63da2a663
assets/textures/textures_webapp/pokemon/minior-core/sprite-blue.png,assets/textures/textures_webapp/pokemon/minior-core/sprite-blue.webp,96,96,402,372,30,7.4627,false,below-byte-threshold,846d3cb1c6c932e2737390431bf10cb6f31094fd99390129ec224ed63da2a663
assets/textures/textures_webapp/pokemon/pikipek/sprite.png,assets/textures/textures_webapp/pokemon/pikipek/sprite.webp,96,96,385,356,29,7.5325,false,below-byte-threshold,3f0a3191fbb852406fb34cd8a00a87059f9451da7b26a10137e18866e67b0f65
assets/textures/textures_webapp/pokemon/rillaboom/sprite-shiny.png,assets/textures/textures_webapp/pokemon/rillaboom/sprite-shiny.webp,96,96,1435,1406,29,2.0209,false,below-byte-threshold,dc2c4d4ba8194eb11897bc5a8d0cc1281c23655ed61bd5b2e82be073f0ff0f26
assets/textures/textures_webapp/pokemon/minior-core-violet/sprite.png,assets/textures/textures_webapp/pokemon/minior-core-violet/sprite.webp,96,96,402,374,28,6.9652,false,below-byte-threshold,78fafdd1a8aa29c9c832246aa8503fad8e25237754eb34c0f254a63ccd0f6ec0
assets/textures/textures_webapp/pokemon/minior-core/sprite-violet.png,assets/textures/textures_webapp/pokemon/minior-core/sprite-violet.webp,96,96,402,374,28,6.9652,false,below-byte-threshold,78fafdd1a8aa29c9c832246aa8503fad8e25237754eb34c0f254a63ccd0f6ec0
assets/textures/textures_webapp/pokemon/morelull/sprite.png,assets/textures/textures_webapp/pokemon/morelull/sprite.webp,96,96,422,394,28,6.6351,false,below-byte-threshold,705eb7d271798476007ad6cbd2185521da0b6c0c923be286503091f5d61f2303
assets/textures/textures_webapp/pokemon/dubwool/sprite-shiny.png,assets/textures/textures_webapp/pokemon/dubwool/sprite-shiny.webp,96,96,986,958,28,2.8398,false,below-byte-threshold,17af785e0af0a8bae4f8474075540a9ad4fa1eb7a409a5b8a524ab56e133add7
assets/textures/textures_webapp/pokemon/pikipek/sprite-shiny.png,assets/textures/textures_webapp/pokemon/pikipek/sprite-shiny.webp,96,96,385,358,27,7.0130,false,below-byte-threshold,67705b4676d1c66778c2a4cabf04cdf3f88b2b70d8fcaf97d48a8daa44241876
assets/textures/textures_webapp/pokemon/minior-core-orange/sprite.png,assets/textures/textures_webapp/pokemon/minior-core-orange/sprite.webp,96,96,403,376,27,6.6998,false,below-byte-threshold,febf8bd735996afcf7f20c78ed340719248cd82eed4baa6bd9253bb6abca83c4
assets/textures/textures_webapp/pokemon/minior-core/sprite-orange.png,assets/textures/textures_webapp/pokemon/minior-core/sprite-orange.webp,96,96,403,376,27,6.6998,false,below-byte-threshold,febf8bd735996afcf7f20c78ed340719248cd82eed4baa6bd9253bb6abca83c4
assets/textures/textures_webapp/pokemon/pangoro/sprite.png,assets/textures/textures_webapp/pokemon/pangoro/sprite.webp,96,96,1007,980,27,2.6812,false,below-byte-threshold,ea6d8dcd2ae051c63ea56f4bd1701a5094ea102f008cf2e4e2b1296ec7bae03c
assets/textures/textures_webapp/pokemon/toxel/sprite-shiny.png,assets/textures/textures_webapp/pokemon/toxel/sprite-shiny.webp,96,96,604,578,26,4.3046,false,below-byte-threshold,d99abb63c7849dfd9aa598aa47582836544ac5c307888bb7dfcb786d23ff3346
assets/textures/textures_webapp/pokemon/nickit/sprite-shiny.png,assets/textures/textures_webapp/pokemon/nickit/sprite-shiny.webp,96,96,740,714,26,3.5135,false,below-byte-threshold,67c8e918f478aa069d31bb6b98b57029b73805c540fca240f8ff9b6e64460255
assets/textures/textures_webapp/pokemon/torracat/sprite-shiny.png,assets/textures/textures_webapp/pokemon/torracat/sprite-shiny.webp,96,96,766,740,26,3.3943,false,below-byte-threshold,df5fe0407585b03c5785d2367e02a7ad0951f48cc4314539ca0a8c5bd93a6717
assets/textures/textures_webapp/pokemon/rillaboom/sprite.png,assets/textures/textures_webapp/pokemon/rillaboom/sprite.webp,96,96,1434,1408,26,1.8131,false,below-byte-threshold,7f82f9ad8cf0d6dc81ca89cd9115dd02af5bc0fc1baa0d30501a1be96dccb84b
assets/textures/textures_webapp/pokemon/minior-core-red/sprite.png,assets/textures/textures_webapp/pokemon/minior-core-red/sprite.webp,96,96,403,378,25,6.2035,false,below-byte-threshold,daefcdd24a97305be441128345169e841610dfe09e5bf93f4ed2745f4d7aa571
assets/textures/textures_webapp/pokemon/minior-core-yellow/sprite.png,assets/textures/textures_webapp/pokemon/minior-core-yellow/sprite.webp,96,96,403,378,25,6.2035,false,below-byte-threshold,a8386ed748e003759a731820181d7c02f87cc86499de80bd80d45a6cee7d8685
assets/textures/textures_webapp/pokemon/minior-core/sprite-red.png,assets/textures/textures_webapp/pokemon/minior-core/sprite-red.webp,96,96,403,378,25,6.2035,false,below-byte-threshold,daefcdd24a97305be441128345169e841610dfe09e5bf93f4ed2745f4d7aa571
assets/textures/textures_webapp/pokemon/minior-core/sprite-yellow.png,assets/textures/textures_webapp/pokemon/minior-core/sprite-yellow.webp,96,96,403,378,25,6.2035,false,below-byte-threshold,a8386ed748e003759a731820181d7c02f87cc86499de80bd80d45a6cee7d8685
assets/textures/textures_webapp/pokemon/minior-core/sprite.png,assets/textures/textures_webapp/pokemon/minior-core/sprite.webp,96,96,403,378,25,6.2035,false,below-byte-threshold,daefcdd24a97305be441128345169e841610dfe09e5bf93f4ed2745f4d7aa571
assets/textures/textures_webapp/pokemon/helioptile/sprite-shiny.png,assets/textures/textures_webapp/pokemon/helioptile/sprite-shiny.webp,96,96,471,446,25,5.3079,false,below-byte-threshold,7c7b49fe5c947f6e2b242996d06c943467c413762fb62ae07ac8f2f723c97f0a
assets/textures/textures_webapp/pokemon/alolan-rattata/sprite.png,assets/textures/textures_webapp/pokemon/alolan-rattata/sprite.webp,96,96,555,530,25,4.5045,false,below-byte-threshold,f65153ea220923f43dea149494cc459f0128e584cd37be996311c2f23889651e
assets/textures/textures_webapp/pokemon/chespin/sprite.png,assets/textures/textures_webapp/pokemon/chespin/sprite.webp,96,96,546,522,24,4.3956,false,below-byte-threshold,f9e97172fceba40a4fb6f750c483c91a5583b0e689e3acbc7371c9007d8dc1f9
assets/textures/textures_webapp/pokemon/braixen/sprite-shiny.png,assets/textures/textures_webapp/pokemon/braixen/sprite-shiny.webp,96,96,834,810,24,2.8777,false,below-byte-threshold,e616ba0c60250c917a52b6503687f01774e3a73f1ae7f4c572fc5f5165caf922
assets/textures/textures_webapp/pokemon/morpeko-hangry/sprite.png,assets/textures/textures_webapp/pokemon/morpeko-hangry/sprite.webp,96,96,433,410,23,5.3118,false,below-byte-threshold,3a0889048c07f41990f251a34a0dae2e28e5abccb58490916ec323b4236183ce
assets/textures/textures_webapp/pokemon/pangoro/sprite-shiny.png,assets/textures/textures_webapp/pokemon/pangoro/sprite-shiny.webp,96,96,1007,984,23,2.2840,false,below-byte-threshold,6bea55fa320e1960bd3406dcfc0c4da5ea2ce8e7bffe45dae5747f61a36a8f03
assets/textures/textures_webapp/pokemon/minior-core-green/sprite.png,assets/textures/textures_webapp/pokemon/minior-core-green/sprite.webp,96,96,402,380,22,5.4726,false,below-byte-threshold,0568ec446e3b151a40e7ffc27feae357ca60138f1989f2da38f2d5834db7cbf3
assets/textures/textures_webapp/pokemon/minior-core-indigo/sprite.png,assets/textures/textures_webapp/pokemon/minior-core-indigo/sprite.webp,96,96,402,380,22,5.4726,false,below-byte-threshold,c78205178119d122f4228d8a48b3d27e889a8cc1bc0c3c277d265f8ea29fe792
assets/textures/textures_webapp/pokemon/minior-core/sprite-green.png,assets/textures/textures_webapp/pokemon/minior-core/sprite-green.webp,96,96,402,380,22,5.4726,false,below-byte-threshold,0568ec446e3b151a40e7ffc27feae357ca60138f1989f2da38f2d5834db7cbf3
assets/textures/textures_webapp/pokemon/minior-core/sprite-indigo.png,assets/textures/textures_webapp/pokemon/minior-core/sprite-indigo.webp,96,96,402,380,22,5.4726,false,below-byte-threshold,c78205178119d122f4228d8a48b3d27e889a8cc1bc0c3c277d265f8ea29fe792
assets/textures/textures_webapp/pokemon/bergmite/sprite.png,assets/textures/textures_webapp/pokemon/bergmite/sprite.webp,96,96,522,500,22,4.2146,false,below-byte-threshold,88d7270453d88487de5c5c2459aab593b418ee1a5af7cf0d86066fba250ba818
assets/textures/textures_webapp/pokemon/alolan-meowth/sprite-shiny.png,assets/textures/textures_webapp/pokemon/alolan-meowth/sprite-shiny.webp,96,96,616,594,22,3.5714,false,below-byte-threshold,f43a60d34f80b25c7cd96190b7da5c00171d995840b9fcc212828cdc2a4a32a2
assets/textures/textures_webapp/pokemon/flapple/sprite.png,assets/textures/textures_webapp/pokemon/flapple/sprite.webp,96,96,818,796,22,2.6895,false,below-byte-threshold,726d49f4a9c025f4a500a666edf83ab01e5677e3e0e76125000cadb45accff61
assets/textures/textures_webapp/pokemon/klefki/sprite-shiny.png,assets/textures/textures_webapp/pokemon/klefki/sprite-shiny.webp,96,96,866,844,22,2.5404,false,below-byte-threshold,909dbc1a0c6c6206a026d3e6ff11417ae3be2a754fca6e66ca5a3aa7ec5ecc89
assets/textures/textures_webapp/pokemon/inkay/sprite.png,assets/textures/textures_webapp/pokemon/inkay/sprite.webp,96,96,616,596,20,3.2468,false,below-byte-threshold,4bc7176c3eb83d732a073a7f810b572c3f7bac9ad33b9c2e304dc4be495d4513
assets/textures/textures_webapp/pokemon/galarian-meowth/sprite-shiny.png,assets/textures/textures_webapp/pokemon/galarian-meowth/sprite-shiny.webp,96,96,622,602,20,3.2154,false,below-byte-threshold,3a7e7b6afa5b6afeaa32909d7601510efad8e38ab862280c25b0e403e7a012d4
assets/textures/textures_webapp/pokemon/galarian-meowth/sprite.png,assets/textures/textures_webapp/pokemon/galarian-meowth/sprite.webp,96,96,622,602,20,3.2154,false,below-byte-threshold,eb1d336288652b2d80ecefc116917160920ac8fce5d57246efc35e23b773f0f0
assets/textures/textures_webapp/pokemon/klefki/sprite.png,assets/textures/textures_webapp/pokemon/klefki/sprite.webp,96,96,866,846,20,2.3095,false,below-byte-threshold,b6e477f219487b3b90576bbea7fce8a62ee4fbd313366b8455ff52a0f885ed66
assets/textures/textures_webapp/pokemon/emboar/sprite-shiny.png,assets/textures/textures_webapp/pokemon/emboar/sprite-shiny.webp,96,96,1502,1482,20,1.3316,false,below-byte-threshold,994732c19ab75728af3f1a7fd013ed97aa6999fd4432dd03a1d342bbfbb514c5
assets/textures/textures_webapp/pokemon/morpeko-hangry/sprite-shiny.png,assets/textures/textures_webapp/pokemon/morpeko-hangry/sprite-shiny.webp,96,96,433,414,19,4.3880,false,below-byte-threshold,79fa65fe032361091e11664ad3970f40fd146365f0442f05e23ce805665a3a41
assets/textures/textures_webapp/pokemon/helioptile/sprite.png,assets/textures/textures_webapp/pokemon/helioptile/sprite.webp,96,96,471,452,19,4.0340,false,below-byte-threshold,11dfc98640da070ba201d551515b56d6edc9a4b652dd47aa019efe1885086e7d
assets/textures/textures_webapp/pokemon/sinistea/sprite.png,assets/textures/textures_webapp/pokemon/sinistea/sprite.webp,96,96,523,504,19,3.6329,false,below-byte-threshold,601412292ef984d1243d3dd91c4930be1e6b22bb0e7e9f67939ce4ba5850a097
assets/textures/textures_webapp/pokemon/salazzle/sprite-shiny.png,assets/textures/textures_webapp/pokemon/salazzle/sprite-shiny.webp,96,96,799,780,19,2.3780,false,below-byte-threshold,3ab56da5d88a3198ba74e2731ded9a0b1b363505aff660c476e3e300d3d04322
assets/textures/textures_webapp/pokemon/grimmsnarl/sprite.png,assets/textures/textures_webapp/pokemon/grimmsnarl/sprite.webp,96,96,1331,1312,19,1.4275,false,below-byte-threshold,89d23f2835d64a5683b43d7777faece90a32d60e67b7d75af30bb8bfa6a75d2b
assets/textures/textures_webapp/pokemon/litten/sprite.png,assets/textures/textures_webapp/pokemon/litten/sprite.webp,96,96,583,566,17,2.9160,false,below-byte-threshold,0037d8cc39f894feb9e9957d7888db2c4a5865ae6eddacc8e7922c4e75e229f2
assets/textures/textures_webapp/pokemon/cosmoem/sprite-shiny.png,assets/textures/textures_webapp/pokemon/cosmoem/sprite-shiny.webp,96,96,607,590,17,2.8007,false,below-byte-threshold,82a7be6ad08e1bf91c6d4e6a5910f63f3493e23c0388e42336228e280c21f878
assets/textures/textures_webapp/pokemon/alolan-persian/sprite-shiny.png,assets/textures/textures_webapp/pokemon/alolan-persian/sprite-shiny.webp,96,96,711,694,17,2.3910,false,below-byte-threshold,24e1449f091f2201af22236c26f7d9bab6b5f99068b57e29825c1e05f91df1ae
assets/textures/textures_webapp/pokemon/alolan-persian/sprite.png,assets/textures/textures_webapp/pokemon/alolan-persian/sprite.webp,96,96,711,694,17,2.3910,false,below-byte-threshold,6d2ffa8782253d281ce4a36713960222731e530d89d54736a1b3db07eb53a9db
assets/textures/textures_webapp/pokemon/venonat/sprite.png,assets/textures/textures_webapp/pokemon/venonat/sprite.webp,96,96,771,754,17,2.2049,false,below-byte-threshold,a61177d834e067e1c1cfef8c690ef558b53fbf3a20621f2559a9d70c71afff1f
assets/textures/textures_webapp/pokemon/venonat/sprite-shiny.png,assets/textures/textures_webapp/pokemon/venonat/sprite-shiny.webp,96,96,773,756,17,2.1992,false,below-byte-threshold,baaf61ad86e277981f44cd4920c4aab298c199b48a12dd425f2c56b2340497c7
assets/textures/textures_webapp/pokemon/turtonator/sprite-shiny.png,assets/textures/textures_webapp/pokemon/turtonator/sprite-shiny.webp,96,96,1045,1028,17,1.6268,false,below-byte-threshold,54b23b3f5c4ccb9ba9e98a6ed136193e6d05598a225937c2ccb43506dc855854
assets/textures/textures_webapp/pokemon/zarude/sprite.png,assets/textures/textures_webapp/pokemon/zarude/sprite.webp,96,96,1231,1214,17,1.3810,false,below-byte-threshold,7ced64456a249a28c236a31190a3664507fe447f0c2a91bb45b7cc613ef3ae6c
assets/textures/textures_webapp/pokemon/cutiefly/sprite-shiny.png,assets/textures/textures_webapp/pokemon/cutiefly/sprite-shiny.webp,96,96,366,350,16,4.3716,false,below-byte-threshold,84fdb020b36783302729ce78be5d20695421255e83443699d17d978478073f74
assets/textures/textures_webapp/pokemon/morelull/sprite-shiny.png,assets/textures/textures_webapp/pokemon/morelull/sprite-shiny.webp,96,96,422,406,16,3.7915,false,below-byte-threshold,cd7fe43ba17146a5463368f627e562ff9d2fab4babe4de9e389a8d1d7b20bf3c
assets/textures/textures_webapp/pokemon/mimikyu/sprite.png,assets/textures/textures_webapp/pokemon/mimikyu/sprite.webp,96,96,464,448,16,3.4483,false,below-byte-threshold,dc39a047fa86a7fa07e4e759d855ed14883d5d14657a2dd2e2110c6e43f17b9b
assets/textures/textures_webapp/pokemon/skwovet/sprite.png,assets/textures/textures_webapp/pokemon/skwovet/sprite.webp,96,96,616,600,16,2.5974,false,below-byte-threshold,25d55940c74ac4bb662dc92b8cf81baefbe883740bafebbb37ff5729653aeba2
assets/textures/textures_webapp/pokemon/chespin/sprite-shiny.png,assets/textures/textures_webapp/pokemon/chespin/sprite-shiny.webp,96,96,583,568,15,2.5729,false,below-byte-threshold,bf7e298b6da73e33351fda5f4b3799ba580ecadeed10ea1afa1b4ea4e4bf0947
assets/textures/textures_webapp/pokemon/sliggoo/sprite.png,assets/textures/textures_webapp/pokemon/sliggoo/sprite.webp,96,96,603,588,15,2.4876,false,below-byte-threshold,2135b625168e40dc9c91e186c1c90ef46cfc0f6a030b94bb39291af333d1e424
assets/textures/textures_webapp/pokemon/sylveon/sprite-shiny.png,assets/textures/textures_webapp/pokemon/sylveon/sprite-shiny.webp,96,96,789,774,15,1.9011,false,below-byte-threshold,d280d98e0398ca61beea7904a77f2fa6e13c304096997b655c6077b48f5c6f94
assets/textures/textures_webapp/pokemon/salazzle/sprite.png,assets/textures/textures_webapp/pokemon/salazzle/sprite.webp,96,96,799,784,15,1.8773,false,below-byte-threshold,1de769d9fcf97c97adb5b4aaa8790385cdd6af7f6d4df5fa56ba5efa25f58475
assets/textures/textures_webapp/pokemon/toxtricity-low-key/sprite.png,assets/textures/textures_webapp/pokemon/toxtricity-low-key/sprite.webp,96,96,1021,1006,15,1.4691,false,below-byte-threshold,a5abfe6541f499ae0c05308a79669bd6f75c22e60e44680a973c783753c58804
assets/textures/textures_webapp/pokemon/galarian-yamask/sprite-shiny.png,assets/textures/textures_webapp/pokemon/galarian-yamask/sprite-shiny.webp,96,96,460,446,14,3.0435,false,below-byte-threshold,ac4e44e023591d23ed385de66b6a67c76efab20afa3ccf961f8562829be087b0
assets/textures/textures_webapp/pokemon/galarian-stunfisk/sprite.png,assets/textures/textures_webapp/pokemon/galarian-stunfisk/sprite.webp,96,96,594,580,14,2.3569,false,below-byte-threshold,298bdd18c3b187260a52120ae435ba8954dcce1e9a48b8d7ea2cbf462d26d341
assets/textures/textures_webapp/pokemon/salandit/sprite.png,assets/textures/textures_webapp/pokemon/salandit/sprite.webp,96,96,634,620,14,2.2082,false,below-byte-threshold,bf584a166c9f0eda8412913b6a6143a437210a9e08ef96af08ec83ad20870f71
assets/textures/textures_webapp/pokemon/greedent/sprite-shiny.png,assets/textures/textures_webapp/pokemon/greedent/sprite-shiny.webp,96,96,1028,1014,14,1.3619,false,below-byte-threshold,9e3b103f1aa18dc93f952d9695f08619767949f36c4565a015eef9c8dbb134c9
assets/textures/textures_webapp/pokemon/toxtricity-amped/sprite.png,assets/textures/textures_webapp/pokemon/toxtricity-amped/sprite.webp,96,96,1058,1044,14,1.3233,false,below-byte-threshold,aa391fc14092afb1caba94dbb49df295a2b34502668785d191a52d4a9ad34b66
assets/textures/textures_webapp/pokemon/sandygast/sprite-shiny.png,assets/textures/textures_webapp/pokemon/sandygast/sprite-shiny.webp,96,96,407,394,13,3.1941,false,below-byte-threshold,85fa64a488fa9cacd2d7707cd27ac7d78894727c2c9b22b0358bfb4b0a9bd9ef
assets/textures/textures_webapp/pokemon/alolan-diglett/sprite-shiny.png,assets/textures/textures_webapp/pokemon/alolan-diglett/sprite-shiny.webp,96,96,411,398,13,3.1630,false,below-byte-threshold,c258762c6b9c713c87d21ad5d002e0f93112177618dfa8575282ee94358b441c
assets/textures/textures_webapp/pokemon/fletchling/sprite.png,assets/textures/textures_webapp/pokemon/fletchling/sprite.webp,96,96,455,442,13,2.8571,false,below-byte-threshold,8686cef1874c978a34a0bcde6b1be009a9a6e432bc690e6ad6795b658f0e0c69
assets/textures/textures_webapp/pokemon/sinistea/sprite-shiny.png,assets/textures/textures_webapp/pokemon/sinistea/sprite-shiny.webp,96,96,523,510,13,2.4857,false,below-byte-threshold,1f704b851509c808d345dd5e7fc774e0512d63657e8166bc115dafe6fb86a2ab
assets/textures/textures_webapp/pokemon/litten/sprite-shiny.png,assets/textures/textures_webapp/pokemon/litten/sprite-shiny.webp,96,96,583,570,13,2.2298,false,below-byte-threshold,5611b3dadb0294bdc0f32d3ba36ebbd99456ebe1cedf634fa02ae6a70df16078
assets/textures/textures_webapp/pokemon/cosmoem/sprite.png,assets/textures/textures_webapp/pokemon/cosmoem/sprite.webp,96,96,607,594,13,2.1417,false,below-byte-threshold,ff0bb0860402aad32bc1609154f7f805fe0b52cb1b65209f5ae5aee679206fd7
assets/textures/textures_webapp/pokemon/rockruff/sprite.png,assets/textures/textures_webapp/pokemon/rockruff/sprite.webp,96,96,607,594,13,2.1417,false,below-byte-threshold,8b42f7a66fddb5d5692602d32103c6672a54bccc12d98de177a624184a041f20
assets/textures/textures_webapp/pokemon/dottler/sprite.png,assets/textures/textures_webapp/pokemon/dottler/sprite.webp,96,96,639,626,13,2.0344,false,below-byte-threshold,2ff909f9fe0e97c12e52c765785e06363aff4af21539982dda1d77839f80d0bd
assets/textures/textures_webapp/pokemon/meowstic-f/sprite-shiny.png,assets/textures/textures_webapp/pokemon/meowstic-f/sprite-shiny.webp,96,96,663,650,13,1.9608,false,below-byte-threshold,3ccd0be7a513c12666f9f1ae394e6ed4f0b77ce279db718c02674c0b6cd66935
assets/textures/textures_webapp/pokemon/toxtricity-low-key/sprite-shiny.png,assets/textures/textures_webapp/pokemon/toxtricity-low-key/sprite-shiny.webp,96,96,1021,1008,13,1.2733,false,below-byte-threshold,51def01bcd1b10d239bdaa8bfdd470d2e14770857a872f2ffa79708fb7db7761
assets/textures/textures_webapp/pokemon/alolan-graveler/sprite.png,assets/textures/textures_webapp/pokemon/alolan-graveler/sprite.webp,96,96,918,906,12,1.3072,false,below-byte-threshold,41d95354f4696c684cff5e00c295ed3cd51c75966672723b23b8227a5f3bb587
assets/textures/textures_webapp/pokemon/regidrago/sprite-shiny.png,assets/textures/textures_webapp/pokemon/regidrago/sprite-shiny.webp,96,96,996,984,12,1.2048,false,below-byte-threshold,4c7c4ca817f577b4ea7db9a1bab83424360203b4128d1e6439b492c1cb50877d
assets/textures/textures_webapp/pokemon/goodra/sprite.png,assets/textures/textures_webapp/pokemon/goodra/sprite.webp,96,96,1050,1038,12,1.1429,false,below-byte-threshold,80fa7b17ae178a00ba73e2f158f89d07de97cc67f00effe4670156ef57fe509f
assets/textures/textures_webapp/pokemon/galarian-darumaka/sprite-shiny.png,assets/textures/textures_webapp/pokemon/galarian-darumaka/sprite-shiny.webp,96,96,501,490,11,2.1956,false,below-byte-threshold,a7bbf90bad0e76bc5c5bf7d2c546f1b7c4c6acb858a61dd37c93e1e88ca6c227
assets/textures/textures_webapp/pokemon/sylveon/sprite.png,assets/textures/textures_webapp/pokemon/sylveon/sprite.webp,96,96,789,778,11,1.3942,false,below-byte-threshold,4d7df9a6b32e4e818aee27ed7f9c27e61aff8db1e862968d98df1fc2e8e5594c
assets/textures/textures_webapp/pokemon/landorus-therian/sprite.png,assets/textures/textures_webapp/pokemon/landorus-therian/sprite.webp,96,96,1353,1342,11,0.8130,false,below-byte-threshold,3efcbabbbdc4c2e3655d70b8204e84656dafe99d482586fb985c641dd2ddc67f
assets/textures/textures_webapp/pokemon/galarian-yamask/sprite.png,assets/textures/textures_webapp/pokemon/galarian-yamask/sprite.webp,96,96,460,450,10,2.1739,false,below-byte-threshold,f2b5399049aeb065410a53d684c506151d83d7bb47eadb4698d2d9af6a37e37f
assets/textures/textures_webapp/pokemon/fomantis/sprite-shiny.png,assets/textures/textures_webapp/pokemon/fomantis/sprite-shiny.webp,96,96,482,472,10,2.0747,false,below-byte-threshold,65b4388618cc0b5142081c8ce5d1040b369c933f6127a129e9c7607096660907
assets/textures/textures_webapp/pokemon/alolan-sandshrew/sprite-shiny.png,assets/textures/textures_webapp/pokemon/alolan-sandshrew/sprite-shiny.webp,96,96,546,536,10,1.8315,false,below-byte-threshold,be1ec0756533d6027eb5293bdf833b226b8ccb5709ff180afe75c2f0fb3513e5
assets/textures/textures_webapp/pokemon/galarian-stunfisk/sprite-shiny.png,assets/textures/textures_webapp/pokemon/galarian-stunfisk/sprite-shiny.webp,96,96,594,584,10,1.6835,false,below-byte-threshold,dfaf8476e367a43342e168bbac80fd2675c73f9a56c7c6c4bfd5d498c540d4ee
assets/textures/textures_webapp/pokemon/inkay/sprite-shiny.png,assets/textures/textures_webapp/pokemon/inkay/sprite-shiny.webp,96,96,616,606,10,1.6234,false,below-byte-threshold,e1bb945ddb32614bf530a245edc082d9d1fe7424a4d3aeaae8825b936f8913e9
assets/textures/textures_webapp/pokemon/greedent/sprite.png,assets/textures/textures_webapp/pokemon/greedent/sprite.webp,96,96,1028,1018,10,0.9728,false,below-byte-threshold,066208cb1da951507a8ade8484a41cf735fbff150d07199eb3d8de584eeee0c7
assets/textures/textures_webapp/pokemon/indeedee-m/sprite-shiny.png,assets/textures/textures_webapp/pokemon/indeedee-m/sprite-shiny.webp,96,96,609,600,9,1.4778,false,below-byte-threshold,8a8549f7d6c8725c21b4fb9d48c0b0e4cd95fa372eb8165b20478b1dd58429ec
assets/textures/textures_webapp/pokemon/cutiefly/sprite.png,assets/textures/textures_webapp/pokemon/cutiefly/sprite.webp,96,96,366,358,8,2.1858,false,below-byte-threshold,347eb46b930b334f5157bfe138c2c33c398c438e3eb04487cabdc9aff6cce6d2
assets/textures/textures_webapp/pokemon/sandygast/sprite.png,assets/textures/textures_webapp/pokemon/sandygast/sprite.webp,96,96,406,398,8,1.9704,false,below-byte-threshold,164918b489bf71d66c3172e95772d6dac64ca6a32907bb86ddf4d30f755d0eb0
assets/textures/textures_webapp/pokemon/charjabug/sprite-shiny.png,assets/textures/textures_webapp/pokemon/charjabug/sprite-shiny.webp,96,96,446,438,8,1.7937,false,below-byte-threshold,d6b427b552f6f15df54f35daebe92e6cb11b09c27afa448d4e8b11577293ed6d
assets/textures/textures_webapp/pokemon/morpeko/sprite.png,assets/textures/textures_webapp/pokemon/morpeko/sprite.webp,96,96,466,458,8,1.7167,false,below-byte-threshold,e2f650ffbb8f310161d7a294eb43d7d838065a1e060595e4e251254e6487527f
assets/textures/textures_webapp/pokemon/fomantis/sprite.png,assets/textures/textures_webapp/pokemon/fomantis/sprite.webp,96,96,482,474,8,1.6598,false,below-byte-threshold,e1f5a0f49c3eed45be4efb01b7f21d26b1239345caefcfb89ec2bc6aba1099ee
assets/textures/textures_webapp/pokemon/cosmog/sprite.png,assets/textures/textures_webapp/pokemon/cosmog/sprite.webp,96,96,552,544,8,1.4493,false,below-byte-threshold,b71a493b39fa25a9916e3eb29fc14141158127b9b1a69485d143357af80341ae
assets/textures/textures_webapp/pokemon/alolan-meowth/sprite.png,assets/textures/textures_webapp/pokemon/alolan-meowth/sprite.webp,96,96,614,606,8,1.3029,false,below-byte-threshold,fe44302f4fb17f51951294a74872c3868dab9127ae9c0f0a0ddc2a5957d769b3
assets/textures/textures_webapp/pokemon/salandit/sprite-shiny.png,assets/textures/textures_webapp/pokemon/salandit/sprite-shiny.webp,96,96,634,626,8,1.2618,false,below-byte-threshold,1ec18c65685b81ab0306e7e9b10f7bd122e74fe9db1f9891dac5c2acc65490b6
assets/textures/textures_webapp/pokemon/centiskorch/sprite-shiny.png,assets/textures/textures_webapp/pokemon/centiskorch/sprite-shiny.webp,96,96,1300,1292,8,0.6154,false,below-byte-threshold,79d46919a6c3a936a6ccd1564072fbc466974027dd539afcda7f68f8beb0a81a
assets/textures/textures_webapp/pokemon/mimikyu/sprite-shiny.png,assets/textures/textures_webapp/pokemon/mimikyu/sprite-shiny.webp,96,96,463,456,7,1.5119,false,below-byte-threshold,1ec0fe7b51018db91c6fc8b26d796a9c5e54b7e81b84dd647e4c1849030042ef
assets/textures/textures_webapp/pokemon/bewear/sprite.png,assets/textures/textures_webapp/pokemon/bewear/sprite.webp,96,96,627,620,7,1.1164,false,below-byte-threshold,256aa24df6cee6314a4262af0b2037f7ac176f5f445196ec9426e7214e9c7882
assets/textures/textures_webapp/pokemon/tapu-lele/sprite-shiny.png,assets/textures/textures_webapp/pokemon/tapu-lele/sprite-shiny.webp,96,96,761,754,7,0.9198,false,below-byte-threshold,153887f1875606be08bcf9a37ee2587ba249971617b4f54169e9a95f46011b5b
assets/textures/textures_webapp/pokemon/alolan-sandshrew/sprite.png,assets/textures/textures_webapp/pokemon/alolan-sandshrew/sprite.webp,96,96,546,540,6,1.0989,false,below-byte-threshold,2a753ac90a4084e93459c4ca360485a49722f211e43f51135a0b5417e659118d
assets/textures/textures_webapp/pokemon/cosmog/sprite-shiny.png,assets/textures/textures_webapp/pokemon/cosmog/sprite-shiny.webp,96,96,552,546,6,1.0870,false,below-byte-threshold,180cb222582d5533ce3f3f3346b35a7a296ee8749fcf70d9659783e616f557bf
assets/textures/textures_webapp/pokemon/arrokuda/sprite-shiny.png,assets/textures/textures_webapp/pokemon/arrokuda/sprite-shiny.webp,96,96,570,564,6,1.0526,false,below-byte-threshold,9e72dd9dde3dbf960313f6f2a1b2ea76d8283b9186747ef6a23618b4c9f3b0a8
assets/textures/textures_webapp/pokemon/alolan-graveler/sprite-shiny.png,assets/textures/textures_webapp/pokemon/alolan-graveler/sprite-shiny.webp,96,96,918,912,6,0.6536,false,below-byte-threshold,b871505d9d27ea8277f4603dba18de93f9383bf65fd50036d9e36688dc72e2f3
assets/textures/textures_webapp/pokemon/goodra/sprite-shiny.png,assets/textures/textures_webapp/pokemon/goodra/sprite-shiny.webp,96,96,1050,1044,6,0.5714,false,below-byte-threshold,fe8a8ab0f6b9e0aee7c3e72e0abcc9c0ff059f5639fa046ca86060f6a21ef208
assets/textures/textures_webapp/pokemon/morpeko/sprite-shiny.png,assets/textures/textures_webapp/pokemon/morpeko/sprite-shiny.webp,96,96,459,454,5,1.0893,false,below-byte-threshold,08dfa7391ea450ad71921e7d4f3694e4b2870a98ab6977e4e1129d60a93d5791
assets/textures/textures_webapp/pokemon/dewpider/sprite-shiny.png,assets/textures/textures_webapp/pokemon/dewpider/sprite-shiny.webp,96,96,485,480,5,1.0309,false,below-byte-threshold,23f1ead6ec5953292b1fd3f6503e55c79456b1136867e5a86290a1cd8bbf0e06
assets/textures/textures_webapp/pokemon/galarian-slowpoke/sprite-shiny.png,assets/textures/textures_webapp/pokemon/galarian-slowpoke/sprite-shiny.webp,96,96,577,572,5,0.8666,false,below-byte-threshold,aea97f0abaff683898e423b82a01cb3a50dac5aa411cab245465f4a8327bb867
assets/textures/textures_webapp/pokemon/bewear/sprite-shiny.png,assets/textures/textures_webapp/pokemon/bewear/sprite-shiny.webp,96,96,627,622,5,0.7974,false,below-byte-threshold,7501e2cfd67542c28922e6b548b6d5cc2f18199b936b041010699ec84e47888e
assets/textures/textures_webapp/pokemon/bounsweet/sprite.png,assets/textures/textures_webapp/pokemon/bounsweet/sprite.webp,96,96,374,370,4,1.0695,false,below-byte-threshold,b6d20b7e5eb028cd679e0c89f2313d861134845894e344e8e7c3fee6add7e41d
assets/textures/textures_webapp/pokemon/charjabug/sprite.png,assets/textures/textures_webapp/pokemon/charjabug/sprite.webp,96,96,444,440,4,0.9009,false,below-byte-threshold,f8cf20967d894ba4af1da909b77429a771b6b6fa87fb3aec938a514455ed10eb
assets/textures/textures_webapp/pokemon/arrokuda/sprite.png,assets/textures/textures_webapp/pokemon/arrokuda/sprite.webp,96,96,570,566,4,0.7018,false,below-byte-threshold,04b3b50d6db58b21a897f8e213b8758c1d321328a148bece4803cb4263dca156
assets/textures/textures_webapp/pokemon/alolan-grimer/sprite.png,assets/textures/textures_webapp/pokemon/alolan-grimer/sprite.webp,96,96,618,614,4,0.6472,false,below-byte-threshold,a4f5a540926621c148cf9291b4c22725740299f258eb61b112f3fdd36392701b
assets/textures/textures_webapp/pokemon/eiscue-noice-face/sprite.png,assets/textures/textures_webapp/pokemon/eiscue-noice-face/sprite.webp,96,96,648,644,4,0.6173,false,below-byte-threshold,b30f7482a41a47c9d0e7ce55774babddc5a7cc87c2468acfd426986946950b6c
assets/textures/textures_webapp/pokemon/bounsweet/sprite-shiny.png,assets/textures/textures_webapp/pokemon/bounsweet/sprite-shiny.webp,96,96,373,370,3,0.8043,false,below-byte-threshold,b5587765ee8c418e58cc92f29cec788121a86e0f36e76629ad61921813f27c88
assets/textures/textures_webapp/pokemon/alolan-diglett/sprite.png,assets/textures/textures_webapp/pokemon/alolan-diglett/sprite.webp,96,96,409,406,3,0.7335,false,below-byte-threshold,51ede562b84fcd3a7951349026a0a640792d3168cbeb4eaec89aca0d975393f2
assets/textures/textures_webapp/pokemon/dreepy/sprite.png,assets/textures/textures_webapp/pokemon/dreepy/sprite.webp,96,96,523,520,3,0.5736,false,below-byte-threshold,fbc585bd223b3afb96c3eaa792164ae6b1de285a8f8ce7e866bfca0714e1aac9
assets/textures/textures_webapp/pokemon/rockruff/sprite-shiny.png,assets/textures/textures_webapp/pokemon/rockruff/sprite-shiny.webp,96,96,607,604,3,0.4942,false,below-byte-threshold,5b5ed0b9927aa857c4a0999a8e5305ec77e84eb85bd33a0c6f6ef2c7d7fc01e2
assets/textures/textures_webapp/pokemon/impidimp/sprite-shiny.png,assets/textures/textures_webapp/pokemon/impidimp/sprite-shiny.webp,96,96,651,648,3,0.4608,false,below-byte-threshold,89528c0851068db10dae252fe8219a256768ca95084adf3209d0d885cc5da160
assets/textures/textures_webapp/pokemon/kubfu/sprite-shiny.png,assets/textures/textures_webapp/pokemon/kubfu/sprite-shiny.webp,96,96,733,730,3,0.4093,false,below-byte-threshold,ec853dc6e160c3a18218d4badff5a48ed51fcefafd50c84197ae4f7304fa062c
assets/textures/textures_webapp/pokemon/zacian/sprite-shiny.png,assets/textures/textures_webapp/pokemon/zacian/sprite-shiny.webp,96,96,1235,1232,3,0.2429,false,below-byte-threshold,2868f253c547ae9110b1a89013e46656a431c6805c794e3f6a46c06fe6f08e7c
assets/textures/textures_webapp/pokemon/galarian-darumaka/sprite.png,assets/textures/textures_webapp/pokemon/galarian-darumaka/sprite.webp,96,96,502,500,2,0.3984,false,below-byte-threshold,1a70da7bfb19ba0d0758b1161c283a51c78f68c8bd45f2d91070f6af1430cb27
assets/textures/textures_webapp/pokemon/wishiwashi-solo-form/sprite-shiny.png,assets/textures/textures_webapp/pokemon/wishiwashi-solo-form/sprite-shiny.webp,96,96,399,398,1,0.2506,false,below-byte-threshold,2f057318708aa54fc37d88b37bef580d7f2bed7c328b04c8add13c40f5305407
assets/textures/textures_webapp/pokemon/dreepy/sprite-shiny.png,assets/textures/textures_webapp/pokemon/dreepy/sprite-shiny.webp,96,96,523,522,1,0.1912,false,below-byte-threshold,46a353783e0ae6e742ab6908fe55790ffa71f392eea2ff09a760b7a461b99302
assets/textures/textures_webapp/pokemon/ribombee/sprite-shiny.png,assets/textures/textures_webapp/pokemon/ribombee/sprite-shiny.webp,96,96,539,538,1,0.1855,false,below-byte-threshold,ab33597f12febb562cc499fb226cfd331cc5e3b19ff8225d6bb6a6d4d5d14878
assets/textures/textures_webapp/pokemon/ribombee/sprite.png,assets/textures/textures_webapp/pokemon/ribombee/sprite.webp,96,96,539,538,1,0.1855,false,below-byte-threshold,548dc44d93cb206bbd98beea7bd8bb7781776f65e5f85468f9d14c9e47c7fbaa
assets/textures/textures_webapp/pokemon/indeedee-m/sprite.png,assets/textures/textures_webapp/pokemon/indeedee-m/sprite.webp,96,96,609,608,1,0.1642,false,below-byte-threshold,5355e1a190794a0ead60140480f70ea036a60683bc1e20cf421289e52b8fa84e
assets/textures/textures_webapp/pokemon/indeedee-f/sprite-shiny.png,assets/textures/textures_webapp/pokemon/indeedee-f/sprite-shiny.webp,96,96,629,628,1,0.1590,false,below-byte-threshold,68de0a6e8bc721be2642f2580a128dd8e003e14fb7d8661b97de205b3342b260
assets/textures/textures_webapp/pokemon/kubfu/sprite.png,assets/textures/textures_webapp/pokemon/kubfu/sprite.webp,96,96,733,732,1,0.1364,false,below-byte-threshold,5d0b3ca6bcc0d31325a3ba8cbffca536e29659af8b35ed78d1b18620c7810282
assets/textures/textures_webapp/pokemon/tapu-lele/sprite.png,assets/textures/textures_webapp/pokemon/tapu-lele/sprite.webp,96,96,761,760,1,0.1314,false,below-byte-threshold,a068a9af1293460012cd77eea3f05c51bfc936e1495da4127681eaf8c67992ae
assets/textures/textures_webapp/pokemon/nihilego/sprite.png,assets/textures/textures_webapp/pokemon/nihilego/sprite.webp,96,96,779,778,1,0.1284,false,below-byte-threshold,c9daca0a1a0cd055592b4daabf0ec19e47710d1eb11187d650ca6496bfb92c3f
assets/textures/textures_webapp/pokemon/dewpider/sprite.png,assets/textures/textures_webapp/pokemon/dewpider/sprite.webp,96,96,486,486,0,0.0000,false,webp-not-smaller,d52ea80402aff3937a8d133d8b063fe0cac4ec30be388a8ab8c9fb6b8b25590f
assets/textures/textures_webapp/pokemon/eiscue-noice-face/sprite-shiny.png,assets/textures/textures_webapp/pokemon/eiscue-noice-face/sprite-shiny.webp,96,96,648,648,0,0.0000,false,webp-not-smaller,3d793af71945a549d29106bd8bbb5136e7c775e3f8188553b717b6332456a2ce
assets/textures/textures_webapp/pokemon/jangmo-o/sprite.png,assets/textures/textures_webapp/pokemon/jangmo-o/sprite.webp,96,96,556,556,0,0.0000,false,webp-not-smaller,ee4e45d51a3d938283520d0d48825ae5af1e472e6330ce24f8ebc816ef3b5f3d
assets/textures/textures_webapp/pokemon/mareanie/sprite.png,assets/textures/textures_webapp/pokemon/mareanie/sprite.webp,96,96,655,656,-1,-0.1527,false,webp-not-smaller,7ae03189772ff844746fc70e8cac61bbdad8fa923f2decc8355710c015519022
assets/textures/textures_webapp/pokemon/impidimp/sprite.png,assets/textures/textures_webapp/pokemon/impidimp/sprite.webp,96,96,651,652,-1,-0.1536,false,webp-not-smaller,821a592de39e76b218f73da82c4734df67d562abd762312ef38cec546c85912b
assets/textures/textures_webapp/pokemon/galarian-slowpoke/sprite.png,assets/textures/textures_webapp/pokemon/galarian-slowpoke/sprite.webp,96,96,577,578,-1,-0.1733,false,webp-not-smaller,e2e43f12d0a8db16e8086a0be580f3f877fb3399b9b32b0d5b771f69fcee0cbb
assets/textures/textures_webapp/pokemon/toxtricity-amped/sprite-shiny.png,assets/textures/textures_webapp/pokemon/toxtricity-amped/sprite-shiny.webp,96,96,1058,1060,-2,-0.1890,false,webp-not-smaller,44a38c0ed9fc0e12fe985228afa61705791a12558f8b1fd6d6ebbe3203bd4035
assets/textures/textures_webapp/pokemon/zeraora/sprite.png,assets/textures/textures_webapp/pokemon/zeraora/sprite.webp,96,96,1036,1038,-2,-0.1931,false,webp-not-smaller,7c23b420621207be51c8d0367ca17e6f286f48e6cf3a2869523cb03db4b446fb
assets/textures/textures_webapp/pokemon/cinderace/sprite-shiny.png,assets/textures/textures_webapp/pokemon/cinderace/sprite-shiny.webp,96,96,894,896,-2,-0.2237,false,webp-not-smaller,de97e43f76cbc156a6b53a4d155e72f4cf3280834a26714d294a08b6a5259d28
assets/textures/textures_webapp/pokemon/clobbopus/sprite.png,assets/textures/textures_webapp/pokemon/clobbopus/sprite.webp,96,96,500,502,-2,-0.4000,false,webp-not-smaller,d5e95f872f02d46ddbda08c779c59785b3f012b49142f6b4e526f39f0c6fd9bc
assets/textures/textures_webapp/pokemon/glastrier/sprite.png,assets/textures/textures_webapp/pokemon/glastrier/sprite.webp,96,96,875,878,-3,-0.3429,false,webp-not-smaller,0de781dc509018ec7b2642fab2d8730b8b23b3744d4ab7549314d8c577b2bd70
assets/textures/textures_webapp/pokemon/grookey/sprite-shiny.png,assets/textures/textures_webapp/pokemon/grookey/sprite-shiny.webp,96,96,555,558,-3,-0.5405,false,webp-not-smaller,f06e89d288a0918ae45219e911c2aca39ead4d6d5d5e3176d7f78e1b07a315ac
assets/textures/textures_webapp/pokemon/stufful/sprite.png,assets/textures/textures_webapp/pokemon/stufful/sprite.webp,96,96,459,462,-3,-0.6536,false,webp-not-smaller,dca1f1b72e2280e397091849c2dcf852a0101caf76f8715a79ce725f35ffa441
assets/textures/textures_webapp/pokemon/wishiwashi-solo-form/sprite.png,assets/textures/textures_webapp/pokemon/wishiwashi-solo-form/sprite.webp,96,96,399,402,-3,-0.7519,false,webp-not-smaller,5491db47b1ff39dcb738d8cf3f1dbbd1ab246231f14dec96ebb5842e9bf9e8e9
assets/textures/textures_webapp/pokemon/zeraora/sprite-shiny.png,assets/textures/textures_webapp/pokemon/zeraora/sprite-shiny.webp,96,96,1036,1040,-4,-0.3861,false,webp-not-smaller,a06edc9b0da459e85a06b7b88dda13795fc09e1d75aaad58f18bbd2e6a197d7d
assets/textures/textures_webapp/pokemon/togedemaru/sprite.png,assets/textures/textures_webapp/pokemon/togedemaru/sprite.webp,96,96,462,466,-4,-0.8658,false,webp-not-smaller,f649571bb299e1a929c586d98d3ca1875083dd385e009864fc548de01c237b0e
assets/textures/textures_webapp/pokemon/zacian/sprite.png,assets/textures/textures_webapp/pokemon/zacian/sprite.webp,96,96,1235,1240,-5,-0.4049,false,webp-not-smaller,5af14ef5e1bc43e51f198f58162e57731daf1b9ff51874fd6303572364bffe4d
assets/textures/textures_webapp/pokemon/zarude/sprite-shiny.png,assets/textures/textures_webapp/pokemon/zarude/sprite-shiny.webp,96,96,1231,1236,-5,-0.4062,false,webp-not-smaller,0ca0c730d9c0471c51fd032e3120a071fcd1b0230fae335bfce9bf6f39669539
assets/textures/textures_webapp/pokemon/morgrem/sprite-shiny.png,assets/textures/textures_webapp/pokemon/morgrem/sprite-shiny.webp,96,96,871,876,-5,-0.5741,false,webp-not-smaller,002770395622858d84732a628dcb4f709afc1f3f90c06dbeecc4b65d56ee5b21
assets/textures/textures_webapp/pokemon/lurantis/sprite-shiny.png,assets/textures/textures_webapp/pokemon/lurantis/sprite-shiny.webp,96,96,771,776,-5,-0.6485,false,webp-not-smaller,6661d4d15d9045483ee896e3d6dc43750d4fc703d96ea8b408f0975522a17448
assets/textures/textures_webapp/pokemon/poipole/sprite-shiny.png,assets/textures/textures_webapp/pokemon/poipole/sprite-shiny.webp,96,96,567,572,-5,-0.8818,false,webp-not-smaller,3c42e1def4ddc7483541eac13a38119b8d909d1fb868ce041ad61a31584835ab
assets/textures/textures_webapp/pokemon/thievul/sprite-shiny.png,assets/textures/textures_webapp/pokemon/thievul/sprite-shiny.webp,96,96,896,902,-6,-0.6696,false,webp-not-smaller,89e91f4aff76d7837e68177d731b11c18d22ddc432eb9a0867e34a78a60a62b4
assets/textures/textures_webapp/pokemon/cinderace/sprite.png,assets/textures/textures_webapp/pokemon/cinderace/sprite.webp,96,96,890,896,-6,-0.6742,false,webp-not-smaller,5e7d298e786c7f4fdd70c55abaa0fde6b7cf1f2591ff589b74b2be393beea13a
assets/textures/textures_webapp/pokemon/silicobra/sprite.png,assets/textures/textures_webapp/pokemon/silicobra/sprite.webp,96,96,552,558,-6,-1.0870,false,webp-not-smaller,e771ed9aec0adbaef443a8772547fc46af25ca1e7b62af42bd4f04e800ca33eb
assets/textures/textures_webapp/pokemon/galarian-corsola/sprite.png,assets/textures/textures_webapp/pokemon/galarian-corsola/sprite.webp,96,96,540,546,-6,-1.1111,false,webp-not-smaller,a14f846dc583eb81bb9374f6b2c4ae0e48302b8a083b90e310ec33ae1e4a64bc
assets/textures/textures_webapp/pokemon/clobbopus/sprite-shiny.png,assets/textures/textures_webapp/pokemon/clobbopus/sprite-shiny.webp,96,96,500,506,-6,-1.2000,false,webp-not-smaller,889f02641d0038e87c618b19c6260cc79a012724fcd5844dbbb329d766f3121b
assets/textures/textures_webapp/pokemon/togedemaru/sprite-shiny.png,assets/textures/textures_webapp/pokemon/togedemaru/sprite-shiny.webp,96,96,462,468,-6,-1.2987,false,webp-not-smaller,b23ab36fd4990111b07af493bb7b64ea5d7b4456179332736c2781c6a6a3a0ec
assets/textures/textures_webapp/pokemon/urshifu-single/sprite-shiny.png,assets/textures/textures_webapp/pokemon/urshifu-single/sprite-shiny.webp,96,96,1271,1278,-7,-0.5507,false,webp-not-smaller,ca3947da229d58cc6b27b88137ef37928ec6ac9fd7cd6223ce0fab685a2c982c
assets/textures/textures_webapp/pokemon/stonjourner/sprite.png,assets/textures/textures_webapp/pokemon/stonjourner/sprite.webp,96,96,1021,1028,-7,-0.6856,false,webp-not-smaller,2a7cddafc60fb4cf80f79ba358b3c9ade66f797e540b459a722d058e8a1a5cca
assets/textures/textures_webapp/pokemon/perrserker/sprite.png,assets/textures/textures_webapp/pokemon/perrserker/sprite.webp,96,96,897,904,-7,-0.7804,false,webp-not-smaller,65e3bd754a02f2c31d1d3f3dc6ffba6a714ac8d8affa7fcb91cc2cafcc171f60
assets/textures/textures_webapp/pokemon/glastrier/sprite-shiny.png,assets/textures/textures_webapp/pokemon/glastrier/sprite-shiny.webp,96,96,875,882,-7,-0.8000,false,webp-not-smaller,aad8cf27bcef035045ac6f6887506f258b419cf93f3b70192d5a1e25c122205b
assets/textures/textures_webapp/pokemon/nihilego/sprite-shiny.png,assets/textures/textures_webapp/pokemon/nihilego/sprite-shiny.webp,96,96,779,786,-7,-0.8986,false,webp-not-smaller,900f73169121c4af555fbf07a619f9541fea2e93334b4c5e8b5bd38291c506d8
assets/textures/textures_webapp/pokemon/lurantis/sprite.png,assets/textures/textures_webapp/pokemon/lurantis/sprite.webp,96,96,771,778,-7,-0.9079,false,webp-not-smaller,adebaad774297c376d6191d3bfff25608d1fc1b81833742abd36bdd0e3a319a2
assets/textures/textures_webapp/pokemon/mareanie/sprite-shiny.png,assets/textures/textures_webapp/pokemon/mareanie/sprite-shiny.webp,96,96,655,662,-7,-1.0687,false,webp-not-smaller,3ab4851a73739b497212d8155942423a1dace51f67b6097102f4faa592a3a748
assets/textures/textures_webapp/pokemon/rolycoly/sprite.png,assets/textures/textures_webapp/pokemon/rolycoly/sprite.webp,96,96,579,586,-7,-1.2090,false,webp-not-smaller,7a995cc5273b209ad2f50aea7d8d2d57ef627f6e483ace8ad4c1528749734b40
assets/textures/textures_webapp/pokemon/wooloo/sprite-shiny.png,assets/textures/textures_webapp/pokemon/wooloo/sprite-shiny.webp,96,96,575,582,-7,-1.2174,false,webp-not-smaller,31f983eb8badfeec8e6545103eb5f4cd069a59ee992180de3b0455d8d4488367
assets/textures/textures_webapp/pokemon/grookey/sprite.png,assets/textures/textures_webapp/pokemon/grookey/sprite.webp,96,96,555,562,-7,-1.2613,false,webp-not-smaller,0ee531c6dfd3101e964c81b762ed61eade26e40a5ca420c4adeee81e3c1968d8
assets/textures/textures_webapp/pokemon/chewtle/sprite-shiny.png,assets/textures/textures_webapp/pokemon/chewtle/sprite-shiny.webp,96,96,467,474,-7,-1.4989,false,webp-not-smaller,f796b4d1ac4ed4854ba09a7051b3f3fb44e3ed0abb88c8c1fe26b507464d1a3d
assets/textures/textures_webapp/pokemon/stufful/sprite-shiny.png,assets/textures/textures_webapp/pokemon/stufful/sprite-shiny.webp,96,96,459,466,-7,-1.5251,false,webp-not-smaller,93114805e489453fb43756197c8b0fd74c5795d518cf6bd370904de50c9e0238
assets/textures/textures_webapp/pokemon/zamazenta-crowned/sprite.png,assets/textures/textures_webapp/pokemon/zamazenta-crowned/sprite.webp,96,96,1588,1596,-8,-0.5038,false,webp-not-smaller,1256ecf3f624029824e0c6644f729f029661c8859d6a821b4461cdf3395527d1
assets/textures/textures_webapp/pokemon/thievul/sprite.png,assets/textures/textures_webapp/pokemon/thievul/sprite.webp,96,96,904,912,-8,-0.8850,false,webp-not-smaller,d511c35b8bfcac7197710f7565d43a63bcabcc5664eeb17dd9c350038da4a9a4
assets/textures/textures_webapp/pokemon/galarian-corsola/sprite-shiny.png,assets/textures/textures_webapp/pokemon/galarian-corsola/sprite-shiny.webp,96,96,540,548,-8,-1.4815,false,webp-not-smaller,ca52d8464837e51ff3ebc49a74ab3c0a78d8aea001183e925c1fa4fec9a01b7d
assets/textures/textures_webapp/pokemon/popplio/sprite.png,assets/textures/textures_webapp/pokemon/popplio/sprite.webp,96,96,498,506,-8,-1.6064,false,webp-not-smaller,0bf92802a6d6701b668ddfdf7e30ff4becbf95c998914cc1f3b4a46d2dcbc671
assets/textures/textures_webapp/pokemon/pheromosa/sprite.png,assets/textures/textures_webapp/pokemon/pheromosa/sprite.webp,96,96,1157,1166,-9,-0.7779,false,webp-not-smaller,1e1f42ad05fd1b5eb727610fff0c331adb05e80905ba03745e07e134b8497ebf
assets/textures/textures_webapp/pokemon/alolan-grimer/sprite-shiny.png,assets/textures/textures_webapp/pokemon/alolan-grimer/sprite-shiny.webp,96,96,619,628,-9,-1.4540,false,webp-not-smaller,d0d4fd61b551ce74226e4f90fc7d1f1758d50eea3cc60591ff1e4f3e0e6cce55
assets/textures/textures_webapp/pokemon/skwovet/sprite-shiny.png,assets/textures/textures_webapp/pokemon/skwovet/sprite-shiny.webp,96,96,579,588,-9,-1.5544,false,webp-not-smaller,c80647606bbf3b4b8d0dc0432d677c35fe3b2048a6933e92c59328734eaa8569
assets/textures/textures_webapp/pokemon/oricorio-baile-style/sprite.png,assets/textures/textures_webapp/pokemon/oricorio-baile-style/sprite.webp,96,96,718,728,-10,-1.3928,false,webp-not-smaller,a0b81ef4195df380957a0a88844d2ee3fe98ba71db030a08efd3ff498a2bf559
assets/textures/textures_webapp/pokemon/honedge/sprite-shiny.png,assets/textures/textures_webapp/pokemon/honedge/sprite-shiny.webp,96,96,598,608,-10,-1.6722,false,webp-not-smaller,053dfec8e6c0b1628821619ac425efd365943dbb35167efa1d77e26c72da8868
assets/textures/textures_webapp/pokemon/dottler/sprite-shiny.png,assets/textures/textures_webapp/pokemon/dottler/sprite-shiny.webp,96,96,596,606,-10,-1.6779,false,webp-not-smaller,9a86ec11549fdb1189c01443c05a207269cb0a6162586b2ea1bc7115f3513cc9
assets/textures/textures_webapp/pokemon/yungoos/sprite-shiny.png,assets/textures/textures_webapp/pokemon/yungoos/sprite-shiny.webp,96,96,534,544,-10,-1.8727,false,webp-not-smaller,7546c53404606e1e7c7c8aad9f9d5b87422ae3ffb12af40d72050b4aec3f51aa
assets/textures/textures_webapp/pokemon/popplio/sprite-shiny.png,assets/textures/textures_webapp/pokemon/popplio/sprite-shiny.webp,96,96,498,508,-10,-2.0080,false,webp-not-smaller,0aba00b0cd34a49bd5566d3f86b6a848d8791dee169dac22702586c76980b8bd
assets/textures/textures_webapp/pokemon/lunala/sprite-shiny.png,assets/textures/textures_webapp/pokemon/lunala/sprite-shiny.webp,96,96,1579,1590,-11,-0.6966,false,webp-not-smaller,bf704aaeb77edc9156c91b7517eef97a636c6485c68048552b754467ec74d282
assets/textures/textures_webapp/pokemon/orbeetle/sprite-shiny.png,assets/textures/textures_webapp/pokemon/orbeetle/sprite-shiny.webp,96,96,839,850,-11,-1.3111,false,webp-not-smaller,705e93c6e2096511f1bfcd9dabf5e7e271aaf80f120aa0b8f703d1f18c058752
assets/textures/textures_webapp/pokemon/rolycoly/sprite-shiny.png,assets/textures/textures_webapp/pokemon/rolycoly/sprite-shiny.webp,96,96,579,590,-11,-1.8998,false,webp-not-smaller,99958f8c3f2ccc3178bd69d4e83fd94335163f02782cffe0ea19c79d837c7b84
assets/textures/textures_webapp/pokemon/yungoos/sprite.png,assets/textures/textures_webapp/pokemon/yungoos/sprite.webp,96,96,531,542,-11,-2.0716,false,webp-not-smaller,53c72a030b23b0256c7f77fcfae60b4614630d891f3f23696339d60d9d6eb4af
assets/textures/textures_webapp/pokemon/sobble/sprite.png,assets/textures/textures_webapp/pokemon/sobble/sprite.webp,96,96,513,524,-11,-2.1442,false,webp-not-smaller,2f2b15b05a65b9ebe3897bb8705b30625689fc1aa055dd3d9b2e72b4b7c0aef1
assets/textures/textures_webapp/pokemon/delphox/sprite.png,assets/textures/textures_webapp/pokemon/delphox/sprite.webp,96,96,1364,1376,-12,-0.8798,false,webp-not-smaller,4738a1ca1c686d3cee06d0a0c546433e43838dca551175abcc2722c66c2eaa3c
assets/textures/textures_webapp/pokemon/frogadier/sprite-shiny.png,assets/textures/textures_webapp/pokemon/frogadier/sprite-shiny.webp,96,96,730,742,-12,-1.6438,false,webp-not-smaller,940dc3a240855a25af08edad120e45c10b75d417d5e059a02424739f3952bcf5
assets/textures/textures_webapp/pokemon/oricorio-baile-style/sprite-shiny.png,assets/textures/textures_webapp/pokemon/oricorio-baile-style/sprite-shiny.webp,96,96,718,730,-12,-1.6713,false,webp-not-smaller,662f0cac01e32b7ed267d0ba0c7fd6bad2286b4745b8da668d80ed29c729f35d
assets/textures/textures_webapp/pokemon/alcremie/sprite-shiny.png,assets/textures/textures_webapp/pokemon/alcremie/sprite-shiny.webp,96,96,694,706,-12,-1.7291,false,webp-not-smaller,7ba15125f6cd0afa6c38ccae54eebf6b31a324b869a20dd1d4f06810f857fa11
assets/textures/textures_webapp/pokemon/alcremie/sprite.png,assets/textures/textures_webapp/pokemon/alcremie/sprite.webp,96,96,694,706,-12,-1.7291,false,webp-not-smaller,cf72d5be03454eb2d91b408de7af7b03b6f46a1b1de5e2d70bf3b71ddd082a73
assets/textures/textures_webapp/pokemon/jangmo-o/sprite-shiny.png,assets/textures/textures_webapp/pokemon/jangmo-o/sprite-shiny.webp,96,96,556,568,-12,-2.1583,false,webp-not-smaller,ec80096092fb47b8bfd15dcb1d0485e7b955338f297ac61ebc5964e2514de89c
assets/textures/textures_webapp/pokemon/silicobra/sprite-shiny.png,assets/textures/textures_webapp/pokemon/silicobra/sprite-shiny.webp,96,96,552,564,-12,-2.1739,false,webp-not-smaller,ca1084660272bf37a3e851e6eee63967e62a384052516a0af16ae2611c32a695
assets/textures/textures_webapp/pokemon/wimpod/sprite.png,assets/textures/textures_webapp/pokemon/wimpod/sprite.webp,96,96,504,516,-12,-2.3810,false,webp-not-smaller,0b6ae3563e2ba1191f2479bed7540a873e893d77176547d6b7fb8c8dabfc5505
assets/textures/textures_webapp/pokemon/regidrago/sprite.png,assets/textures/textures_webapp/pokemon/regidrago/sprite.webp,96,96,983,996,-13,-1.3225,false,webp-not-smaller,480ea4c1351548bf9a6936fd2a55ae27e2744f00f28d059ab7b1d37992c04a52
assets/textures/textures_webapp/pokemon/gossifleur/sprite.png,assets/textures/textures_webapp/pokemon/gossifleur/sprite.webp,96,96,617,630,-13,-2.1070,false,webp-not-smaller,1a815715f9b3627377c050b0ab85f01f6f5c9ad77153f3e3418e1becf53432b8
assets/textures/textures_webapp/pokemon/poipole/sprite.png,assets/textures/textures_webapp/pokemon/poipole/sprite.webp,96,96,567,580,-13,-2.2928,false,webp-not-smaller,efeb7d5d69144e97103ad277a7fb25e0be40dbb6fdb884c33e467cdf50ca8461
assets/textures/textures_webapp/pokemon/komala/sprite.png,assets/textures/textures_webapp/pokemon/komala/sprite.webp,96,96,533,546,-13,-2.4390,false,webp-not-smaller,604111cdfb777b1b8251f9c03eaa0b24dd995989a4257aac8e511d8fc32c1e7a
assets/textures/textures_webapp/pokemon/trumbeak/sprite-shiny.png,assets/textures/textures_webapp/pokemon/trumbeak/sprite-shiny.webp,96,96,519,532,-13,-2.5048,false,webp-not-smaller,03c8705623927a5633fb8eb16ae3f5a26f583ef4ee6155e225a93694d49833ed
assets/textures/textures_webapp/pokemon/regieleki/sprite.png,assets/textures/textures_webapp/pokemon/regieleki/sprite.webp,96,96,974,988,-14,-1.4374,false,webp-not-smaller,05268d441a16c86822f6db2aee2e65e76651ed41aed40e8de97af945df258285
assets/textures/textures_webapp/pokemon/honedge/sprite.png,assets/textures/textures_webapp/pokemon/honedge/sprite.webp,96,96,598,612,-14,-2.3411,false,webp-not-smaller,b1b3ca60f3076004670da6074f26cd98252c2462ee7e6a17cd2f8513dd11f9ec
assets/textures/textures_webapp/pokemon/oricorio-pom-pom-style/sprite-shiny.png,assets/textures/textures_webapp/pokemon/oricorio-pom-pom-style/sprite-shiny.webp,96,96,566,580,-14,-2.4735,false,webp-not-smaller,af40f285bba2a03d97c36d7a53ab4b987b3863d59858a243e1fd5b5216f34709
assets/textures/textures_webapp/pokemon/oricorio-pom-pom-style/sprite.png,assets/textures/textures_webapp/pokemon/oricorio-pom-pom-style/sprite.webp,96,96,566,580,-14,-2.4735,false,webp-not-smaller,aaeb8fbd304b50853bc7d21be57babe908ca4be4147400b859cdc025a8700333
assets/textures/textures_webapp/pokemon/wimpod/sprite-shiny.png,assets/textures/textures_webapp/pokemon/wimpod/sprite-shiny.webp,96,96,504,518,-14,-2.7778,false,webp-not-smaller,ffa0149de1ba23f7a9fcea375affe0e377643c93e1a25ac052d29e8eb9f85761
assets/textures/textures_webapp/pokemon/rowlet/sprite-shiny.png,assets/textures/textures_webapp/pokemon/rowlet/sprite-shiny.webp,96,96,450,464,-14,-3.1111,false,webp-not-smaller,ee8a1c1e70b7387ea09b1e4f83f2d682a378b733b9fb92e4ca577282f799e342
assets/textures/textures_webapp/pokemon/tyrantrum/sprite-shiny.png,assets/textures/textures_webapp/pokemon/tyrantrum/sprite-shiny.webp,96,96,1409,1424,-15,-1.0646,false,webp-not-smaller,43f7ded63518516c055958be8fae2ac4587218fb6afe19ebf3a2b9e6ad5099e3
assets/textures/textures_webapp/pokemon/naganadel/sprite-shiny.png,assets/textures/textures_webapp/pokemon/naganadel/sprite-shiny.webp,96,96,1113,1128,-15,-1.3477,false,webp-not-smaller,58f7f1b3cc9b0527ef31b112f4bd15c40ca85e1fd2f9a62e9b124fb4b77b145d
assets/textures/textures_webapp/pokemon/vivillon/sprite-shiny.png,assets/textures/textures_webapp/pokemon/vivillon/sprite-shiny.webp,96,96,941,956,-15,-1.5940,false,webp-not-smaller,14fac43360949a118e9b837d58dff336d2742ed224247b51c2822103a2eb3d2c
assets/textures/textures_webapp/pokemon/floette/sprite-shiny.png,assets/textures/textures_webapp/pokemon/floette/sprite-shiny.webp,96,96,583,598,-15,-2.5729,false,webp-not-smaller,3e7617414d1a591d96314b5af8d26742c0d2964743bf46ef287fd501b06698ee
assets/textures/textures_webapp/pokemon/frogadier/sprite.png,assets/textures/textures_webapp/pokemon/frogadier/sprite.webp,96,96,730,746,-16,-2.1918,false,webp-not-smaller,4e5c05c1d939a17c215e68d3d5558afa5ccec5af1c98f2eee3eb84669051a12e
assets/textures/textures_webapp/pokemon/alolan-dugtrio/sprite-shiny.png,assets/textures/textures_webapp/pokemon/alolan-dugtrio/sprite-shiny.webp,96,96,704,720,-16,-2.2727,false,webp-not-smaller,501671f904dffad3b87b6f42147adbb8d05ddbfc6919a325215db2e35532bae4
assets/textures/textures_webapp/pokemon/lunala/sprite.png,assets/textures/textures_webapp/pokemon/lunala/sprite.webp,96,96,1579,1596,-17,-1.0766,false,webp-not-smaller,f380306c37a5fb544b3c85cbeeb05b412de94ad54bb84351be6a899a8ca8b36f
assets/textures/textures_webapp/pokemon/tyrantrum/sprite.png,assets/textures/textures_webapp/pokemon/tyrantrum/sprite.webp,96,96,1409,1426,-17,-1.2065,false,webp-not-smaller,c912b9a6fc260e6cdb60ba648c51c9377ecbb8f3236bb6a76fc67ac4c1ca48dc
assets/textures/textures_webapp/pokemon/perrserker/sprite-shiny.png,assets/textures/textures_webapp/pokemon/perrserker/sprite-shiny.webp,96,96,897,914,-17,-1.8952,false,webp-not-smaller,d724bde6b59fbaf63bd99a0f98e1d5103df706de2c31a300d14aac35ed60ac4d
assets/textures/textures_webapp/pokemon/gossifleur/sprite-shiny.png,assets/textures/textures_webapp/pokemon/gossifleur/sprite-shiny.webp,96,96,617,634,-17,-2.7553,false,webp-not-smaller,34731232a98e602fd72470268b1951faaf6bf802f92ee57d22440187ecce6131
assets/textures/textures_webapp/pokemon/wooloo/sprite.png,assets/textures/textures_webapp/pokemon/wooloo/sprite.webp,96,96,575,592,-17,-2.9565,false,webp-not-smaller,de36d8db04f15d9a33635b11fd6f5fc809d6df39848cf1ecbfe7a00df323b81c
assets/textures/textures_webapp/pokemon/sliggoo/sprite-shiny.png,assets/textures/textures_webapp/pokemon/sliggoo/sprite-shiny.webp,96,96,555,572,-17,-3.0631,false,webp-not-smaller,84436d4f5a00a9346fded5159708e9e2efba9198ffa9b27a986fede15b5d8975
assets/textures/textures_webapp/pokemon/komala/sprite-shiny.png,assets/textures/textures_webapp/pokemon/komala/sprite-shiny.webp,96,96,533,550,-17,-3.1895,false,webp-not-smaller,b0d91568ba961368476187c12dcb941bdd206d71fac94efd6282036af7511da8
assets/textures/textures_webapp/pokemon/rookidee/sprite.png,assets/textures/textures_webapp/pokemon/rookidee/sprite.webp,96,96,515,532,-17,-3.3010,false,webp-not-smaller,1c7c40cf007d8432139c33e2ff220a2f1fa8654b00f32d3497ad25e2d14e8e71
assets/textures/textures_webapp/pokemon/chewtle/sprite.png,assets/textures/textures_webapp/pokemon/chewtle/sprite.webp,96,96,467,484,-17,-3.6403,false,webp-not-smaller,3367bf0fbca5bf602bed9ebf7f23aff869c64e8b84e7ec2cf9726af44b533e91
assets/textures/textures_webapp/pokemon/steenee/sprite-shiny.png,assets/textures/textures_webapp/pokemon/steenee/sprite-shiny.webp,96,96,590,608,-18,-3.0508,false,webp-not-smaller,a067e16638f2ddf6d5d091cc7475e5fb0f9d77001f6922318be4449411aeeb13
assets/textures/textures_webapp/pokemon/fletchinder/sprite-shiny.png,assets/textures/textures_webapp/pokemon/fletchinder/sprite-shiny.webp,96,96,702,722,-20,-2.8490,false,webp-not-smaller,f913ab5373aec0ad18a1f3cb215dfcdae70031f6947bbe5509aea3a20bd22d1a
assets/textures/textures_webapp/pokemon/trumbeak/sprite.png,assets/textures/textures_webapp/pokemon/trumbeak/sprite.webp,96,96,518,538,-20,-3.8610,false,webp-not-smaller,8534fa65f68d2c9ed2309e0e4eb67966d594241a3b423c46e0bf34134cbdefe5
assets/textures/textures_webapp/pokemon/zygarde-complete/sprite.png,assets/textures/textures_webapp/pokemon/zygarde-complete/sprite.webp,96,96,1843,1864,-21,-1.1394,false,webp-not-smaller,fb299f2e7f5cd865027406f4bb0c781e0f2ca1e9ded9fa6fbb33b2bfe8d481ec
assets/textures/textures_webapp/pokemon/eternatus/sprite.png,assets/textures/textures_webapp/pokemon/eternatus/sprite.webp,96,96,1629,1650,-21,-1.2891,false,webp-not-smaller,08275a7de8e298de1786d8439fc6890a410fe315791ee3975af153b32aab49ec
assets/textures/textures_webapp/pokemon/kartana/sprite.png,assets/textures/textures_webapp/pokemon/kartana/sprite.webp,96,96,719,740,-21,-2.9207,false,webp-not-smaller,cd2c079891a3a0ff4283d7c4b4499df9198fa8277552eb0f50c2f563a77c4946
assets/textures/textures_webapp/pokemon/noibat/sprite-shiny.png,assets/textures/textures_webapp/pokemon/noibat/sprite-shiny.webp,96,96,717,738,-21,-2.9289,false,webp-not-smaller,1917278134a40cef6d37a8a65b661b022e97544b4c8ea4874788e7811805bb1a
assets/textures/textures_webapp/pokemon/steenee/sprite.png,assets/textures/textures_webapp/pokemon/steenee/sprite.webp,96,96,589,610,-21,-3.5654,false,webp-not-smaller,da798c75907bd565ffff57f0c4a69a89915a7dd41a5c99c3533402a78f7a0a00
assets/textures/textures_webapp/pokemon/yamper/sprite-shiny.png,assets/textures/textures_webapp/pokemon/yamper/sprite-shiny.webp,96,96,559,580,-21,-3.7567,false,webp-not-smaller,4adfdc3823c03ad732b49f4230053f7641eaec67b0316a69af0f758e87552fc2
assets/textures/textures_webapp/pokemon/regieleki/sprite-shiny.png,assets/textures/textures_webapp/pokemon/regieleki/sprite-shiny.webp,96,96,974,996,-22,-2.2587,false,webp-not-smaller,7f586b56900836d6ecda3ee2923f2e709ab21840e4d2f17dcb0d9daf175fa4a0
assets/textures/textures_webapp/pokemon/blacephalon/sprite-shiny.png,assets/textures/textures_webapp/pokemon/blacephalon/sprite-shiny.webp,96,96,868,890,-22,-2.5346,false,webp-not-smaller,1c76db43b6a0b222028514ae312b29c027e95d27ffb293093032be2938d420f9
assets/textures/textures_webapp/pokemon/alolan-sandslash/sprite-shiny.png,assets/textures/textures_webapp/pokemon/alolan-sandslash/sprite-shiny.webp,96,96,864,886,-22,-2.5463,false,webp-not-smaller,e720fc0c04f9f363cecfef1cedf1f20b670ed8ed505a9d4d2e6511ccc643e6eb
assets/textures/textures_webapp/pokemon/eiscue/sprite.png,assets/textures/textures_webapp/pokemon/eiscue/sprite.webp,96,96,774,796,-22,-2.8424,false,webp-not-smaller,6f6302e64b4a3984d5c2dc618dfba60888892956d5c4f4d0966bfb584ae170f6
assets/textures/textures_webapp/pokemon/binacle/sprite.png,assets/textures/textures_webapp/pokemon/binacle/sprite.webp,96,96,662,684,-22,-3.3233,false,webp-not-smaller,f49dde5d6e80febf32c40630fffa729fef10e5e3964098030b92d57bcb0e235d
assets/textures/textures_webapp/pokemon/greninja/sprite-shiny.png,assets/textures/textures_webapp/pokemon/greninja/sprite-shiny.webp,96,96,1043,1066,-23,-2.2052,false,webp-not-smaller,819dcedf9285e5a537f00e72f1eaa45a182ed18c1a9e7aa092b4a429fe893657
assets/textures/textures_webapp/pokemon/greninja/sprite.png,assets/textures/textures_webapp/pokemon/greninja/sprite.webp,96,96,1043,1066,-23,-2.2052,false,webp-not-smaller,048a7a368f8403af209ddef9b15f7e88dcfef329f806a5757c1ab405b6831f17
assets/textures/textures_webapp/pokemon/kartana/sprite-shiny.png,assets/textures/textures_webapp/pokemon/kartana/sprite-shiny.webp,96,96,719,742,-23,-3.1989,false,webp-not-smaller,5b8b9ba64c13fe69dc24b5a1d00bf5b0fb03c1869d19958577c8b22c1193269d
assets/textures/textures_webapp/pokemon/yamper/sprite.png,assets/textures/textures_webapp/pokemon/yamper/sprite.webp,96,96,559,582,-23,-4.1145,false,webp-not-smaller,b99a5b5f94ba2847665aa4c0bb0d3994bfc4e728f2b4b60f5e3f5f2e3ef9c432
assets/textures/textures_webapp/pokemon/sobble/sprite-shiny.png,assets/textures/textures_webapp/pokemon/sobble/sprite-shiny.webp,96,96,513,536,-23,-4.4834,false,webp-not-smaller,d68c7d92ea27c67056f7edff516e25caacc4c182201830c2a2aa23ae6cdf01e2
assets/textures/textures_webapp/pokemon/rowlet/sprite.png,assets/textures/textures_webapp/pokemon/rowlet/sprite.webp,96,96,451,474,-23,-5.0998,false,webp-not-smaller,4a69e23e8ee4d85f770eff311daf1268ba3d6a675404fbe6c4df3f3388d99eaf
assets/textures/textures_webapp/pokemon/eiscue/sprite-shiny.png,assets/textures/textures_webapp/pokemon/eiscue/sprite-shiny.webp,96,96,774,798,-24,-3.1008,false,webp-not-smaller,e4917a206199769c2bb96dbbe2359884128fb0ef37aa44312520d0a66bab5083
assets/textures/textures_webapp/pokemon/galarian-linoone/sprite.png,assets/textures/textures_webapp/pokemon/galarian-linoone/sprite.webp,96,96,718,742,-24,-3.3426,false,webp-not-smaller,44ba1a52078c292882b4882fc9cc50bfd728904ec8c2174760ae46c45d4d6946
assets/textures/textures_webapp/pokemon/fletchinder/sprite.png,assets/textures/textures_webapp/pokemon/fletchinder/sprite.webp,96,96,702,726,-24,-3.4188,false,webp-not-smaller,ccf8c7b4da89f8856a650de07793a72195c3709d8d2fbd2c9e77cf16d9072f56
assets/textures/textures_webapp/pokemon/raboot/sprite.png,assets/textures/textures_webapp/pokemon/raboot/sprite.webp,96,96,640,664,-24,-3.7500,false,webp-not-smaller,5deea1a4168a34028a566ae05038ad13d84ab9d3577d0ad7d1d736febdbff1c4
assets/textures/textures_webapp/pokemon/zygarde-complete/sprite-shiny.png,assets/textures/textures_webapp/pokemon/zygarde-complete/sprite-shiny.webp,96,96,1843,1868,-25,-1.3565,false,webp-not-smaller,b2901ce2168069957abc9b27056c4ef95cd7b5eee7257cbb71034b2b716014f2
assets/textures/textures_webapp/pokemon/eternatus-eternamax/sprite.png,assets/textures/textures_webapp/pokemon/eternatus-eternamax/sprite.webp,96,96,1663,1688,-25,-1.5033,false,webp-not-smaller,0873fcf8e59bcf66cb2c25d97ec070b6fdc7fd3a68b1d32dc16cf2940861c6e3
assets/textures/textures_webapp/pokemon/naganadel/sprite.png,assets/textures/textures_webapp/pokemon/naganadel/sprite.webp,96,96,1113,1138,-25,-2.2462,false,webp-not-smaller,4b47eac71eb43844795c1aeab59a9fc1418beeb711aeae0977bbe3bd707a265b
assets/textures/textures_webapp/pokemon/spectrier/sprite.png,assets/textures/textures_webapp/pokemon/spectrier/sprite.webp,96,96,1045,1070,-25,-2.3923,false,webp-not-smaller,c8432c514734054e99cda2ea79bad1adea0cad9e70cf241737729b3210498c9d
assets/textures/textures_webapp/pokemon/eldegoss/sprite.png,assets/textures/textures_webapp/pokemon/eldegoss/sprite.webp,96,96,745,770,-25,-3.3557,false,webp-not-smaller,2e12485640ae69d3cceda3b36774fe0a746fb8157ab637d15ed4711fe1ef12b8
assets/textures/textures_webapp/pokemon/oricorio-sensu-style/sprite-shiny.png,assets/textures/textures_webapp/pokemon/oricorio-sensu-style/sprite-shiny.webp,96,96,741,766,-25,-3.3738,false,webp-not-smaller,0055189adddb770b872e6ab780e5eef7d8513efc44af0d29c55bebd3e0e3ee8f
assets/textures/textures_webapp/pokemon/oricorio-sensu-style/sprite.png,assets/textures/textures_webapp/pokemon/oricorio-sensu-style/sprite.webp,96,96,741,766,-25,-3.3738,false,webp-not-smaller,b249e3b56c29dd5855cac431850a8fcf7421156b51d0c8f78994fbecf54afab7
assets/textures/textures_webapp/pokemon/galarian-zigzagoon/sprite.png,assets/textures/textures_webapp/pokemon/galarian-zigzagoon/sprite.webp,96,96,679,704,-25,-3.6819,false,webp-not-smaller,1638b25b64b12dab9f07431548d842a14eb693c4f83874963633981e536bb9f9
assets/textures/textures_webapp/pokemon/mudbray/sprite-shiny.png,assets/textures/textures_webapp/pokemon/mudbray/sprite-shiny.webp,96,96,653,678,-25,-3.8285,false,webp-not-smaller,b9d2bd3b7748cdec3ecb55d09b58e3f36e59804786832ad0f7ce0792620306bc
assets/textures/textures_webapp/pokemon/drizzile/sprite.png,assets/textures/textures_webapp/pokemon/drizzile/sprite.webp,96,96,623,648,-25,-4.0128,false,webp-not-smaller,7204481bc3c50b207c41fd8024ba6aa3489a639fa7530d08e2b4fb080668c505
assets/textures/textures_webapp/pokemon/carbink/sprite-shiny.png,assets/textures/textures_webapp/pokemon/carbink/sprite-shiny.webp,96,96,515,540,-25,-4.8544,false,webp-not-smaller,525fb6806a8b0ccef5edc9e0cb165f6a8285245cefc46f46c3f45144fcb98856
assets/textures/textures_webapp/pokemon/carbink/sprite.png,assets/textures/textures_webapp/pokemon/carbink/sprite.webp,96,96,515,540,-25,-4.8544,false,webp-not-smaller,1f8e1eaec059b4f10e19ee662389eb8857a6912b653863dbb23e843ace4430d3
assets/textures/textures_webapp/pokemon/noivern/sprite-shiny.png,assets/textures/textures_webapp/pokemon/noivern/sprite-shiny.webp,96,96,1372,1398,-26,-1.8950,false,webp-not-smaller,4531e84e4db5d6987dc5f9ab5b32d6455f82227a372d1af50c141651b8442fe0
assets/textures/textures_webapp/pokemon/grimmsnarl/sprite-shiny.png,assets/textures/textures_webapp/pokemon/grimmsnarl/sprite-shiny.webp,96,96,1326,1352,-26,-1.9608,false,webp-not-smaller,3058b5dd5c7b16c95b1d8582d1a236353a74a127d407189409d29467613e0b71
assets/textures/textures_webapp/pokemon/zapdos-galar/sprite.png,assets/textures/textures_webapp/pokemon/zapdos-galar/sprite.webp,96,96,908,934,-26,-2.8634,false,webp-not-smaller,f79ae9e5e3a88b18c796f2d6786d41a3da3b8b2f0313b3068cb2f033323758fb
assets/textures/textures_webapp/pokemon/cufant/sprite.png,assets/textures/textures_webapp/pokemon/cufant/sprite.webp,96,96,772,798,-26,-3.3679,false,webp-not-smaller,b5e2fab5790ebe6665e8f55a75ca5124a92cf540dcab3b011d2ba69ae47f642d
assets/textures/textures_webapp/pokemon/galarian-linoone/sprite-shiny.png,assets/textures/textures_webapp/pokemon/galarian-linoone/sprite-shiny.webp,96,96,718,744,-26,-3.6212,false,webp-not-smaller,2ee6431998874c2a7f182c77415f17d775686ec8b0bc429394f457fe7933ad61
assets/textures/textures_webapp/pokemon/mudbray/sprite.png,assets/textures/textures_webapp/pokemon/mudbray/sprite.webp,96,96,653,680,-27,-4.1348,false,webp-not-smaller,e64d20f58e7eb3d0e0db61fe980171b5782d09aca9895f4566944c4fdb61e7ee
assets/textures/textures_webapp/pokemon/brionne/sprite.png,assets/textures/textures_webapp/pokemon/brionne/sprite.webp,96,96,647,674,-27,-4.1731,false,webp-not-smaller,c094c48546910dc5797f3c299f97d9d752782eb45901d6646699ac18a7fdf522
assets/textures/textures_webapp/pokemon/snowy-castform/sprite-shiny.png,assets/textures/textures_webapp/pokemon/snowy-castform/sprite-shiny.webp,96,96,613,640,-27,-4.4046,false,webp-not-smaller,67191a187f2c364d1e03dfe853d459187d690c0407976977aa3df803f2d8b054
assets/textures/textures_webapp/pokemon/rookidee/sprite-shiny.png,assets/textures/textures_webapp/pokemon/rookidee/sprite-shiny.webp,96,96,515,542,-27,-5.2427,false,webp-not-smaller,e2f77313a2d5ea5a11d95a31ab0332b3a1e8d39cc0be198ab28777af6c44d8ed
assets/textures/textures_webapp/pokemon/alolan-dugtrio/sprite.png,assets/textures/textures_webapp/pokemon/alolan-dugtrio/sprite.webp,96,96,704,732,-28,-3.9773,false,webp-not-smaller,df9ca896e4e03ee5b16d09365ff0033d8dec826b2f1909b13675c3c467b2d252
assets/textures/textures_webapp/pokemon/spritzee/sprite-shiny.png,assets/textures/textures_webapp/pokemon/spritzee/sprite-shiny.webp,96,96,438,466,-28,-6.3927,false,webp-not-smaller,04895ecfe85e2091c6d258f3e8d9876cef3bffb28ee5adbc3621ae64f06fa1a5
assets/textures/textures_webapp/pokemon/grubbin/sprite-shiny.png,assets/textures/textures_webapp/pokemon/grubbin/sprite-shiny.webp,96,96,382,410,-28,-7.3298,false,webp-not-smaller,1afb92de50951465303c06c98ffbf0b12034ef681c4ce6e5e14e79566dc27460
assets/textures/textures_webapp/pokemon/volcanion/sprite-shiny.png,assets/textures/textures_webapp/pokemon/volcanion/sprite-shiny.webp,96,96,1303,1332,-29,-2.2256,false,webp-not-smaller,297a5649e026c4bfa179bfa95400b1c7f37776b7cdc6c9e59e4968426880fc2c
assets/textures/textures_webapp/pokemon/galarian-farfetchd/sprite.png,assets/textures/textures_webapp/pokemon/galarian-farfetchd/sprite.webp,96,96,695,724,-29,-4.1727,false,webp-not-smaller,f9a0a8f486f24ec6d056f2eec3546ee2aa7c5d57c384d96395427a6bce2dad0a
assets/textures/textures_webapp/pokemon/dartrix/sprite.png,assets/textures/textures_webapp/pokemon/dartrix/sprite.webp,96,96,583,612,-29,-4.9743,false,webp-not-smaller,f5b020dec32ef19313a30def1c6e21160e596845a623cae662e0f768f129412e
assets/textures/textures_webapp/pokemon/celesteela/sprite.png,assets/textures/textures_webapp/pokemon/celesteela/sprite.webp,96,96,1522,1552,-30,-1.9711,false,webp-not-smaller,2c5f1731ab42c1be670f5b2576742bd8029e6f2b28babdd6ec91eb5662fae927
assets/textures/textures_webapp/pokemon/stonjourner/sprite-shiny.png,assets/textures/textures_webapp/pokemon/stonjourner/sprite-shiny.webp,96,96,970,1000,-30,-3.0928,false,webp-not-smaller,0d79275a8cf16696f20c19736e8de2281ae7340bdf93c29127672f581b51d0f2
assets/textures/textures_webapp/pokemon/grubbin/sprite.png,assets/textures/textures_webapp/pokemon/grubbin/sprite.webp,96,96,382,412,-30,-7.8534,false,webp-not-smaller,b8b159674ac7d0c9c1c85e4a25dc2d80cf4befe315519b79dc464c85938c8f1a
assets/textures/textures_webapp/pokemon/volcanion/sprite.png,assets/textures/textures_webapp/pokemon/volcanion/sprite.webp,96,96,1303,1334,-31,-2.3791,false,webp-not-smaller,fa7abd0db932fae3b232279bf1f18a61076209c065d96d55768e20b54691b2b1
assets/textures/textures_webapp/pokemon/necrozma/sprite.png,assets/textures/textures_webapp/pokemon/necrozma/sprite.webp,96,96,1291,1322,-31,-2.4012,false,webp-not-smaller,f6093343a21fbd120833595e3aaffdb1a7e93c2ef232072c2f1a17ad37bc2c89
assets/textures/textures_webapp/pokemon/galarian-zigzagoon/sprite-shiny.png,assets/textures/textures_webapp/pokemon/galarian-zigzagoon/sprite-shiny.webp,96,96,679,710,-31,-4.5655,false,webp-not-smaller,9ddeb078e4abdb5e879d5f918c7b5d0f9a925be22791f4d3ee5b4da07958e9b0
assets/textures/textures_webapp/pokemon/gumshoos/sprite-shiny.png,assets/textures/textures_webapp/pokemon/gumshoos/sprite-shiny.webp,96,96,629,660,-31,-4.9285,false,webp-not-smaller,13a7739df1911645c273bfe75c8f04110af1e51a2e10b6ef67d5375ab6966933
assets/textures/textures_webapp/pokemon/dartrix/sprite-shiny.png,assets/textures/textures_webapp/pokemon/dartrix/sprite-shiny.webp,96,96,583,614,-31,-5.3173,false,webp-not-smaller,c965a6c4d4e7093cfe427a758e2c8e083474c17fda5628ecf1a1d4ea35323461
assets/textures/textures_webapp/pokemon/celesteela/sprite-shiny.png,assets/textures/textures_webapp/pokemon/celesteela/sprite-shiny.webp,96,96,1522,1554,-32,-2.1025,false,webp-not-smaller,379a661aaab0d54fe035ab6566dbe1ad840bf849c21e3f3f3f18578d52cd2332
assets/textures/textures_webapp/pokemon/spectrier/sprite-shiny.png,assets/textures/textures_webapp/pokemon/spectrier/sprite-shiny.webp,96,96,1044,1076,-32,-3.0651,false,webp-not-smaller,3fdfa7121727482eb255012aa13ee56eb748b7b82a5feff022208c7eb095195f
assets/textures/textures_webapp/pokemon/zapdos-galar/sprite-shiny.png,assets/textures/textures_webapp/pokemon/zapdos-galar/sprite-shiny.webp,96,96,908,940,-32,-3.5242,false,webp-not-smaller,f08943b613decc456b81b2d8f3f93956f449630aa1ed39bab84ef5070261ac40
assets/textures/textures_webapp/pokemon/darmanitan-galar-standard/sprite.png,assets/textures/textures_webapp/pokemon/darmanitan-galar-standard/sprite.webp,96,96,838,870,-32,-3.8186,false,webp-not-smaller,07df637d16c0018d3b3b4a999824821837825eccfab866a970ffe1a8074edc90
assets/textures/textures_webapp/pokemon/galarian-darmanitan/sprite.png,assets/textures/textures_webapp/pokemon/galarian-darmanitan/sprite.webp,96,96,838,870,-32,-3.8186,false,webp-not-smaller,07df637d16c0018d3b3b4a999824821837825eccfab866a970ffe1a8074edc90
assets/textures/textures_webapp/pokemon/necrozma/sprite-shiny.png,assets/textures/textures_webapp/pokemon/necrozma/sprite-shiny.webp,96,96,1291,1324,-33,-2.5562,false,webp-not-smaller,46de9bbfe0ebc5961574f770fdf67e33119d8c9afb3ef172718bd1a4449baba4
assets/textures/textures_webapp/pokemon/alolan-sandslash/sprite.png,assets/textures/textures_webapp/pokemon/alolan-sandslash/sprite.webp,96,96,863,896,-33,-3.8239,false,webp-not-smaller,cf3e2c0cc53cb7dce9b03b42e83f32059a84a14c0ec25c7d060c54d125e90777
assets/textures/textures_webapp/pokemon/darmanitan-galar-standard/sprite-shiny.png,assets/textures/textures_webapp/pokemon/darmanitan-galar-standard/sprite-shiny.webp,96,96,839,872,-33,-3.9333,false,webp-not-smaller,eec7ce6063ee7008b0108e226a7df474a2d06492a7f476d671a866e2f11edc57
assets/textures/textures_webapp/pokemon/galarian-darmanitan/sprite-shiny.png,assets/textures/textures_webapp/pokemon/galarian-darmanitan/sprite-shiny.webp,96,96,839,872,-33,-3.9333,false,webp-not-smaller,eec7ce6063ee7008b0108e226a7df474a2d06492a7f476d671a866e2f11edc57
assets/textures/textures_webapp/pokemon/noibat/sprite.png,assets/textures/textures_webapp/pokemon/noibat/sprite.webp,96,96,717,750,-33,-4.6025,false,webp-not-smaller,1b3fd26c26f1f1a6a4ed3a3db669df84192bfabb10404f634027d7888f1e6891
assets/textures/textures_webapp/pokemon/galarian-farfetchd/sprite-shiny.png,assets/textures/textures_webapp/pokemon/galarian-farfetchd/sprite-shiny.webp,96,96,695,728,-33,-4.7482,false,webp-not-smaller,d1f937f3656277a4359edd0106b43d76d3f2d2bb1d532821a08801837a168b24
assets/textures/textures_webapp/pokemon/trevenant/sprite-shiny.png,assets/textures/textures_webapp/pokemon/trevenant/sprite-shiny.webp,96,96,1336,1370,-34,-2.5449,false,webp-not-smaller,a05f91b2a6a3557f5df7d3230de9b071a5761c302ea885ffc40e997e91ec8d8e
assets/textures/textures_webapp/pokemon/duraludon/sprite-shiny.png,assets/textures/textures_webapp/pokemon/duraludon/sprite-shiny.webp,96,96,930,964,-34,-3.6559,false,webp-not-smaller,486fd5ba01d1b27edf4bb4dac665adec1aad7a343b89f4d9113bd2bdc83852a8
assets/textures/textures_webapp/pokemon/cramorant/sprite.png,assets/textures/textures_webapp/pokemon/cramorant/sprite.webp,96,96,738,772,-34,-4.6070,false,webp-not-smaller,6da8c06b28289297124c215af57d23530dee43fe638cd95b4fdc3e388074ff63
assets/textures/textures_webapp/pokemon/cufant/sprite-shiny.png,assets/textures/textures_webapp/pokemon/cufant/sprite-shiny.webp,96,96,736,770,-34,-4.6196,false,webp-not-smaller,dea894ff442f3cdc6e0ea64e60a4b3c20ea16e7c3fa696581a6ebef9608eb449
assets/textures/textures_webapp/pokemon/spritzee/sprite.png,assets/textures/textures_webapp/pokemon/spritzee/sprite.webp,96,96,436,470,-34,-7.7982,false,webp-not-smaller,91dff456bbeea9b3f878f257c8c5e068630dacbf8109b5fbfcac0f34c21d31ed
assets/textures/textures_webapp/pokemon/drizzile/sprite-shiny.png,assets/textures/textures_webapp/pokemon/drizzile/sprite-shiny.webp,96,96,623,658,-35,-5.6180,false,webp-not-smaller,f19fd5814342001fe7726669c82b1a06e19140c0b4d60b0da45c0df863e90780
assets/textures/textures_webapp/pokemon/bruxish/sprite.png,assets/textures/textures_webapp/pokemon/bruxish/sprite.webp,96,96,553,588,-35,-6.3291,false,webp-not-smaller,119d06089aaa5467f75dedcc289c441bdd9152e97da97ac609c20bd9ed234afb
assets/textures/textures_webapp/pokemon/sandaconda/sprite-shiny.png,assets/textures/textures_webapp/pokemon/sandaconda/sprite-shiny.webp,96,96,926,962,-36,-3.8877,false,webp-not-smaller,ab367b78cd94d9e5cd7b3d2b8dabb2f3454246b89c63f0db746b107d5cd58eef
assets/textures/textures_webapp/pokemon/cramorant/sprite-shiny.png,assets/textures/textures_webapp/pokemon/cramorant/sprite-shiny.webp,96,96,738,774,-36,-4.8780,false,webp-not-smaller,9eaf57af75f469505fcd0f9de807420398a49bb0fc2fba30d9ab52c581684016
assets/textures/textures_webapp/pokemon/magearna/sprite-shiny.png,assets/textures/textures_webapp/pokemon/magearna/sprite-shiny.webp,96,96,769,806,-37,-4.8114,false,webp-not-smaller,d1f442747d71e3d7e56815167a8d2a8af4bffcf9e17dc23e96bdfc33a08a4ffe
assets/textures/textures_webapp/pokemon/eldegoss/sprite-shiny.png,assets/textures/textures_webapp/pokemon/eldegoss/sprite-shiny.webp,96,96,745,782,-37,-4.9664,false,webp-not-smaller,811cf6ce71207c2b745e64454594d22804e380e87a50b91509c1a5481fbf7969
assets/textures/textures_webapp/pokemon/duraludon/sprite.png,assets/textures/textures_webapp/pokemon/duraludon/sprite.webp,96,96,930,968,-38,-4.0860,false,webp-not-smaller,1dc5ad8362638bab133293aa31bc3e787a73918c6384bf93de6e1ff6ecff5939
assets/textures/textures_webapp/pokemon/heliolisk/sprite-shiny.png,assets/textures/textures_webapp/pokemon/heliolisk/sprite-shiny.webp,96,96,734,772,-38,-5.1771,false,webp-not-smaller,25aa8cd3aea79c8572b2d49f88476ca4de7ba4b5e7ff66bccc74ea3963288f6c
assets/textures/textures_webapp/pokemon/raboot/sprite-shiny.png,assets/textures/textures_webapp/pokemon/raboot/sprite-shiny.webp,96,96,640,678,-38,-5.9375,false,webp-not-smaller,e8d72d7cdd244f97a33407abc55ff0ec32106de5f84d314c5be1cc3e11709d5a
assets/textures/textures_webapp/pokemon/galarian-mr-mime/sprite-shiny.png,assets/textures/textures_webapp/pokemon/galarian-mr-mime/sprite-shiny.webp,96,96,805,844,-39,-4.8447,false,webp-not-smaller,82a97752181cc69fa357974cb8fba12a6d182c42c1603408b6759de8a264ad16
assets/textures/textures_webapp/pokemon/hakamo-o/sprite-shiny.png,assets/textures/textures_webapp/pokemon/hakamo-o/sprite-shiny.webp,96,96,805,844,-39,-4.8447,false,webp-not-smaller,83677b8e673e2db4067093f792c39e7775e05af4b0343474f6a8e361b1178ed2
assets/textures/textures_webapp/pokemon/barraskewda/sprite-shiny.png,assets/textures/textures_webapp/pokemon/barraskewda/sprite-shiny.webp,96,96,691,730,-39,-5.6440,false,webp-not-smaller,2f02a64f27cda5aed3d2651691d7fb9f2eeda87c1992b58324e02b1d513e925a
assets/textures/textures_webapp/pokemon/gumshoos/sprite.png,assets/textures/textures_webapp/pokemon/gumshoos/sprite.webp,96,96,629,668,-39,-6.2003,false,webp-not-smaller,e2df8757ffe5036441c880c9c3856e61935445b1732b1ec0306a2a672774c4e9
assets/textures/textures_webapp/pokemon/bruxish/sprite-shiny.png,assets/textures/textures_webapp/pokemon/bruxish/sprite-shiny.webp,96,96,553,592,-39,-7.0524,false,webp-not-smaller,ffab9972390038b7841e484def79e19e71d2e5c7aaba48296c8c0bcc28cdffcb
assets/textures/textures_webapp/pokemon/heliolisk/sprite.png,assets/textures/textures_webapp/pokemon/heliolisk/sprite.webp,96,96,734,774,-40,-5.4496,false,webp-not-smaller,d9da4db7631fe0b4cc64c756d385c391dabc5afa6411643cf0ff4b2c0a3771fc
assets/textures/textures_webapp/pokemon/alolan-raticate/sprite-shiny.png,assets/textures/textures_webapp/pokemon/alolan-raticate/sprite-shiny.webp,96,96,791,832,-41,-5.1833,false,webp-not-smaller,3c7e122e86488625c48c92ad62541410ba11e1a184688f3c8107662b3831535f
assets/textures/textures_webapp/pokemon/hattrem/sprite.png,assets/textures/textures_webapp/pokemon/hattrem/sprite.webp,96,96,739,780,-41,-5.5480,false,webp-not-smaller,51706a06b9b2f4d572e2557cea4a7f0c53d80d2b579a7b747580b37196fcfd34
assets/textures/textures_webapp/pokemon/flabebe/sprite-shiny.png,assets/textures/textures_webapp/pokemon/flabebe/sprite-shiny.webp,96,96,609,650,-41,-6.7323,false,webp-not-smaller,2b08bdec013289c72759e0d54ead25c7948f388a3a6d1e6e9ddddcc968a466a5
assets/textures/textures_webapp/pokemon/trevenant/sprite.png,assets/textures/textures_webapp/pokemon/trevenant/sprite.webp,96,96,1336,1378,-42,-3.1437,false,webp-not-smaller,7ad8cc91d664332b00d95aac7ad3516d5c70ca62b423fb6878ab2fd8ad363c9f
assets/textures/textures_webapp/pokemon/urshifu-single/sprite.png,assets/textures/textures_webapp/pokemon/urshifu-single/sprite.webp,96,96,1222,1264,-42,-3.4370,false,webp-not-smaller,01245a798c32a76922c336d5dde055833b0189f3975e157f459cf64bd3b55a40
assets/textures/textures_webapp/pokemon/falinks/sprite-shiny.png,assets/textures/textures_webapp/pokemon/falinks/sprite-shiny.webp,96,96,898,940,-42,-4.6771,false,webp-not-smaller,c9cd68b3c2e351d0162cbf9cdedfc4944e040020757c375537af5d7747e86168
assets/textures/textures_webapp/pokemon/obstagoon/sprite.png,assets/textures/textures_webapp/pokemon/obstagoon/sprite.webp,96,96,1073,1116,-43,-4.0075,false,webp-not-smaller,ce53df397a13524dab48dfabe832eac7c4b4a739bd19ef58c36d186fa5354c72
assets/textures/textures_webapp/pokemon/tapu-bulu/sprite-shiny.png,assets/textures/textures_webapp/pokemon/tapu-bulu/sprite-shiny.webp,96,96,979,1022,-43,-4.3922,false,webp-not-smaller,9531cf5ce278f5fb41d9a1ec7cfa2f5790fb6a8bdae16516820810bda855a7ad
assets/textures/textures_webapp/pokemon/tapu-bulu/sprite.png,assets/textures/textures_webapp/pokemon/tapu-bulu/sprite.webp,96,96,979,1022,-43,-4.3922,false,webp-not-smaller,2f1ae1b74eebff25f7f5d09982c413669c4c2d6219991b57608004c10cd528bf
assets/textures/textures_webapp/pokemon/sirfetchd/sprite-shiny.png,assets/textures/textures_webapp/pokemon/sirfetchd/sprite-shiny.webp,96,96,971,1014,-43,-4.4284,false,webp-not-smaller,124d0e84cd04fee60d026d6f24fad6e3ffb8e775bf42e4121cc49090184d1fee
assets/textures/textures_webapp/pokemon/diggersby/sprite-shiny.png,assets/textures/textures_webapp/pokemon/diggersby/sprite-shiny.webp,96,96,841,884,-43,-5.1130,false,webp-not-smaller,2d08ad811a37c714c21595692df1515de10f1a4a395298a553c89914fc659803
assets/textures/textures_webapp/pokemon/hakamo-o/sprite.png,assets/textures/textures_webapp/pokemon/hakamo-o/sprite.webp,96,96,805,848,-43,-5.3416,false,webp-not-smaller,ae5eafb0d2569bdebca893a06b9ec609f5a7667684140d1d288509a4cd083360
assets/textures/textures_webapp/pokemon/alolan-raticate/sprite.png,assets/textures/textures_webapp/pokemon/alolan-raticate/sprite.webp,96,96,791,834,-43,-5.4362,false,webp-not-smaller,e45bc8c1f8e06da5111419630e83dee41698f7d29a9f9f76b2ced84b78e36cc1
assets/textures/textures_webapp/pokemon/binacle/sprite-shiny.png,assets/textures/textures_webapp/pokemon/binacle/sprite-shiny.webp,96,96,629,672,-43,-6.8362,false,webp-not-smaller,5974eeb8a7207dd0e5110044728369be24a84ac2dc7596e9bc02a65a1f16da5a
assets/textures/textures_webapp/pokemon/drednaw/sprite-shiny.png,assets/textures/textures_webapp/pokemon/drednaw/sprite-shiny.webp,96,96,892,936,-44,-4.9327,false,webp-not-smaller,fad99e89cbb112c1130b71c8897e9c0f57245c41262f8434f4b7b556c75c54d0
assets/textures/textures_webapp/pokemon/drednaw/sprite.png,assets/textures/textures_webapp/pokemon/drednaw/sprite.webp,96,96,892,936,-44,-4.9327,false,webp-not-smaller,16bccfffffb2980d89e9c41b6d3ee0d0f8916da1a5c0acf05a633e6378c6d919
assets/textures/textures_webapp/pokemon/corviknight/sprite-shiny.png,assets/textures/textures_webapp/pokemon/corviknight/sprite-shiny.webp,96,96,820,864,-44,-5.3659,false,webp-not-smaller,92ab6a73cc3e3d1e0701a400c09bd0060c36d9c0a7c813510a304b24fc53cba1
assets/textures/textures_webapp/pokemon/crabrawler/sprite.png,assets/textures/textures_webapp/pokemon/crabrawler/sprite.webp,96,96,740,784,-44,-5.9459,false,webp-not-smaller,e64730708eb705c480ba636e352fa3aa31a20baaf41a8732479c464bf3082b6e
assets/textures/textures_webapp/pokemon/corvisquire/sprite-shiny.png,assets/textures/textures_webapp/pokemon/corvisquire/sprite-shiny.webp,96,96,979,1024,-45,-4.5965,false,webp-not-smaller,00da0bea5d6e9af347ea36ba873ebfc21188efee9256d809f44d0e7b9612a871
assets/textures/textures_webapp/pokemon/pyroar/sprite-f.png,assets/textures/textures_webapp/pokemon/pyroar/sprite-f.webp,96,96,853,900,-47,-5.5100,false,webp-not-smaller,0c6666177d6d1a1423e1596db43747a56b3efcf6433f7c5cb517914fb0e91745
assets/textures/textures_webapp/pokemon/drakloak/sprite.png,assets/textures/textures_webapp/pokemon/drakloak/sprite.webp,96,96,845,892,-47,-5.5621,false,webp-not-smaller,75145762750b370048d0964c2a4d0ba14c9980ef2385e74dd9161544717c3a2d
assets/textures/textures_webapp/pokemon/falinks/sprite.png,assets/textures/textures_webapp/pokemon/falinks/sprite.webp,96,96,898,946,-48,-5.3452,false,webp-not-smaller,22ce65a4d9cc20b9a7c23b0960c2f3b4bc8252fa1fdf4afce2036415249f60d5
assets/textures/textures_webapp/pokemon/crabrawler/sprite-shiny.png,assets/textures/textures_webapp/pokemon/crabrawler/sprite-shiny.webp,96,96,740,788,-48,-6.4865,false,webp-not-smaller,a16f96b564c71602ab9036bcf581e7e65789d61e581047c670650ec095162814
assets/textures/textures_webapp/pokemon/toucannon/sprite.png,assets/textures/textures_webapp/pokemon/toucannon/sprite.webp,96,96,552,600,-48,-8.6957,false,webp-not-smaller,43cb5bd4950068d9f36fc228d76d9100c422e8e29fbd2d22d401bce292b23cd2
assets/textures/textures_webapp/pokemon/drakloak/sprite-shiny.png,assets/textures/textures_webapp/pokemon/drakloak/sprite-shiny.webp,96,96,845,894,-49,-5.7988,false,webp-not-smaller,5e986d85c3986953268f613977e75f71b45944f2227f69749c2d0610a81967ca
assets/textures/textures_webapp/pokemon/magearna/sprite.png,assets/textures/textures_webapp/pokemon/magearna/sprite.webp,96,96,769,818,-49,-6.3719,false,webp-not-smaller,5fe931d269401d09546e5544a8978c498905a032e1ae0768f06d0997fbd2bc11
assets/textures/textures_webapp/pokemon/barraskewda/sprite.png,assets/textures/textures_webapp/pokemon/barraskewda/sprite.webp,96,96,691,740,-49,-7.0912,false,webp-not-smaller,572502051eb1b726d008828898a785ef2fb5b522f6f192681a9d6a7a0e19e97d
assets/textures/textures_webapp/pokemon/xurkitree/sprite.png,assets/textures/textures_webapp/pokemon/xurkitree/sprite.webp,96,96,1370,1420,-50,-3.6496,false,webp-not-smaller,c41e351623247a1601c2392e6ecb447aee115ea3a62ff8495a5a2ad2f6bd90b2
assets/textures/textures_webapp/pokemon/mudsdale/sprite.png,assets/textures/textures_webapp/pokemon/mudsdale/sprite.webp,96,96,956,1006,-50,-5.2301,false,webp-not-smaller,b029b75c5f8a71fe6b2f011001597a6d78eb069008f3def721b351b89742dc36
assets/textures/textures_webapp/pokemon/sandaconda/sprite.png,assets/textures/textures_webapp/pokemon/sandaconda/sprite.webp,96,96,926,976,-50,-5.3996,false,webp-not-smaller,4e52bb779e4ec364622c6ef0cef82cdf0b1ffc6644760118ac45e05c9d9822bf
assets/textures/textures_webapp/pokemon/frosmoth/sprite-shiny.png,assets/textures/textures_webapp/pokemon/frosmoth/sprite-shiny.webp,96,96,902,952,-50,-5.5432,false,webp-not-smaller,656825ae33c09633188070d235b78eb1e0162086c5ae23b3b7354d26aea60236
assets/textures/textures_webapp/pokemon/toucannon/sprite-shiny.png,assets/textures/textures_webapp/pokemon/toucannon/sprite-shiny.webp,96,96,552,602,-50,-9.0580,false,webp-not-smaller,50ebb224df756bd32557f8a5623afb163337df775bf162991d729d42864949bb
assets/textures/textures_webapp/pokemon/passimian/sprite.png,assets/textures/textures_webapp/pokemon/passimian/sprite.webp,96,96,909,960,-51,-5.6106,false,webp-not-smaller,9f6155b04cc7ef6cee79c2fa25a5ad73d722197a04fd22fcec0f049f258b0d6c
assets/textures/textures_webapp/pokemon/decidueye/sprite-shiny.png,assets/textures/textures_webapp/pokemon/decidueye/sprite-shiny.webp,96,96,889,940,-51,-5.7368,false,webp-not-smaller,aa0c04c801cb62eee22ed881d73263ac7379afecc67fabe0ed4917031ca3c42b
assets/textures/textures_webapp/pokemon/pyroar/sprite-shiny-f.png,assets/textures/textures_webapp/pokemon/pyroar/sprite-shiny-f.webp,96,96,853,904,-51,-5.9789,false,webp-not-smaller,0ebfcc7d21ac75120cae655c0d7933e2e919040e8189f08ce3320a505914d62d
assets/textures/textures_webapp/pokemon/lycanroc-midday-form/sprite.png,assets/textures/textures_webapp/pokemon/lycanroc-midday-form/sprite.webp,96,96,845,896,-51,-6.0355,false,webp-not-smaller,d65bab67d70f2adb7e9809cf9f1f851736c859141dda3a2abbf98235d52f52e2
assets/textures/textures_webapp/pokemon/vikavolt/sprite-shiny.png,assets/textures/textures_webapp/pokemon/vikavolt/sprite-shiny.webp,96,96,807,858,-51,-6.3197,false,webp-not-smaller,9e07b546aaf8e53683e60e18e3b33f0235d2a4a010a26bca79e23780a8317983
assets/textures/textures_webapp/pokemon/rainy-castform/sprite-shiny.png,assets/textures/textures_webapp/pokemon/rainy-castform/sprite-shiny.webp,96,96,473,524,-51,-10.7822,false,webp-not-smaller,2b6dff5aa56e33bd8713211ffa25ee40ea2f74be59bb29e8aad2c52fa427d527
assets/textures/textures_webapp/pokemon/alolan-ninetales/sprite-shiny.png,assets/textures/textures_webapp/pokemon/alolan-ninetales/sprite-shiny.webp,96,96,1166,1218,-52,-4.4597,false,webp-not-smaller,4f6509edb5a4cbf9df17449b9ae44ad6a64d4fca7680bf59a39049611587e279
assets/textures/textures_webapp/pokemon/silvally/sprite-shiny.png,assets/textures/textures_webapp/pokemon/silvally/sprite-shiny.webp,96,96,998,1050,-52,-5.2104,false,webp-not-smaller,3b642cabe9290ad31a8a884c0ee9dec13bad51ff6fb1b11e19c0f3c05104cc0b
assets/textures/textures_webapp/pokemon/aegislash-shield/sprite.png,assets/textures/textures_webapp/pokemon/aegislash-shield/sprite.webp,96,96,876,928,-52,-5.9361,false,webp-not-smaller,2f1339413acaf4ba660ec05e1e4b2e6a80ce110b0c897376a6db4c804feeeb8d
assets/textures/textures_webapp/pokemon/boltund/sprite-shiny.png,assets/textures/textures_webapp/pokemon/boltund/sprite-shiny.webp,96,96,832,884,-52,-6.2500,false,webp-not-smaller,f78a384ed8de21565e9aa676109c2e558548c663150983c37196726d3bb936c4
assets/textures/textures_webapp/pokemon/vikavolt/sprite.png,assets/textures/textures_webapp/pokemon/vikavolt/sprite.webp,96,96,808,860,-52,-6.4356,false,webp-not-smaller,71226605cd20b862aa7fc68dcf66e07ac3c16204937c2eacc0b791f0ec8e50c1
assets/textures/textures_webapp/pokemon/diggersby/sprite.png,assets/textures/textures_webapp/pokemon/diggersby/sprite.webp,96,96,841,894,-53,-6.3020,false,webp-not-smaller,50acfdb12734f1c4456146bc2cabd416855ccbfe32856eee8cf92b41d847bbf8
assets/textures/textures_webapp/pokemon/sunny-castform/sprite-shiny.png,assets/textures/textures_webapp/pokemon/sunny-castform/sprite-shiny.webp,96,96,573,626,-53,-9.2496,false,webp-not-smaller,7b35d3647bb06c6a3caa5cfc9ed663c76631011e9ddc682e70db14ff6bb2e603
assets/textures/textures_webapp/pokemon/xurkitree/sprite-shiny.png,assets/textures/textures_webapp/pokemon/xurkitree/sprite-shiny.webp,96,96,1370,1424,-54,-3.9416,false,webp-not-smaller,2d62980fddd20247075cbc8ffd9cd99d02c1781abaa97b834ec564576efe40f0
assets/textures/textures_webapp/pokemon/silvally/sprite.png,assets/textures/textures_webapp/pokemon/silvally/sprite.webp,96,96,998,1052,-54,-5.4108,false,webp-not-smaller,ebfb04a3e0ac594d9004888344970c8bb758a08432e26a5fd94a6ab277c7fa76
assets/textures/textures_webapp/pokemon/aegislash/sprite-shiny.png,assets/textures/textures_webapp/pokemon/aegislash/sprite-shiny.webp,96,96,924,978,-54,-5.8442,false,webp-not-smaller,26960a1d1072a4398b0c63a530ede8a5989f1c58f243fd7c80aaaa2248a273a9
assets/textures/textures_webapp/pokemon/aegislash/sprite.png,assets/textures/textures_webapp/pokemon/aegislash/sprite.webp,96,96,924,978,-54,-5.8442,false,webp-not-smaller,3b935bd6c4cb60d65fe52b08d18342a543d529c387e587f79b618d3afcf2a220
assets/textures/textures_webapp/pokemon/lycanroc-dusk-form/sprite-shiny.png,assets/textures/textures_webapp/pokemon/lycanroc-dusk-form/sprite-shiny.webp,96,96,880,934,-54,-6.1364,false,webp-not-smaller,23f911e70b70352cd6b29f74d39275bcd3f40d7b6b2a22625681d61b3d978381
assets/textures/textures_webapp/pokemon/pyroar/sprite-shiny.png,assets/textures/textures_webapp/pokemon/pyroar/sprite-shiny.webp,96,96,981,1036,-55,-5.6065,false,webp-not-smaller,0364591bd0a528480a90c161864fd20095c429b0fc683536ef1b6cfea4063700
assets/textures/textures_webapp/pokemon/sirfetchd/sprite.png,assets/textures/textures_webapp/pokemon/sirfetchd/sprite.webp,96,96,971,1026,-55,-5.6643,false,webp-not-smaller,18134b9b5074986bcad788e6448b1cb03e97fb76d7bef95037a8b04d5bb02c8f
assets/textures/textures_webapp/pokemon/passimian/sprite-shiny.png,assets/textures/textures_webapp/pokemon/passimian/sprite-shiny.webp,96,96,909,964,-55,-6.0506,false,webp-not-smaller,53b5b6a14d59e1064c716595bc17bd1b3ace674d78be1dce72a7c2bbe5552816
assets/textures/textures_webapp/pokemon/diancie/sprite.png,assets/textures/textures_webapp/pokemon/diancie/sprite.webp,96,96,785,840,-55,-7.0064,false,webp-not-smaller,1b25b7342af2c6beb3e785d7b2635bcf7c6951478ca993e5cf54a5355bc7b281
assets/textures/textures_webapp/pokemon/darmanitan-galar-zen/sprite-shiny.png,assets/textures/textures_webapp/pokemon/darmanitan-galar-zen/sprite-shiny.webp,96,96,771,826,-55,-7.1336,false,webp-not-smaller,dcb5431cbf92f98fa7602c4bd579c820afdf84051e688a08357b7f10643fbb31
assets/textures/textures_webapp/pokemon/hattrem/sprite-shiny.png,assets/textures/textures_webapp/pokemon/hattrem/sprite-shiny.webp,96,96,739,794,-55,-7.4425,false,webp-not-smaller,6e269cb50091bf0904ab595b446395e853e04aa7d8db12e6a9704d46d26f0fa7
assets/textures/textures_webapp/pokemon/mudsdale/sprite-shiny.png,assets/textures/textures_webapp/pokemon/mudsdale/sprite-shiny.webp,96,96,956,1012,-56,-5.8577,false,webp-not-smaller,0cb43371ba94013cd60fb295c2bcf2ac1226718c62edd525c6ee596b3c3ac821
assets/textures/textures_webapp/pokemon/gogoat/sprite.png,assets/textures/textures_webapp/pokemon/gogoat/sprite.webp,96,96,924,980,-56,-6.0606,false,webp-not-smaller,6e189a91b4cb01e501771b786f18a3c463589d3b62ca71b7b9aa4f464cb3b92f
assets/textures/textures_webapp/pokemon/darmanitan-galar-zen/sprite.png,assets/textures/textures_webapp/pokemon/darmanitan-galar-zen/sprite.webp,96,96,772,828,-56,-7.2539,false,webp-not-smaller,5c5e73452d3b8f2e0edcb5907c731d8c6ad32e0c463e0bc4dbfa3a04a1369b6a
assets/textures/textures_webapp/pokemon/moltres-galar/sprite.png,assets/textures/textures_webapp/pokemon/moltres-galar/sprite.webp,96,96,1259,1316,-57,-4.5274,false,webp-not-smaller,95beea829ab3520b052c93c1f268bd8acb8a1f4890a64fc6387d309bf3fdf5eb
assets/textures/textures_webapp/pokemon/dhelmise/sprite-shiny.png,assets/textures/textures_webapp/pokemon/dhelmise/sprite-shiny.webp,96,96,1105,1162,-57,-5.1584,false,webp-not-smaller,16e5cde98d5ca9f429addd5fe982d039f4fef944394b2f91a47a2d50aeab062d
assets/textures/textures_webapp/pokemon/obstagoon/sprite-shiny.png,assets/textures/textures_webapp/pokemon/obstagoon/sprite-shiny.webp,96,96,1073,1130,-57,-5.3122,false,webp-not-smaller,bb6fe974790d794cb906be3dfa2d558291ad23432d72b578e5c977bfa43fe966
assets/textures/textures_webapp/pokemon/arctovish/sprite-shiny.png,assets/textures/textures_webapp/pokemon/arctovish/sprite-shiny.webp,96,96,883,940,-57,-6.4553,false,webp-not-smaller,08a765b7ff53122503f20dda0288ac50ff46f8d65270d1f84eacc93eb5fe2160
assets/textures/textures_webapp/pokemon/galarian-slowking/sprite-shiny.png,assets/textures/textures_webapp/pokemon/galarian-slowking/sprite-shiny.webp,96,96,827,884,-57,-6.8924,false,webp-not-smaller,031e35ee2be0b3f090d3b8f374701b20e4a2e3f1092d339ba6c6a550a42d4803
assets/textures/textures_webapp/pokemon/turtonator/sprite.png,assets/textures/textures_webapp/pokemon/turtonator/sprite.webp,96,96,1038,1096,-58,-5.5877,false,webp-not-smaller,ec7a3564ea817aeb294f1051444ba632b731f97917da0d1a82611629ad1fa79b
assets/textures/textures_webapp/pokemon/frosmoth/sprite.png,assets/textures/textures_webapp/pokemon/frosmoth/sprite.webp,96,96,902,960,-58,-6.4302,false,webp-not-smaller,e5c64d63823efdef8902ce30f6a87ee406e4a437e7e133453ff9a9b9a464c5df
assets/textures/textures_webapp/pokemon/galarian-ponyta/sprite.png,assets/textures/textures_webapp/pokemon/galarian-ponyta/sprite.webp,96,96,896,954,-58,-6.4732,false,webp-not-smaller,774a846a55f3f55e0392d67ebdf9e4b7b3babed2a7e7da675afcd173d94ea596
assets/textures/textures_webapp/pokemon/gourgeist/sprite-shiny.png,assets/textures/textures_webapp/pokemon/gourgeist/sprite-shiny.webp,96,96,838,896,-58,-6.9212,false,webp-not-smaller,7712f25e7337b541bbcac4a2be769092ea6feb0ae4b5654540d7870735784f65
assets/textures/textures_webapp/pokemon/boltund/sprite.png,assets/textures/textures_webapp/pokemon/boltund/sprite.webp,96,96,832,890,-58,-6.9712,false,webp-not-smaller,75a0148f02f1f49b2d2bd512ac592550b7a05dd7a45a68b5c6ff29f5ad8ea300
assets/textures/textures_webapp/pokemon/alolan-raichu/sprite.png,assets/textures/textures_webapp/pokemon/alolan-raichu/sprite.webp,96,96,812,870,-58,-7.1429,false,webp-not-smaller,fda22ae6dbaf1d2e31a4fdbbf9e1e175e927068e3d6dcafb737d02a1e7ac66cb
assets/textures/textures_webapp/pokemon/melmetal/sprite.png,assets/textures/textures_webapp/pokemon/melmetal/sprite.webp,96,96,1451,1510,-59,-4.0662,false,webp-not-smaller,8f1018323f8710c6a1212c9e491af1014286470ac1517d357251fb04fe539149
assets/textures/textures_webapp/pokemon/hatterene/sprite-shiny.png,assets/textures/textures_webapp/pokemon/hatterene/sprite-shiny.webp,96,96,891,950,-59,-6.6218,false,webp-not-smaller,4f53260e4ef46d67c4a1d4e208e8cea773a090eee66ca9f124f96622d0e2d0cf
assets/textures/textures_webapp/pokemon/arctovish/sprite.png,assets/textures/textures_webapp/pokemon/arctovish/sprite.webp,96,96,883,942,-59,-6.6818,false,webp-not-smaller,314963c88a99651d05105f95187d6d9d6a8efa237d2364588367075131087081
assets/textures/textures_webapp/pokemon/lycanroc-midday-form/sprite-shiny.png,assets/textures/textures_webapp/pokemon/lycanroc-midday-form/sprite-shiny.webp,96,96,845,904,-59,-6.9822,false,webp-not-smaller,3b24696c472c1282ce0103a71ac7a9a09a56ec48d8f85ca65c344d68d7234c49
assets/textures/textures_webapp/pokemon/zamazenta/sprite-shiny.png,assets/textures/textures_webapp/pokemon/zamazenta/sprite-shiny.webp,96,96,1280,1340,-60,-4.6875,false,webp-not-smaller,cd47d8e9a6ee2360d916911b767405182030bd2e41f8c156aff71e8c4b6b2597
assets/textures/textures_webapp/pokemon/zamazenta/sprite.png,assets/textures/textures_webapp/pokemon/zamazenta/sprite.webp,96,96,1280,1340,-60,-4.6875,false,webp-not-smaller,135e62dc3398f7479224e69e9b793645b9573c15de9037992f7348d4e7c80d3f
assets/textures/textures_webapp/pokemon/alolan-ninetales/sprite.png,assets/textures/textures_webapp/pokemon/alolan-ninetales/sprite.webp,96,96,1166,1226,-60,-5.1458,false,webp-not-smaller,2cf6bc9e1059aa9b15fe73e49c4b8957c847ad86826b443dc4a011e2c62d7c23
assets/textures/textures_webapp/pokemon/lycanroc-midnight-form/sprite-shiny.png,assets/textures/textures_webapp/pokemon/lycanroc-midnight-form/sprite-shiny.webp,96,96,926,986,-60,-6.4795,false,webp-not-smaller,6f9155c8b7f1c9dbdbb3f85b94f558b1aff31dad087336abc281186794018862
assets/textures/textures_webapp/pokemon/corvisquire/sprite.png,assets/textures/textures_webapp/pokemon/corvisquire/sprite.webp,96,96,979,1040,-61,-6.2308,false,webp-not-smaller,cceb2e8f9bf54010f64f102bcb5ba154c9d2aace9b5f9bf7f5f93f0bafef76c4
assets/textures/textures_webapp/pokemon/decidueye/sprite.png,assets/textures/textures_webapp/pokemon/decidueye/sprite.webp,96,96,889,950,-61,-6.8616,false,webp-not-smaller,6324dc72173e718c00e607d738392ec6704b6ea448c758587098af6f51b68467
assets/textures/textures_webapp/pokemon/galarian-slowking/sprite.png,assets/textures/textures_webapp/pokemon/galarian-slowking/sprite.webp,96,96,827,888,-61,-7.3761,false,webp-not-smaller,5044b26ddecdd172eff70a5b21cfacfb10c4dddc3f6d13ef45720220a18b9911
assets/textures/textures_webapp/pokemon/lycanroc-dusk-form/sprite.png,assets/textures/textures_webapp/pokemon/lycanroc-dusk-form/sprite.webp,96,96,880,942,-62,-7.0455,false,webp-not-smaller,fb70e2d19bbe155653e19d49f7031e12fa892c2508a8006e60311e31618c4fe3
assets/textures/textures_webapp/pokemon/alolan-raichu/sprite-shiny.png,assets/textures/textures_webapp/pokemon/alolan-raichu/sprite-shiny.webp,96,96,812,874,-62,-7.6355,false,webp-not-smaller,8e34c4fcbc3b16a6939bf9f7e8144f836b05ea90b6c2d3cc7e34db8dd3cefd68
assets/textures/textures_webapp/pokemon/hatterene/sprite.png,assets/textures/textures_webapp/pokemon/hatterene/sprite.webp,96,96,895,958,-63,-7.0391,false,webp-not-smaller,264c8a4aa50fdc53bf90de8cda049d5d18e487b6e87c1a0ff65ac2759373e8d6
assets/textures/textures_webapp/pokemon/alolan-marowak/sprite-shiny.png,assets/textures/textures_webapp/pokemon/alolan-marowak/sprite-shiny.webp,96,96,833,896,-63,-7.5630,false,webp-not-smaller,7133b6001c4aa5351f2758ba76f09bbd0dd09704aaefa3bb7d3922abeb797001
assets/textures/textures_webapp/pokemon/corviknight/sprite.png,assets/textures/textures_webapp/pokemon/corviknight/sprite.webp,96,96,820,884,-64,-7.8049,false,webp-not-smaller,9071732771d51ad347a1f2647b9aeceb257dc3c934d0ed75a4160ea4a2e23393
assets/textures/textures_webapp/pokemon/melmetal/sprite-shiny.png,assets/textures/textures_webapp/pokemon/melmetal/sprite-shiny.webp,96,96,1451,1516,-65,-4.4797,false,webp-not-smaller,7cdac016f968473d8f8c69b7135fd60cbc7c00c20c5047d3c686af7db02c1144
assets/textures/textures_webapp/pokemon/alolan-marowak/sprite.png,assets/textures/textures_webapp/pokemon/alolan-marowak/sprite.webp,96,96,833,898,-65,-7.8031,false,webp-not-smaller,62edcf865fd2a35361b287d32cdacc46d3a6140be9b004d0728b1ae6a0ccb974
assets/textures/textures_webapp/pokemon/stakataka/sprite-shiny.png,assets/textures/textures_webapp/pokemon/stakataka/sprite-shiny.webp,96,96,1396,1462,-66,-4.7278,false,webp-not-smaller,3bed7900cdd5883936f7157e60ce763fc6d8ee3aaa53fc15be6c914cb604aec2
assets/textures/textures_webapp/pokemon/stakataka/sprite.png,assets/textures/textures_webapp/pokemon/stakataka/sprite.webp,96,96,1396,1462,-66,-4.7278,false,webp-not-smaller,04f22c117751bba9589263fde97fec84e8cb0e955019df9309a8ca0b67fd5ca8
assets/textures/textures_webapp/pokemon/gogoat/sprite-shiny.png,assets/textures/textures_webapp/pokemon/gogoat/sprite-shiny.webp,96,96,924,990,-66,-7.1429,false,webp-not-smaller,184a92f140a25002794cedd6a20db2a3c3a1662231048be88d49bca8dfa987bc
assets/textures/textures_webapp/pokemon/galarian-slowbro/sprite-shiny.png,assets/textures/textures_webapp/pokemon/galarian-slowbro/sprite-shiny.webp,96,96,914,980,-66,-7.2210,false,webp-not-smaller,9e8199db6ec7de0cca806b23a5e634a9d02e4ce66b0e08f41c91ed0dadff8842
assets/textures/textures_webapp/pokemon/galarian-slowbro/sprite.png,assets/textures/textures_webapp/pokemon/galarian-slowbro/sprite.webp,96,96,914,980,-66,-7.2210,false,webp-not-smaller,65a31a4156262ed0a7aa0ea220144e18f3089776a3d735b3836ff517e9a08830
assets/textures/textures_webapp/pokemon/comfey/sprite.png,assets/textures/textures_webapp/pokemon/comfey/sprite.webp,96,96,795,862,-67,-8.4277,false,webp-not-smaller,b04baea549a4cef07db8ac79234e21e57074163599c62a6f166ac0fa6861f01a
assets/textures/textures_webapp/pokemon/lycanroc-midnight-form/sprite.png,assets/textures/textures_webapp/pokemon/lycanroc-midnight-form/sprite.webp,96,96,926,994,-68,-7.3434,false,webp-not-smaller,49f5ab1ef30dd33189a601fb9c080bd83a262b52b1db5787438e490f02c29bc3
assets/textures/textures_webapp/pokemon/oricorio-pau-style/sprite.png,assets/textures/textures_webapp/pokemon/oricorio-pau-style/sprite.webp,96,96,644,712,-68,-10.5590,false,webp-not-smaller,f31051a2f1b270629335b4faf8a8d502cca4670ed56a76f24b6c23c81de8689c
assets/textures/textures_webapp/pokemon/alolan-golem/sprite.png,assets/textures/textures_webapp/pokemon/alolan-golem/sprite.webp,96,96,881,950,-69,-7.8320,false,webp-not-smaller,f1ed020e6fae7cb54133ff984d116cc4f04710a223db4f07e1c81b11a433d24e
assets/textures/textures_webapp/pokemon/tapu-koko/sprite-shiny.png,assets/textures/textures_webapp/pokemon/tapu-koko/sprite-shiny.webp,96,96,1084,1154,-70,-6.4576,false,webp-not-smaller,e006a807e3bd4c95f369b950ad799295d1313aa80b74a19b51c90b51616eadfc
assets/textures/textures_webapp/pokemon/alolan-muk/sprite.png,assets/textures/textures_webapp/pokemon/alolan-muk/sprite.webp,96,96,956,1026,-70,-7.3222,false,webp-not-smaller,03a5cb75eeb527f4f4a901203bbfe2c22ed61452cdff99ab558c46c34ffc2f67
assets/textures/textures_webapp/pokemon/galarian-ponyta/sprite-shiny.png,assets/textures/textures_webapp/pokemon/galarian-ponyta/sprite-shiny.webp,96,96,896,966,-70,-7.8125,false,webp-not-smaller,b5ae9b3cc6f3b67215cc76ad34eebb5cb4258f6eb2ee31adff99ff291dcf35a3
assets/textures/textures_webapp/pokemon/oricorio-pau-style/sprite-shiny.png,assets/textures/textures_webapp/pokemon/oricorio-pau-style/sprite-shiny.webp,96,96,644,714,-70,-10.8696,false,webp-not-smaller,2e663b7d49464554b85e881ce5b215abb3994aba8895fa937f08b536676d08ac
assets/textures/textures_webapp/pokemon/moltres-galar/sprite-shiny.png,assets/textures/textures_webapp/pokemon/moltres-galar/sprite-shiny.webp,96,96,1259,1330,-71,-5.6394,false,webp-not-smaller,457914802ec019d9bd00024bdd6dbc429d8b00dbee8c76d8d837a837338176c9
assets/textures/textures_webapp/pokemon/centiskorch/sprite.png,assets/textures/textures_webapp/pokemon/centiskorch/sprite.webp,96,96,1187,1258,-71,-5.9815,false,webp-not-smaller,929e25721932332ab78e8264a8832d9a692c1fbb94f8e69e6f149a08dc08a738
assets/textures/textures_webapp/pokemon/dhelmise/sprite.png,assets/textures/textures_webapp/pokemon/dhelmise/sprite.webp,96,96,1105,1176,-71,-6.4253,false,webp-not-smaller,1512f82959d12e491eea86bfc11fdac892c14620519573b968dc28011750bd39
assets/textures/textures_webapp/pokemon/tapu-fini/sprite-shiny.png,assets/textures/textures_webapp/pokemon/tapu-fini/sprite-shiny.webp,96,96,823,894,-71,-8.6270,false,webp-not-smaller,a7a9eb4f32857fe60b2f4c6be3e88a212762fdf8c1f7ef040d09ae28a580fb77
assets/textures/textures_webapp/pokemon/tsareena/sprite-shiny.png,assets/textures/textures_webapp/pokemon/tsareena/sprite-shiny.webp,96,96,850,922,-72,-8.4706,false,webp-not-smaller,7535549448085e7cf48bd1d7e7f25a8c1adf4a04bd90594752894d4c99f3c158
assets/textures/textures_webapp/pokemon/grapploct/sprite.png,assets/textures/textures_webapp/pokemon/grapploct/sprite.webp,96,96,772,844,-72,-9.3264,false,webp-not-smaller,2412435394edd445cab30c1f981d34681efb016af811f60bacab2a3e5cf7ec3c
assets/textures/textures_webapp/pokemon/drampa/sprite.png,assets/textures/textures_webapp/pokemon/drampa/sprite.webp,96,96,973,1046,-73,-7.5026,false,webp-not-smaller,c5a976c4b179412b84289d841dde25deb37047805f3817be3522f6b00a53eeaf
assets/textures/textures_webapp/pokemon/comfey/sprite-shiny.png,assets/textures/textures_webapp/pokemon/comfey/sprite-shiny.webp,96,96,795,868,-73,-9.1824,false,webp-not-smaller,cf686b010261de34a27c4967cd06b0b61f9c2073839c6268db34a5499f227eee
assets/textures/textures_webapp/pokemon/shiinotic/sprite-shiny.png,assets/textures/textures_webapp/pokemon/shiinotic/sprite-shiny.webp,96,96,936,1010,-74,-7.9060,false,webp-not-smaller,f4088fbf8dabd9c95ec1f7516657c91df445e09054ff0e68fdbb1d179d887ae2
assets/textures/textures_webapp/pokemon/calyrex-ice/sprite-shiny.png,assets/textures/textures_webapp/pokemon/calyrex-ice/sprite-shiny.webp,96,96,1231,1308,-77,-6.2551,false,webp-not-smaller,a04f37f4938a66382d257703519cbb180181e79300103fbbe650a0fe59016269
assets/textures/textures_webapp/pokemon/golisopod/sprite.png,assets/textures/textures_webapp/pokemon/golisopod/sprite.webp,96,96,1246,1324,-78,-6.2600,false,webp-not-smaller,8eb9aa297b66bf389020a9ee16dc50ef6bde60157d831e646a607b06d4afc6b1
assets/textures/textures_webapp/pokemon/tsareena/sprite.png,assets/textures/textures_webapp/pokemon/tsareena/sprite.webp,96,96,850,928,-78,-9.1765,false,webp-not-smaller,428cb968519c729129166b3f96792819c628835a95b2c8a023c362b4ae5888d8
assets/textures/textures_webapp/pokemon/kyogre-primal/sprite.png,assets/textures/textures_webapp/pokemon/kyogre-primal/sprite.webp,96,96,1315,1394,-79,-6.0076,false,webp-not-smaller,79c2d05cd102f6029f3cd5acc05a561cc51dda7c0b931c65298a969632ce4566
assets/textures/textures_webapp/pokemon/drampa/sprite-shiny.png,assets/textures/textures_webapp/pokemon/drampa/sprite-shiny.webp,96,96,973,1052,-79,-8.1192,false,webp-not-smaller,50e11d57500031cafda84ea5789aaa2e6b5a89e3054cc4dfff654db179c8c27f
assets/textures/textures_webapp/pokemon/golisopod/sprite-shiny.png,assets/textures/textures_webapp/pokemon/golisopod/sprite-shiny.webp,96,96,1246,1326,-80,-6.4205,false,webp-not-smaller,1465fa585fd8ffca026fd855817caad21aeb8ac625d8140e8fdb23ecfd28fd7c
assets/textures/textures_webapp/pokemon/shiinotic/sprite.png,assets/textures/textures_webapp/pokemon/shiinotic/sprite.webp,96,96,936,1016,-80,-8.5470,false,webp-not-smaller,5ee2ab676e18c81ce8ac9365aaffe7562e5c1e3c51fe9d3726222596dcf1fd3b
assets/textures/textures_webapp/pokemon/ultra-necrozma/sprite.png,assets/textures/textures_webapp/pokemon/ultra-necrozma/sprite.webp,96,96,1671,1752,-81,-4.8474,false,webp-not-smaller,973e53dc04260bd762a012e51c16717c260dc5b5828efe5c910764fef6d4209a
assets/textures/textures_webapp/pokemon/arctozolt/sprite-shiny.png,assets/textures/textures_webapp/pokemon/arctozolt/sprite-shiny.webp,96,96,901,982,-81,-8.9900,false,webp-not-smaller,12cf37bde9a728f10b8718186534483b74ea162561cd9ec1b96efdefaad96eda
assets/textures/textures_webapp/pokemon/flapple/sprite-shiny.png,assets/textures/textures_webapp/pokemon/flapple/sprite-shiny.webp,96,96,773,854,-81,-10.4787,false,webp-not-smaller,8c99f2aece614aefc0d9c3109994f205dbbd00e71797be5f3bcfde210ed7b0e1
assets/textures/textures_webapp/pokemon/pheromosa/sprite-shiny.png,assets/textures/textures_webapp/pokemon/pheromosa/sprite-shiny.webp,96,96,1112,1194,-82,-7.3741,false,webp-not-smaller,bc317141bea89e5db3bfea00c55b317e84b05f4b95568823045ffac7665a125c
assets/textures/textures_webapp/pokemon/tapu-koko/sprite.png,assets/textures/textures_webapp/pokemon/tapu-koko/sprite.webp,96,96,1084,1166,-82,-7.5646,false,webp-not-smaller,f6b21bac9d206a4c37b0795a3070d85ac03d8c9c071206a38ae42cdc9a3e9b09
assets/textures/textures_webapp/pokemon/alolan-muk/sprite-shiny.png,assets/textures/textures_webapp/pokemon/alolan-muk/sprite-shiny.webp,96,96,956,1038,-82,-8.5774,false,webp-not-smaller,81f59473b137130f0d298a1304b7a6640298ab1527b2f6627c049b28d8e0298c
assets/textures/textures_webapp/pokemon/calyrex-ice/sprite.png,assets/textures/textures_webapp/pokemon/calyrex-ice/sprite.webp,96,96,1231,1314,-83,-6.7425,false,webp-not-smaller,df969f143b9ea02c663a044b7df8fb62a514eba270062444cffe888b02e7fef8
assets/textures/textures_webapp/pokemon/articuno-galar/sprite-shiny.png,assets/textures/textures_webapp/pokemon/articuno-galar/sprite-shiny.webp,96,96,925,1008,-83,-8.9730,false,webp-not-smaller,fa8d57668e31472518b8d75ac2dff64bda73ebe9bbb4be05640ed135e4659ebd
assets/textures/textures_webapp/pokemon/tapu-fini/sprite.png,assets/textures/textures_webapp/pokemon/tapu-fini/sprite.webp,96,96,823,906,-83,-10.0851,false,webp-not-smaller,c2d0282c9cc66d1f80838331dd0002d0571e353cc539d8a53ec2d2a6e8908c11
assets/textures/textures_webapp/pokemon/florges/sprite-shiny.png,assets/textures/textures_webapp/pokemon/florges/sprite-shiny.webp,96,96,1030,1114,-84,-8.1553,false,webp-not-smaller,08c570dadcbafd5ae5c3450b6a8555376ef3e38b0a24b4fdb24bf46602f617e4
assets/textures/textures_webapp/pokemon/grapploct/sprite-shiny.png,assets/textures/textures_webapp/pokemon/grapploct/sprite-shiny.webp,96,96,772,856,-84,-10.8808,false,webp-not-smaller,c3dda268a69418cfeb9272829620505f4236f23338bc2237635d4271fbfe3cd5
assets/textures/textures_webapp/pokemon/oranguru/sprite-shiny.png,assets/textures/textures_webapp/pokemon/oranguru/sprite-shiny.webp,96,96,918,1004,-86,-9.3682,false,webp-not-smaller,79b57c4bc120ebd08f4a031c8fb4ce5f07cfefdd6af2be226d01c88badb22cb0
assets/textures/textures_webapp/pokemon/alolan-golem/sprite-shiny.png,assets/textures/textures_webapp/pokemon/alolan-golem/sprite-shiny.webp,96,96,879,966,-87,-9.8976,false,webp-not-smaller,787de70d283429659292a33f520eddf28ef66c6bac6fd59d10670b8a3d205039
assets/textures/textures_webapp/pokemon/ultra-necrozma/sprite-shiny.png,assets/textures/textures_webapp/pokemon/ultra-necrozma/sprite-shiny.webp,96,96,1670,1758,-88,-5.2695,false,webp-not-smaller,a03c18bc3195a23f778c311e7ed47f3565ac334106cf74b5081292ac136ce0d8
assets/textures/textures_webapp/pokemon/type-null/sprite-shiny.png,assets/textures/textures_webapp/pokemon/type-null/sprite-shiny.webp,96,96,1077,1166,-89,-8.2637,false,webp-not-smaller,7d8c57d55f21625942b53301e524de7d419f8a325abad8f372a5a29f664b0e1b
assets/textures/textures_webapp/pokemon/dusk-mane-necrozma/sprite.png,assets/textures/textures_webapp/pokemon/dusk-mane-necrozma/sprite.webp,96,96,1802,1892,-90,-4.9945,false,webp-not-smaller,b668b66fa1b5d1223cd90d0c4d43750e6bc96e5faf24f74aa9acbffdaf90e8b0
assets/textures/textures_webapp/pokemon/dragalge/sprite.png,assets/textures/textures_webapp/pokemon/dragalge/sprite.webp,96,96,988,1078,-90,-9.1093,false,webp-not-smaller,eb2d26f31108bf6946b638df431546831511521083194334f252717b3c2f881b
assets/textures/textures_webapp/pokemon/dracovish/sprite-shiny.png,assets/textures/textures_webapp/pokemon/dracovish/sprite-shiny.webp,96,96,968,1058,-90,-9.2975,false,webp-not-smaller,c470e4f7f6f9fcd491954e1eeca5838eac02f158599ffae5a411c517561db373
assets/textures/textures_webapp/pokemon/oranguru/sprite.png,assets/textures/textures_webapp/pokemon/oranguru/sprite.webp,96,96,918,1008,-90,-9.8039,false,webp-not-smaller,004f3ad303416be2378bce678e2b4242fb410cc6462bf3e9d3ff1eabe1811dbb
assets/textures/textures_webapp/pokemon/copperajah/sprite.png,assets/textures/textures_webapp/pokemon/copperajah/sprite.webp,96,96,1206,1298,-92,-7.6285,false,webp-not-smaller,73ed9ffd7dfa4baf78ca8273f09d20f490e6ba1a8047714e78e35585dce631cc
assets/textures/textures_webapp/pokemon/dragalge/sprite-shiny.png,assets/textures/textures_webapp/pokemon/dragalge/sprite-shiny.webp,96,96,987,1080,-93,-9.4225,false,webp-not-smaller,af37129b7c15324278d04ed8b903153de506b96cde55a1a0bb96a7aaebe1ed96
assets/textures/textures_webapp/pokemon/dubwool/sprite.png,assets/textures/textures_webapp/pokemon/dubwool/sprite.webp,96,96,937,1030,-93,-9.9253,false,webp-not-smaller,ae5486b850c5cea554e665a5136cb30db50bb53337c5abe18155b6a0238c2dfb
assets/textures/textures_webapp/pokemon/copperajah/sprite-shiny.png,assets/textures/textures_webapp/pokemon/copperajah/sprite-shiny.webp,96,96,1206,1300,-94,-7.7944,false,webp-not-smaller,3b0c38f51b6323ab0b12071ef9f4c0554e6f083ddedf9a2fe364987404a2dcf1
assets/textures/textures_webapp/pokemon/alolan-exeggutor/sprite.png,assets/textures/textures_webapp/pokemon/alolan-exeggutor/sprite.webp,96,96,1155,1250,-95,-8.2251,false,webp-not-smaller,39ee6168eab6031cb9776bed6c18aae79b69a6936bbfd1d5c9f57cd1519f4195
assets/textures/textures_webapp/pokemon/arctozolt/sprite.png,assets/textures/textures_webapp/pokemon/arctozolt/sprite.webp,96,96,901,996,-95,-10.5438,false,webp-not-smaller,96f852b9f9154cbbcfad203e515bd225a910b6c89a0288004355bcc0f33078b6
assets/textures/textures_webapp/pokemon/calyrex-shadow/sprite.png,assets/textures/textures_webapp/pokemon/calyrex-shadow/sprite.webp,96,96,1360,1456,-96,-7.0588,false,webp-not-smaller,eb9d273d0ae7d7cd18fbe4f76245e09a34555c0359a161bd207dade81a75ad3a
assets/textures/textures_webapp/pokemon/type-null/sprite.png,assets/textures/textures_webapp/pokemon/type-null/sprite.webp,96,96,1077,1174,-97,-9.0065,false,webp-not-smaller,75ce88b7581217528edcb09571dfc399c4f72079d72c57d2e9993f7548d589a9
assets/textures/textures_webapp/pokemon/eternatus/sprite-shiny.png,assets/textures/textures_webapp/pokemon/eternatus/sprite-shiny.webp,96,96,1560,1658,-98,-6.2821,false,webp-not-smaller,de1f0273fdf9314ae099b013933e3feec6d8406ae6cdd21459809ad39563a94e
assets/textures/textures_webapp/pokemon/calyrex-shadow/sprite-shiny.png,assets/textures/textures_webapp/pokemon/calyrex-shadow/sprite-shiny.webp,96,96,1360,1458,-98,-7.2059,false,webp-not-smaller,6c5ad515c3511b6fab691ad8b9740a24f1d0c5b07253b69621d57b3966d9913f
assets/textures/textures_webapp/pokemon/alolan-exeggutor/sprite-shiny.png,assets/textures/textures_webapp/pokemon/alolan-exeggutor/sprite-shiny.webp,96,96,1155,1254,-99,-8.5714,false,webp-not-smaller,2a0f51581b351ee1c7c95700ff71c4982d6580e73a8d1e4012c062f205b3ea35
assets/textures/textures_webapp/pokemon/araquanid/sprite-shiny.png,assets/textures/textures_webapp/pokemon/araquanid/sprite-shiny.webp,96,96,979,1080,-101,-10.3166,false,webp-not-smaller,074b7ad11fd892f8b7686c656d35d4964de1c2b72c257c02ed160c3e24eaf7c5
assets/textures/textures_webapp/pokemon/barbaracle/sprite.png,assets/textures/textures_webapp/pokemon/barbaracle/sprite.webp,96,96,1320,1426,-106,-8.0303,false,webp-not-smaller,b34b8280f0ff05abf26994a32a1c53d820bd7ac1227dd774c3e3e74e01b7bcbc
assets/textures/textures_webapp/pokemon/articuno-galar/sprite.png,assets/textures/textures_webapp/pokemon/articuno-galar/sprite.webp,96,96,930,1036,-106,-11.3978,false,webp-not-smaller,eb17a8eac5200108f7cb54df670d25cdd5378f499745fc8b3071c90785865f92
assets/textures/textures_webapp/pokemon/kommo-o/sprite.png,assets/textures/textures_webapp/pokemon/kommo-o/sprite.webp,96,96,1527,1634,-107,-7.0072,false,webp-not-smaller,4f57dbd89588336b3dbf2c9ee061fa3af1122a6e6b98c83cd4a8af0137a4cf9d
assets/textures/textures_webapp/pokemon/malamar/sprite.png,assets/textures/textures_webapp/pokemon/malamar/sprite.webp,96,96,1081,1188,-107,-9.8982,false,webp-not-smaller,3af8ba83fbb6b5fcbeac8b5f390171a59f4c973bf64d429cba41044b0cda4c61
assets/textures/textures_webapp/pokemon/toxapex/sprite.png,assets/textures/textures_webapp/pokemon/toxapex/sprite.webp,96,96,1163,1272,-109,-9.3723,false,webp-not-smaller,a6f80834247b7df6b511f076d36c5830af5a69b55b92a13f4e4de73aee3e5df1
assets/textures/textures_webapp/pokemon/kommo-o/sprite-shiny.png,assets/textures/textures_webapp/pokemon/kommo-o/sprite-shiny.webp,96,96,1527,1638,-111,-7.2692,false,webp-not-smaller,aebcf15ee54a1fa446febbb14dfdd0a8edb4ac1ae3bc326722f0e799d15de83f
assets/textures/textures_webapp/pokemon/araquanid/sprite.png,assets/textures/textures_webapp/pokemon/araquanid/sprite.webp,96,96,979,1092,-113,-11.5424,false,webp-not-smaller,38d8394d9ce5c689e3d589967b6ecc5e1cac4d2b2f5a113c818f3f31a9c707b3
assets/textures/textures_webapp/pokemon/toxapex/sprite-shiny.png,assets/textures/textures_webapp/pokemon/toxapex/sprite-shiny.webp,96,96,1164,1282,-118,-10.1375,false,webp-not-smaller,3e5f722da265fb02e075a6e612d1d6fe27b1ec23679b9040f1b28ab0c2cfa660
assets/textures/textures_webapp/pokemon/solgaleo/sprite-shiny.png,assets/textures/textures_webapp/pokemon/solgaleo/sprite-shiny.webp,96,96,1387,1506,-119,-8.5797,false,webp-not-smaller,4562aeae462b03cf0965a9403d4bf2a532c3d38f5e5a1ca11f16025e9c19e35f
assets/textures/textures_webapp/pokemon/avalugg/sprite-shiny.png,assets/textures/textures_webapp/pokemon/avalugg/sprite-shiny.webp,96,96,1052,1172,-120,-11.4068,false,webp-not-smaller,ba0dc33cd8f6acc3fc93f524cd0f884c245e21e510e52aa3ceb1089337bd061f
assets/textures/textures_webapp/pokemon/avalugg/sprite.png,assets/textures/textures_webapp/pokemon/avalugg/sprite.webp,96,96,1052,1172,-120,-11.4068,false,webp-not-smaller,6ec694e72d50739522bc62bed85cdc97c56fe1b4860b54d0acf2214d634f9e09
assets/textures/textures_webapp/pokemon/barbaracle/sprite-shiny.png,assets/textures/textures_webapp/pokemon/barbaracle/sprite-shiny.webp,96,96,1320,1442,-122,-9.2424,false,webp-not-smaller,9f41fb3e990795c8fad2c6e7798d143b9d7ed7d717d3d1239544c09acd99e877
assets/textures/textures_webapp/pokemon/dracozolt/sprite.png,assets/textures/textures_webapp/pokemon/dracozolt/sprite.webp,96,96,1156,1278,-122,-10.5536,false,webp-not-smaller,16fd3507bb20a12a9d9bceb4918fd154c108ec4f9cada42a6c86b477e2827dfc
assets/textures/textures_webapp/pokemon/solgaleo/sprite.png,assets/textures/textures_webapp/pokemon/solgaleo/sprite.webp,96,96,1387,1510,-123,-8.8681,false,webp-not-smaller,6af68f0d7e9d79148868d7f8f153ca9fc350235aa2c4753b3569b5313595f2d4
assets/textures/textures_webapp/pokemon/appletun/sprite-shiny.png,assets/textures/textures_webapp/pokemon/appletun/sprite-shiny.webp,96,96,875,998,-123,-14.0571,false,webp-not-smaller,3929e3d13ff91130884c6ea4075ffd9a338d5c7bae2e1ff81c2bc71534d39c97
assets/textures/textures_webapp/pokemon/wishiwashi-school/sprite-shiny.png,assets/textures/textures_webapp/pokemon/wishiwashi-school/sprite-shiny.webp,96,96,1286,1410,-124,-9.6423,false,webp-not-smaller,bf6123b2b0ad81f28838cfbefa9572687c19099002dc1723a10e0f19a5d91f4b
assets/textures/textures_webapp/pokemon/zacian-crowned/sprite-shiny.png,assets/textures/textures_webapp/pokemon/zacian-crowned/sprite-shiny.webp,96,96,1527,1654,-127,-8.3170,false,webp-not-smaller,d0185f58476ef1a812e0b90c72cea5cab9cf903ee62a36aaf6fcee8998804bbb
assets/textures/textures_webapp/pokemon/appletun/sprite.png,assets/textures/textures_webapp/pokemon/appletun/sprite.webp,96,96,875,1002,-127,-14.5143,false,webp-not-smaller,734d7c6158236251c1b6958df38d9d9b8e6b355d4c41d022316eac300efe3734
assets/textures/textures_webapp/pokemon/zacian-crowned/sprite.png,assets/textures/textures_webapp/pokemon/zacian-crowned/sprite.webp,96,96,1527,1656,-129,-8.4479,false,webp-not-smaller,8e3b73e3972f64e68137e41684708b4c2f26b6733384d267b1bec64869769981
assets/textures/textures_webapp/pokemon/dracozolt/sprite-shiny.png,assets/textures/textures_webapp/pokemon/dracozolt/sprite-shiny.webp,96,96,1157,1286,-129,-11.1495,false,webp-not-smaller,84a05dcdbbf9ec8407c4b3c8569cdd6a0a892b55045c4c3fe6035802fb51510f
assets/textures/textures_webapp/pokemon/wishiwashi-school/sprite.png,assets/textures/textures_webapp/pokemon/wishiwashi-school/sprite.webp,96,96,1286,1416,-130,-10.1089,false,webp-not-smaller,5eb98ef3cbc785d717f6f61678d0ea5d269c241e9c51c950c79f5594f2d6a156
assets/textures/textures_webapp/pokemon/galarian-weezing/sprite.png,assets/textures/textures_webapp/pokemon/galarian-weezing/sprite.webp,96,96,1146,1278,-132,-11.5183,false,webp-not-smaller,a745c08fca130eb9b283b0aa784984ac48650a97f199f2b5f24d636a6d0e07c4
assets/textures/textures_webapp/pokemon/primarina/sprite-shiny.png,assets/textures/textures_webapp/pokemon/primarina/sprite-shiny.webp,96,96,1029,1162,-133,-12.9252,false,webp-not-smaller,808ebd575d9918ee0af68090a3a14bf8aac9103cada0dd1924969cf500af14bd
assets/textures/textures_webapp/pokemon/primarina/sprite.png,assets/textures/textures_webapp/pokemon/primarina/sprite.webp,96,96,1028,1164,-136,-13.2296,false,webp-not-smaller,2735c5de39d080bf2b8b74c8223bbf1cff5a85438042c24e9882a7e65b6003b5
assets/textures/textures_webapp/pokemon/galarian-weezing/sprite-shiny.png,assets/textures/textures_webapp/pokemon/galarian-weezing/sprite-shiny.webp,96,96,1146,1288,-142,-12.3909,false,webp-not-smaller,221621e54ddf598eba117ed50cd800962bb912cef22be5551e5f178ed222ce24
assets/textures/textures_webapp/pokemon/delphox/sprite-shiny.png,assets/textures/textures_webapp/pokemon/delphox/sprite-shiny.webp,96,96,1197,1340,-143,-11.9465,false,webp-not-smaller,07ee2ea03854d2e8f8e3cae21e274a8655d862b9c2b2871c83ddaa2cb7796965
assets/textures/textures_webapp/pokemon/zamazenta-crowned/sprite-shiny.png,assets/textures/textures_webapp/pokemon/zamazenta-crowned/sprite-shiny.webp,96,96,1540,1702,-162,-10.5195,false,webp-not-smaller,52e1d84ded549c6fe5fd531f63dc139d432384e9a42c29d7acaaf909b70a64f5
assets/textures/textures_webapp/pokemon/groudon-primal/sprite-shiny.png,assets/textures/textures_webapp/pokemon/groudon-primal/sprite-shiny.webp,96,96,1498,1660,-162,-10.8144,false,webp-not-smaller,eb8bc5d56ee5f99d5d323763c0336fa095236bb49dbe22488df35f520bb8d488
assets/textures/textures_webapp/pokemon/groudon-primal/sprite.png,assets/textures/textures_webapp/pokemon/groudon-primal/sprite.webp,96,96,1498,1660,-162,-10.8144,false,webp-not-smaller,a1bf94ea7d14339d766dd569bce93d96555f2a12addc64a2dfcf708786d7b9a9
assets/textures/textures_webapp/pokemon/crabominable/sprite-shiny.png,assets/textures/textures_webapp/pokemon/crabominable/sprite-shiny.webp,96,96,1475,1640,-165,-11.1864,false,webp-not-smaller,7e489b18720c5ab4077a15581fb76eeccf8718f0190c300a28f8f460ab7ef3f0
assets/textures/textures_webapp/pokemon/crabominable/sprite.png,assets/textures/textures_webapp/pokemon/crabominable/sprite.webp,96,96,1476,1642,-166,-11.2466,false,webp-not-smaller,137a5901c926df2ad05215677b49c308884bdb5ca391cbc2d57f21be0154a402
assets/textures/textures_webapp/pokemon/yveltal/sprite.png,assets/textures/textures_webapp/pokemon/yveltal/sprite.webp,96,96,1583,1762,-179,-11.3076,false,webp-not-smaller,3675a49c1c384d9544a3a92de106a9d824d1b471a8ffedcb9494831d5ef43361
assets/textures/textures_webapp/pokemon/yveltal/sprite-shiny.png,assets/textures/textures_webapp/pokemon/yveltal/sprite-shiny.webp,96,96,1578,1762,-184,-11.6603,false,webp-not-smaller,9d40094b1dc1c87079a7f2c119d0e4a06b4f162c392ee1433d23ebedb66604f1
assets/textures/textures_webapp/pokemon/buzzwole/sprite.png,assets/textures/textures_webapp/pokemon/buzzwole/sprite.webp,96,96,1822,2008,-186,-10.2086,false,webp-not-smaller,464edc4101972640d7a4b02f6c590b14fc42cf2316468a62626f91f3b51d2811
assets/textures/textures_webapp/pokemon/dusk-mane-necrozma/sprite-shiny.png,assets/textures/textures_webapp/pokemon/dusk-mane-necrozma/sprite-shiny.webp,96,96,1756,1942,-186,-10.5923,false,webp-not-smaller,e844c9c26136df25c440a4f931b08d665c64a45fd945989927374fbe15cc86c8
assets/textures/textures_webapp/pokemon/guzzlord/sprite-shiny.png,assets/textures/textures_webapp/pokemon/guzzlord/sprite-shiny.webp,96,96,1694,1888,-194,-11.4522,false,webp-not-smaller,34e052bb1e698200f22cc08c2e3b2d77460852879da7d7dbf6379dab857c4390
assets/textures/textures_webapp/pokemon/buzzwole/sprite-shiny.png,assets/textures/textures_webapp/pokemon/buzzwole/sprite-shiny.webp,96,96,1822,2018,-196,-10.7574,false,webp-not-smaller,e7f1ea29d186af4dc2c29510e8419341808042e03c70ca293325a29a36323fbf
assets/textures/textures_webapp/pokemon/hoopa-unbound/sprite-shiny.png,assets/textures/textures_webapp/pokemon/hoopa-unbound/sprite-shiny.webp,96,96,1921,2130,-209,-10.8798,false,webp-not-smaller,5eb574295ca3409642dd2df7f2fcd8ca4f0e91e644120f219b765cdfc8b418bb
assets/textures/textures_webapp/pokemon/hoopa-unbound/sprite.png,assets/textures/textures_webapp/pokemon/hoopa-unbound/sprite.webp,96,96,1921,2130,-209,-10.8798,false,webp-not-smaller,e436fc413f74d80ed62308683f5cc5adbace7f89dec6e71caf785e9355349373
assets/textures/textures_webapp/pokemon/guzzlord/sprite.png,assets/textures/textures_webapp/pokemon/guzzlord/sprite.webp,96,96,1687,1896,-209,-12.3889,false,webp-not-smaller,a450722475b100cab4191e4cdcb20789c72b4194de78448555f7c9b37ae73e28
assets/textures/textures_webapp/pokemon/dawn-wings-necrozma/sprite-shiny.png,assets/textures/textures_webapp/pokemon/dawn-wings-necrozma/sprite-shiny.webp,96,96,1813,2040,-227,-12.5207,false,webp-not-smaller,71ebf529cc51030ca8e86814ee9e771e59b397c304d640423963f4d1e08e2e24
assets/textures/textures_webapp/pokemon/dawn-wings-necrozma/sprite.png,assets/textures/textures_webapp/pokemon/dawn-wings-necrozma/sprite.webp,96,96,1813,2042,-229,-12.6310,false,webp-not-smaller,2056b8c00b560789052794d769bc4f89de2578a3b799666a27cb7800f0d73c8f
